test_mae,test_mse,test_rmse,test_r2,ds,iteration,alg,leak,perc
9.818039777528343,183.71993134630586,13.5543325673493,0.4669637603530882,197_cpu_act,0,LR,True,1
9.818039777528343,183.71993134630586,13.5543325673493,0.4669637603530882,197_cpu_act,0,LR,False,1
10.131743131193701,196.82367062362002,14.029385967447757,0.4774318959384456,197_cpu_act,1,LR,True,1
10.131743131193701,196.82367062362002,14.029385967447757,0.4774318959384456,197_cpu_act,1,LR,False,1
9.985199118089861,187.73401785275166,13.701606396797116,0.4557473223430285,197_cpu_act,2,LR,True,1
9.985199118089861,187.73401785275166,13.701606396797116,0.4557473223430285,197_cpu_act,2,LR,False,1
10.054464511640806,194.326039524367,13.940087500599377,0.4742003261049299,197_cpu_act,3,LR,True,1
10.054464511640806,194.326039524367,13.940087500599377,0.4742003261049299,197_cpu_act,3,LR,False,1
9.901714292327728,178.36544073921644,13.355352512727489,0.43548239376397846,197_cpu_act,4,LR,True,1
9.901714292327728,178.36544073921644,13.355352512727489,0.43548239376397846,197_cpu_act,4,LR,False,1
9.759077312815089,181.95155559118632,13.488941974491043,0.46657657998835667,197_cpu_act,5,LR,True,1
9.759077312815089,181.95155559118632,13.488941974491043,0.46657657998835667,197_cpu_act,5,LR,False,1
9.818039777528343,183.71993134630586,13.5543325673493,0.4669637603530882,197_cpu_act,0,LR,True,5
9.818039777528343,183.71993134630586,13.5543325673493,0.4669637603530882,197_cpu_act,0,LR,False,5
10.131743131193701,196.82367062362002,14.029385967447757,0.4774318959384456,197_cpu_act,1,LR,True,5
10.131743131193701,196.82367062362002,14.029385967447757,0.4774318959384456,197_cpu_act,1,LR,False,5
9.985199118089861,187.73401785275166,13.701606396797116,0.4557473223430285,197_cpu_act,2,LR,True,5
9.985199118089861,187.73401785275166,13.701606396797116,0.4557473223430285,197_cpu_act,2,LR,False,5
10.054464511640806,194.326039524367,13.940087500599377,0.4742003261049299,197_cpu_act,3,LR,True,5
10.054464511640806,194.326039524367,13.940087500599377,0.4742003261049299,197_cpu_act,3,LR,False,5
9.901714292327728,178.36544073921644,13.355352512727489,0.43548239376397846,197_cpu_act,4,LR,True,5
9.901714292327728,178.36544073921644,13.355352512727489,0.43548239376397846,197_cpu_act,4,LR,False,5
9.759077312815089,181.95155559118632,13.488941974491043,0.46657657998835667,197_cpu_act,5,LR,True,5
9.759077312815089,181.95155559118632,13.488941974491043,0.46657657998835667,197_cpu_act,5,LR,False,5
8.126108091912993,145.77934054238617,12.07391156760667,0.5770427795640336,197_cpu_act,0,LR,True,10
8.126108091912993,145.77934054238617,12.07391156760667,0.5770427795640336,197_cpu_act,0,LR,False,10
8.422665034425366,143.51405538157212,11.9797351966382,0.6189692652854473,197_cpu_act,1,LR,True,10
8.422665034425366,143.51405538157215,11.979735196638202,0.6189692652854472,197_cpu_act,1,LR,False,10
8.302213800021676,144.46025326636502,12.019161920298979,0.5812006766035822,197_cpu_act,2,LR,True,10
8.302213800021676,144.46025326636502,12.019161920298979,0.5812006766035822,197_cpu_act,2,LR,False,10
8.423771505423591,158.60874584878343,12.593996420865913,0.5708427596820389,197_cpu_act,3,LR,True,10
8.423771505423591,158.60874584878337,12.593996420865912,0.570842759682039,197_cpu_act,3,LR,False,10
8.159182670276028,127.92650158799499,11.310459830970402,0.5951190872440933,197_cpu_act,4,LR,True,10
8.159182670276028,127.92650158799499,11.310459830970402,0.5951190872440933,197_cpu_act,4,LR,False,10
7.997809066559689,131.69353934576347,11.475780554967207,0.6139169136366653,197_cpu_act,5,LR,True,10
7.9978090665596895,131.69353934576347,11.475780554967207,0.6139169136366653,197_cpu_act,5,LR,False,10
6.17178736082114,113.46158660993858,10.651834894042368,0.6708079682604882,197_cpu_act,0,LR,True,20
6.17178736082114,113.46158660993854,10.651834894042366,0.6708079682604883,197_cpu_act,0,LR,False,20
6.460661729336,111.68267636984434,10.568002477755403,0.7034817801019815,197_cpu_act,1,LR,True,20
6.460661729335997,111.68267636984436,10.568002477755403,0.7034817801019815,197_cpu_act,1,LR,False,20
6.456773732455336,109.79940911310493,10.478521322834865,0.6816846350040191,197_cpu_act,2,LR,True,20
6.4567737324553365,109.79940911310493,10.478521322834865,0.6816846350040191,197_cpu_act,2,LR,False,20
6.46470782285517,126.17860123939053,11.23292487464376,0.6585909559697041,197_cpu_act,3,LR,True,20
6.464707822855172,126.1786012393905,11.232924874643759,0.6585909559697042,197_cpu_act,3,LR,False,20
6.28602060166961,91.95034120552488,9.589074053605222,0.7089818167981259,197_cpu_act,4,LR,True,20
6.2860206016696125,91.95034120552488,9.589074053605222,0.7089818167981259,197_cpu_act,4,LR,False,20
6.300574925687422,101.76525162678392,10.08787646766077,0.701657024119809,197_cpu_act,5,LR,True,20
6.3005749256874255,101.76525162678395,10.08787646766077,0.7016570241198089,197_cpu_act,5,LR,False,20
5.8593044539353265,63.39751067724222,7.962255376288946,0.8160614885563333,197_cpu_act,0,KNN,True,1
5.8593044539353265,63.39751067724222,7.962255376288946,0.8160614885563333,197_cpu_act,0,KNN,False,1
5.86418547895058,63.579035997559494,7.973646342643966,0.831197252881032,197_cpu_act,1,KNN,True,1
5.86418547895058,63.579035997559494,7.973646342643966,0.831197252881032,197_cpu_act,1,KNN,False,1
5.920439292251373,65.0418547895058,8.064853054427328,0.8114395886592612,197_cpu_act,2,KNN,True,1
5.920439292251373,65.0418547895058,8.064853054427328,0.8114395886592612,197_cpu_act,2,KNN,False,1
5.982184258694326,68.78008541793777,8.293375996416524,0.8138975786685964,197_cpu_act,3,KNN,True,1
5.982184258694326,68.78008541793777,8.293375996416524,0.8138975786685964,197_cpu_act,3,KNN,False,1
5.949725442342892,64.71306894447834,8.044443358273979,0.7951864070678605,197_cpu_act,4,KNN,True,1
5.949725442342892,64.71306894447834,8.044443358273979,0.7951864070678605,197_cpu_act,4,KNN,False,1
5.742159853569251,61.82386821232459,7.8628155397621144,0.8187523095748418,197_cpu_act,5,KNN,True,1
5.742159853569251,61.82386821232459,7.8628155397621144,0.8187523095748418,197_cpu_act,5,KNN,False,1
5.8593044539353265,63.39751067724222,7.962255376288946,0.8160614885563333,197_cpu_act,0,KNN,True,5
5.8593044539353265,63.39751067724222,7.962255376288946,0.8160614885563333,197_cpu_act,0,KNN,False,5
5.86418547895058,63.579035997559494,7.973646342643966,0.831197252881032,197_cpu_act,1,KNN,True,5
5.86418547895058,63.579035997559494,7.973646342643966,0.831197252881032,197_cpu_act,1,KNN,False,5
5.920439292251373,65.0418547895058,8.064853054427328,0.8114395886592612,197_cpu_act,2,KNN,True,5
5.920439292251373,65.0418547895058,8.064853054427328,0.8114395886592612,197_cpu_act,2,KNN,False,5
5.982184258694326,68.78008541793777,8.293375996416524,0.8138975786685964,197_cpu_act,3,KNN,True,5
5.982184258694326,68.78008541793777,8.293375996416524,0.8138975786685964,197_cpu_act,3,KNN,False,5
5.949725442342892,64.71306894447834,8.044443358273979,0.7951864070678605,197_cpu_act,4,KNN,True,5
5.949725442342892,64.71306894447834,8.044443358273979,0.7951864070678605,197_cpu_act,4,KNN,False,5
5.742159853569251,61.82386821232459,7.8628155397621144,0.8187523095748418,197_cpu_act,5,KNN,True,5
5.742159853569251,61.82386821232459,7.8628155397621144,0.8187523095748418,197_cpu_act,5,KNN,False,5
5.4236729713239775,55.545161683953644,7.452862650281007,0.8388439191239132,197_cpu_act,0,KNN,True,10
5.42477120195241,55.568224527150704,7.454409737004715,0.838777005691477,197_cpu_act,0,KNN,False,10
5.38987187309335,55.55519219035998,7.453535549681103,0.8525006094962657,197_cpu_act,1,KNN,True,10
5.38987187309335,55.55519219035998,7.453535549681103,0.8525006094962657,197_cpu_act,1,KNN,False,10
5.307260524710189,56.65984136668701,7.527273169394546,0.8357395706321817,197_cpu_act,2,KNN,True,10
5.306650396583283,56.65679072605248,7.527070527506201,0.8357484146304773,197_cpu_act,2,KNN,False,10
5.5045759609518,59.75248322147652,7.729973041445651,0.8383241058729372,197_cpu_act,3,KNN,True,10
5.5045759609518,59.75248322147652,7.729973041445651,0.8383241058729372,197_cpu_act,3,KNN,False,10
5.553386211104332,60.41654667480171,7.77280815888323,0.8087846829264884,197_cpu_act,4,KNN,True,10
5.553386211104332,60.41654667480171,7.77280815888323,0.8087846829264884,197_cpu_act,4,KNN,False,10
5.164002440512507,52.58579621720561,7.251606457689607,0.8458353644129223,197_cpu_act,5,KNN,True,10
5.162416107382551,52.5726418547895,7.250699404525711,0.8458739287712498,197_cpu_act,5,KNN,False,10
2.8516168395363026,15.573032336790726,3.9462681531784845,0.9548171472965794,197_cpu_act,0,KNN,True,20
2.8516168395363026,15.573032336790726,3.9462681531784845,0.9548171472965794,197_cpu_act,0,KNN,False,20
2.944356314826114,15.868724832214767,3.9835568067011127,0.957868434100579,197_cpu_act,1,KNN,True,20
2.944356314826114,15.868724832214767,3.9835568067011127,0.957868434100579,197_cpu_act,1,KNN,False,20
2.9217815741305677,15.9460158633313,3.993246281326923,0.9537715011331315,197_cpu_act,2,KNN,True,20
2.9217815741305677,15.9460158633313,3.993246281326923,0.9537715011331315,197_cpu_act,2,KNN,False,20
2.8488102501525323,15.805198291641245,3.9755752151910353,0.957234922669487,197_cpu_act,3,KNN,True,20
2.8491763270286765,15.806735814521048,3.975768581610485,0.9572307625011905,197_cpu_act,3,KNN,False,20
2.938987187309335,15.932568639414276,3.9915621803266794,0.9495742254091505,197_cpu_act,4,KNN,True,20
2.938987187309335,15.932568639414276,3.9915621803266794,0.9495742254091505,197_cpu_act,4,KNN,False,20
2.867602196461257,15.898474679682732,3.9872891392125966,0.9533907874046466,197_cpu_act,5,KNN,True,20
2.867602196461257,15.898474679682732,3.9872891392125966,0.9533907874046466,197_cpu_act,5,KNN,False,20
7.202789357147901,103.45984572091045,10.171521308089092,0.6998265418814471,197_cpu_act,0,DT,True,1
7.202789357147901,103.45984572091045,10.171521308089092,0.6998265418814471,197_cpu_act,0,DT,False,1
7.242529314120224,107.45544934063936,10.366072030457794,0.7147050948948126,197_cpu_act,1,DT,True,1
7.242529314120224,107.45544934063936,10.366072030457794,0.7147050948948126,197_cpu_act,1,DT,False,1
7.177574992779296,105.70321977100501,10.281207116433606,0.6935597444973685,197_cpu_act,2,DT,True,1
7.177574992779296,105.70321977100501,10.281207116433606,0.6935597444973685,197_cpu_act,2,DT,False,1
7.342902026582445,111.57879303047841,10.563086340198039,0.69809453672484,197_cpu_act,3,DT,True,1
7.342902026582445,111.57879303047841,10.563086340198039,0.69809453672484,197_cpu_act,3,DT,False,1
7.299529093710748,106.08182369457724,10.299603084322097,0.6642563888552222,197_cpu_act,4,DT,True,1
7.299529093710748,106.08182369457724,10.299603084322097,0.6642563888552222,197_cpu_act,4,DT,False,1
6.972510822510823,98.35637997642891,9.917478508997583,0.7116507390303793,197_cpu_act,5,DT,True,1
6.972510822510823,98.35637997642891,9.917478508997583,0.7116507390303793,197_cpu_act,5,DT,False,1
7.202789357147901,103.45984572091045,10.171521308089092,0.6998265418814471,197_cpu_act,0,DT,True,5
7.202789357147901,103.45984572091045,10.171521308089092,0.6998265418814471,197_cpu_act,0,DT,False,5
7.242529314120224,107.45544934063936,10.366072030457794,0.7147050948948126,197_cpu_act,1,DT,True,5
7.242529314120224,107.45544934063936,10.366072030457794,0.7147050948948126,197_cpu_act,1,DT,False,5
7.177574992779296,105.70321977100501,10.281207116433606,0.6935597444973685,197_cpu_act,2,DT,True,5
7.177574992779296,105.70321977100501,10.281207116433606,0.6935597444973685,197_cpu_act,2,DT,False,5
7.342902026582445,111.57879303047841,10.563086340198039,0.69809453672484,197_cpu_act,3,DT,True,5
7.342902026582445,111.57879303047841,10.563086340198039,0.69809453672484,197_cpu_act,3,DT,False,5
7.299529093710748,106.08182369457724,10.299603084322097,0.6642563888552222,197_cpu_act,4,DT,True,5
7.299529093710748,106.08182369457724,10.299603084322097,0.6642563888552222,197_cpu_act,4,DT,False,5
6.972510822510823,98.35637997642891,9.917478508997583,0.7116507390303793,197_cpu_act,5,DT,True,5
6.972510822510823,98.35637997642891,9.917478508997583,0.7116507390303793,197_cpu_act,5,DT,False,5
6.964104128533659,98.5622754389533,9.927853516191368,0.7140361185309183,197_cpu_act,0,DT,True,10
6.964104128533659,98.5622754389533,9.927853516191368,0.7140361185309183,197_cpu_act,0,DT,False,10
6.926011795810454,102.8396529048878,10.140988753809355,0.7269600639466667,197_cpu_act,1,DT,True,10
6.926011795810454,102.8396529048878,10.140988753809355,0.7269600639466667,197_cpu_act,1,DT,False,10
6.85600976205003,95.84617992000541,9.790106226185976,0.7221359204831496,197_cpu_act,2,DT,True,10
6.85600976205003,95.84617992000541,9.790106226185976,0.7221359204831496,197_cpu_act,2,DT,False,10
6.8482306284319705,99.3285582333401,9.966371367420548,0.7312407351305646,197_cpu_act,3,DT,True,10
6.8482306284319705,99.3285582333401,9.966371367420548,0.7312407351305646,197_cpu_act,3,DT,False,10
6.734594264795607,96.02637109348518,9.799304622955916,0.6960813881850402,197_cpu_act,4,DT,True,10
6.734594264795607,96.02637109348518,9.799304622955916,0.6960813881850402,197_cpu_act,4,DT,False,10
6.767073418751271,96.22259304453935,9.809311547939506,0.717906315791383,197_cpu_act,5,DT,True,10
6.767073418751271,96.22259304453935,9.809311547939506,0.717906315791383,197_cpu_act,5,DT,False,10
3.7583892617449663,32.03101484645109,5.659594936605543,0.9070667424012729,197_cpu_act,0,DT,True,20
3.7583892617449663,32.03101484645109,5.659594936605543,0.9070667424012729,197_cpu_act,0,DT,False,20
3.6710392515761643,30.55086095857908,5.527283325339771,0.9188872688026328,197_cpu_act,1,DT,True,20
3.6710392515761643,30.55086095857908,5.527283325339771,0.9188872688026328,197_cpu_act,1,DT,False,20
3.5230831808013012,25.232831672428986,5.023229207634167,0.926848440364396,197_cpu_act,2,DT,True,20
3.5230831808013012,25.232831672428986,5.023229207634167,0.926848440364396,197_cpu_act,2,DT,False,20
3.7219849501728692,27.90671818859738,5.282680966005555,0.9244911111297248,197_cpu_act,3,DT,True,20
3.7219849501728692,27.90671818859738,5.282680966005555,0.9244911111297248,197_cpu_act,3,DT,False,20
3.786353467561521,28.11522947596773,5.302379605042224,0.9110167195126375,197_cpu_act,4,DT,True,20
3.786353467561521,28.11522947596773,5.302379605042224,0.9110167195126375,197_cpu_act,4,DT,False,20
3.520744356314826,25.155430140329468,5.0155189303131404,0.9262523723211933,197_cpu_act,5,DT,True,20
3.520744356314826,25.155430140329468,5.0155189303131404,0.9262523723211933,197_cpu_act,5,DT,False,20
6.274639998360345,75.95978596643437,8.715491148893124,0.7796139026439574,197_cpu_act,0,RF,True,1
6.274639998360345,75.95978596643437,8.715491148893124,0.7796139026439574,197_cpu_act,0,RF,False,1
6.340614152264518,78.33848072569188,8.850902819808377,0.7920108327510547,197_cpu_act,1,RF,True,1
6.340614152264518,78.33848072569188,8.850902819808377,0.7920108327510547,197_cpu_act,1,RF,False,1
6.346383430206434,78.96118674601799,8.88601073294524,0.7710865733923642,197_cpu_act,2,RF,True,1
6.346383430206434,78.96118674601799,8.88601073294524,0.7710865733923642,197_cpu_act,2,RF,False,1
6.401215649647258,83.0130035342419,9.111147212850964,0.7753867145433099,197_cpu_act,3,RF,True,1
6.401215649647258,83.0130035342419,9.111147212850964,0.7753867145433099,197_cpu_act,3,RF,False,1
6.327083775394871,76.56941901870876,8.75039536356551,0.7576616582439744,197_cpu_act,4,RF,True,1
6.327083775394871,76.56941901870876,8.75039536356551,0.7576616582439744,197_cpu_act,4,RF,False,1
6.056183016013608,72.08561800951398,8.490324964894688,0.788668160778558,197_cpu_act,5,RF,True,1
6.056183016013608,72.08561800951398,8.490324964894688,0.788668160778558,197_cpu_act,5,RF,False,1
6.274639998360345,75.95978596643437,8.715491148893124,0.7796139026439574,197_cpu_act,0,RF,True,5
6.274639998360345,75.95978596643437,8.715491148893124,0.7796139026439574,197_cpu_act,0,RF,False,5
6.340614152264518,78.33848072569188,8.850902819808377,0.7920108327510547,197_cpu_act,1,RF,True,5
6.340614152264518,78.33848072569188,8.850902819808377,0.7920108327510547,197_cpu_act,1,RF,False,5
6.346383430206434,78.96118674601799,8.88601073294524,0.7710865733923642,197_cpu_act,2,RF,True,5
6.346383430206434,78.96118674601799,8.88601073294524,0.7710865733923642,197_cpu_act,2,RF,False,5
6.401215649647258,83.0130035342419,9.111147212850964,0.7753867145433099,197_cpu_act,3,RF,True,5
6.401215649647258,83.0130035342419,9.111147212850964,0.7753867145433099,197_cpu_act,3,RF,False,5
6.327083775394871,76.56941901870876,8.75039536356551,0.7576616582439744,197_cpu_act,4,RF,True,5
6.327083775394871,76.56941901870876,8.75039536356551,0.7576616582439744,197_cpu_act,4,RF,False,5
6.056183016013608,72.08561800951398,8.490324964894688,0.788668160778558,197_cpu_act,5,RF,True,5
6.056183016013608,72.08561800951398,8.490324964894688,0.788668160778558,197_cpu_act,5,RF,False,5
5.632611965774717,60.96076817772119,7.807737711893323,0.823131336935953,197_cpu_act,0,RF,True,10
5.632611965774717,60.96076817772119,7.807737711893323,0.823131336935953,197_cpu_act,0,RF,False,10
5.585561765788276,61.44759596892759,7.8388516996386395,0.8368562397861843,197_cpu_act,1,RF,True,10
5.585561765788276,61.44759596892759,7.8388516996386395,0.8368562397861843,197_cpu_act,1,RF,False,10
5.5057628804826795,59.561527114335206,7.717611490243287,0.827327401884399,197_cpu_act,2,RF,True,10
5.5057628804826795,59.561527114335206,7.717611490243287,0.827327401884399,197_cpu_act,2,RF,False,10
5.681094402800779,64.99905294090088,8.062199013972608,0.8241281460607928,197_cpu_act,3,RF,True,10
5.681094402800779,64.99905294090088,8.062199013972608,0.8241281460607928,197_cpu_act,3,RF,False,10
5.569120723710565,61.37611350737216,7.8342908745700885,0.8057477023931453,197_cpu_act,4,RF,True,10
5.569120723710565,61.37611350737216,7.8342908745700885,0.8057477023931453,197_cpu_act,4,RF,False,10
5.41416545535002,57.95678690167661,7.612935498326293,0.8300893477852965,197_cpu_act,5,RF,True,10
5.41416545535002,57.95678690167661,7.612935498326293,0.8300893477852965,197_cpu_act,5,RF,False,10
2.7049754240742647,14.438468953641992,3.799798541191624,0.9581089153424466,197_cpu_act,0,RF,True,20
2.7049754240742647,14.438468953641992,3.799798541191624,0.9581089153424466,197_cpu_act,0,RF,False,20
2.718164991235461,14.51247621015943,3.809524407345283,0.9614692828644396,197_cpu_act,1,RF,True,20
2.718164991235461,14.51247621015943,3.809524407345283,0.9614692828644396,197_cpu_act,1,RF,False,20
2.739451986306013,14.183847769427379,3.7661449480108145,0.9588801368218489,197_cpu_act,2,RF,True,20
2.739451986306013,14.183847769427379,3.7661449480108145,0.9588801368218489,197_cpu_act,2,RF,False,20
2.6528009456985964,13.823062210684176,3.7179378976368307,0.9625981076936545,197_cpu_act,3,RF,True,20
2.6528009456985964,13.823062210684176,3.7179378976368307,0.9625981076936545,197_cpu_act,3,RF,False,20
2.756322503559081,13.685068949187551,3.699333581766796,0.956687448351245,197_cpu_act,4,RF,True,20
2.756322503559081,13.685068949187551,3.699333581766796,0.956687448351245,197_cpu_act,4,RF,False,20
2.649697463610215,13.988788737144073,3.7401589187017272,0.958989372166988,197_cpu_act,5,RF,True,20
2.649697463610215,13.988788737144073,3.7401589187017272,0.958989372166988,197_cpu_act,5,RF,False,20
8.56794871571246,242.0493883660927,15.557936507329392,0.29772945788719785,197_cpu_act,0,SVR,True,1
8.56794871571246,242.0493883660927,15.557936507329392,0.29772945788719785,197_cpu_act,0,SVR,False,1
8.876433662623265,262.8121441150797,16.211481860554258,0.30223207686642983,197_cpu_act,1,SVR,True,1
8.876433662623265,262.8121441150797,16.211481860554258,0.30223207686642983,197_cpu_act,1,SVR,False,1
8.617494411097628,244.59305183699968,15.639470957708246,0.29090942109921747,197_cpu_act,2,SVR,True,1
8.617494411097628,244.59305183699968,15.639470957708246,0.29090942109921747,197_cpu_act,2,SVR,False,1
8.86242915258041,261.258005792837,16.163477527835308,0.2930984721112222,197_cpu_act,3,SVR,True,1
8.86242915258041,261.258005792837,16.163477527835308,0.2930984721112222,197_cpu_act,3,SVR,False,1
8.424380466333103,224.25402618611665,14.975113561710197,0.2902473398057617,197_cpu_act,4,SVR,True,1
8.424380466333103,224.25402618611665,14.975113561710197,0.2902473398057617,197_cpu_act,4,SVR,False,1
8.374543814751807,234.68915127288827,15.319567594187777,0.31196691721124215,197_cpu_act,5,SVR,True,1
8.374543814751807,234.68915127288827,15.319567594187777,0.31196691721124215,197_cpu_act,5,SVR,False,1
8.56794871571246,242.0493883660927,15.557936507329392,0.29772945788719785,197_cpu_act,0,SVR,True,5
8.56794871571246,242.0493883660927,15.557936507329392,0.29772945788719785,197_cpu_act,0,SVR,False,5
8.876433662623265,262.8121441150797,16.211481860554258,0.30223207686642983,197_cpu_act,1,SVR,True,5
8.876433662623265,262.8121441150797,16.211481860554258,0.30223207686642983,197_cpu_act,1,SVR,False,5
8.617494411097628,244.59305183699968,15.639470957708246,0.29090942109921747,197_cpu_act,2,SVR,True,5
8.617494411097628,244.59305183699968,15.639470957708246,0.29090942109921747,197_cpu_act,2,SVR,False,5
8.86242915258041,261.258005792837,16.163477527835308,0.2930984721112222,197_cpu_act,3,SVR,True,5
8.86242915258041,261.258005792837,16.163477527835308,0.2930984721112222,197_cpu_act,3,SVR,False,5
8.424380466333103,224.25402618611665,14.975113561710197,0.2902473398057617,197_cpu_act,4,SVR,True,5
8.424380466333103,224.25402618611665,14.975113561710197,0.2902473398057617,197_cpu_act,4,SVR,False,5
8.374543814751807,234.68915127288827,15.319567594187777,0.31196691721124215,197_cpu_act,5,SVR,True,5
8.374543814751807,234.68915127288827,15.319567594187777,0.31196691721124215,197_cpu_act,5,SVR,False,5
7.73638699728771,248.50354618855576,15.763995248304148,0.27900367244539637,197_cpu_act,0,SVR,True,10
7.73638699728771,248.50354618855576,15.763995248304148,0.27900367244539637,197_cpu_act,0,SVR,False,10
7.582224407492644,177.44609514738443,13.320889427789139,0.5288794827344969,197_cpu_act,1,SVR,True,10
7.582224407492644,177.44609514738443,13.320889427789139,0.5288794827344969,197_cpu_act,1,SVR,False,10
7.555577233734907,187.79836203778675,13.703954248237505,0.4555607845200087,197_cpu_act,2,SVR,True,10
7.5555772337349065,187.7983620377867,13.703954248237503,0.4555607845200089,197_cpu_act,2,SVR,False,10
8.120158887180658,291.92881874934227,17.085924579879844,0.21011060548203075,197_cpu_act,3,SVR,True,10
8.120158887180658,291.9288187493423,17.085924579879848,0.21011060548203064,197_cpu_act,3,SVR,False,10
7.326568910305292,170.0489456572782,13.040281655596178,0.4618036804239519,197_cpu_act,4,SVR,True,10
7.326568910305292,170.04894565727818,13.040281655596177,0.46180368042395203,197_cpu_act,4,SVR,False,10
7.2105564032139,190.57532665276324,13.80490226885954,0.44129445784261645,197_cpu_act,5,SVR,True,10
7.210556403213898,190.57532665276338,13.804902268859545,0.4412944578426161,197_cpu_act,5,SVR,False,10
5.00861424635852,256.9414589058255,16.029393591331694,0.2545223152386801,197_cpu_act,0,SVR,True,20
5.008614246358521,256.9414589058257,16.029393591331697,0.2545223152386794,197_cpu_act,0,SVR,False,20
4.932505890004371,166.62465432618632,12.908317253855605,0.5576104773106603,197_cpu_act,1,SVR,True,20
4.932505890004371,166.62465432618643,12.90831725385561,0.55761047731066,197_cpu_act,1,SVR,False,20
4.770917953947805,169.7897313317019,13.030338880155876,0.507768933020883,197_cpu_act,2,SVR,True,20
4.770917953947805,169.78973133170186,13.030338880155876,0.5077689330208831,197_cpu_act,2,SVR,False,20
5.249686094453033,294.6348422524984,17.164930592708448,0.2027887546431293,197_cpu_act,3,SVR,True,20
5.249686094453033,294.63484225249846,17.16493059270845,0.20278875464312918,197_cpu_act,3,SVR,False,20
4.422404958430582,147.03804556144866,12.125924523987797,0.5346320163706355,197_cpu_act,4,SVR,True,20
4.422404958430583,147.03804556144863,12.125924523987795,0.5346320163706356,197_cpu_act,4,SVR,False,20
4.609795193609568,187.08915895047545,13.678053916784926,0.4515147799082695,197_cpu_act,5,SVR,True,20
4.609795193609567,187.08915895047545,13.678053916784926,0.4515147799082695,197_cpu_act,5,SVR,False,20
0.2895427197711851,0.4112864775784851,0.6413162071696653,0.9943131974767577,560_bodyfat,0,LR,True,1
0.2895427197711851,0.4112864775784851,0.6413162071696653,0.9943131974767577,560_bodyfat,0,LR,False,1
0.4998370145264039,6.07215119475004,2.4641735317850566,0.9174438723882605,560_bodyfat,1,LR,True,1
0.4998370145264039,6.07215119475004,2.4641735317850566,0.9174438723882605,560_bodyfat,1,LR,False,1
0.2834099427982738,0.39143982648123915,0.6256515216006744,0.9939864714613343,560_bodyfat,2,LR,True,1
0.2834099427982738,0.39143982648123915,0.6256515216006744,0.9939864714613343,560_bodyfat,2,LR,False,1
0.3383843585419026,0.4715676485364126,0.6867078334607903,0.9942377337130222,560_bodyfat,3,LR,True,1
0.3383843585419026,0.4715676485364126,0.6867078334607903,0.9942377337130222,560_bodyfat,3,LR,False,1
0.5222767979800506,1.7981235301379013,1.340941285119487,0.9797649817079069,560_bodyfat,4,LR,True,1
0.5222767979800506,1.7981235301379013,1.340941285119487,0.9797649817079069,560_bodyfat,4,LR,False,1
0.5697879176516987,6.535879377009791,2.556536598018849,0.8800725749002655,560_bodyfat,5,LR,True,1
0.5697879176516987,6.535879377009791,2.556536598018849,0.8800725749002655,560_bodyfat,5,LR,False,1
0.2895427197711851,0.4112864775784851,0.6413162071696653,0.9943131974767577,560_bodyfat,0,LR,True,5
0.2895427197711851,0.4112864775784851,0.6413162071696653,0.9943131974767577,560_bodyfat,0,LR,False,5
0.4998370145264039,6.07215119475004,2.4641735317850566,0.9174438723882605,560_bodyfat,1,LR,True,5
0.4998370145264039,6.07215119475004,2.4641735317850566,0.9174438723882605,560_bodyfat,1,LR,False,5
0.2834099427982738,0.39143982648123915,0.6256515216006744,0.9939864714613343,560_bodyfat,2,LR,True,5
0.2834099427982738,0.39143982648123915,0.6256515216006744,0.9939864714613343,560_bodyfat,2,LR,False,5
0.3383843585419026,0.4715676485364126,0.6867078334607903,0.9942377337130222,560_bodyfat,3,LR,True,5
0.3383843585419026,0.4715676485364126,0.6867078334607903,0.9942377337130222,560_bodyfat,3,LR,False,5
0.5222767979800506,1.7981235301379013,1.340941285119487,0.9797649817079069,560_bodyfat,4,LR,True,5
0.5222767979800506,1.7981235301379013,1.340941285119487,0.9797649817079069,560_bodyfat,4,LR,False,5
0.5697879176516987,6.535879377009791,2.556536598018849,0.8800725749002655,560_bodyfat,5,LR,True,5
0.5697879176516987,6.535879377009791,2.556536598018849,0.8800725749002655,560_bodyfat,5,LR,False,5
0.3842367611405642,0.49514183615349605,0.7036631553190035,0.9931537407702319,560_bodyfat,0,LR,True,10
0.38423676114056377,0.4951418361534955,0.7036631553190031,0.993153740770232,560_bodyfat,0,LR,False,10
0.48540650725354445,5.916849197374628,2.432457439992451,0.919555336859825,560_bodyfat,1,LR,True,10
0.48540650725354495,5.916849197374628,2.432457439992451,0.919555336859825,560_bodyfat,1,LR,False,10
0.3886759699551377,0.4680827520907822,0.6841657343734646,0.9928090378195332,560_bodyfat,2,LR,True,10
0.38867596995513853,0.4680827520907833,0.6841657343734655,0.9928090378195332,560_bodyfat,2,LR,False,10
0.516821810554713,0.67257543956684,0.8201069683686635,0.9917815422815927,560_bodyfat,3,LR,True,10
0.5168218105547132,0.6725754395668397,0.8201069683686634,0.9917815422815927,560_bodyfat,3,LR,False,10
0.5458919290499791,1.6959172480025808,1.3022738759579648,0.9809151507335113,560_bodyfat,4,LR,True,10
0.5458919290499792,1.6959172480025826,1.3022738759579655,0.9809151507335113,560_bodyfat,4,LR,False,10
0.5826441396181509,6.303236290167815,2.5106246812631743,0.8843413633467524,560_bodyfat,5,LR,True,10
0.582644139618151,6.303236290167819,2.5106246812631747,0.8843413633467524,560_bodyfat,5,LR,False,10
0.3984973961703915,0.5488805899894282,0.7408647582315062,0.9924107022859391,560_bodyfat,0,LR,True,20
0.39849739617039176,0.5488805899894286,0.7408647582315065,0.9924107022859391,560_bodyfat,0,LR,False,20
0.4844348478007794,5.941695430650531,2.4375593183860227,0.9192175309094774,560_bodyfat,1,LR,True,20
0.4844348478007812,5.941695430650529,2.4375593183860222,0.9192175309094776,560_bodyfat,1,LR,False,20
0.4033928703248448,0.5182365313750449,0.7198864711710069,0.9920385460027985,560_bodyfat,2,LR,True,20
0.4033928703248459,0.5182365313750438,0.7198864711710061,0.9920385460027985,560_bodyfat,2,LR,False,20
0.5227659768460088,0.697501511376901,0.8351655592616957,0.9914769610328499,560_bodyfat,3,LR,True,20
0.5227659768460099,0.6975015113769045,0.8351655592616979,0.9914769610328499,560_bodyfat,3,LR,False,20
0.5771182071948812,1.705673237513171,1.3060142562442307,0.9808053625999957,560_bodyfat,4,LR,True,20
0.5771182071948806,1.7056732375131691,1.3060142562442298,0.9808053625999958,560_bodyfat,4,LR,False,20
0.5826617605923323,6.3202656518593665,2.5140138527580485,0.8840288900924351,560_bodyfat,5,LR,True,20
0.5826617605923321,6.320265651859371,2.5140138527580493,0.884028890092435,560_bodyfat,5,LR,False,20
0.4184314113037261,1.5995686188868712,1.264740534215169,0.9778829809539529,560_bodyfat,0,KNN,True,1
0.4184314113037261,1.5995686188868712,1.264740534215169,0.9778829809539529,560_bodyfat,0,KNN,False,1
0.532156797717599,4.670203397893299,2.1610653386451086,0.9365045606863994,560_bodyfat,1,KNN,True,1
0.532156797717599,4.670203397893299,2.1610653386451086,0.9365045606863994,560_bodyfat,1,KNN,False,1
0.32078435818354234,1.110729239572654,1.0539114002479781,0.982936325000592,560_bodyfat,2,KNN,True,1
0.32078435818354234,1.110729239572654,1.0539114002479781,0.982936325000592,560_bodyfat,2,KNN,False,1
0.5054902027635012,3.2843377092738004,1.8122741815944408,0.9598674155957563,560_bodyfat,3,KNN,True,1
0.5054902027635012,3.2843377092738004,1.8122741815944408,0.9598674155957563,560_bodyfat,3,KNN,False,1
0.6878430499750025,5.160690318272577,2.2717152810756405,0.9419246446421485,560_bodyfat,4,KNN,True,1
0.6878430499750025,5.160690318272577,2.2717152810756405,0.9419246446421485,560_bodyfat,4,KNN,False,1
0.5568627986253479,4.8463998876107395,2.2014540394045796,0.9110729825325036,560_bodyfat,5,KNN,True,1
0.5568627986253479,4.8463998876107395,2.2014540394045796,0.9110729825325036,560_bodyfat,5,KNN,False,1
0.4184314113037261,1.5995686188868712,1.264740534215169,0.9778829809539529,560_bodyfat,0,KNN,True,5
0.4184314113037261,1.5995686188868712,1.264740534215169,0.9778829809539529,560_bodyfat,0,KNN,False,5
0.532156797717599,4.670203397893299,2.1610653386451086,0.9365045606863994,560_bodyfat,1,KNN,True,5
0.532156797717599,4.670203397893299,2.1610653386451086,0.9365045606863994,560_bodyfat,1,KNN,False,5
0.32078435818354234,1.110729239572654,1.0539114002479781,0.982936325000592,560_bodyfat,2,KNN,True,5
0.32078435818354234,1.110729239572654,1.0539114002479781,0.982936325000592,560_bodyfat,2,KNN,False,5
0.5054902027635012,3.2843377092738004,1.8122741815944408,0.9598674155957563,560_bodyfat,3,KNN,True,5
0.5054902027635012,3.2843377092738004,1.8122741815944408,0.9598674155957563,560_bodyfat,3,KNN,False,5
0.6878430499750025,5.160690318272577,2.2717152810756405,0.9419246446421485,560_bodyfat,4,KNN,True,5
0.6878430499750025,5.160690318272577,2.2717152810756405,0.9419246446421485,560_bodyfat,4,KNN,False,5
0.5568627986253479,4.8463998876107395,2.2014540394045796,0.9110729825325036,560_bodyfat,5,KNN,True,5
0.5568627986253479,4.8463998876107395,2.2014540394045796,0.9110729825325036,560_bodyfat,5,KNN,False,5
0.641568571212245,1.098650966126475,1.048165524202392,0.9848091016191061,560_bodyfat,0,KNN,True,10
0.641568571212245,1.098650966126475,1.048165524202392,0.9848091016191061,560_bodyfat,0,KNN,False,10
0.8666665469898897,2.802430653067521,1.6740461920351903,0.9618985405340823,560_bodyfat,1,KNN,True,10
0.8666665469898897,2.802430653067521,1.6740461920351903,0.9618985405340823,560_bodyfat,1,KNN,False,10
0.7411765264529798,1.427403935879667,1.1947401122753296,0.9780713823072692,560_bodyfat,2,KNN,True,10
0.7411765264529798,1.427403935879667,1.1947401122753296,0.9780713823072692,560_bodyfat,2,KNN,False,10
0.8909803977199633,3.581255383959289,1.892420509284152,0.9562392644446793,560_bodyfat,3,KNN,True,10
0.8909803977199633,3.581255383959289,1.892420509284152,0.9562392644446793,560_bodyfat,3,KNN,False,10
0.9694117819561676,5.316659294024083,2.305788215345044,0.9401694620729684,560_bodyfat,4,KNN,True,10
0.9694117819561676,5.316659294024083,2.305788215345044,0.9401694620729684,560_bodyfat,4,KNN,False,10
0.7827451021063561,2.6474820840950612,1.6271085040940143,0.9514211185628612,560_bodyfat,5,KNN,True,10
0.7827451021063561,2.6474820840950612,1.6271085040940143,0.9514211185628612,560_bodyfat,5,KNN,False,10
0.9756863054107218,2.408549056165578,1.5519500817247884,0.9666973178145849,560_bodyfat,0,KNN,True,20
0.9756863054107218,2.408549056165578,1.5519500817247884,0.9666973178145849,560_bodyfat,0,KNN,False,20
1.1403920790728401,2.8231522871132766,1.6802238800568443,0.9616168120642635,560_bodyfat,1,KNN,True,20
1.1403920790728401,2.8231522871132766,1.6802238800568443,0.9616168120642635,560_bodyfat,1,KNN,False,20
0.9972549810129052,2.40334903400492,1.550273857744147,0.9630783404584007,560_bodyfat,2,KNN,True,20
0.9972549810129052,2.40334903400492,1.550273857744147,0.9630783404584007,560_bodyfat,2,KNN,False,20
1.172156936748355,4.194235832364272,2.047983357443188,0.948749020821345,560_bodyfat,3,KNN,True,20
1.172156936748355,4.194235832364272,2.047983357443188,0.948749020821345,560_bodyfat,3,KNN,False,20
1.1827450455403792,5.817192503774326,2.4118856738606675,0.9345367574865824,560_bodyfat,4,KNN,True,20
1.1827450455403792,5.817192503774326,2.4118856738606675,0.9345367574865824,560_bodyfat,4,KNN,False,20
1.0925489170878548,2.938195707031606,1.7141165966851863,0.9460867887459994,560_bodyfat,5,KNN,True,20
1.0925489170878548,2.938195707031606,1.7141165966851863,0.9460867887459994,560_bodyfat,5,KNN,False,20
0.9509804868230631,12.900195619686219,3.591684231622571,0.8216307391571103,560_bodyfat,0,DT,True,1
0.9509804868230631,12.900195619686219,3.591684231622571,0.8216307391571103,560_bodyfat,0,DT,False,1
0.4558823494350206,5.572989900954039,2.3607180901060674,0.9242304002838592,560_bodyfat,1,DT,True,1
0.4558823494350206,5.572989900954039,2.3607180901060674,0.9242304002838592,560_bodyfat,1,DT,False,1
0.532352980445413,6.403676152696955,2.5305485873021594,0.9016229655454817,560_bodyfat,2,DT,True,1
0.532352980445413,6.403676152696955,2.5305485873021594,0.9016229655454817,560_bodyfat,2,DT,False,1
0.5754902830310896,7.034657073862673,2.6522927956510896,0.9140408223020015,560_bodyfat,3,DT,True,1
0.5754902830310896,7.034657073862673,2.6522927956510896,0.9140408223020015,560_bodyfat,3,DT,False,1
0.8382353373602324,8.464068741097503,2.9093072613764095,0.9047503784189367,560_bodyfat,4,DT,True,1
0.8382353373602324,8.464068741097503,2.9093072613764095,0.9047503784189367,560_bodyfat,4,DT,False,1
0.8480392869781045,10.183872516436201,3.1912180302254813,0.813135228178138,560_bodyfat,5,DT,True,1
0.8480392869781045,10.183872516436201,3.1912180302254813,0.813135228178138,560_bodyfat,5,DT,False,1
0.9509804868230631,12.900195619686219,3.591684231622571,0.8216307391571103,560_bodyfat,0,DT,True,5
0.9509804868230631,12.900195619686219,3.591684231622571,0.8216307391571103,560_bodyfat,0,DT,False,5
0.4558823494350206,5.572989900954039,2.3607180901060674,0.9242304002838592,560_bodyfat,1,DT,True,5
0.4558823494350206,5.572989900954039,2.3607180901060674,0.9242304002838592,560_bodyfat,1,DT,False,5
0.532352980445413,6.403676152696955,2.5305485873021594,0.9016229655454817,560_bodyfat,2,DT,True,5
0.532352980445413,6.403676152696955,2.5305485873021594,0.9016229655454817,560_bodyfat,2,DT,False,5
0.5754902830310896,7.034657073862673,2.6522927956510896,0.9140408223020015,560_bodyfat,3,DT,True,5
0.5754902830310896,7.034657073862673,2.6522927956510896,0.9140408223020015,560_bodyfat,3,DT,False,5
0.8382353373602324,8.464068741097503,2.9093072613764095,0.9047503784189367,560_bodyfat,4,DT,True,5
0.8382353373602324,8.464068741097503,2.9093072613764095,0.9047503784189367,560_bodyfat,4,DT,False,5
0.8480392869781045,10.183872516436201,3.1912180302254813,0.813135228178138,560_bodyfat,5,DT,True,5
0.8480392869781045,10.183872516436201,3.1912180302254813,0.813135228178138,560_bodyfat,5,DT,False,5
0.9176471385301326,11.865097634325085,3.444575102146139,0.8359428990647536,560_bodyfat,0,DT,True,10
0.9176471385301326,11.865097634325085,3.444575102146139,0.8359428990647536,560_bodyfat,0,DT,False,10
0.48627450068791694,5.596078202070242,2.36560313706045,0.9239164949359595,560_bodyfat,1,DT,True,10
0.48627450068791694,5.596078202070242,2.36560313706045,0.9239164949359595,560_bodyfat,1,DT,False,10
0.16078430414199804,0.11490193539994296,0.3389718799545811,0.9982348089771887,560_bodyfat,2,DT,True,10
0.16078430414199804,0.11490193539994296,0.3389718799545811,0.9982348089771887,560_bodyfat,2,DT,False,10
0.6921569179086124,7.748039487764228,2.783530040751173,0.9053237284850146,560_bodyfat,3,DT,True,10
0.6921569179086124,7.748039487764228,2.783530040751173,0.9053237284850146,560_bodyfat,3,DT,False,10
0.5901961572030011,3.116667037618339,1.7654084619765307,0.9649268732322668,560_bodyfat,4,DT,True,10
0.5901961572030011,3.116667037618339,1.7654084619765307,0.9649268732322668,560_bodyfat,4,DT,False,10
0.48235298605526183,4.46274488673538,2.1125209790047954,0.9181127018613919,560_bodyfat,5,DT,True,10
0.48235298605526183,4.46274488673538,2.1125209790047954,0.9181127018613919,560_bodyfat,5,DT,False,10
0.5490196931595894,2.861568893825532,1.6916172421164108,0.9604334737634714,560_bodyfat,0,DT,True,20
0.5490196931595894,2.861568893825532,1.6916172421164108,0.9604334737634714,560_bodyfat,0,DT,False,20
0.6980391448619316,6.903529140201703,2.627456781795222,0.9061405728561878,560_bodyfat,1,DT,True,20
0.6980391448619316,6.903529140201703,2.627456781795222,0.9061405728561878,560_bodyfat,1,DT,False,20
0.21960796445023753,0.18745102419607615,0.432956145811647,0.9971202672611567,560_bodyfat,2,DT,True,20
0.21960796445023753,0.18745102419607615,0.432956145811647,0.9971202672611567,560_bodyfat,2,DT,False,20
0.6470589217017678,7.083921762915473,2.6615637814855146,0.9134388381375905,560_bodyfat,3,DT,True,20
0.6470589217017678,7.083921762915473,2.6615637814855146,0.9134388381375905,560_bodyfat,3,DT,False,20
0.6019608986143969,3.1190200042262277,1.766074744801654,0.964900394338268,560_bodyfat,4,DT,True,20
0.6019608986143969,3.1190200042262277,1.766074744801654,0.964900394338268,560_bodyfat,4,DT,False,20
0.533333395041671,4.488627256693214,2.118638066469404,0.9176377839803429,560_bodyfat,5,DT,True,20
0.533333395041671,4.488627256693214,2.118638066469404,0.9176377839803429,560_bodyfat,5,DT,False,20
0.7088075973878499,6.908069244818238,2.628320613018556,0.9044830604607761,560_bodyfat,0,RF,True,1
0.7088075973878499,6.908069244818238,2.628320613018556,0.9044830604607761,560_bodyfat,0,RF,False,1
0.4801241873837759,5.076684334499255,2.253149869515842,0.930978102105593,560_bodyfat,1,RF,True,1
0.4801241873837759,5.076684334499255,2.253149869515842,0.930978102105593,560_bodyfat,1,RF,False,1
0.386000662860416,3.3150238279103417,1.8207206891531555,0.9490726567741037,560_bodyfat,2,RF,True,1
0.386000662860416,3.3150238279103417,1.8207206891531555,0.9490726567741037,560_bodyfat,2,RF,False,1
0.503064484354717,4.5475727507643855,2.132503868874424,0.9444314612534639,560_bodyfat,3,RF,True,1
0.503064484354717,4.5475727507643855,2.132503868874424,0.9444314612534639,560_bodyfat,3,RF,False,1
0.7147790554840915,6.179186459128771,2.485796946479895,0.9304630916980798,560_bodyfat,4,RF,True,1
0.7147790554840915,6.179186459128771,2.485796946479895,0.9304630916980798,560_bodyfat,4,RF,False,1
0.6986758270359394,7.2076489075109205,2.684706484424493,0.8677462167460982,560_bodyfat,5,RF,True,1
0.6986758270359394,7.2076489075109205,2.684706484424493,0.8677462167460982,560_bodyfat,5,RF,False,1
0.7088075973878499,6.908069244818238,2.628320613018556,0.9044830604607761,560_bodyfat,0,RF,True,5
0.7088075973878499,6.908069244818238,2.628320613018556,0.9044830604607761,560_bodyfat,0,RF,False,5
0.4801241873837759,5.076684334499255,2.253149869515842,0.930978102105593,560_bodyfat,1,RF,True,5
0.4801241873837759,5.076684334499255,2.253149869515842,0.930978102105593,560_bodyfat,1,RF,False,5
0.386000662860416,3.3150238279103417,1.8207206891531555,0.9490726567741037,560_bodyfat,2,RF,True,5
0.386000662860416,3.3150238279103417,1.8207206891531555,0.9490726567741037,560_bodyfat,2,RF,False,5
0.503064484354717,4.5475727507643855,2.132503868874424,0.9444314612534639,560_bodyfat,3,RF,True,5
0.503064484354717,4.5475727507643855,2.132503868874424,0.9444314612534639,560_bodyfat,3,RF,False,5
0.7147790554840915,6.179186459128771,2.485796946479895,0.9304630916980798,560_bodyfat,4,RF,True,5
0.7147790554840915,6.179186459128771,2.485796946479895,0.9304630916980798,560_bodyfat,4,RF,False,5
0.6986758270359394,7.2076489075109205,2.684706484424493,0.8677462167460982,560_bodyfat,5,RF,True,5
0.6986758270359394,7.2076489075109205,2.684706484424493,0.8677462167460982,560_bodyfat,5,RF,False,5
0.42858833275589303,2.004554905897221,1.4158230489355728,0.9722832903139671,560_bodyfat,0,RF,True,10
0.42858833275589303,2.004554905897221,1.4158230489355728,0.9722832903139671,560_bodyfat,0,RF,False,10
0.5382548532415837,5.10058238841893,2.258446897409574,0.9306531874705999,560_bodyfat,1,RF,True,10
0.5382548532415837,5.10058238841893,2.258446897409574,0.9306531874705999,560_bodyfat,1,RF,False,10
0.34170599118167266,1.2181671069259679,1.103706078141263,0.9812858013753638,560_bodyfat,2,RF,True,10
0.34170599118167266,1.2181671069259679,1.103706078141263,0.9812858013753638,560_bodyfat,2,RF,False,10
0.4882550602450091,2.8175292829957597,1.67854975588922,0.9655715271173324,560_bodyfat,3,RF,True,10
0.4882550602450091,2.8175292829957597,1.67854975588922,0.9655715271173324,560_bodyfat,3,RF,False,10
0.6036079205718689,4.332437269735672,2.0814507608242074,0.9512453143885372,560_bodyfat,4,RF,True,10
0.6036079205718689,4.332437269735672,2.0814507608242074,0.9512453143885372,560_bodyfat,4,RF,False,10
0.6520589377833346,6.357871498001665,2.521482004298596,0.8833388571165502,560_bodyfat,5,RF,True,10
0.6520589377833346,6.357871498001665,2.521482004298596,0.8833388571165502,560_bodyfat,5,RF,False,10
0.42098048588808834,1.3969166643734976,1.1819122913200868,0.9806850221322864,560_bodyfat,0,RF,True,20
0.42098048588808834,1.3969166643734976,1.1819122913200868,0.9806850221322864,560_bodyfat,0,RF,False,20
0.5666077710600461,4.944400954454888,2.2236008981952873,0.9327766086403606,560_bodyfat,1,RF,True,20
0.5666077710600461,4.944400954454888,2.2236008981952873,0.9327766086403606,560_bodyfat,1,RF,False,20
0.35394131271278106,0.8946036136068536,0.94583487650163,0.9862565738147341,560_bodyfat,2,RF,True,20
0.35394131271278106,0.8946036136068536,0.94583487650163,0.9862565738147341,560_bodyfat,2,RF,False,20
0.4519609318878133,2.262643033847776,1.5042084409574943,0.9723518953985253,560_bodyfat,3,RF,True,20
0.4519609318878133,2.262643033847776,1.5042084409574943,0.9723518953985253,560_bodyfat,3,RF,False,20
0.6096471813613293,4.256215949532183,2.063059851175477,0.952103064027377,560_bodyfat,4,RF,True,20
0.6096471813613293,4.256215949532183,2.063059851175477,0.952103064027377,560_bodyfat,4,RF,False,20
0.6573726502937426,6.269175228733173,2.5038321087351627,0.8849663527565003,560_bodyfat,5,RF,True,20
0.6573726502937426,6.269175228733173,2.5038321087351627,0.8849663527565003,560_bodyfat,5,RF,False,20
0.7447564642674109,0.8423156965720267,0.9177775855685443,0.9883534147370108,560_bodyfat,0,SVR,True,1
0.7447564642674109,0.8423156965720267,0.9177775855685443,0.9883534147370108,560_bodyfat,0,SVR,False,1
0.8605578517760565,5.6666870977428765,2.380480434228115,0.9229565061585532,560_bodyfat,1,SVR,True,1
0.8605578517760565,5.6666870977428765,2.380480434228115,0.9229565061585532,560_bodyfat,1,SVR,False,1
0.6138444349693332,0.5636719941236498,0.7507809228554291,0.9913405397361335,560_bodyfat,2,SVR,True,1
0.6138444349693332,0.5636719941236498,0.7507809228554291,0.9913405397361335,560_bodyfat,2,SVR,False,1
0.5651984613899255,0.5632293668319368,0.7504860870342213,0.9931176839581672,560_bodyfat,3,SVR,True,1
0.5651984613899255,0.5632293668319368,0.7504860870342213,0.9931176839581672,560_bodyfat,3,SVR,False,1
0.6909977385254831,2.0690097087496815,1.4384052658238156,0.976716588932098,560_bodyfat,4,SVR,True,1
0.6909977385254831,2.0690097087496815,1.4384052658238156,0.976716588932098,560_bodyfat,4,SVR,False,1
0.973534543665615,6.045775352316426,2.458815843514196,0.8890655367225478,560_bodyfat,5,SVR,True,1
0.973534543665615,6.045775352316426,2.458815843514196,0.8890655367225478,560_bodyfat,5,SVR,False,1
0.7447564642674109,0.8423156965720267,0.9177775855685443,0.9883534147370108,560_bodyfat,0,SVR,True,5
0.7447564642674109,0.8423156965720267,0.9177775855685443,0.9883534147370108,560_bodyfat,0,SVR,False,5
0.8605578517760565,5.6666870977428765,2.380480434228115,0.9229565061585532,560_bodyfat,1,SVR,True,5
0.8605578517760565,5.6666870977428765,2.380480434228115,0.9229565061585532,560_bodyfat,1,SVR,False,5
0.6138444349693332,0.5636719941236498,0.7507809228554291,0.9913405397361335,560_bodyfat,2,SVR,True,5
0.6138444349693332,0.5636719941236498,0.7507809228554291,0.9913405397361335,560_bodyfat,2,SVR,False,5
0.5651984613899255,0.5632293668319368,0.7504860870342213,0.9931176839581672,560_bodyfat,3,SVR,True,5
0.5651984613899255,0.5632293668319368,0.7504860870342213,0.9931176839581672,560_bodyfat,3,SVR,False,5
0.6909977385254831,2.0690097087496815,1.4384052658238156,0.976716588932098,560_bodyfat,4,SVR,True,5
0.6909977385254831,2.0690097087496815,1.4384052658238156,0.976716588932098,560_bodyfat,4,SVR,False,5
0.973534543665615,6.045775352316426,2.458815843514196,0.8890655367225478,560_bodyfat,5,SVR,True,5
0.973534543665615,6.045775352316426,2.458815843514196,0.8890655367225478,560_bodyfat,5,SVR,False,5
0.40647757276371616,0.483266834504578,0.6951739598867164,0.993317934812638,560_bodyfat,0,SVR,True,10
0.40647757276371477,0.4832668345045772,0.6951739598867158,0.9933179348126381,560_bodyfat,0,SVR,False,10
0.7774329159969771,5.401654386191857,2.324145947696026,0.9265598542397091,560_bodyfat,1,SVR,True,10
0.7774329159969771,5.401654386191857,2.324145947696026,0.9265598542397091,560_bodyfat,1,SVR,False,10
0.4194963979472772,0.44201607839497553,0.6648428975291648,0.9932094893719133,560_bodyfat,2,SVR,True,10
0.4194963979472775,0.4420160783949757,0.6648428975291649,0.9932094893719133,560_bodyfat,2,SVR,False,10
0.4017241019343231,0.4638613168354769,0.6810736500816024,0.9943319003410647,560_bodyfat,3,SVR,True,10
0.40172410193432323,0.46386131683547627,0.6810736500816019,0.9943319003410647,560_bodyfat,3,SVR,False,10
0.6806798262918473,2.0331746557591144,1.4258943354116793,0.9771198554155228,560_bodyfat,4,SVR,True,10
0.6806798262918474,2.0331746557591153,1.4258943354116795,0.9771198554155228,560_bodyfat,4,SVR,False,10
0.7731092601784663,5.6968586150535305,2.3868092959123337,0.895467840599411,560_bodyfat,5,SVR,True,10
0.7731092601784681,5.696858615053533,2.386809295912334,0.895467840599411,560_bodyfat,5,SVR,False,10
0.35765082749931604,0.5173323896513135,0.7192582218169726,0.992846914986981,560_bodyfat,0,SVR,True,20
0.35765082749931604,0.5173323896513142,0.7192582218169732,0.992846914986981,560_bodyfat,0,SVR,False,20
0.805740473434474,5.52039631687742,2.349552365212876,0.924945455377076,560_bodyfat,1,SVR,True,20
0.8057404734344761,5.520396316877425,2.349552365212877,0.9249454553770758,560_bodyfat,1,SVR,False,20
0.3901071642838198,0.44833733689770505,0.6695799705021835,0.9931123784858082,560_bodyfat,2,SVR,True,20
0.3901071642838208,0.44833733689770455,0.6695799705021832,0.9931123784858082,560_bodyfat,2,SVR,False,20
0.3650850155508758,0.49834820773213295,0.7059378214348151,0.993910491770368,560_bodyfat,3,SVR,True,20
0.365085015550876,0.49834820773213256,0.7059378214348149,0.993910491770368,560_bodyfat,3,SVR,False,20
0.6797383409794989,2.030936168249664,1.425109177659615,0.977145046029483,560_bodyfat,4,SVR,True,20
0.6797383409794978,2.0309361682496614,1.425109177659614,0.977145046029483,560_bodyfat,4,SVR,False,20
0.7737640990019263,5.709336308879095,2.389421751989191,0.8952388862987936,560_bodyfat,5,SVR,True,20
0.7737640990019267,5.709336308879095,2.389421751989191,0.8952388862987936,560_bodyfat,5,SVR,False,20
0.9499366353995832,1.8325330734716172,1.3537108529784405,0.9441566517171478,1096_FacultySalaries,0,LR,True,1
0.9499366353995832,1.8325330734716172,1.3537108529784405,0.9441566517171478,1096_FacultySalaries,0,LR,False,1
1.7019378726171923,4.665749520951463,2.16003461105406,0.7297473560082284,1096_FacultySalaries,1,LR,True,1
1.7019378726171923,4.665749520951463,2.16003461105406,0.7297473560082284,1096_FacultySalaries,1,LR,False,1
0.6871745839676912,0.757725162330716,0.8704741020448087,0.9466799943177865,1096_FacultySalaries,2,LR,True,1
0.6871745839676912,0.757725162330716,0.8704741020448087,0.9466799943177865,1096_FacultySalaries,2,LR,False,1
1.2277925007601929,2.8305177683022658,1.6824142677421234,0.8426756084067748,1096_FacultySalaries,3,LR,True,1
1.2277925007601929,2.8305177683022658,1.6824142677421234,0.8426756084067748,1096_FacultySalaries,3,LR,False,1
1.3879419492170526,3.270827903961891,1.8085430334835526,0.9050771875491933,1096_FacultySalaries,4,LR,True,1
1.3879419492170526,3.270827903961891,1.8085430334835526,0.9050771875491933,1096_FacultySalaries,4,LR,False,1
1.386149745861092,2.7673588433262504,1.6635380498582684,0.7669377609661643,1096_FacultySalaries,5,LR,True,1
1.386149745861092,2.7673588433262504,1.6635380498582684,0.7669377609661643,1096_FacultySalaries,5,LR,False,1
0.9499366353995832,1.8325330734716172,1.3537108529784405,0.9441566517171478,1096_FacultySalaries,0,LR,True,5
0.9499366353995832,1.8325330734716172,1.3537108529784405,0.9441566517171478,1096_FacultySalaries,0,LR,False,5
1.7019378726171923,4.665749520951463,2.16003461105406,0.7297473560082284,1096_FacultySalaries,1,LR,True,5
1.7019378726171923,4.665749520951463,2.16003461105406,0.7297473560082284,1096_FacultySalaries,1,LR,False,5
0.6871745839676912,0.757725162330716,0.8704741020448087,0.9466799943177865,1096_FacultySalaries,2,LR,True,5
0.6871745839676912,0.757725162330716,0.8704741020448087,0.9466799943177865,1096_FacultySalaries,2,LR,False,5
1.2277925007601929,2.8305177683022658,1.6824142677421234,0.8426756084067748,1096_FacultySalaries,3,LR,True,5
1.2277925007601929,2.8305177683022658,1.6824142677421234,0.8426756084067748,1096_FacultySalaries,3,LR,False,5
1.3879419492170526,3.270827903961891,1.8085430334835526,0.9050771875491933,1096_FacultySalaries,4,LR,True,5
1.3879419492170526,3.270827903961891,1.8085430334835526,0.9050771875491933,1096_FacultySalaries,4,LR,False,5
1.386149745861092,2.7673588433262504,1.6635380498582684,0.7669377609661643,1096_FacultySalaries,5,LR,True,5
1.386149745861092,2.7673588433262504,1.6635380498582684,0.7669377609661643,1096_FacultySalaries,5,LR,False,5
0.9499366353995832,1.8325330734716172,1.3537108529784405,0.9441566517171478,1096_FacultySalaries,0,LR,True,10
0.9499366353995832,1.8325330734716172,1.3537108529784405,0.9441566517171478,1096_FacultySalaries,0,LR,False,10
1.7019378726171923,4.665749520951463,2.16003461105406,0.7297473560082284,1096_FacultySalaries,1,LR,True,10
1.7019378726171923,4.665749520951463,2.16003461105406,0.7297473560082284,1096_FacultySalaries,1,LR,False,10
0.6871745839676912,0.757725162330716,0.8704741020448087,0.9466799943177865,1096_FacultySalaries,2,LR,True,10
0.6871745839676912,0.757725162330716,0.8704741020448087,0.9466799943177865,1096_FacultySalaries,2,LR,False,10
1.2277925007601929,2.8305177683022658,1.6824142677421234,0.8426756084067748,1096_FacultySalaries,3,LR,True,10
1.2277925007601929,2.8305177683022658,1.6824142677421234,0.8426756084067748,1096_FacultySalaries,3,LR,False,10
1.3879419492170526,3.270827903961891,1.8085430334835526,0.9050771875491933,1096_FacultySalaries,4,LR,True,10
1.3879419492170526,3.270827903961891,1.8085430334835526,0.9050771875491933,1096_FacultySalaries,4,LR,False,10
1.386149745861092,2.7673588433262504,1.6635380498582684,0.7669377609661643,1096_FacultySalaries,5,LR,True,10
1.386149745861092,2.7673588433262504,1.6635380498582684,0.7669377609661643,1096_FacultySalaries,5,LR,False,10
0.9499366353995832,1.8325330734716172,1.3537108529784405,0.9441566517171478,1096_FacultySalaries,0,LR,True,20
0.9499366353995832,1.8325330734716172,1.3537108529784405,0.9441566517171478,1096_FacultySalaries,0,LR,False,20
1.7019378726171923,4.665749520951463,2.16003461105406,0.7297473560082284,1096_FacultySalaries,1,LR,True,20
1.7019378726171923,4.665749520951463,2.16003461105406,0.7297473560082284,1096_FacultySalaries,1,LR,False,20
0.6871745839676912,0.757725162330716,0.8704741020448087,0.9466799943177865,1096_FacultySalaries,2,LR,True,20
0.6871745839676912,0.757725162330716,0.8704741020448087,0.9466799943177865,1096_FacultySalaries,2,LR,False,20
1.2277925007601929,2.8305177683022658,1.6824142677421234,0.8426756084067748,1096_FacultySalaries,3,LR,True,20
1.2277925007601929,2.8305177683022658,1.6824142677421234,0.8426756084067748,1096_FacultySalaries,3,LR,False,20
1.3879419492170526,3.270827903961891,1.8085430334835526,0.9050771875491933,1096_FacultySalaries,4,LR,True,20
1.3879419492170526,3.270827903961891,1.8085430334835526,0.9050771875491933,1096_FacultySalaries,4,LR,False,20
1.386149745861092,2.7673588433262504,1.6635380498582684,0.7669377609661643,1096_FacultySalaries,5,LR,True,20
1.386149745861092,2.7673588433262504,1.6635380498582684,0.7669377609661643,1096_FacultySalaries,5,LR,False,20
1.7199996948242173,5.457200775147528,2.3360652334957446,0.8337010294942793,1096_FacultySalaries,0,KNN,True,1
1.7199996948242173,5.457200775147528,2.3360652334957446,0.8337010294942793,1096_FacultySalaries,0,KNN,False,1
1.685199890136719,4.403758841822159,2.0985134838313906,0.7449225542090645,1096_FacultySalaries,1,KNN,True,1
1.685199890136719,4.403758841822159,2.0985134838313906,0.7449225542090645,1096_FacultySalaries,1,KNN,False,1
1.1356005859375018,2.4152866270032285,1.5541192447824679,0.8300398309594765,1096_FacultySalaries,2,KNN,True,1
1.1356005859375018,2.4152866270032285,1.5541192447824679,0.8300398309594765,1096_FacultySalaries,2,KNN,False,1
1.4220001983642567,2.9012407769789545,1.7033029022986355,0.8387447182932052,1096_FacultySalaries,3,KNN,True,1
1.4220001983642567,2.9012407769789545,1.7033029022986355,0.8387447182932052,1096_FacultySalaries,3,KNN,False,1
1.9539996337890613,6.577800982667131,2.5647223987533487,0.8091054047019286,1096_FacultySalaries,4,KNN,True,1
1.9539996337890613,6.577800982667131,2.5647223987533487,0.8091054047019286,1096_FacultySalaries,4,KNN,False,1
1.4539999389648428,3.0773204174817046,1.7542292944429199,0.7408333261685822,1096_FacultySalaries,5,KNN,True,1
1.4539999389648428,3.0773204174817046,1.7542292944429199,0.7408333261685822,1096_FacultySalaries,5,KNN,False,1
1.7199996948242173,5.457200775147528,2.3360652334957446,0.8337010294942793,1096_FacultySalaries,0,KNN,True,5
1.7199996948242173,5.457200775147528,2.3360652334957446,0.8337010294942793,1096_FacultySalaries,0,KNN,False,5
1.685199890136719,4.403758841822159,2.0985134838313906,0.7449225542090645,1096_FacultySalaries,1,KNN,True,5
1.685199890136719,4.403758841822159,2.0985134838313906,0.7449225542090645,1096_FacultySalaries,1,KNN,False,5
1.1356005859375018,2.4152866270032285,1.5541192447824679,0.8300398309594765,1096_FacultySalaries,2,KNN,True,5
1.1356005859375018,2.4152866270032285,1.5541192447824679,0.8300398309594765,1096_FacultySalaries,2,KNN,False,5
1.4220001983642567,2.9012407769789545,1.7033029022986355,0.8387447182932052,1096_FacultySalaries,3,KNN,True,5
1.4220001983642567,2.9012407769789545,1.7033029022986355,0.8387447182932052,1096_FacultySalaries,3,KNN,False,5
1.9539996337890613,6.577800982667131,2.5647223987533487,0.8091054047019286,1096_FacultySalaries,4,KNN,True,5
1.9539996337890613,6.577800982667131,2.5647223987533487,0.8091054047019286,1096_FacultySalaries,4,KNN,False,5
1.4539999389648428,3.0773204174817046,1.7542292944429199,0.7408333261685822,1096_FacultySalaries,5,KNN,True,5
1.4539999389648428,3.0773204174817046,1.7542292944429199,0.7408333261685822,1096_FacultySalaries,5,KNN,False,5
1.7199996948242173,5.457200775147528,2.3360652334957446,0.8337010294942793,1096_FacultySalaries,0,KNN,True,10
1.7199996948242173,5.457200775147528,2.3360652334957446,0.8337010294942793,1096_FacultySalaries,0,KNN,False,10
1.685199890136719,4.403758841822159,2.0985134838313906,0.7449225542090645,1096_FacultySalaries,1,KNN,True,10
1.685199890136719,4.403758841822159,2.0985134838313906,0.7449225542090645,1096_FacultySalaries,1,KNN,False,10
1.1356005859375018,2.4152866270032285,1.5541192447824679,0.8300398309594765,1096_FacultySalaries,2,KNN,True,10
1.1356005859375018,2.4152866270032285,1.5541192447824679,0.8300398309594765,1096_FacultySalaries,2,KNN,False,10
1.4220001983642567,2.9012407769789545,1.7033029022986355,0.8387447182932052,1096_FacultySalaries,3,KNN,True,10
1.4220001983642567,2.9012407769789545,1.7033029022986355,0.8387447182932052,1096_FacultySalaries,3,KNN,False,10
1.9539996337890613,6.577800982667131,2.5647223987533487,0.8091054047019286,1096_FacultySalaries,4,KNN,True,10
1.9539996337890613,6.577800982667131,2.5647223987533487,0.8091054047019286,1096_FacultySalaries,4,KNN,False,10
1.4539999389648428,3.0773204174817046,1.7542292944429199,0.7408333261685822,1096_FacultySalaries,5,KNN,True,10
1.4539999389648428,3.0773204174817046,1.7542292944429199,0.7408333261685822,1096_FacultySalaries,5,KNN,False,10
1.7199996948242173,5.457200775147528,2.3360652334957446,0.8337010294942793,1096_FacultySalaries,0,KNN,True,20
1.7199996948242173,5.457200775147528,2.3360652334957446,0.8337010294942793,1096_FacultySalaries,0,KNN,False,20
1.685199890136719,4.403758841822159,2.0985134838313906,0.7449225542090645,1096_FacultySalaries,1,KNN,True,20
1.685199890136719,4.403758841822159,2.0985134838313906,0.7449225542090645,1096_FacultySalaries,1,KNN,False,20
1.1356005859375018,2.4152866270032285,1.5541192447824679,0.8300398309594765,1096_FacultySalaries,2,KNN,True,20
1.1356005859375018,2.4152866270032285,1.5541192447824679,0.8300398309594765,1096_FacultySalaries,2,KNN,False,20
1.4220001983642567,2.9012407769789545,1.7033029022986355,0.8387447182932052,1096_FacultySalaries,3,KNN,True,20
1.4220001983642567,2.9012407769789545,1.7033029022986355,0.8387447182932052,1096_FacultySalaries,3,KNN,False,20
1.9539996337890613,6.577800982667131,2.5647223987533487,0.8091054047019286,1096_FacultySalaries,4,KNN,True,20
1.9539996337890613,6.577800982667131,2.5647223987533487,0.8091054047019286,1096_FacultySalaries,4,KNN,False,20
1.4539999389648428,3.0773204174817046,1.7542292944429199,0.7408333261685822,1096_FacultySalaries,5,KNN,True,20
1.4539999389648428,3.0773204174817046,1.7542292944429199,0.7408333261685822,1096_FacultySalaries,5,KNN,False,20
2.240000534057617,10.644003845217233,3.262514957087129,0.675641972056506,1096_FacultySalaries,0,DT,True,1
2.240000534057617,10.644003845217233,3.262514957087129,0.675641972056506,1096_FacultySalaries,0,DT,False,1
2.3050003051757826,8.939253189088785,2.9898583894707764,0.4822146369378041,1096_FacultySalaries,1,DT,True,1
2.3050003051757826,8.939253189088785,2.9898583894707764,0.4822146369378041,1096_FacultySalaries,1,DT,False,1
2.0900011062622093,6.086506153109456,2.4670845451888055,0.5717015102542171,1096_FacultySalaries,2,DT,True,1
2.0900011062622093,6.086506153109456,2.4670845451888055,0.5717015102542171,1096_FacultySalaries,2,DT,False,1
2.0010002136230476,6.931812390749114,2.6328335288713403,0.6147195473473082,1096_FacultySalaries,3,DT,True,1
2.0010002136230476,6.931812390749114,2.6328335288713403,0.6147195473473082,1096_FacultySalaries,3,DT,False,1
1.6710002899169922,5.874810544434877,2.4238008466940673,0.8295069151091873,1096_FacultySalaries,4,DT,True,1
1.6710002899169922,5.874810544434877,2.4238008466940673,0.8295069151091873,1096_FacultySalaries,4,DT,False,1
2.1459999084472656,6.137561795656808,2.477410300224169,0.48310501988062293,1096_FacultySalaries,5,DT,True,1
2.1459999084472656,6.137561795656808,2.477410300224169,0.48310501988062293,1096_FacultySalaries,5,DT,False,1
2.240000534057617,10.644003845217233,3.262514957087129,0.675641972056506,1096_FacultySalaries,0,DT,True,5
2.240000534057617,10.644003845217233,3.262514957087129,0.675641972056506,1096_FacultySalaries,0,DT,False,5
2.3050003051757826,8.939253189088785,2.9898583894707764,0.4822146369378041,1096_FacultySalaries,1,DT,True,5
2.3050003051757826,8.939253189088785,2.9898583894707764,0.4822146369378041,1096_FacultySalaries,1,DT,False,5
2.0900011062622093,6.086506153109456,2.4670845451888055,0.5717015102542171,1096_FacultySalaries,2,DT,True,5
2.0900011062622093,6.086506153109456,2.4670845451888055,0.5717015102542171,1096_FacultySalaries,2,DT,False,5
2.0010002136230476,6.931812390749114,2.6328335288713403,0.6147195473473082,1096_FacultySalaries,3,DT,True,5
2.0010002136230476,6.931812390749114,2.6328335288713403,0.6147195473473082,1096_FacultySalaries,3,DT,False,5
1.6710002899169922,5.874810544434877,2.4238008466940673,0.8295069151091873,1096_FacultySalaries,4,DT,True,5
1.6710002899169922,5.874810544434877,2.4238008466940673,0.8295069151091873,1096_FacultySalaries,4,DT,False,5
2.1459999084472656,6.137561795656808,2.477410300224169,0.48310501988062293,1096_FacultySalaries,5,DT,True,5
2.1459999084472656,6.137561795656808,2.477410300224169,0.48310501988062293,1096_FacultySalaries,5,DT,False,5
2.240000534057617,10.644003845217233,3.262514957087129,0.675641972056506,1096_FacultySalaries,0,DT,True,10
2.240000534057617,10.644003845217233,3.262514957087129,0.675641972056506,1096_FacultySalaries,0,DT,False,10
2.3050003051757826,8.939253189088785,2.9898583894707764,0.4822146369378041,1096_FacultySalaries,1,DT,True,10
2.3050003051757826,8.939253189088785,2.9898583894707764,0.4822146369378041,1096_FacultySalaries,1,DT,False,10
2.0900011062622093,6.086506153109456,2.4670845451888055,0.5717015102542171,1096_FacultySalaries,2,DT,True,10
2.0900011062622093,6.086506153109456,2.4670845451888055,0.5717015102542171,1096_FacultySalaries,2,DT,False,10
2.0010002136230476,6.931812390749114,2.6328335288713403,0.6147195473473082,1096_FacultySalaries,3,DT,True,10
2.0010002136230476,6.931812390749114,2.6328335288713403,0.6147195473473082,1096_FacultySalaries,3,DT,False,10
1.6710002899169922,5.874810544434877,2.4238008466940673,0.8295069151091873,1096_FacultySalaries,4,DT,True,10
1.6710002899169922,5.874810544434877,2.4238008466940673,0.8295069151091873,1096_FacultySalaries,4,DT,False,10
2.1459999084472656,6.137561795656808,2.477410300224169,0.48310501988062293,1096_FacultySalaries,5,DT,True,10
2.1459999084472656,6.137561795656808,2.477410300224169,0.48310501988062293,1096_FacultySalaries,5,DT,False,10
2.240000534057617,10.644003845217233,3.262514957087129,0.675641972056506,1096_FacultySalaries,0,DT,True,20
2.240000534057617,10.644003845217233,3.262514957087129,0.675641972056506,1096_FacultySalaries,0,DT,False,20
2.3050003051757826,8.939253189088785,2.9898583894707764,0.4822146369378041,1096_FacultySalaries,1,DT,True,20
2.3050003051757826,8.939253189088785,2.9898583894707764,0.4822146369378041,1096_FacultySalaries,1,DT,False,20
2.0900011062622093,6.086506153109456,2.4670845451888055,0.5717015102542171,1096_FacultySalaries,2,DT,True,20
2.0900011062622093,6.086506153109456,2.4670845451888055,0.5717015102542171,1096_FacultySalaries,2,DT,False,20
2.0010002136230476,6.931812390749114,2.6328335288713403,0.6147195473473082,1096_FacultySalaries,3,DT,True,20
2.0010002136230476,6.931812390749114,2.6328335288713403,0.6147195473473082,1096_FacultySalaries,3,DT,False,20
1.6710002899169922,5.874810544434877,2.4238008466940673,0.8295069151091873,1096_FacultySalaries,4,DT,True,20
1.6710002899169922,5.874810544434877,2.4238008466940673,0.8295069151091873,1096_FacultySalaries,4,DT,False,20
2.1459999084472656,6.137561795656808,2.477410300224169,0.48310501988062293,1096_FacultySalaries,5,DT,True,20
2.1459999084472656,6.137561795656808,2.477410300224169,0.48310501988062293,1096_FacultySalaries,5,DT,False,20
1.810683327992757,6.752879412894802,2.5986302955393255,0.7942174128120982,1096_FacultySalaries,0,RF,True,1
1.810683327992757,6.752879412894802,2.5986302955393255,0.7942174128120982,1096_FacultySalaries,0,RF,False,1
1.857593358866375,5.9429347169868265,2.4378135115276613,0.6557693864353314,1096_FacultySalaries,1,RF,True,1
1.857593358866375,5.9429347169868265,2.4378135115276613,0.6557693864353314,1096_FacultySalaries,1,RF,False,1
1.8545208532333397,4.177620067041337,2.0439227155255497,0.7060270177281616,1096_FacultySalaries,2,RF,True,1
1.8545208532333397,4.177620067041337,2.0439227155255497,0.7060270177281616,1096_FacultySalaries,2,RF,False,1
1.8950936317443847,5.089872927913009,2.2560746725037735,0.7170972849426642,1096_FacultySalaries,3,RF,True,1
1.8950936317443847,5.089872927913009,2.2560746725037735,0.7170972849426642,1096_FacultySalaries,3,RF,False,1
1.600731659980046,3.7913436750982306,1.9471373025799261,0.8899712809188218,1096_FacultySalaries,4,RF,True,1
1.600731659980046,3.7913436750982306,1.9471373025799261,0.8899712809188218,1096_FacultySalaries,4,RF,False,1
1.6794997177124003,4.019704201590136,2.0049199988004847,0.6614673721351332,1096_FacultySalaries,5,RF,True,1
1.6794997177124003,4.019704201590136,2.0049199988004847,0.6614673721351332,1096_FacultySalaries,5,RF,False,1
1.810683327992757,6.752879412894802,2.5986302955393255,0.7942174128120982,1096_FacultySalaries,0,RF,True,5
1.810683327992757,6.752879412894802,2.5986302955393255,0.7942174128120982,1096_FacultySalaries,0,RF,False,5
1.857593358866375,5.9429347169868265,2.4378135115276613,0.6557693864353314,1096_FacultySalaries,1,RF,True,5
1.857593358866375,5.9429347169868265,2.4378135115276613,0.6557693864353314,1096_FacultySalaries,1,RF,False,5
1.8545208532333397,4.177620067041337,2.0439227155255497,0.7060270177281616,1096_FacultySalaries,2,RF,True,5
1.8545208532333397,4.177620067041337,2.0439227155255497,0.7060270177281616,1096_FacultySalaries,2,RF,False,5
1.8950936317443847,5.089872927913009,2.2560746725037735,0.7170972849426642,1096_FacultySalaries,3,RF,True,5
1.8950936317443847,5.089872927913009,2.2560746725037735,0.7170972849426642,1096_FacultySalaries,3,RF,False,5
1.600731659980046,3.7913436750982306,1.9471373025799261,0.8899712809188218,1096_FacultySalaries,4,RF,True,5
1.600731659980046,3.7913436750982306,1.9471373025799261,0.8899712809188218,1096_FacultySalaries,4,RF,False,5
1.6794997177124003,4.019704201590136,2.0049199988004847,0.6614673721351332,1096_FacultySalaries,5,RF,True,5
1.6794997177124003,4.019704201590136,2.0049199988004847,0.6614673721351332,1096_FacultySalaries,5,RF,False,5
1.810683327992757,6.752879412894802,2.5986302955393255,0.7942174128120982,1096_FacultySalaries,0,RF,True,10
1.810683327992757,6.752879412894802,2.5986302955393255,0.7942174128120982,1096_FacultySalaries,0,RF,False,10
1.857593358866375,5.9429347169868265,2.4378135115276613,0.6557693864353314,1096_FacultySalaries,1,RF,True,10
1.857593358866375,5.9429347169868265,2.4378135115276613,0.6557693864353314,1096_FacultySalaries,1,RF,False,10
1.8545208532333397,4.177620067041337,2.0439227155255497,0.7060270177281616,1096_FacultySalaries,2,RF,True,10
1.8545208532333397,4.177620067041337,2.0439227155255497,0.7060270177281616,1096_FacultySalaries,2,RF,False,10
1.8950936317443847,5.089872927913009,2.2560746725037735,0.7170972849426642,1096_FacultySalaries,3,RF,True,10
1.8950936317443847,5.089872927913009,2.2560746725037735,0.7170972849426642,1096_FacultySalaries,3,RF,False,10
1.600731659980046,3.7913436750982306,1.9471373025799261,0.8899712809188218,1096_FacultySalaries,4,RF,True,10
1.600731659980046,3.7913436750982306,1.9471373025799261,0.8899712809188218,1096_FacultySalaries,4,RF,False,10
1.6794997177124003,4.019704201590136,2.0049199988004847,0.6614673721351332,1096_FacultySalaries,5,RF,True,10
1.6794997177124003,4.019704201590136,2.0049199988004847,0.6614673721351332,1096_FacultySalaries,5,RF,False,10
1.810683327992757,6.752879412894802,2.5986302955393255,0.7942174128120982,1096_FacultySalaries,0,RF,True,20
1.810683327992757,6.752879412894802,2.5986302955393255,0.7942174128120982,1096_FacultySalaries,0,RF,False,20
1.857593358866375,5.9429347169868265,2.4378135115276613,0.6557693864353314,1096_FacultySalaries,1,RF,True,20
1.857593358866375,5.9429347169868265,2.4378135115276613,0.6557693864353314,1096_FacultySalaries,1,RF,False,20
1.8545208532333397,4.177620067041337,2.0439227155255497,0.7060270177281616,1096_FacultySalaries,2,RF,True,20
1.8545208532333397,4.177620067041337,2.0439227155255497,0.7060270177281616,1096_FacultySalaries,2,RF,False,20
1.8950936317443847,5.089872927913009,2.2560746725037735,0.7170972849426642,1096_FacultySalaries,3,RF,True,20
1.8950936317443847,5.089872927913009,2.2560746725037735,0.7170972849426642,1096_FacultySalaries,3,RF,False,20
1.600731659980046,3.7913436750982306,1.9471373025799261,0.8899712809188218,1096_FacultySalaries,4,RF,True,20
1.600731659980046,3.7913436750982306,1.9471373025799261,0.8899712809188218,1096_FacultySalaries,4,RF,False,20
1.6794997177124003,4.019704201590136,2.0049199988004847,0.6614673721351332,1096_FacultySalaries,5,RF,True,20
1.6794997177124003,4.019704201590136,2.0049199988004847,0.6614673721351332,1096_FacultySalaries,5,RF,False,20
0.9454582061111821,1.852056378690527,1.3609027807637573,0.9435617119865887,1096_FacultySalaries,0,SVR,True,1
0.9454582061111821,1.852056378690527,1.3609027807637573,0.9435617119865887,1096_FacultySalaries,0,SVR,False,1
1.6970068875266975,4.663300280815985,2.159467591980946,0.7298892225227962,1096_FacultySalaries,1,SVR,True,1
1.6970068875266975,4.663300280815985,2.159467591980946,0.7298892225227962,1096_FacultySalaries,1,SVR,False,1
0.6825365520931136,0.7551900821142015,0.8690167329310762,0.946858384185603,1096_FacultySalaries,2,SVR,True,1
0.6825365520931136,0.7551900821142015,0.8690167329310762,0.946858384185603,1096_FacultySalaries,2,SVR,False,1
1.2294213186673928,2.7740665700146785,1.665552932216409,0.8458132500512681,1096_FacultySalaries,3,SVR,True,1
1.2294213186673928,2.7740665700146785,1.665552932216409,0.8458132500512681,1096_FacultySalaries,3,SVR,False,1
1.2984156024944007,3.0121285115126986,1.735548475702335,0.9125849117803726,1096_FacultySalaries,4,SVR,True,1
1.2984156024944007,3.0121285115126986,1.735548475702335,0.9125849117803726,1096_FacultySalaries,4,SVR,False,1
1.3795195763510635,2.733895191432236,1.6534494825764214,0.7697560126198941,1096_FacultySalaries,5,SVR,True,1
1.3795195763510635,2.733895191432236,1.6534494825764214,0.7697560126198941,1096_FacultySalaries,5,SVR,False,1
0.9454582061111821,1.852056378690527,1.3609027807637573,0.9435617119865887,1096_FacultySalaries,0,SVR,True,5
0.9454582061111821,1.852056378690527,1.3609027807637573,0.9435617119865887,1096_FacultySalaries,0,SVR,False,5
1.6970068875266975,4.663300280815985,2.159467591980946,0.7298892225227962,1096_FacultySalaries,1,SVR,True,5
1.6970068875266975,4.663300280815985,2.159467591980946,0.7298892225227962,1096_FacultySalaries,1,SVR,False,5
0.6825365520931136,0.7551900821142015,0.8690167329310762,0.946858384185603,1096_FacultySalaries,2,SVR,True,5
0.6825365520931136,0.7551900821142015,0.8690167329310762,0.946858384185603,1096_FacultySalaries,2,SVR,False,5
1.2294213186673928,2.7740665700146785,1.665552932216409,0.8458132500512681,1096_FacultySalaries,3,SVR,True,5
1.2294213186673928,2.7740665700146785,1.665552932216409,0.8458132500512681,1096_FacultySalaries,3,SVR,False,5
1.2984156024944007,3.0121285115126986,1.735548475702335,0.9125849117803726,1096_FacultySalaries,4,SVR,True,5
1.2984156024944007,3.0121285115126986,1.735548475702335,0.9125849117803726,1096_FacultySalaries,4,SVR,False,5
1.3795195763510635,2.733895191432236,1.6534494825764214,0.7697560126198941,1096_FacultySalaries,5,SVR,True,5
1.3795195763510635,2.733895191432236,1.6534494825764214,0.7697560126198941,1096_FacultySalaries,5,SVR,False,5
0.9454582061111821,1.852056378690527,1.3609027807637573,0.9435617119865887,1096_FacultySalaries,0,SVR,True,10
0.9454582061111821,1.852056378690527,1.3609027807637573,0.9435617119865887,1096_FacultySalaries,0,SVR,False,10
1.6970068875266975,4.663300280815985,2.159467591980946,0.7298892225227962,1096_FacultySalaries,1,SVR,True,10
1.6970068875266975,4.663300280815985,2.159467591980946,0.7298892225227962,1096_FacultySalaries,1,SVR,False,10
0.6825365520931136,0.7551900821142015,0.8690167329310762,0.946858384185603,1096_FacultySalaries,2,SVR,True,10
0.6825365520931136,0.7551900821142015,0.8690167329310762,0.946858384185603,1096_FacultySalaries,2,SVR,False,10
1.2294213186673928,2.7740665700146785,1.665552932216409,0.8458132500512681,1096_FacultySalaries,3,SVR,True,10
1.2294213186673928,2.7740665700146785,1.665552932216409,0.8458132500512681,1096_FacultySalaries,3,SVR,False,10
1.2984156024944007,3.0121285115126986,1.735548475702335,0.9125849117803726,1096_FacultySalaries,4,SVR,True,10
1.2984156024944007,3.0121285115126986,1.735548475702335,0.9125849117803726,1096_FacultySalaries,4,SVR,False,10
1.3795195763510635,2.733895191432236,1.6534494825764214,0.7697560126198941,1096_FacultySalaries,5,SVR,True,10
1.3795195763510635,2.733895191432236,1.6534494825764214,0.7697560126198941,1096_FacultySalaries,5,SVR,False,10
0.9454582061111821,1.852056378690527,1.3609027807637573,0.9435617119865887,1096_FacultySalaries,0,SVR,True,20
0.9454582061111821,1.852056378690527,1.3609027807637573,0.9435617119865887,1096_FacultySalaries,0,SVR,False,20
1.6970068875266975,4.663300280815985,2.159467591980946,0.7298892225227962,1096_FacultySalaries,1,SVR,True,20
1.6970068875266975,4.663300280815985,2.159467591980946,0.7298892225227962,1096_FacultySalaries,1,SVR,False,20
0.6825365520931136,0.7551900821142015,0.8690167329310762,0.946858384185603,1096_FacultySalaries,2,SVR,True,20
0.6825365520931136,0.7551900821142015,0.8690167329310762,0.946858384185603,1096_FacultySalaries,2,SVR,False,20
1.2294213186673928,2.7740665700146785,1.665552932216409,0.8458132500512681,1096_FacultySalaries,3,SVR,True,20
1.2294213186673928,2.7740665700146785,1.665552932216409,0.8458132500512681,1096_FacultySalaries,3,SVR,False,20
1.2984156024944007,3.0121285115126986,1.735548475702335,0.9125849117803726,1096_FacultySalaries,4,SVR,True,20
1.2984156024944007,3.0121285115126986,1.735548475702335,0.9125849117803726,1096_FacultySalaries,4,SVR,False,20
1.3795195763510635,2.733895191432236,1.6534494825764214,0.7697560126198941,1096_FacultySalaries,5,SVR,True,20
1.3795195763510635,2.733895191432236,1.6534494825764214,0.7697560126198941,1096_FacultySalaries,5,SVR,False,20
0.5701582766085571,0.6066193986866822,0.7788577525368046,0.732274587335743,1027_ESL,0,LR,True,1
0.5701582766085571,0.6066193986866822,0.7788577525368046,0.732274587335743,1027_ESL,0,LR,False,1
0.5995123376425023,0.7418401170140968,0.8613014089237848,0.6116308267209929,1027_ESL,1,LR,True,1
0.5995123376425023,0.7418401170140968,0.8613014089237848,0.6116308267209929,1027_ESL,1,LR,False,1
0.5799737672303301,0.6622930210324742,0.8138138737036094,0.6591467673760312,1027_ESL,2,LR,True,1
0.5799737672303301,0.6622930210324742,0.8138138737036094,0.6591467673760312,1027_ESL,2,LR,False,1
0.5191698593894283,0.5604416964151401,0.7486265400152068,0.6703728304016776,1027_ESL,3,LR,True,1
0.5191698593894283,0.5604416964151401,0.7486265400152068,0.6703728304016776,1027_ESL,3,LR,False,1
0.5851683725284292,0.6645284704529448,0.8151861569316207,0.6630520336713963,1027_ESL,4,LR,True,1
0.5851683725284292,0.6645284704529448,0.8151861569316207,0.6630520336713963,1027_ESL,4,LR,False,1
0.5308952273400054,0.597276253333733,0.7728364984482378,0.7322641242932475,1027_ESL,5,LR,True,1
0.5308952273400054,0.597276253333733,0.7728364984482378,0.7322641242932475,1027_ESL,5,LR,False,1
0.5701582766085571,0.6066193986866822,0.7788577525368046,0.732274587335743,1027_ESL,0,LR,True,5
0.5701582766085571,0.6066193986866822,0.7788577525368046,0.732274587335743,1027_ESL,0,LR,False,5
0.5995123376425023,0.7418401170140968,0.8613014089237848,0.6116308267209929,1027_ESL,1,LR,True,5
0.5995123376425023,0.7418401170140968,0.8613014089237848,0.6116308267209929,1027_ESL,1,LR,False,5
0.5799737672303301,0.6622930210324742,0.8138138737036094,0.6591467673760312,1027_ESL,2,LR,True,5
0.5799737672303301,0.6622930210324742,0.8138138737036094,0.6591467673760312,1027_ESL,2,LR,False,5
0.5191698593894283,0.5604416964151401,0.7486265400152068,0.6703728304016776,1027_ESL,3,LR,True,5
0.5191698593894283,0.5604416964151401,0.7486265400152068,0.6703728304016776,1027_ESL,3,LR,False,5
0.5851683725284292,0.6645284704529448,0.8151861569316207,0.6630520336713963,1027_ESL,4,LR,True,5
0.5851683725284292,0.6645284704529448,0.8151861569316207,0.6630520336713963,1027_ESL,4,LR,False,5
0.5308952273400054,0.597276253333733,0.7728364984482378,0.7322641242932475,1027_ESL,5,LR,True,5
0.5308952273400054,0.597276253333733,0.7728364984482378,0.7322641242932475,1027_ESL,5,LR,False,5
0.5701582766085571,0.6066193986866822,0.7788577525368046,0.732274587335743,1027_ESL,0,LR,True,10
0.5701582766085571,0.6066193986866822,0.7788577525368046,0.732274587335743,1027_ESL,0,LR,False,10
0.5995123376425023,0.7418401170140968,0.8613014089237848,0.6116308267209929,1027_ESL,1,LR,True,10
0.5995123376425023,0.7418401170140968,0.8613014089237848,0.6116308267209929,1027_ESL,1,LR,False,10
0.5799737672303301,0.6622930210324742,0.8138138737036094,0.6591467673760312,1027_ESL,2,LR,True,10
0.5799737672303301,0.6622930210324742,0.8138138737036094,0.6591467673760312,1027_ESL,2,LR,False,10
0.5191698593894283,0.5604416964151401,0.7486265400152068,0.6703728304016776,1027_ESL,3,LR,True,10
0.5191698593894283,0.5604416964151401,0.7486265400152068,0.6703728304016776,1027_ESL,3,LR,False,10
0.5851683725284292,0.6645284704529448,0.8151861569316207,0.6630520336713963,1027_ESL,4,LR,True,10
0.5851683725284292,0.6645284704529448,0.8151861569316207,0.6630520336713963,1027_ESL,4,LR,False,10
0.5308952273400054,0.597276253333733,0.7728364984482378,0.7322641242932475,1027_ESL,5,LR,True,10
0.5308952273400054,0.597276253333733,0.7728364984482378,0.7322641242932475,1027_ESL,5,LR,False,10
0.5701582766085571,0.6066193986866822,0.7788577525368046,0.732274587335743,1027_ESL,0,LR,True,20
0.5701582766085571,0.6066193986866822,0.7788577525368046,0.732274587335743,1027_ESL,0,LR,False,20
0.5995123376425023,0.7418401170140968,0.8613014089237848,0.6116308267209929,1027_ESL,1,LR,True,20
0.5995123376425023,0.7418401170140968,0.8613014089237848,0.6116308267209929,1027_ESL,1,LR,False,20
0.5799737672303301,0.6622930210324742,0.8138138737036094,0.6591467673760312,1027_ESL,2,LR,True,20
0.5799737672303301,0.6622930210324742,0.8138138737036094,0.6591467673760312,1027_ESL,2,LR,False,20
0.5191698593894283,0.5604416964151401,0.7486265400152068,0.6703728304016776,1027_ESL,3,LR,True,20
0.5191698593894283,0.5604416964151401,0.7486265400152068,0.6703728304016776,1027_ESL,3,LR,False,20
0.5851683725284292,0.6645284704529448,0.8151861569316207,0.6630520336713963,1027_ESL,4,LR,True,20
0.5851683725284292,0.6645284704529448,0.8151861569316207,0.6630520336713963,1027_ESL,4,LR,False,20
0.5308952273400054,0.597276253333733,0.7728364984482378,0.7322641242932475,1027_ESL,5,LR,True,20
0.5308952273400054,0.597276253333733,0.7728364984482378,0.7322641242932475,1027_ESL,5,LR,False,20
0.6612244897959185,0.742857142857143,0.8618916073713347,0.672147419695786,1027_ESL,0,KNN,True,1
0.6612244897959185,0.742857142857143,0.8618916073713347,0.672147419695786,1027_ESL,0,KNN,False,1
0.5489795918367347,0.7204081632653061,0.8487686158578828,0.6228509130553285,1027_ESL,1,KNN,True,1
0.5489795918367347,0.7204081632653061,0.8487686158578828,0.6228509130553285,1027_ESL,1,KNN,False,1
0.6897959183673469,0.8367346938775507,0.9147320339189782,0.5693692728149619,1027_ESL,2,KNN,True,1
0.6897959183673469,0.8367346938775507,0.9147320339189782,0.5693692728149619,1027_ESL,2,KNN,False,1
0.6795918367346941,0.7775510204081632,0.881788534972055,0.5426786698511851,1027_ESL,3,KNN,True,1
0.6795918367346941,0.7775510204081632,0.881788534972055,0.5426786698511851,1027_ESL,3,KNN,False,1
0.5979591836734695,0.7155102040816328,0.8458783624621408,0.6372018372841982,1027_ESL,4,KNN,True,1
0.5979591836734695,0.7155102040816328,0.8458783624621408,0.6372018372841982,1027_ESL,4,KNN,False,1
0.6183673469387755,0.6787755102040816,0.823878334588355,0.695731155192532,1027_ESL,5,KNN,True,1
0.6183673469387755,0.6787755102040816,0.823878334588355,0.695731155192532,1027_ESL,5,KNN,False,1
0.6612244897959185,0.742857142857143,0.8618916073713347,0.672147419695786,1027_ESL,0,KNN,True,5
0.6612244897959185,0.742857142857143,0.8618916073713347,0.672147419695786,1027_ESL,0,KNN,False,5
0.5489795918367347,0.7204081632653061,0.8487686158578828,0.6228509130553285,1027_ESL,1,KNN,True,5
0.5489795918367347,0.7204081632653061,0.8487686158578828,0.6228509130553285,1027_ESL,1,KNN,False,5
0.6897959183673469,0.8367346938775507,0.9147320339189782,0.5693692728149619,1027_ESL,2,KNN,True,5
0.6897959183673469,0.8367346938775507,0.9147320339189782,0.5693692728149619,1027_ESL,2,KNN,False,5
0.6795918367346941,0.7775510204081632,0.881788534972055,0.5426786698511851,1027_ESL,3,KNN,True,5
0.6795918367346941,0.7775510204081632,0.881788534972055,0.5426786698511851,1027_ESL,3,KNN,False,5
0.5979591836734695,0.7155102040816328,0.8458783624621408,0.6372018372841982,1027_ESL,4,KNN,True,5
0.5979591836734695,0.7155102040816328,0.8458783624621408,0.6372018372841982,1027_ESL,4,KNN,False,5
0.6183673469387755,0.6787755102040816,0.823878334588355,0.695731155192532,1027_ESL,5,KNN,True,5
0.6183673469387755,0.6787755102040816,0.823878334588355,0.695731155192532,1027_ESL,5,KNN,False,5
0.6612244897959185,0.742857142857143,0.8618916073713347,0.672147419695786,1027_ESL,0,KNN,True,10
0.6612244897959185,0.742857142857143,0.8618916073713347,0.672147419695786,1027_ESL,0,KNN,False,10
0.5489795918367347,0.7204081632653061,0.8487686158578828,0.6228509130553285,1027_ESL,1,KNN,True,10
0.5489795918367347,0.7204081632653061,0.8487686158578828,0.6228509130553285,1027_ESL,1,KNN,False,10
0.6897959183673469,0.8367346938775507,0.9147320339189782,0.5693692728149619,1027_ESL,2,KNN,True,10
0.6897959183673469,0.8367346938775507,0.9147320339189782,0.5693692728149619,1027_ESL,2,KNN,False,10
0.6795918367346941,0.7775510204081632,0.881788534972055,0.5426786698511851,1027_ESL,3,KNN,True,10
0.6795918367346941,0.7775510204081632,0.881788534972055,0.5426786698511851,1027_ESL,3,KNN,False,10
0.5979591836734695,0.7155102040816328,0.8458783624621408,0.6372018372841982,1027_ESL,4,KNN,True,10
0.5979591836734695,0.7155102040816328,0.8458783624621408,0.6372018372841982,1027_ESL,4,KNN,False,10
0.6183673469387755,0.6787755102040816,0.823878334588355,0.695731155192532,1027_ESL,5,KNN,True,10
0.6183673469387755,0.6787755102040816,0.823878334588355,0.695731155192532,1027_ESL,5,KNN,False,10
0.6612244897959185,0.742857142857143,0.8618916073713347,0.672147419695786,1027_ESL,0,KNN,True,20
0.6612244897959185,0.742857142857143,0.8618916073713347,0.672147419695786,1027_ESL,0,KNN,False,20
0.5489795918367347,0.7204081632653061,0.8487686158578828,0.6228509130553285,1027_ESL,1,KNN,True,20
0.5489795918367347,0.7204081632653061,0.8487686158578828,0.6228509130553285,1027_ESL,1,KNN,False,20
0.6897959183673469,0.8367346938775507,0.9147320339189782,0.5693692728149619,1027_ESL,2,KNN,True,20
0.6897959183673469,0.8367346938775507,0.9147320339189782,0.5693692728149619,1027_ESL,2,KNN,False,20
0.6795918367346941,0.7775510204081632,0.881788534972055,0.5426786698511851,1027_ESL,3,KNN,True,20
0.6795918367346941,0.7775510204081632,0.881788534972055,0.5426786698511851,1027_ESL,3,KNN,False,20
0.5979591836734695,0.7155102040816328,0.8458783624621408,0.6372018372841982,1027_ESL,4,KNN,True,20
0.5979591836734695,0.7155102040816328,0.8458783624621408,0.6372018372841982,1027_ESL,4,KNN,False,20
0.6183673469387755,0.6787755102040816,0.823878334588355,0.695731155192532,1027_ESL,5,KNN,True,20
0.6183673469387755,0.6787755102040816,0.823878334588355,0.695731155192532,1027_ESL,5,KNN,False,20
0.5845558735310288,0.618238087881897,0.7862811760953565,0.727146794907507,1027_ESL,0,DT,True,1
0.5845558735310288,0.618238087881897,0.7862811760953565,0.727146794907507,1027_ESL,0,DT,False,1
0.5874892743705566,0.744189072795687,0.8626639396634631,0.6104010981123043,1027_ESL,1,DT,True,1
0.5874892743705566,0.744189072795687,0.8626639396634631,0.6104010981123043,1027_ESL,1,DT,False,1
0.6002589190148144,0.6996098275555166,0.8364268213989294,0.6399414402313284,1027_ESL,2,DT,True,1
0.6002589190148144,0.6996098275555166,0.8364268213989294,0.6399414402313284,1027_ESL,2,DT,False,1
0.532218429681363,0.5759681803449291,0.7589256751124771,0.6612408350766918,1027_ESL,3,DT,True,1
0.532218429681363,0.5759681803449291,0.7589256751124771,0.6612408350766918,1027_ESL,3,DT,False,1
0.5809172211646245,0.6734328307090257,0.8206295331689115,0.6585370938108082,1027_ESL,4,DT,True,1
0.5809172211646245,0.6734328307090257,0.8206295331689115,0.6585370938108082,1027_ESL,4,DT,False,1
0.524003494125836,0.583959983007614,0.7641727442192727,0.7382332939647549,1027_ESL,5,DT,True,1
0.524003494125836,0.583959983007614,0.7641727442192727,0.7382332939647549,1027_ESL,5,DT,False,1
0.5845558735310288,0.618238087881897,0.7862811760953565,0.727146794907507,1027_ESL,0,DT,True,5
0.5845558735310288,0.618238087881897,0.7862811760953565,0.727146794907507,1027_ESL,0,DT,False,5
0.5874892743705566,0.744189072795687,0.8626639396634631,0.6104010981123043,1027_ESL,1,DT,True,5
0.5874892743705566,0.744189072795687,0.8626639396634631,0.6104010981123043,1027_ESL,1,DT,False,5
0.6002589190148144,0.6996098275555166,0.8364268213989294,0.6399414402313284,1027_ESL,2,DT,True,5
0.6002589190148144,0.6996098275555166,0.8364268213989294,0.6399414402313284,1027_ESL,2,DT,False,5
0.532218429681363,0.5759681803449291,0.7589256751124771,0.6612408350766918,1027_ESL,3,DT,True,5
0.532218429681363,0.5759681803449291,0.7589256751124771,0.6612408350766918,1027_ESL,3,DT,False,5
0.5809172211646245,0.6734328307090257,0.8206295331689115,0.6585370938108082,1027_ESL,4,DT,True,5
0.5809172211646245,0.6734328307090257,0.8206295331689115,0.6585370938108082,1027_ESL,4,DT,False,5
0.524003494125836,0.583959983007614,0.7641727442192727,0.7382332939647549,1027_ESL,5,DT,True,5
0.524003494125836,0.583959983007614,0.7641727442192727,0.7382332939647549,1027_ESL,5,DT,False,5
0.5845558735310288,0.618238087881897,0.7862811760953565,0.727146794907507,1027_ESL,0,DT,True,10
0.5845558735310288,0.618238087881897,0.7862811760953565,0.727146794907507,1027_ESL,0,DT,False,10
0.5874892743705566,0.744189072795687,0.8626639396634631,0.6104010981123043,1027_ESL,1,DT,True,10
0.5874892743705566,0.744189072795687,0.8626639396634631,0.6104010981123043,1027_ESL,1,DT,False,10
0.6002589190148144,0.6996098275555166,0.8364268213989294,0.6399414402313284,1027_ESL,2,DT,True,10
0.6002589190148144,0.6996098275555166,0.8364268213989294,0.6399414402313284,1027_ESL,2,DT,False,10
0.532218429681363,0.5759681803449291,0.7589256751124771,0.6612408350766918,1027_ESL,3,DT,True,10
0.532218429681363,0.5759681803449291,0.7589256751124771,0.6612408350766918,1027_ESL,3,DT,False,10
0.5809172211646245,0.6734328307090257,0.8206295331689115,0.6585370938108082,1027_ESL,4,DT,True,10
0.5809172211646245,0.6734328307090257,0.8206295331689115,0.6585370938108082,1027_ESL,4,DT,False,10
0.524003494125836,0.583959983007614,0.7641727442192727,0.7382332939647549,1027_ESL,5,DT,True,10
0.524003494125836,0.583959983007614,0.7641727442192727,0.7382332939647549,1027_ESL,5,DT,False,10
0.5845558735310288,0.618238087881897,0.7862811760953565,0.727146794907507,1027_ESL,0,DT,True,20
0.5845558735310288,0.618238087881897,0.7862811760953565,0.727146794907507,1027_ESL,0,DT,False,20
0.5874892743705566,0.744189072795687,0.8626639396634631,0.6104010981123043,1027_ESL,1,DT,True,20
0.5874892743705566,0.744189072795687,0.8626639396634631,0.6104010981123043,1027_ESL,1,DT,False,20
0.6002589190148144,0.6996098275555166,0.8364268213989294,0.6399414402313284,1027_ESL,2,DT,True,20
0.6002589190148144,0.6996098275555166,0.8364268213989294,0.6399414402313284,1027_ESL,2,DT,False,20
0.532218429681363,0.5759681803449291,0.7589256751124771,0.6612408350766918,1027_ESL,3,DT,True,20
0.532218429681363,0.5759681803449291,0.7589256751124771,0.6612408350766918,1027_ESL,3,DT,False,20
0.5809172211646245,0.6734328307090257,0.8206295331689115,0.6585370938108082,1027_ESL,4,DT,True,20
0.5809172211646245,0.6734328307090257,0.8206295331689115,0.6585370938108082,1027_ESL,4,DT,False,20
0.524003494125836,0.583959983007614,0.7641727442192727,0.7382332939647549,1027_ESL,5,DT,True,20
0.524003494125836,0.583959983007614,0.7641727442192727,0.7382332939647549,1027_ESL,5,DT,False,20
0.5841507687941005,0.6207202178197961,0.7878579934352359,0.7260513316510582,1027_ESL,0,RF,True,1
0.5841507687941005,0.6207202178197961,0.7878579934352359,0.7260513316510582,1027_ESL,0,RF,False,1
0.5841363612127167,0.7406374047512098,0.8606029309450496,0.6122604723232152,1027_ESL,1,RF,True,1
0.5841363612127167,0.7406374047512098,0.8606029309450496,0.6122604723232152,1027_ESL,1,RF,False,1
0.5999263531712277,0.6926083220194165,0.8322309307033814,0.6435448087093685,1027_ESL,2,RF,True,1
0.5999263531712277,0.6926083220194165,0.8322309307033814,0.6435448087093685,1027_ESL,2,RF,False,1
0.5326127869176139,0.5757237235859896,0.7587646035405115,0.6613846137963229,1027_ESL,3,RF,True,1
0.5326127869176139,0.5757237235859896,0.7587646035405115,0.6613846137963229,1027_ESL,3,RF,False,1
0.5806790727200857,0.6725331661758744,0.8200811948678463,0.6589932670950267,1027_ESL,4,RF,True,1
0.5806790727200857,0.6725331661758744,0.8200811948678463,0.6589932670950267,1027_ESL,4,RF,False,1
0.5219358630495252,0.585806641716806,0.7653800635741735,0.7374055081891153,1027_ESL,5,RF,True,1
0.5219358630495252,0.585806641716806,0.7653800635741735,0.7374055081891153,1027_ESL,5,RF,False,1
0.5841507687941005,0.6207202178197961,0.7878579934352359,0.7260513316510582,1027_ESL,0,RF,True,5
0.5841507687941005,0.6207202178197961,0.7878579934352359,0.7260513316510582,1027_ESL,0,RF,False,5
0.5841363612127167,0.7406374047512098,0.8606029309450496,0.6122604723232152,1027_ESL,1,RF,True,5
0.5841363612127167,0.7406374047512098,0.8606029309450496,0.6122604723232152,1027_ESL,1,RF,False,5
0.5999263531712277,0.6926083220194165,0.8322309307033814,0.6435448087093685,1027_ESL,2,RF,True,5
0.5999263531712277,0.6926083220194165,0.8322309307033814,0.6435448087093685,1027_ESL,2,RF,False,5
0.5326127869176139,0.5757237235859896,0.7587646035405115,0.6613846137963229,1027_ESL,3,RF,True,5
0.5326127869176139,0.5757237235859896,0.7587646035405115,0.6613846137963229,1027_ESL,3,RF,False,5
0.5806790727200857,0.6725331661758744,0.8200811948678463,0.6589932670950267,1027_ESL,4,RF,True,5
0.5806790727200857,0.6725331661758744,0.8200811948678463,0.6589932670950267,1027_ESL,4,RF,False,5
0.5219358630495252,0.585806641716806,0.7653800635741735,0.7374055081891153,1027_ESL,5,RF,True,5
0.5219358630495252,0.585806641716806,0.7653800635741735,0.7374055081891153,1027_ESL,5,RF,False,5
0.5841507687941005,0.6207202178197961,0.7878579934352359,0.7260513316510582,1027_ESL,0,RF,True,10
0.5841507687941005,0.6207202178197961,0.7878579934352359,0.7260513316510582,1027_ESL,0,RF,False,10
0.5841363612127167,0.7406374047512098,0.8606029309450496,0.6122604723232152,1027_ESL,1,RF,True,10
0.5841363612127167,0.7406374047512098,0.8606029309450496,0.6122604723232152,1027_ESL,1,RF,False,10
0.5999263531712277,0.6926083220194165,0.8322309307033814,0.6435448087093685,1027_ESL,2,RF,True,10
0.5999263531712277,0.6926083220194165,0.8322309307033814,0.6435448087093685,1027_ESL,2,RF,False,10
0.5326127869176139,0.5757237235859896,0.7587646035405115,0.6613846137963229,1027_ESL,3,RF,True,10
0.5326127869176139,0.5757237235859896,0.7587646035405115,0.6613846137963229,1027_ESL,3,RF,False,10
0.5806790727200857,0.6725331661758744,0.8200811948678463,0.6589932670950267,1027_ESL,4,RF,True,10
0.5806790727200857,0.6725331661758744,0.8200811948678463,0.6589932670950267,1027_ESL,4,RF,False,10
0.5219358630495252,0.585806641716806,0.7653800635741735,0.7374055081891153,1027_ESL,5,RF,True,10
0.5219358630495252,0.585806641716806,0.7653800635741735,0.7374055081891153,1027_ESL,5,RF,False,10
0.5841507687941005,0.6207202178197961,0.7878579934352359,0.7260513316510582,1027_ESL,0,RF,True,20
0.5841507687941005,0.6207202178197961,0.7878579934352359,0.7260513316510582,1027_ESL,0,RF,False,20
0.5841363612127167,0.7406374047512098,0.8606029309450496,0.6122604723232152,1027_ESL,1,RF,True,20
0.5841363612127167,0.7406374047512098,0.8606029309450496,0.6122604723232152,1027_ESL,1,RF,False,20
0.5999263531712277,0.6926083220194165,0.8322309307033814,0.6435448087093685,1027_ESL,2,RF,True,20
0.5999263531712277,0.6926083220194165,0.8322309307033814,0.6435448087093685,1027_ESL,2,RF,False,20
0.5326127869176139,0.5757237235859896,0.7587646035405115,0.6613846137963229,1027_ESL,3,RF,True,20
0.5326127869176139,0.5757237235859896,0.7587646035405115,0.6613846137963229,1027_ESL,3,RF,False,20
0.5806790727200857,0.6725331661758744,0.8200811948678463,0.6589932670950267,1027_ESL,4,RF,True,20
0.5806790727200857,0.6725331661758744,0.8200811948678463,0.6589932670950267,1027_ESL,4,RF,False,20
0.5219358630495252,0.585806641716806,0.7653800635741735,0.7374055081891153,1027_ESL,5,RF,True,20
0.5219358630495252,0.585806641716806,0.7653800635741735,0.7374055081891153,1027_ESL,5,RF,False,20
0.5848076555342683,0.6065496661851814,0.7788129853727283,0.7323053630787886,1027_ESL,0,SVR,True,1
0.5848076555342683,0.6065496661851814,0.7788129853727283,0.7323053630787886,1027_ESL,0,SVR,False,1
0.6064263053465268,0.7434449688427255,0.8622325491668275,0.6107906524521376,1027_ESL,1,SVR,True,1
0.6064263053465268,0.7434449688427255,0.8622325491668275,0.6107906524521376,1027_ESL,1,SVR,False,1
0.5873546831032749,0.6632322244339969,0.8143907074825921,0.6586634004895715,1027_ESL,2,SVR,True,1
0.5873546831032749,0.6632322244339969,0.8143907074825921,0.6586634004895715,1027_ESL,2,SVR,False,1
0.5400288976025484,0.5537030173897143,0.7441122344040005,0.6743362251815288,1027_ESL,3,SVR,True,1
0.5400288976025484,0.5537030173897143,0.7441122344040005,0.6743362251815288,1027_ESL,3,SVR,False,1
0.5784174975004357,0.6543971447782629,0.8089481718739854,0.6681891041417857,1027_ESL,4,SVR,True,1
0.5784174975004357,0.6543971447782629,0.8089481718739854,0.6681891041417857,1027_ESL,4,SVR,False,1
0.5319013296147908,0.6000298256131263,0.774615921352722,0.7310298041919036,1027_ESL,5,SVR,True,1
0.5319013296147908,0.6000298256131263,0.774615921352722,0.7310298041919036,1027_ESL,5,SVR,False,1
0.5848076555342683,0.6065496661851814,0.7788129853727283,0.7323053630787886,1027_ESL,0,SVR,True,5
0.5848076555342683,0.6065496661851814,0.7788129853727283,0.7323053630787886,1027_ESL,0,SVR,False,5
0.6064263053465268,0.7434449688427255,0.8622325491668275,0.6107906524521376,1027_ESL,1,SVR,True,5
0.6064263053465268,0.7434449688427255,0.8622325491668275,0.6107906524521376,1027_ESL,1,SVR,False,5
0.5873546831032749,0.6632322244339969,0.8143907074825921,0.6586634004895715,1027_ESL,2,SVR,True,5
0.5873546831032749,0.6632322244339969,0.8143907074825921,0.6586634004895715,1027_ESL,2,SVR,False,5
0.5400288976025484,0.5537030173897143,0.7441122344040005,0.6743362251815288,1027_ESL,3,SVR,True,5
0.5400288976025484,0.5537030173897143,0.7441122344040005,0.6743362251815288,1027_ESL,3,SVR,False,5
0.5784174975004357,0.6543971447782629,0.8089481718739854,0.6681891041417857,1027_ESL,4,SVR,True,5
0.5784174975004357,0.6543971447782629,0.8089481718739854,0.6681891041417857,1027_ESL,4,SVR,False,5
0.5319013296147908,0.6000298256131263,0.774615921352722,0.7310298041919036,1027_ESL,5,SVR,True,5
0.5319013296147908,0.6000298256131263,0.774615921352722,0.7310298041919036,1027_ESL,5,SVR,False,5
0.5848076555342683,0.6065496661851814,0.7788129853727283,0.7323053630787886,1027_ESL,0,SVR,True,10
0.5848076555342683,0.6065496661851814,0.7788129853727283,0.7323053630787886,1027_ESL,0,SVR,False,10
0.6064263053465268,0.7434449688427255,0.8622325491668275,0.6107906524521376,1027_ESL,1,SVR,True,10
0.6064263053465268,0.7434449688427255,0.8622325491668275,0.6107906524521376,1027_ESL,1,SVR,False,10
0.5873546831032749,0.6632322244339969,0.8143907074825921,0.6586634004895715,1027_ESL,2,SVR,True,10
0.5873546831032749,0.6632322244339969,0.8143907074825921,0.6586634004895715,1027_ESL,2,SVR,False,10
0.5400288976025484,0.5537030173897143,0.7441122344040005,0.6743362251815288,1027_ESL,3,SVR,True,10
0.5400288976025484,0.5537030173897143,0.7441122344040005,0.6743362251815288,1027_ESL,3,SVR,False,10
0.5784174975004357,0.6543971447782629,0.8089481718739854,0.6681891041417857,1027_ESL,4,SVR,True,10
0.5784174975004357,0.6543971447782629,0.8089481718739854,0.6681891041417857,1027_ESL,4,SVR,False,10
0.5319013296147908,0.6000298256131263,0.774615921352722,0.7310298041919036,1027_ESL,5,SVR,True,10
0.5319013296147908,0.6000298256131263,0.774615921352722,0.7310298041919036,1027_ESL,5,SVR,False,10
0.5848076555342683,0.6065496661851814,0.7788129853727283,0.7323053630787886,1027_ESL,0,SVR,True,20
0.5848076555342683,0.6065496661851814,0.7788129853727283,0.7323053630787886,1027_ESL,0,SVR,False,20
0.6064263053465268,0.7434449688427255,0.8622325491668275,0.6107906524521376,1027_ESL,1,SVR,True,20
0.6064263053465268,0.7434449688427255,0.8622325491668275,0.6107906524521376,1027_ESL,1,SVR,False,20
0.5873546831032749,0.6632322244339969,0.8143907074825921,0.6586634004895715,1027_ESL,2,SVR,True,20
0.5873546831032749,0.6632322244339969,0.8143907074825921,0.6586634004895715,1027_ESL,2,SVR,False,20
0.5400288976025484,0.5537030173897143,0.7441122344040005,0.6743362251815288,1027_ESL,3,SVR,True,20
0.5400288976025484,0.5537030173897143,0.7441122344040005,0.6743362251815288,1027_ESL,3,SVR,False,20
0.5784174975004357,0.6543971447782629,0.8089481718739854,0.6681891041417857,1027_ESL,4,SVR,True,20
0.5784174975004357,0.6543971447782629,0.8089481718739854,0.6681891041417857,1027_ESL,4,SVR,False,20
0.5319013296147908,0.6000298256131263,0.774615921352722,0.7310298041919036,1027_ESL,5,SVR,True,20
0.5319013296147908,0.6000298256131263,0.774615921352722,0.7310298041919036,1027_ESL,5,SVR,False,20
0.5648596942420345,0.4624105085818293,0.6800077268545037,0.24167027414730147,1028_SWD,0,LR,True,1
0.5648596942420345,0.4624105085818293,0.6800077268545037,0.24167027414730147,1028_SWD,0,LR,False,1
0.6178454196150703,0.5519465834225287,0.7429310758223328,0.13592957861135968,1028_SWD,1,LR,True,1
0.6178454196150703,0.5519465834225287,0.7429310758223328,0.13592957861135968,1028_SWD,1,LR,False,1
0.5812553297771752,0.45848866510818165,0.6771179107867268,0.2269622911681306,1028_SWD,2,LR,True,1
0.5812553297771752,0.45848866510818165,0.6771179107867268,0.2269622911681306,1028_SWD,2,LR,False,1
0.5957396745488709,0.5299121388799298,0.7279506431619728,0.26906150021734554,1028_SWD,3,LR,True,1
0.5957396745488709,0.5299121388799298,0.7279506431619728,0.26906150021734554,1028_SWD,3,LR,False,1
0.6064624657783331,0.5266791372193513,0.725726627056877,0.2487817184148462,1028_SWD,4,LR,True,1
0.6064624657783331,0.5266791372193513,0.725726627056877,0.2487817184148462,1028_SWD,4,LR,False,1
0.5739998762368944,0.48405148640161455,0.6957380875024843,0.28384156472612143,1028_SWD,5,LR,True,1
0.5739998762368944,0.48405148640161455,0.6957380875024843,0.28384156472612143,1028_SWD,5,LR,False,1
0.5648596942420345,0.4624105085818293,0.6800077268545037,0.24167027414730147,1028_SWD,0,LR,True,5
0.5648596942420345,0.4624105085818293,0.6800077268545037,0.24167027414730147,1028_SWD,0,LR,False,5
0.6178454196150703,0.5519465834225287,0.7429310758223328,0.13592957861135968,1028_SWD,1,LR,True,5
0.6178454196150703,0.5519465834225287,0.7429310758223328,0.13592957861135968,1028_SWD,1,LR,False,5
0.5812553297771752,0.45848866510818165,0.6771179107867268,0.2269622911681306,1028_SWD,2,LR,True,5
0.5812553297771752,0.45848866510818165,0.6771179107867268,0.2269622911681306,1028_SWD,2,LR,False,5
0.5957396745488709,0.5299121388799298,0.7279506431619728,0.26906150021734554,1028_SWD,3,LR,True,5
0.5957396745488709,0.5299121388799298,0.7279506431619728,0.26906150021734554,1028_SWD,3,LR,False,5
0.6064624657783331,0.5266791372193513,0.725726627056877,0.2487817184148462,1028_SWD,4,LR,True,5
0.6064624657783331,0.5266791372193513,0.725726627056877,0.2487817184148462,1028_SWD,4,LR,False,5
0.5739998762368944,0.48405148640161455,0.6957380875024843,0.28384156472612143,1028_SWD,5,LR,True,5
0.5739998762368944,0.48405148640161455,0.6957380875024843,0.28384156472612143,1028_SWD,5,LR,False,5
0.5648596942420345,0.4624105085818293,0.6800077268545037,0.24167027414730147,1028_SWD,0,LR,True,10
0.5648596942420345,0.4624105085818293,0.6800077268545037,0.24167027414730147,1028_SWD,0,LR,False,10
0.6178454196150703,0.5519465834225287,0.7429310758223328,0.13592957861135968,1028_SWD,1,LR,True,10
0.6178454196150703,0.5519465834225287,0.7429310758223328,0.13592957861135968,1028_SWD,1,LR,False,10
0.5812553297771752,0.45848866510818165,0.6771179107867268,0.2269622911681306,1028_SWD,2,LR,True,10
0.5812553297771752,0.45848866510818165,0.6771179107867268,0.2269622911681306,1028_SWD,2,LR,False,10
0.5957396745488709,0.5299121388799298,0.7279506431619728,0.26906150021734554,1028_SWD,3,LR,True,10
0.5957396745488709,0.5299121388799298,0.7279506431619728,0.26906150021734554,1028_SWD,3,LR,False,10
0.6064624657783331,0.5266791372193513,0.725726627056877,0.2487817184148462,1028_SWD,4,LR,True,10
0.6064624657783331,0.5266791372193513,0.725726627056877,0.2487817184148462,1028_SWD,4,LR,False,10
0.5739998762368944,0.48405148640161455,0.6957380875024843,0.28384156472612143,1028_SWD,5,LR,True,10
0.5739998762368944,0.48405148640161455,0.6957380875024843,0.28384156472612143,1028_SWD,5,LR,False,10
0.5182225563562295,0.4005521727053807,0.6328919123399988,0.34311480020436946,1028_SWD,0,LR,True,20
0.5360965340504101,0.43260232458126935,0.6577251132359698,0.29055418050712256,1028_SWD,0,LR,False,20
0.5699370694754198,0.48653621677036113,0.6975214812250309,0.23832927592601272,1028_SWD,1,LR,True,20
0.5900849686579971,0.5189174510636926,0.7203592513903688,0.18763656833205333,1028_SWD,1,LR,False,20
0.5508547840471474,0.435374356377754,0.6598290357189156,0.2659343173533062,1028_SWD,2,LR,True,20
0.5508547840471474,0.4353743563777541,0.6598290357189157,0.2659343173533061,1028_SWD,2,LR,False,20
0.5694706186900776,0.49340534959418136,0.7024281810933993,0.3194174287469479,1028_SWD,3,LR,True,20
0.5694706186900776,0.49340534959418136,0.7024281810933993,0.3194174287469479,1028_SWD,3,LR,False,20
0.573495196754779,0.4867133439024937,0.6976484386153915,0.30578613050564296,1028_SWD,4,LR,True,20
0.5734951967547791,0.48671334390249366,0.6976484386153915,0.3057861305056431,1028_SWD,4,LR,False,20
0.5554434764266047,0.4497773198426829,0.6706543967220993,0.33455049586820107,1028_SWD,5,LR,True,20
0.5554434764266047,0.4497773198426829,0.6706543967220993,0.33455049586820107,1028_SWD,5,LR,False,20
0.5059999999999999,0.502,0.708519583356734,0.17674552088885265,1028_SWD,0,KNN,True,1
0.5059999999999999,0.502,0.708519583356734,0.17674552088885265,1028_SWD,0,KNN,False,1
0.623,0.6549999999999998,0.8093207028119321,-0.025400180032092656,1028_SWD,1,KNN,True,1
0.623,0.6549999999999998,0.8093207028119321,-0.025400180032092656,1028_SWD,1,KNN,False,1
0.6040000000000001,0.5156000000000001,0.7180529228406497,0.13066936435676935,1028_SWD,2,KNN,True,1
0.6040000000000001,0.5156000000000001,0.7180529228406497,0.13066936435676935,1028_SWD,2,KNN,False,1
0.5820000000000001,0.5676000000000001,0.7533923280734945,0.21707645091210026,1028_SWD,3,KNN,True,1
0.5820000000000001,0.5676000000000001,0.7533923280734945,0.21707645091210026,1028_SWD,3,KNN,False,1
0.654,0.6712000000000002,0.8192679659305618,0.04264726857794865,1028_SWD,4,KNN,True,1
0.654,0.6712000000000002,0.8192679659305618,0.04264726857794865,1028_SWD,4,KNN,False,1
0.6850000000000002,0.6362000000000001,0.7976214641043708,0.058736499482171745,1028_SWD,5,KNN,True,1
0.6850000000000002,0.6362000000000001,0.7976214641043708,0.058736499482171745,1028_SWD,5,KNN,False,1
0.5059999999999999,0.502,0.708519583356734,0.17674552088885265,1028_SWD,0,KNN,True,5
0.5059999999999999,0.502,0.708519583356734,0.17674552088885265,1028_SWD,0,KNN,False,5
0.623,0.6549999999999998,0.8093207028119321,-0.025400180032092656,1028_SWD,1,KNN,True,5
0.623,0.6549999999999998,0.8093207028119321,-0.025400180032092656,1028_SWD,1,KNN,False,5
0.6040000000000001,0.5156000000000001,0.7180529228406497,0.13066936435676935,1028_SWD,2,KNN,True,5
0.6040000000000001,0.5156000000000001,0.7180529228406497,0.13066936435676935,1028_SWD,2,KNN,False,5
0.5820000000000001,0.5676000000000001,0.7533923280734945,0.21707645091210026,1028_SWD,3,KNN,True,5
0.5820000000000001,0.5676000000000001,0.7533923280734945,0.21707645091210026,1028_SWD,3,KNN,False,5
0.654,0.6712000000000002,0.8192679659305618,0.04264726857794865,1028_SWD,4,KNN,True,5
0.654,0.6712000000000002,0.8192679659305618,0.04264726857794865,1028_SWD,4,KNN,False,5
0.6850000000000002,0.6362000000000001,0.7976214641043708,0.058736499482171745,1028_SWD,5,KNN,True,5
0.6850000000000002,0.6362000000000001,0.7976214641043708,0.058736499482171745,1028_SWD,5,KNN,False,5
0.5059999999999999,0.502,0.708519583356734,0.17674552088885265,1028_SWD,0,KNN,True,10
0.5059999999999999,0.502,0.708519583356734,0.17674552088885265,1028_SWD,0,KNN,False,10
0.623,0.6549999999999998,0.8093207028119321,-0.025400180032092656,1028_SWD,1,KNN,True,10
0.623,0.6549999999999998,0.8093207028119321,-0.025400180032092656,1028_SWD,1,KNN,False,10
0.6040000000000001,0.5156000000000001,0.7180529228406497,0.13066936435676935,1028_SWD,2,KNN,True,10
0.6040000000000001,0.5156000000000001,0.7180529228406497,0.13066936435676935,1028_SWD,2,KNN,False,10
0.5820000000000001,0.5676000000000001,0.7533923280734945,0.21707645091210026,1028_SWD,3,KNN,True,10
0.5820000000000001,0.5676000000000001,0.7533923280734945,0.21707645091210026,1028_SWD,3,KNN,False,10
0.654,0.6712000000000002,0.8192679659305618,0.04264726857794865,1028_SWD,4,KNN,True,10
0.654,0.6712000000000002,0.8192679659305618,0.04264726857794865,1028_SWD,4,KNN,False,10
0.6850000000000002,0.6362000000000001,0.7976214641043708,0.058736499482171745,1028_SWD,5,KNN,True,10
0.6850000000000002,0.6362000000000001,0.7976214641043708,0.058736499482171745,1028_SWD,5,KNN,False,10
0.48900000000000005,0.4122,0.6420280367709809,0.3240129555983765,1028_SWD,0,KNN,True,20
0.602,0.5312,0.7288346863315439,0.1288590053708335,1028_SWD,0,KNN,False,20
0.571,0.5841999999999998,0.7643297717608545,0.08543696919885724,1028_SWD,1,KNN,True,20
0.59,0.5364,0.7323933369440222,0.16026769989432887,1028_SWD,1,KNN,False,20
0.5660000000000001,0.45879999999999993,0.6773477688750439,0.22643736300792439,1028_SWD,2,KNN,True,20
0.5660000000000001,0.45879999999999993,0.6773477688750439,0.22643736300792439,1028_SWD,2,KNN,False,20
0.554,0.5784,0.7605261336732617,0.2021793854960514,1028_SWD,3,KNN,True,20
0.554,0.5784,0.7605261336732617,0.2021793854960514,1028_SWD,3,KNN,False,20
0.607,0.5701999999999999,0.7551158851461145,0.18670660390814442,1028_SWD,4,KNN,True,20
0.607,0.5701999999999999,0.7551158851461145,0.18670660390814442,1028_SWD,4,KNN,False,20
0.5770000000000001,0.5594000000000001,0.7479304780526063,0.17236277555851443,1028_SWD,5,KNN,True,20
0.5770000000000001,0.5594000000000001,0.7479304780526063,0.17236277555851443,1028_SWD,5,KNN,False,20
0.5400548199121534,0.46154054947534645,0.6793677571649588,0.24309696285458338,1028_SWD,0,DT,True,1
0.5400548199121534,0.46154054947534645,0.6793677571649588,0.24309696285458338,1028_SWD,0,DT,False,1
0.5920121620903512,0.539596236773462,0.7345721453835982,0.15526400254633932,1028_SWD,1,DT,True,1
0.5920121620903512,0.539596236773462,0.7345721453835982,0.15526400254633932,1028_SWD,1,DT,False,1
0.5626120420171872,0.46450079042329,0.6815429483336248,0.2168255093183441,1028_SWD,2,DT,True,1
0.5626120420171872,0.46450079042329,0.6815429483336248,0.2168255093183441,1028_SWD,2,DT,False,1
0.5726619156413535,0.5249434860512524,0.7245298379302625,0.2759150507931274,1028_SWD,3,DT,True,1
0.5726619156413535,0.5249434860512524,0.7245298379302625,0.2759150507931274,1028_SWD,3,DT,False,1
0.5809123243499772,0.5151598449977439,0.7177463653671428,0.26521203109721303,1028_SWD,4,DT,True,1
0.5809123243499772,0.5151598449977439,0.7177463653671428,0.26521203109721303,1028_SWD,4,DT,False,1
0.5639864049529553,0.4833456119819239,0.69523061783981,0.2848859121439209,1028_SWD,5,DT,True,1
0.5639864049529553,0.4833456119819239,0.69523061783981,0.2848859121439209,1028_SWD,5,DT,False,1
0.5400548199121534,0.46154054947534645,0.6793677571649588,0.24309696285458338,1028_SWD,0,DT,True,5
0.5400548199121534,0.46154054947534645,0.6793677571649588,0.24309696285458338,1028_SWD,0,DT,False,5
0.5920121620903512,0.539596236773462,0.7345721453835982,0.15526400254633932,1028_SWD,1,DT,True,5
0.5920121620903512,0.539596236773462,0.7345721453835982,0.15526400254633932,1028_SWD,1,DT,False,5
0.5626120420171872,0.46450079042329,0.6815429483336248,0.2168255093183441,1028_SWD,2,DT,True,5
0.5626120420171872,0.46450079042329,0.6815429483336248,0.2168255093183441,1028_SWD,2,DT,False,5
0.5726619156413535,0.5249434860512524,0.7245298379302625,0.2759150507931274,1028_SWD,3,DT,True,5
0.5726619156413535,0.5249434860512524,0.7245298379302625,0.2759150507931274,1028_SWD,3,DT,False,5
0.5809123243499772,0.5151598449977439,0.7177463653671428,0.26521203109721303,1028_SWD,4,DT,True,5
0.5809123243499772,0.5151598449977439,0.7177463653671428,0.26521203109721303,1028_SWD,4,DT,False,5
0.5639864049529553,0.4833456119819239,0.69523061783981,0.2848859121439209,1028_SWD,5,DT,True,5
0.5639864049529553,0.4833456119819239,0.69523061783981,0.2848859121439209,1028_SWD,5,DT,False,5
0.5400548199121534,0.46154054947534645,0.6793677571649588,0.24309696285458338,1028_SWD,0,DT,True,10
0.5400548199121534,0.46154054947534645,0.6793677571649588,0.24309696285458338,1028_SWD,0,DT,False,10
0.5920121620903512,0.539596236773462,0.7345721453835982,0.15526400254633932,1028_SWD,1,DT,True,10
0.5920121620903512,0.539596236773462,0.7345721453835982,0.15526400254633932,1028_SWD,1,DT,False,10
0.5626120420171872,0.46450079042329,0.6815429483336248,0.2168255093183441,1028_SWD,2,DT,True,10
0.5626120420171872,0.46450079042329,0.6815429483336248,0.2168255093183441,1028_SWD,2,DT,False,10
0.5726619156413535,0.5249434860512524,0.7245298379302625,0.2759150507931274,1028_SWD,3,DT,True,10
0.5726619156413535,0.5249434860512524,0.7245298379302625,0.2759150507931274,1028_SWD,3,DT,False,10
0.5809123243499772,0.5151598449977439,0.7177463653671428,0.26521203109721303,1028_SWD,4,DT,True,10
0.5809123243499772,0.5151598449977439,0.7177463653671428,0.26521203109721303,1028_SWD,4,DT,False,10
0.5639864049529553,0.4833456119819239,0.69523061783981,0.2848859121439209,1028_SWD,5,DT,True,10
0.5639864049529553,0.4833456119819239,0.69523061783981,0.2848859121439209,1028_SWD,5,DT,False,10
0.4978417243768569,0.3792316177829892,0.615817844644818,0.3780794263736802,1028_SWD,0,DT,True,20
0.5061520458341202,0.4139256523607816,0.6433705404825291,0.3211829734561411,1028_SWD,0,DT,False,20
0.5556200586167922,0.4689783117884754,0.6848199119392451,0.26581611398618377,1028_SWD,1,DT,True,20
0.5615798013770303,0.47910686135696096,0.692175455615815,0.24995990551139124,1028_SWD,1,DT,False,20
0.548650111457556,0.4350543938300855,0.6595865324808303,0.2664737922271361,1028_SWD,2,DT,True,20
0.548650111457556,0.4350543938300855,0.6595865324808303,0.2664737922271361,1028_SWD,2,DT,False,20
0.5567477072457012,0.4750697487189139,0.6892530367861385,0.34470878482856104,1028_SWD,3,DT,True,20
0.5567477072457012,0.4750697487189139,0.6892530367861385,0.34470878482856104,1028_SWD,3,DT,False,20
0.5561553336180133,0.47464524917744383,0.6889450262375394,0.3229992166917075,1028_SWD,4,DT,True,20
0.5561553336180133,0.47464524917744383,0.6889450262375394,0.3229992166917075,1028_SWD,4,DT,False,20
0.5311894024191762,0.42481396086754586,0.6517775394009415,0.371484005226297,1028_SWD,5,DT,True,20
0.5311894024191762,0.42481396086754586,0.6517775394009415,0.371484005226297,1028_SWD,5,DT,False,20
0.5415220119343784,0.46131233839776015,0.6791997779724019,0.24347121741993338,1028_SWD,0,RF,True,1
0.5415220119343784,0.46131233839776015,0.6791997779724019,0.24347121741993338,1028_SWD,0,RF,False,1
0.5924402112460231,0.5392842423391162,0.7343597499448865,0.15575242872824346,1028_SWD,1,RF,True,1
0.5924402112460231,0.5392842423391162,0.7343597499448865,0.15575242872824346,1028_SWD,1,RF,False,1
0.5624639259548289,0.4645187553671875,0.681556127818676,0.21679521941125002,1028_SWD,2,RF,True,1
0.5624639259548289,0.4645187553671875,0.681556127818676,0.21679521941125002,1028_SWD,2,RF,False,1
0.5727486736791967,0.5250227314032613,0.7245845232981872,0.27580574309009087,1028_SWD,3,RF,True,1
0.5727486736791967,0.5250227314032613,0.7245845232981872,0.27580574309009087,1028_SWD,3,RF,False,1
0.5808220917139262,0.5153134386462396,0.7178533545552598,0.26499295586044846,1028_SWD,4,RF,True,1
0.5808220917139262,0.5153134386462396,0.7178533545552598,0.26499295586044846,1028_SWD,4,RF,False,1
0.5636867700425048,0.48335803250023557,0.6952395504430365,0.28486753587773994,1028_SWD,5,RF,True,1
0.5636867700425048,0.48335803250023557,0.6952395504430365,0.28486753587773994,1028_SWD,5,RF,False,1
0.5415220119343784,0.46131233839776015,0.6791997779724019,0.24347121741993338,1028_SWD,0,RF,True,5
0.5415220119343784,0.46131233839776015,0.6791997779724019,0.24347121741993338,1028_SWD,0,RF,False,5
0.5924402112460231,0.5392842423391162,0.7343597499448865,0.15575242872824346,1028_SWD,1,RF,True,5
0.5924402112460231,0.5392842423391162,0.7343597499448865,0.15575242872824346,1028_SWD,1,RF,False,5
0.5624639259548289,0.4645187553671875,0.681556127818676,0.21679521941125002,1028_SWD,2,RF,True,5
0.5624639259548289,0.4645187553671875,0.681556127818676,0.21679521941125002,1028_SWD,2,RF,False,5
0.5727486736791967,0.5250227314032613,0.7245845232981872,0.27580574309009087,1028_SWD,3,RF,True,5
0.5727486736791967,0.5250227314032613,0.7245845232981872,0.27580574309009087,1028_SWD,3,RF,False,5
0.5808220917139262,0.5153134386462396,0.7178533545552598,0.26499295586044846,1028_SWD,4,RF,True,5
0.5808220917139262,0.5153134386462396,0.7178533545552598,0.26499295586044846,1028_SWD,4,RF,False,5
0.5636867700425048,0.48335803250023557,0.6952395504430365,0.28486753587773994,1028_SWD,5,RF,True,5
0.5636867700425048,0.48335803250023557,0.6952395504430365,0.28486753587773994,1028_SWD,5,RF,False,5
0.5415220119343784,0.46131233839776015,0.6791997779724019,0.24347121741993338,1028_SWD,0,RF,True,10
0.5415220119343784,0.46131233839776015,0.6791997779724019,0.24347121741993338,1028_SWD,0,RF,False,10
0.5924402112460231,0.5392842423391162,0.7343597499448865,0.15575242872824346,1028_SWD,1,RF,True,10
0.5924402112460231,0.5392842423391162,0.7343597499448865,0.15575242872824346,1028_SWD,1,RF,False,10
0.5624639259548289,0.4645187553671875,0.681556127818676,0.21679521941125002,1028_SWD,2,RF,True,10
0.5624639259548289,0.4645187553671875,0.681556127818676,0.21679521941125002,1028_SWD,2,RF,False,10
0.5727486736791967,0.5250227314032613,0.7245845232981872,0.27580574309009087,1028_SWD,3,RF,True,10
0.5727486736791967,0.5250227314032613,0.7245845232981872,0.27580574309009087,1028_SWD,3,RF,False,10
0.5808220917139262,0.5153134386462396,0.7178533545552598,0.26499295586044846,1028_SWD,4,RF,True,10
0.5808220917139262,0.5153134386462396,0.7178533545552598,0.26499295586044846,1028_SWD,4,RF,False,10
0.5636867700425048,0.48335803250023557,0.6952395504430365,0.28486753587773994,1028_SWD,5,RF,True,10
0.5636867700425048,0.48335803250023557,0.6952395504430365,0.28486753587773994,1028_SWD,5,RF,False,10
0.49864728172882344,0.37880787715377856,0.6154737014314897,0.3787743394632799,1028_SWD,0,RF,True,20
0.5064938157163806,0.4143054287788081,0.6436656187639729,0.32056015943781224,1028_SWD,0,RF,False,20
0.5553282983527016,0.46763790076924705,0.6838405521532392,0.26791452268913607,1028_SWD,1,RF,True,20
0.5598687724739874,0.47739003194161017,0.6909341733780506,0.25264759588022356,1028_SWD,1,RF,False,20
0.5488718125632337,0.4357712766926387,0.6601297423178558,0.26526508735012844,1028_SWD,2,RF,True,20
0.5488718125632337,0.4357712766926387,0.6601297423178558,0.26526508735012844,1028_SWD,2,RF,False,20
0.5561597165294756,0.47479664343118144,0.6890548914500074,0.34508549476715533,1028_SWD,3,RF,True,20
0.5561597165294756,0.47479664343118144,0.6890548914500074,0.34508549476715533,1028_SWD,3,RF,False,20
0.5564825114682564,0.4754027434164047,0.6894945564806184,0.3219187798938743,1028_SWD,4,RF,True,20
0.5564825114682564,0.4754027434164047,0.6894945564806184,0.3219187798938743,1028_SWD,4,RF,False,20
0.5302724701433411,0.4239146535322109,0.6510872856477931,0.3728145383455971,1028_SWD,5,RF,True,20
0.5302724701433411,0.4239146535322109,0.6510872856477931,0.3728145383455971,1028_SWD,5,RF,False,20
0.5389036721767914,0.4838816556464166,0.6956160260132142,0.20645868452065674,1028_SWD,0,SVR,True,1
0.5389036721767914,0.4838816556464166,0.6956160260132142,0.20645868452065674,1028_SWD,0,SVR,False,1
0.6089498030704147,0.5898294854062874,0.7680035712197486,0.0766240297345897,1028_SWD,1,SVR,True,1
0.6089498030704147,0.5898294854062874,0.7680035712197486,0.0766240297345897,1028_SWD,1,SVR,False,1
0.5764764647759346,0.4947497074996111,0.7033844663479647,0.16582413168165366,1028_SWD,2,SVR,True,1
0.5764764647759346,0.4947497074996111,0.7033844663479647,0.16582413168165366,1028_SWD,2,SVR,False,1
0.5576981444180099,0.535051806846258,0.7314723554901156,0.2619720585589047,1028_SWD,3,SVR,True,1
0.5576981444180099,0.535051806846258,0.7314723554901156,0.2619720585589047,1028_SWD,3,SVR,False,1
0.5889309797075686,0.5612242948976811,0.7491490471846581,0.19950892184042068,1028_SWD,4,SVR,True,1
0.5889309797075686,0.5612242948976811,0.7491490471846581,0.19950892184042068,1028_SWD,4,SVR,False,1
0.541158414990327,0.4998659746409573,0.7070120045946584,0.26044389015985014,1028_SWD,5,SVR,True,1
0.541158414990327,0.4998659746409573,0.7070120045946584,0.26044389015985014,1028_SWD,5,SVR,False,1
0.5389036721767914,0.4838816556464166,0.6956160260132142,0.20645868452065674,1028_SWD,0,SVR,True,5
0.5389036721767914,0.4838816556464166,0.6956160260132142,0.20645868452065674,1028_SWD,0,SVR,False,5
0.6089498030704147,0.5898294854062874,0.7680035712197486,0.0766240297345897,1028_SWD,1,SVR,True,5
0.6089498030704147,0.5898294854062874,0.7680035712197486,0.0766240297345897,1028_SWD,1,SVR,False,5
0.5764764647759346,0.4947497074996111,0.7033844663479647,0.16582413168165366,1028_SWD,2,SVR,True,5
0.5764764647759346,0.4947497074996111,0.7033844663479647,0.16582413168165366,1028_SWD,2,SVR,False,5
0.5576981444180099,0.535051806846258,0.7314723554901156,0.2619720585589047,1028_SWD,3,SVR,True,5
0.5576981444180099,0.535051806846258,0.7314723554901156,0.2619720585589047,1028_SWD,3,SVR,False,5
0.5889309797075686,0.5612242948976811,0.7491490471846581,0.19950892184042068,1028_SWD,4,SVR,True,5
0.5889309797075686,0.5612242948976811,0.7491490471846581,0.19950892184042068,1028_SWD,4,SVR,False,5
0.541158414990327,0.4998659746409573,0.7070120045946584,0.26044389015985014,1028_SWD,5,SVR,True,5
0.541158414990327,0.4998659746409573,0.7070120045946584,0.26044389015985014,1028_SWD,5,SVR,False,5
0.5389036721767914,0.4838816556464166,0.6956160260132142,0.20645868452065674,1028_SWD,0,SVR,True,10
0.5389036721767914,0.4838816556464166,0.6956160260132142,0.20645868452065674,1028_SWD,0,SVR,False,10
0.6089498030704147,0.5898294854062874,0.7680035712197486,0.0766240297345897,1028_SWD,1,SVR,True,10
0.6089498030704147,0.5898294854062874,0.7680035712197486,0.0766240297345897,1028_SWD,1,SVR,False,10
0.5764764647759346,0.4947497074996111,0.7033844663479647,0.16582413168165366,1028_SWD,2,SVR,True,10
0.5764764647759346,0.4947497074996111,0.7033844663479647,0.16582413168165366,1028_SWD,2,SVR,False,10
0.5576981444180099,0.535051806846258,0.7314723554901156,0.2619720585589047,1028_SWD,3,SVR,True,10
0.5576981444180099,0.535051806846258,0.7314723554901156,0.2619720585589047,1028_SWD,3,SVR,False,10
0.5889309797075686,0.5612242948976811,0.7491490471846581,0.19950892184042068,1028_SWD,4,SVR,True,10
0.5889309797075686,0.5612242948976811,0.7491490471846581,0.19950892184042068,1028_SWD,4,SVR,False,10
0.541158414990327,0.4998659746409573,0.7070120045946584,0.26044389015985014,1028_SWD,5,SVR,True,10
0.541158414990327,0.4998659746409573,0.7070120045946584,0.26044389015985014,1028_SWD,5,SVR,False,10
0.5089964937614592,0.4191281494083215,0.6474010730670142,0.31265114278492645,1028_SWD,0,SVR,True,20
0.5307294764180299,0.45808710414879455,0.676821323651076,0.24876043762241073,1028_SWD,0,SVR,False,20
0.5776998030703121,0.5222020023215318,0.7226354560368123,0.1824946149715756,1028_SWD,1,SVR,True,20
0.5967459013787765,0.5624144566740245,0.7499429689476557,0.11954216011267738,1028_SWD,1,SVR,False,20
0.5724184849039647,0.47280453092146035,0.6876078322135811,0.20282493521925404,1028_SWD,2,SVR,True,20
0.5724184849036883,0.4728045309210377,0.6876078322132738,0.20282493521996658,1028_SWD,2,SVR,False,20
0.5558007161895232,0.48543215514726606,0.6967296140880378,0.3304153175664456,1028_SWD,3,SVR,True,20
0.5558007161895232,0.4854321551472661,0.6967296140880378,0.3304153175664455,1028_SWD,3,SVR,False,20
0.5720258164231304,0.49696757275920433,0.7049592702838968,0.29116021571929207,1028_SWD,4,SVR,True,20
0.5720258164231304,0.49696757275920433,0.7049592702838968,0.29116021571929207,1028_SWD,4,SVR,False,20
0.5481656767521206,0.45607488284160086,0.6753331643282454,0.32523319597336764,1028_SWD,5,SVR,True,20
0.5481656767520303,0.4560748828414566,0.6753331643281385,0.325233195973581,1028_SWD,5,SVR,False,20
0.6167796513933683,0.6016360563016276,0.7756520201105827,0.3347677396045693,1029_LEV,0,LR,True,1
0.6167796513933683,0.6016360563016276,0.7756520201105827,0.3347677396045693,1029_LEV,0,LR,False,1
0.6083201110970199,0.5524482237953232,0.7432686081056586,0.4087510648344367,1029_LEV,1,LR,True,1
0.6083201110970199,0.5524482237953232,0.7432686081056586,0.4087510648344367,1029_LEV,1,LR,False,1
0.6618423697516965,0.6977396291452451,0.8353081043215402,0.2959947238974422,1029_LEV,2,LR,True,1
0.6618423697516965,0.6977396291452451,0.8353081043215402,0.2959947238974422,1029_LEV,2,LR,False,1
0.6367916761354689,0.6360031874711839,0.7974980799169261,0.34954034673500134,1029_LEV,3,LR,True,1
0.6367916761354689,0.6360031874711839,0.7974980799169261,0.34954034673500134,1029_LEV,3,LR,False,1
0.6060372164151429,0.5499397780579913,0.7415792459730729,0.3259715920357995,1029_LEV,4,LR,True,1
0.6060372164151429,0.5499397780579913,0.7415792459730729,0.3259715920357995,1029_LEV,4,LR,False,1
0.6415158679873889,0.6271617398042314,0.7919354391642234,0.3340641450407673,1029_LEV,5,LR,True,1
0.6415158679873889,0.6271617398042314,0.7919354391642234,0.3340641450407673,1029_LEV,5,LR,False,1
0.6167796513933683,0.6016360563016276,0.7756520201105827,0.3347677396045693,1029_LEV,0,LR,True,5
0.6167796513933683,0.6016360563016276,0.7756520201105827,0.3347677396045693,1029_LEV,0,LR,False,5
0.6083201110970199,0.5524482237953232,0.7432686081056586,0.4087510648344367,1029_LEV,1,LR,True,5
0.6083201110970199,0.5524482237953232,0.7432686081056586,0.4087510648344367,1029_LEV,1,LR,False,5
0.6618423697516965,0.6977396291452451,0.8353081043215402,0.2959947238974422,1029_LEV,2,LR,True,5
0.6618423697516965,0.6977396291452451,0.8353081043215402,0.2959947238974422,1029_LEV,2,LR,False,5
0.6367916761354689,0.6360031874711839,0.7974980799169261,0.34954034673500134,1029_LEV,3,LR,True,5
0.6367916761354689,0.6360031874711839,0.7974980799169261,0.34954034673500134,1029_LEV,3,LR,False,5
0.6060372164151429,0.5499397780579913,0.7415792459730729,0.3259715920357995,1029_LEV,4,LR,True,5
0.6060372164151429,0.5499397780579913,0.7415792459730729,0.3259715920357995,1029_LEV,4,LR,False,5
0.6415158679873889,0.6271617398042314,0.7919354391642234,0.3340641450407673,1029_LEV,5,LR,True,5
0.6415158679873889,0.6271617398042314,0.7919354391642234,0.3340641450407673,1029_LEV,5,LR,False,5
0.6167796513933683,0.6016360563016276,0.7756520201105827,0.3347677396045693,1029_LEV,0,LR,True,10
0.6167796513933683,0.6016360563016276,0.7756520201105827,0.3347677396045693,1029_LEV,0,LR,False,10
0.6083201110970199,0.5524482237953232,0.7432686081056586,0.4087510648344367,1029_LEV,1,LR,True,10
0.6083201110970199,0.5524482237953232,0.7432686081056586,0.4087510648344367,1029_LEV,1,LR,False,10
0.6618423697516965,0.6977396291452451,0.8353081043215402,0.2959947238974422,1029_LEV,2,LR,True,10
0.6618423697516965,0.6977396291452451,0.8353081043215402,0.2959947238974422,1029_LEV,2,LR,False,10
0.6367916761354689,0.6360031874711839,0.7974980799169261,0.34954034673500134,1029_LEV,3,LR,True,10
0.6367916761354689,0.6360031874711839,0.7974980799169261,0.34954034673500134,1029_LEV,3,LR,False,10
0.6060372164151429,0.5499397780579913,0.7415792459730729,0.3259715920357995,1029_LEV,4,LR,True,10
0.6060372164151429,0.5499397780579913,0.7415792459730729,0.3259715920357995,1029_LEV,4,LR,False,10
0.6415158679873889,0.6271617398042314,0.7919354391642234,0.3340641450407673,1029_LEV,5,LR,True,10
0.6415158679873889,0.6271617398042314,0.7919354391642234,0.3340641450407673,1029_LEV,5,LR,False,10
0.6167796513933683,0.6016360563016276,0.7756520201105827,0.3347677396045693,1029_LEV,0,LR,True,20
0.6167796513933683,0.6016360563016276,0.7756520201105827,0.3347677396045693,1029_LEV,0,LR,False,20
0.6083201110970199,0.5524482237953232,0.7432686081056586,0.4087510648344367,1029_LEV,1,LR,True,20
0.6083201110970199,0.5524482237953232,0.7432686081056586,0.4087510648344367,1029_LEV,1,LR,False,20
0.6618423697516965,0.6977396291452451,0.8353081043215402,0.2959947238974422,1029_LEV,2,LR,True,20
0.6618423697516965,0.6977396291452451,0.8353081043215402,0.2959947238974422,1029_LEV,2,LR,False,20
0.6367916761354689,0.6360031874711839,0.7974980799169261,0.34954034673500134,1029_LEV,3,LR,True,20
0.6367916761354689,0.6360031874711839,0.7974980799169261,0.34954034673500134,1029_LEV,3,LR,False,20
0.6060372164151429,0.5499397780579913,0.7415792459730729,0.3259715920357995,1029_LEV,4,LR,True,20
0.6060372164151429,0.5499397780579913,0.7415792459730729,0.3259715920357995,1029_LEV,4,LR,False,20
0.6415158679873889,0.6271617398042314,0.7919354391642234,0.3340641450407673,1029_LEV,5,LR,True,20
0.6415158679873889,0.6271617398042314,0.7919354391642234,0.3340641450407673,1029_LEV,5,LR,False,20
0.722,0.8708000000000001,0.9331666517830565,0.037151702786377694,1029_LEV,0,KNN,True,1
0.722,0.8708000000000001,0.9331666517830565,0.037151702786377694,1029_LEV,0,KNN,False,1
0.584,0.56,0.7483314773547883,0.4006688963210703,1029_LEV,1,KNN,True,1
0.584,0.56,0.7483314773547883,0.4006688963210703,1029_LEV,1,KNN,False,1
0.8269999999999998,0.9486,0.9739609848448756,0.04288164665523175,1029_LEV,2,KNN,True,1
0.8269999999999998,0.9486,0.9739609848448756,0.04288164665523175,1029_LEV,2,KNN,False,1
0.7490000000000001,0.9138,0.955928867646542,0.06542916315103153,1029_LEV,3,KNN,True,1
0.7490000000000001,0.9138,0.955928867646542,0.06542916315103153,1029_LEV,3,KNN,False,1
0.675,0.685,0.8276472678623424,0.16043632798137042,1029_LEV,4,KNN,True,1
0.675,0.685,0.8276472678623424,0.16043632798137042,1029_LEV,4,KNN,False,1
0.758,0.9296000000000001,0.964157663455516,0.012927716280427881,1029_LEV,5,KNN,True,1
0.758,0.9296000000000001,0.964157663455516,0.012927716280427881,1029_LEV,5,KNN,False,1
0.722,0.8708000000000001,0.9331666517830565,0.037151702786377694,1029_LEV,0,KNN,True,5
0.722,0.8708000000000001,0.9331666517830565,0.037151702786377694,1029_LEV,0,KNN,False,5
0.584,0.56,0.7483314773547883,0.4006688963210703,1029_LEV,1,KNN,True,5
0.584,0.56,0.7483314773547883,0.4006688963210703,1029_LEV,1,KNN,False,5
0.8269999999999998,0.9486,0.9739609848448756,0.04288164665523175,1029_LEV,2,KNN,True,5
0.8269999999999998,0.9486,0.9739609848448756,0.04288164665523175,1029_LEV,2,KNN,False,5
0.7490000000000001,0.9138,0.955928867646542,0.06542916315103153,1029_LEV,3,KNN,True,5
0.7490000000000001,0.9138,0.955928867646542,0.06542916315103153,1029_LEV,3,KNN,False,5
0.675,0.685,0.8276472678623424,0.16043632798137042,1029_LEV,4,KNN,True,5
0.675,0.685,0.8276472678623424,0.16043632798137042,1029_LEV,4,KNN,False,5
0.758,0.9296000000000001,0.964157663455516,0.012927716280427881,1029_LEV,5,KNN,True,5
0.758,0.9296000000000001,0.964157663455516,0.012927716280427881,1029_LEV,5,KNN,False,5
0.722,0.8708000000000001,0.9331666517830565,0.037151702786377694,1029_LEV,0,KNN,True,10
0.722,0.8708000000000001,0.9331666517830565,0.037151702786377694,1029_LEV,0,KNN,False,10
0.584,0.56,0.7483314773547883,0.4006688963210703,1029_LEV,1,KNN,True,10
0.584,0.56,0.7483314773547883,0.4006688963210703,1029_LEV,1,KNN,False,10
0.8269999999999998,0.9486,0.9739609848448756,0.04288164665523175,1029_LEV,2,KNN,True,10
0.8269999999999998,0.9486,0.9739609848448756,0.04288164665523175,1029_LEV,2,KNN,False,10
0.7490000000000001,0.9138,0.955928867646542,0.06542916315103153,1029_LEV,3,KNN,True,10
0.7490000000000001,0.9138,0.955928867646542,0.06542916315103153,1029_LEV,3,KNN,False,10
0.675,0.685,0.8276472678623424,0.16043632798137042,1029_LEV,4,KNN,True,10
0.675,0.685,0.8276472678623424,0.16043632798137042,1029_LEV,4,KNN,False,10
0.758,0.9296000000000001,0.964157663455516,0.012927716280427881,1029_LEV,5,KNN,True,10
0.758,0.9296000000000001,0.964157663455516,0.012927716280427881,1029_LEV,5,KNN,False,10
0.722,0.8708000000000001,0.9331666517830565,0.037151702786377694,1029_LEV,0,KNN,True,20
0.722,0.8708000000000001,0.9331666517830565,0.037151702786377694,1029_LEV,0,KNN,False,20
0.584,0.56,0.7483314773547883,0.4006688963210703,1029_LEV,1,KNN,True,20
0.584,0.56,0.7483314773547883,0.4006688963210703,1029_LEV,1,KNN,False,20
0.8269999999999998,0.9486,0.9739609848448756,0.04288164665523175,1029_LEV,2,KNN,True,20
0.8269999999999998,0.9486,0.9739609848448756,0.04288164665523175,1029_LEV,2,KNN,False,20
0.7490000000000001,0.9138,0.955928867646542,0.06542916315103153,1029_LEV,3,KNN,True,20
0.7490000000000001,0.9138,0.955928867646542,0.06542916315103153,1029_LEV,3,KNN,False,20
0.675,0.685,0.8276472678623424,0.16043632798137042,1029_LEV,4,KNN,True,20
0.675,0.685,0.8276472678623424,0.16043632798137042,1029_LEV,4,KNN,False,20
0.758,0.9296000000000001,0.964157663455516,0.012927716280427881,1029_LEV,5,KNN,True,20
0.758,0.9296000000000001,0.964157663455516,0.012927716280427881,1029_LEV,5,KNN,False,20
0.6276237969064006,0.6023568316774877,0.7761165065101293,0.3339707743504118,1029_LEV,0,DT,True,1
0.6276237969064006,0.6023568316774877,0.7761165065101293,0.3339707743504118,1029_LEV,0,DT,False,1
0.6246180025648111,0.5665351223897038,0.752685274460517,0.3936747854023237,1029_LEV,1,DT,True,1
0.6246180025648111,0.5665351223897038,0.752685274460517,0.3936747854023237,1029_LEV,1,DT,False,1
0.6679083297196303,0.6968551847700405,0.83477852438239,0.29688711051353,1029_LEV,2,DT,True,1
0.6679083297196303,0.6968551847700405,0.83477852438239,0.29688711051353,1029_LEV,2,DT,False,1
0.6401602513393436,0.6284656361870529,0.7927582457389218,0.3572492279030932,1029_LEV,3,DT,True,1
0.6401602513393436,0.6284656361870529,0.7927582457389218,0.3572492279030932,1029_LEV,3,DT,False,1
0.6069549371111178,0.5451184469282002,0.7383213710358113,0.33188081023630334,1029_LEV,4,DT,True,1
0.6069549371111178,0.5451184469282002,0.7383213710358113,0.33188081023630334,1029_LEV,4,DT,False,1
0.6570727944790096,0.6339323471972741,0.7961986857545509,0.32687494656656413,1029_LEV,5,DT,True,1
0.6570727944790096,0.6339323471972741,0.7961986857545509,0.32687494656656413,1029_LEV,5,DT,False,1
0.6276237969064006,0.6023568316774877,0.7761165065101293,0.3339707743504118,1029_LEV,0,DT,True,5
0.6276237969064006,0.6023568316774877,0.7761165065101293,0.3339707743504118,1029_LEV,0,DT,False,5
0.6246180025648111,0.5665351223897038,0.752685274460517,0.3936747854023237,1029_LEV,1,DT,True,5
0.6246180025648111,0.5665351223897038,0.752685274460517,0.3936747854023237,1029_LEV,1,DT,False,5
0.6679083297196303,0.6968551847700405,0.83477852438239,0.29688711051353,1029_LEV,2,DT,True,5
0.6679083297196303,0.6968551847700405,0.83477852438239,0.29688711051353,1029_LEV,2,DT,False,5
0.6401602513393436,0.6284656361870529,0.7927582457389218,0.3572492279030932,1029_LEV,3,DT,True,5
0.6401602513393436,0.6284656361870529,0.7927582457389218,0.3572492279030932,1029_LEV,3,DT,False,5
0.6069549371111178,0.5451184469282002,0.7383213710358113,0.33188081023630334,1029_LEV,4,DT,True,5
0.6069549371111178,0.5451184469282002,0.7383213710358113,0.33188081023630334,1029_LEV,4,DT,False,5
0.6570727944790096,0.6339323471972741,0.7961986857545509,0.32687494656656413,1029_LEV,5,DT,True,5
0.6570727944790096,0.6339323471972741,0.7961986857545509,0.32687494656656413,1029_LEV,5,DT,False,5
0.6276237969064006,0.6023568316774877,0.7761165065101293,0.3339707743504118,1029_LEV,0,DT,True,10
0.6276237969064006,0.6023568316774877,0.7761165065101293,0.3339707743504118,1029_LEV,0,DT,False,10
0.6246180025648111,0.5665351223897038,0.752685274460517,0.3936747854023237,1029_LEV,1,DT,True,10
0.6246180025648111,0.5665351223897038,0.752685274460517,0.3936747854023237,1029_LEV,1,DT,False,10
0.6679083297196303,0.6968551847700405,0.83477852438239,0.29688711051353,1029_LEV,2,DT,True,10
0.6679083297196303,0.6968551847700405,0.83477852438239,0.29688711051353,1029_LEV,2,DT,False,10
0.6401602513393436,0.6284656361870529,0.7927582457389218,0.3572492279030932,1029_LEV,3,DT,True,10
0.6401602513393436,0.6284656361870529,0.7927582457389218,0.3572492279030932,1029_LEV,3,DT,False,10
0.6069549371111178,0.5451184469282002,0.7383213710358113,0.33188081023630334,1029_LEV,4,DT,True,10
0.6069549371111178,0.5451184469282002,0.7383213710358113,0.33188081023630334,1029_LEV,4,DT,False,10
0.6570727944790096,0.6339323471972741,0.7961986857545509,0.32687494656656413,1029_LEV,5,DT,True,10
0.6570727944790096,0.6339323471972741,0.7961986857545509,0.32687494656656413,1029_LEV,5,DT,False,10
0.6276237969064006,0.6023568316774877,0.7761165065101293,0.3339707743504118,1029_LEV,0,DT,True,20
0.6276237969064006,0.6023568316774877,0.7761165065101293,0.3339707743504118,1029_LEV,0,DT,False,20
0.6246180025648111,0.5665351223897038,0.752685274460517,0.3936747854023237,1029_LEV,1,DT,True,20
0.6246180025648111,0.5665351223897038,0.752685274460517,0.3936747854023237,1029_LEV,1,DT,False,20
0.6679083297196303,0.6968551847700405,0.83477852438239,0.29688711051353,1029_LEV,2,DT,True,20
0.6679083297196303,0.6968551847700405,0.83477852438239,0.29688711051353,1029_LEV,2,DT,False,20
0.6401602513393436,0.6284656361870529,0.7927582457389218,0.3572492279030932,1029_LEV,3,DT,True,20
0.6401602513393436,0.6284656361870529,0.7927582457389218,0.3572492279030932,1029_LEV,3,DT,False,20
0.6069549371111178,0.5451184469282002,0.7383213710358113,0.33188081023630334,1029_LEV,4,DT,True,20
0.6069549371111178,0.5451184469282002,0.7383213710358113,0.33188081023630334,1029_LEV,4,DT,False,20
0.6570727944790096,0.6339323471972741,0.7961986857545509,0.32687494656656413,1029_LEV,5,DT,True,20
0.6570727944790096,0.6339323471972741,0.7961986857545509,0.32687494656656413,1029_LEV,5,DT,False,20
0.6250173174153264,0.6021654927615926,0.7759932298426273,0.3341823388306142,1029_LEV,0,RF,True,1
0.6250173174153264,0.6021654927615926,0.7759932298426273,0.3341823388306142,1029_LEV,0,RF,False,1
0.6236273527586556,0.565975388585103,0.7523133579733268,0.3942738316146055,1029_LEV,1,RF,True,1
0.6236273527586556,0.565975388585103,0.7523133579733268,0.3942738316146055,1029_LEV,1,RF,False,1
0.6659766682005036,0.6961809205652568,0.8343745685034131,0.2975674295578078,1029_LEV,2,RF,True,1
0.6659766682005036,0.6961809205652568,0.8343745685034131,0.2975674295578078,1029_LEV,2,RF,False,1
0.6401611304059898,0.6299541450951633,0.793696506918837,0.35572688492223314,1029_LEV,3,RF,True,1
0.6401611304059898,0.6299541450951633,0.793696506918837,0.35572688492223314,1029_LEV,3,RF,False,1
0.6076214998802832,0.5448678296854789,0.7381516305512567,0.33218797685319434,1029_LEV,4,RF,True,1
0.6076214998802832,0.5448678296854789,0.7381516305512567,0.33218797685319434,1029_LEV,4,RF,False,1
0.6583467683492435,0.634621464853601,0.7966313230432263,0.32614322438629084,1029_LEV,5,RF,True,1
0.6583467683492435,0.634621464853601,0.7966313230432263,0.32614322438629084,1029_LEV,5,RF,False,1
0.6250173174153264,0.6021654927615926,0.7759932298426273,0.3341823388306142,1029_LEV,0,RF,True,5
0.6250173174153264,0.6021654927615926,0.7759932298426273,0.3341823388306142,1029_LEV,0,RF,False,5
0.6236273527586556,0.565975388585103,0.7523133579733268,0.3942738316146055,1029_LEV,1,RF,True,5
0.6236273527586556,0.565975388585103,0.7523133579733268,0.3942738316146055,1029_LEV,1,RF,False,5
0.6659766682005036,0.6961809205652568,0.8343745685034131,0.2975674295578078,1029_LEV,2,RF,True,5
0.6659766682005036,0.6961809205652568,0.8343745685034131,0.2975674295578078,1029_LEV,2,RF,False,5
0.6401611304059898,0.6299541450951633,0.793696506918837,0.35572688492223314,1029_LEV,3,RF,True,5
0.6401611304059898,0.6299541450951633,0.793696506918837,0.35572688492223314,1029_LEV,3,RF,False,5
0.6076214998802832,0.5448678296854789,0.7381516305512567,0.33218797685319434,1029_LEV,4,RF,True,5
0.6076214998802832,0.5448678296854789,0.7381516305512567,0.33218797685319434,1029_LEV,4,RF,False,5
0.6583467683492435,0.634621464853601,0.7966313230432263,0.32614322438629084,1029_LEV,5,RF,True,5
0.6583467683492435,0.634621464853601,0.7966313230432263,0.32614322438629084,1029_LEV,5,RF,False,5
0.6250173174153264,0.6021654927615926,0.7759932298426273,0.3341823388306142,1029_LEV,0,RF,True,10
0.6250173174153264,0.6021654927615926,0.7759932298426273,0.3341823388306142,1029_LEV,0,RF,False,10
0.6236273527586556,0.565975388585103,0.7523133579733268,0.3942738316146055,1029_LEV,1,RF,True,10
0.6236273527586556,0.565975388585103,0.7523133579733268,0.3942738316146055,1029_LEV,1,RF,False,10
0.6659766682005036,0.6961809205652568,0.8343745685034131,0.2975674295578078,1029_LEV,2,RF,True,10
0.6659766682005036,0.6961809205652568,0.8343745685034131,0.2975674295578078,1029_LEV,2,RF,False,10
0.6401611304059898,0.6299541450951633,0.793696506918837,0.35572688492223314,1029_LEV,3,RF,True,10
0.6401611304059898,0.6299541450951633,0.793696506918837,0.35572688492223314,1029_LEV,3,RF,False,10
0.6076214998802832,0.5448678296854789,0.7381516305512567,0.33218797685319434,1029_LEV,4,RF,True,10
0.6076214998802832,0.5448678296854789,0.7381516305512567,0.33218797685319434,1029_LEV,4,RF,False,10
0.6583467683492435,0.634621464853601,0.7966313230432263,0.32614322438629084,1029_LEV,5,RF,True,10
0.6583467683492435,0.634621464853601,0.7966313230432263,0.32614322438629084,1029_LEV,5,RF,False,10
0.6250173174153264,0.6021654927615926,0.7759932298426273,0.3341823388306142,1029_LEV,0,RF,True,20
0.6250173174153264,0.6021654927615926,0.7759932298426273,0.3341823388306142,1029_LEV,0,RF,False,20
0.6236273527586556,0.565975388585103,0.7523133579733268,0.3942738316146055,1029_LEV,1,RF,True,20
0.6236273527586556,0.565975388585103,0.7523133579733268,0.3942738316146055,1029_LEV,1,RF,False,20
0.6659766682005036,0.6961809205652568,0.8343745685034131,0.2975674295578078,1029_LEV,2,RF,True,20
0.6659766682005036,0.6961809205652568,0.8343745685034131,0.2975674295578078,1029_LEV,2,RF,False,20
0.6401611304059898,0.6299541450951633,0.793696506918837,0.35572688492223314,1029_LEV,3,RF,True,20
0.6401611304059898,0.6299541450951633,0.793696506918837,0.35572688492223314,1029_LEV,3,RF,False,20
0.6076214998802832,0.5448678296854789,0.7381516305512567,0.33218797685319434,1029_LEV,4,RF,True,20
0.6076214998802832,0.5448678296854789,0.7381516305512567,0.33218797685319434,1029_LEV,4,RF,False,20
0.6583467683492435,0.634621464853601,0.7966313230432263,0.32614322438629084,1029_LEV,5,RF,True,20
0.6583467683492435,0.634621464853601,0.7966313230432263,0.32614322438629084,1029_LEV,5,RF,False,20
0.6083655899141501,0.6112017945228021,0.7817939591240151,0.3241908508151238,1029_LEV,0,SVR,True,1
0.6083655899141501,0.6112017945228021,0.7817939591240151,0.3241908508151238,1029_LEV,0,SVR,False,1
0.579268491291875,0.5624380326129316,0.7499586872707933,0.3980596306483676,1029_LEV,1,SVR,True,1
0.579268491291875,0.5624380326129316,0.7499586872707933,0.3980596306483676,1029_LEV,1,SVR,False,1
0.641038316960882,0.7352199625866922,0.8574496851633291,0.25817782001140943,1029_LEV,2,SVR,True,1
0.641038316960882,0.7352199625866922,0.8574496851633291,0.25817782001140943,1029_LEV,2,SVR,False,1
0.6294511573365071,0.6467985025556038,0.8042378395447479,0.33849965221487155,1029_LEV,3,SVR,True,1
0.6294511573365071,0.6467985025556038,0.8042378395447479,0.33849965221487155,1029_LEV,3,SVR,False,1
0.6025669456687401,0.574377527396462,0.7578769869817014,0.2960196992321831,1029_LEV,4,SVR,True,1
0.6025669456687401,0.574377527396462,0.7578769869817014,0.2960196992321831,1029_LEV,4,SVR,False,1
0.613023981247244,0.6361428210571165,0.797585619891129,0.3245278107221826,1029_LEV,5,SVR,True,1
0.613023981247244,0.6361428210571165,0.797585619891129,0.3245278107221826,1029_LEV,5,SVR,False,1
0.6083655899141501,0.6112017945228021,0.7817939591240151,0.3241908508151238,1029_LEV,0,SVR,True,5
0.6083655899141501,0.6112017945228021,0.7817939591240151,0.3241908508151238,1029_LEV,0,SVR,False,5
0.579268491291875,0.5624380326129316,0.7499586872707933,0.3980596306483676,1029_LEV,1,SVR,True,5
0.579268491291875,0.5624380326129316,0.7499586872707933,0.3980596306483676,1029_LEV,1,SVR,False,5
0.641038316960882,0.7352199625866922,0.8574496851633291,0.25817782001140943,1029_LEV,2,SVR,True,5
0.641038316960882,0.7352199625866922,0.8574496851633291,0.25817782001140943,1029_LEV,2,SVR,False,5
0.6294511573365071,0.6467985025556038,0.8042378395447479,0.33849965221487155,1029_LEV,3,SVR,True,5
0.6294511573365071,0.6467985025556038,0.8042378395447479,0.33849965221487155,1029_LEV,3,SVR,False,5
0.6025669456687401,0.574377527396462,0.7578769869817014,0.2960196992321831,1029_LEV,4,SVR,True,5
0.6025669456687401,0.574377527396462,0.7578769869817014,0.2960196992321831,1029_LEV,4,SVR,False,5
0.613023981247244,0.6361428210571165,0.797585619891129,0.3245278107221826,1029_LEV,5,SVR,True,5
0.613023981247244,0.6361428210571165,0.797585619891129,0.3245278107221826,1029_LEV,5,SVR,False,5
0.6083655899141501,0.6112017945228021,0.7817939591240151,0.3241908508151238,1029_LEV,0,SVR,True,10
0.6083655899141501,0.6112017945228021,0.7817939591240151,0.3241908508151238,1029_LEV,0,SVR,False,10
0.579268491291875,0.5624380326129316,0.7499586872707933,0.3980596306483676,1029_LEV,1,SVR,True,10
0.579268491291875,0.5624380326129316,0.7499586872707933,0.3980596306483676,1029_LEV,1,SVR,False,10
0.641038316960882,0.7352199625866922,0.8574496851633291,0.25817782001140943,1029_LEV,2,SVR,True,10
0.641038316960882,0.7352199625866922,0.8574496851633291,0.25817782001140943,1029_LEV,2,SVR,False,10
0.6294511573365071,0.6467985025556038,0.8042378395447479,0.33849965221487155,1029_LEV,3,SVR,True,10
0.6294511573365071,0.6467985025556038,0.8042378395447479,0.33849965221487155,1029_LEV,3,SVR,False,10
0.6025669456687401,0.574377527396462,0.7578769869817014,0.2960196992321831,1029_LEV,4,SVR,True,10
0.6025669456687401,0.574377527396462,0.7578769869817014,0.2960196992321831,1029_LEV,4,SVR,False,10
0.613023981247244,0.6361428210571165,0.797585619891129,0.3245278107221826,1029_LEV,5,SVR,True,10
0.613023981247244,0.6361428210571165,0.797585619891129,0.3245278107221826,1029_LEV,5,SVR,False,10
0.6083655899141501,0.6112017945228021,0.7817939591240151,0.3241908508151238,1029_LEV,0,SVR,True,20
0.6083655899141501,0.6112017945228021,0.7817939591240151,0.3241908508151238,1029_LEV,0,SVR,False,20
0.579268491291875,0.5624380326129316,0.7499586872707933,0.3980596306483676,1029_LEV,1,SVR,True,20
0.579268491291875,0.5624380326129316,0.7499586872707933,0.3980596306483676,1029_LEV,1,SVR,False,20
0.641038316960882,0.7352199625866922,0.8574496851633291,0.25817782001140943,1029_LEV,2,SVR,True,20
0.641038316960882,0.7352199625866922,0.8574496851633291,0.25817782001140943,1029_LEV,2,SVR,False,20
0.6294511573365071,0.6467985025556038,0.8042378395447479,0.33849965221487155,1029_LEV,3,SVR,True,20
0.6294511573365071,0.6467985025556038,0.8042378395447479,0.33849965221487155,1029_LEV,3,SVR,False,20
0.6025669456687401,0.574377527396462,0.7578769869817014,0.2960196992321831,1029_LEV,4,SVR,True,20
0.6025669456687401,0.574377527396462,0.7578769869817014,0.2960196992321831,1029_LEV,4,SVR,False,20
0.613023981247244,0.6361428210571165,0.797585619891129,0.3245278107221826,1029_LEV,5,SVR,True,20
0.613023981247244,0.6361428210571165,0.797585619891129,0.3245278107221826,1029_LEV,5,SVR,False,20
1.4935753321810337,3.295319441040236,1.8153014738715538,0.17984035415509703,1030_ERA,0,LR,True,1
1.4935753321810337,3.295319441040236,1.8153014738715538,0.17984035415509703,1030_ERA,0,LR,False,1
1.4953748601792125,3.3956939979920207,1.8427408927985565,0.12866131277308246,1030_ERA,1,LR,True,1
1.4953748601792125,3.3956939979920207,1.8427408927985565,0.12866131277308246,1030_ERA,1,LR,False,1
1.4045156611032559,3.0137505484825713,1.7360157108973904,0.22125308824739753,1030_ERA,2,LR,True,1
1.4045156611032559,3.0137505484825713,1.7360157108973904,0.22125308824739753,1030_ERA,2,LR,False,1
1.535974635299355,3.520589741300007,1.8763234639315276,0.16011958148993988,1030_ERA,3,LR,True,1
1.535974635299355,3.520589741300007,1.8763234639315276,0.16011958148993988,1030_ERA,3,LR,False,1
1.378801576607301,2.9977199105338537,1.731392477323918,0.19457268853707677,1030_ERA,4,LR,True,1
1.378801576607301,2.9977199105338537,1.731392477323918,0.19457268853707677,1030_ERA,4,LR,False,1
1.5572463745087213,3.4292157447903855,1.851814176636086,0.13340179808688557,1030_ERA,5,LR,True,1
1.5572463745087213,3.4292157447903855,1.851814176636086,0.13340179808688557,1030_ERA,5,LR,False,1
1.4935753321810337,3.295319441040236,1.8153014738715538,0.17984035415509703,1030_ERA,0,LR,True,5
1.4935753321810337,3.295319441040236,1.8153014738715538,0.17984035415509703,1030_ERA,0,LR,False,5
1.4953748601792125,3.3956939979920207,1.8427408927985565,0.12866131277308246,1030_ERA,1,LR,True,5
1.4953748601792125,3.3956939979920207,1.8427408927985565,0.12866131277308246,1030_ERA,1,LR,False,5
1.4045156611032559,3.0137505484825713,1.7360157108973904,0.22125308824739753,1030_ERA,2,LR,True,5
1.4045156611032559,3.0137505484825713,1.7360157108973904,0.22125308824739753,1030_ERA,2,LR,False,5
1.535974635299355,3.520589741300007,1.8763234639315276,0.16011958148993988,1030_ERA,3,LR,True,5
1.535974635299355,3.520589741300007,1.8763234639315276,0.16011958148993988,1030_ERA,3,LR,False,5
1.378801576607301,2.9977199105338537,1.731392477323918,0.19457268853707677,1030_ERA,4,LR,True,5
1.378801576607301,2.9977199105338537,1.731392477323918,0.19457268853707677,1030_ERA,4,LR,False,5
1.5572463745087213,3.4292157447903855,1.851814176636086,0.13340179808688557,1030_ERA,5,LR,True,5
1.5572463745087213,3.4292157447903855,1.851814176636086,0.13340179808688557,1030_ERA,5,LR,False,5
1.4935753321810337,3.295319441040236,1.8153014738715538,0.17984035415509703,1030_ERA,0,LR,True,10
1.4935753321810337,3.295319441040236,1.8153014738715538,0.17984035415509703,1030_ERA,0,LR,False,10
1.4953748601792125,3.3956939979920207,1.8427408927985565,0.12866131277308246,1030_ERA,1,LR,True,10
1.4953748601792125,3.3956939979920207,1.8427408927985565,0.12866131277308246,1030_ERA,1,LR,False,10
1.4045156611032559,3.0137505484825713,1.7360157108973904,0.22125308824739753,1030_ERA,2,LR,True,10
1.4045156611032559,3.0137505484825713,1.7360157108973904,0.22125308824739753,1030_ERA,2,LR,False,10
1.535974635299355,3.520589741300007,1.8763234639315276,0.16011958148993988,1030_ERA,3,LR,True,10
1.535974635299355,3.520589741300007,1.8763234639315276,0.16011958148993988,1030_ERA,3,LR,False,10
1.378801576607301,2.9977199105338537,1.731392477323918,0.19457268853707677,1030_ERA,4,LR,True,10
1.378801576607301,2.9977199105338537,1.731392477323918,0.19457268853707677,1030_ERA,4,LR,False,10
1.5572463745087213,3.4292157447903855,1.851814176636086,0.13340179808688557,1030_ERA,5,LR,True,10
1.5572463745087213,3.4292157447903855,1.851814176636086,0.13340179808688557,1030_ERA,5,LR,False,10
1.4935753321810337,3.295319441040236,1.8153014738715538,0.17984035415509703,1030_ERA,0,LR,True,20
1.4935753321810337,3.295319441040236,1.8153014738715538,0.17984035415509703,1030_ERA,0,LR,False,20
1.4953748601792125,3.3956939979920207,1.8427408927985565,0.12866131277308246,1030_ERA,1,LR,True,20
1.4953748601792125,3.3956939979920207,1.8427408927985565,0.12866131277308246,1030_ERA,1,LR,False,20
1.4045156611032559,3.0137505484825713,1.7360157108973904,0.22125308824739753,1030_ERA,2,LR,True,20
1.4045156611032559,3.0137505484825713,1.7360157108973904,0.22125308824739753,1030_ERA,2,LR,False,20
1.535974635299355,3.520589741300007,1.8763234639315276,0.16011958148993988,1030_ERA,3,LR,True,20
1.535974635299355,3.520589741300007,1.8763234639315276,0.16011958148993988,1030_ERA,3,LR,False,20
1.378801576607301,2.9977199105338537,1.731392477323918,0.19457268853707677,1030_ERA,4,LR,True,20
1.378801576607301,2.9977199105338537,1.731392477323918,0.19457268853707677,1030_ERA,4,LR,False,20
1.5572463745087213,3.4292157447903855,1.851814176636086,0.13340179808688557,1030_ERA,5,LR,True,20
1.5572463745087213,3.4292157447903855,1.851814176636086,0.13340179808688557,1030_ERA,5,LR,False,20
1.485,3.3042000000000002,1.817745856823775,0.17763010527887702,1030_ERA,0,KNN,True,1
1.485,3.3042000000000002,1.817745856823775,0.17763010527887702,1030_ERA,0,KNN,False,1
1.4889999999999999,3.4126,1.8473223865909274,0.12432321469810892,1030_ERA,1,KNN,True,1
1.4889999999999999,3.4126,1.8473223865909274,0.12432321469810892,1030_ERA,1,KNN,False,1
1.4,3.0264000000000006,1.739655138238611,0.21798449612403092,1030_ERA,2,KNN,True,1
1.4,3.0264000000000006,1.739655138238611,0.21798449612403092,1030_ERA,2,KNN,False,1
1.5079999999999998,3.2424,1.8006665432555802,0.226485200183693,1030_ERA,3,KNN,True,1
1.5079999999999998,3.2424,1.8006665432555802,0.226485200183693,1030_ERA,3,KNN,False,1
1.4269999999999998,3.0478000000000005,1.7457949478675898,0.18111717133722005,1030_ERA,4,KNN,True,1
1.4269999999999998,3.0478000000000005,1.7457949478675898,0.18111717133722005,1030_ERA,4,KNN,False,1
1.449,3.2754000000000003,1.809806619503863,0.17227262389123355,1030_ERA,5,KNN,True,1
1.449,3.2754000000000003,1.809806619503863,0.17227262389123355,1030_ERA,5,KNN,False,1
1.485,3.3042000000000002,1.817745856823775,0.17763010527887702,1030_ERA,0,KNN,True,5
1.485,3.3042000000000002,1.817745856823775,0.17763010527887702,1030_ERA,0,KNN,False,5
1.4889999999999999,3.4126,1.8473223865909274,0.12432321469810892,1030_ERA,1,KNN,True,5
1.4889999999999999,3.4126,1.8473223865909274,0.12432321469810892,1030_ERA,1,KNN,False,5
1.4,3.0264000000000006,1.739655138238611,0.21798449612403092,1030_ERA,2,KNN,True,5
1.4,3.0264000000000006,1.739655138238611,0.21798449612403092,1030_ERA,2,KNN,False,5
1.5079999999999998,3.2424,1.8006665432555802,0.226485200183693,1030_ERA,3,KNN,True,5
1.5079999999999998,3.2424,1.8006665432555802,0.226485200183693,1030_ERA,3,KNN,False,5
1.4269999999999998,3.0478000000000005,1.7457949478675898,0.18111717133722005,1030_ERA,4,KNN,True,5
1.4269999999999998,3.0478000000000005,1.7457949478675898,0.18111717133722005,1030_ERA,4,KNN,False,5
1.449,3.2754000000000003,1.809806619503863,0.17227262389123355,1030_ERA,5,KNN,True,5
1.449,3.2754000000000003,1.809806619503863,0.17227262389123355,1030_ERA,5,KNN,False,5
1.485,3.3042000000000002,1.817745856823775,0.17763010527887702,1030_ERA,0,KNN,True,10
1.485,3.3042000000000002,1.817745856823775,0.17763010527887702,1030_ERA,0,KNN,False,10
1.4889999999999999,3.4126,1.8473223865909274,0.12432321469810892,1030_ERA,1,KNN,True,10
1.4889999999999999,3.4126,1.8473223865909274,0.12432321469810892,1030_ERA,1,KNN,False,10
1.4,3.0264000000000006,1.739655138238611,0.21798449612403092,1030_ERA,2,KNN,True,10
1.4,3.0264000000000006,1.739655138238611,0.21798449612403092,1030_ERA,2,KNN,False,10
1.5079999999999998,3.2424,1.8006665432555802,0.226485200183693,1030_ERA,3,KNN,True,10
1.5079999999999998,3.2424,1.8006665432555802,0.226485200183693,1030_ERA,3,KNN,False,10
1.4269999999999998,3.0478000000000005,1.7457949478675898,0.18111717133722005,1030_ERA,4,KNN,True,10
1.4269999999999998,3.0478000000000005,1.7457949478675898,0.18111717133722005,1030_ERA,4,KNN,False,10
1.449,3.2754000000000003,1.809806619503863,0.17227262389123355,1030_ERA,5,KNN,True,10
1.449,3.2754000000000003,1.809806619503863,0.17227262389123355,1030_ERA,5,KNN,False,10
1.485,3.3042000000000002,1.817745856823775,0.17763010527887702,1030_ERA,0,KNN,True,20
1.485,3.3042000000000002,1.817745856823775,0.17763010527887702,1030_ERA,0,KNN,False,20
1.4889999999999999,3.4126,1.8473223865909274,0.12432321469810892,1030_ERA,1,KNN,True,20
1.4889999999999999,3.4126,1.8473223865909274,0.12432321469810892,1030_ERA,1,KNN,False,20
1.4,3.0264000000000006,1.739655138238611,0.21798449612403092,1030_ERA,2,KNN,True,20
1.4,3.0264000000000006,1.739655138238611,0.21798449612403092,1030_ERA,2,KNN,False,20
1.5079999999999998,3.2424,1.8006665432555802,0.226485200183693,1030_ERA,3,KNN,True,20
1.5079999999999998,3.2424,1.8006665432555802,0.226485200183693,1030_ERA,3,KNN,False,20
1.4269999999999998,3.0478000000000005,1.7457949478675898,0.18111717133722005,1030_ERA,4,KNN,True,20
1.4269999999999998,3.0478000000000005,1.7457949478675898,0.18111717133722005,1030_ERA,4,KNN,False,20
1.449,3.2754000000000003,1.809806619503863,0.17227262389123355,1030_ERA,5,KNN,True,20
1.449,3.2754000000000003,1.809806619503863,0.17227262389123355,1030_ERA,5,KNN,False,20
1.377920809990802,2.9155495787950074,1.7074980464981526,0.27435984499489596,1030_ERA,0,DT,True,1
1.377920809990802,2.9155495787950074,1.7074980464981526,0.27435984499489596,1030_ERA,0,DT,False,1
1.4151347249044546,3.023314127125959,1.7387679911724736,0.22421438322702547,1030_ERA,1,DT,True,1
1.4151347249044546,3.023314127125959,1.7387679911724736,0.22421438322702547,1030_ERA,1,DT,False,1
1.2919830342685932,2.606365202818007,1.6144241087205082,0.3265206194268716,1030_ERA,2,DT,True,1
1.2919830342685932,2.606365202818007,1.6144241087205082,0.3265206194268716,1030_ERA,2,DT,False,1
1.437825762353579,3.0334115469672565,1.741669184135511,0.27634199188476083,1030_ERA,3,DT,True,1
1.437825762353579,3.0334115469672565,1.741669184135511,0.27634199188476083,1030_ERA,3,DT,False,1
1.2754451886904286,2.497971377732606,1.5804971932061778,0.328845111977053,1030_ERA,4,DT,True,1
1.2754451886904286,2.497971377732606,1.5804971932061778,0.328845111977053,1030_ERA,4,DT,False,1
1.44699497879909,3.1205851642510334,1.7665178075103103,0.2113959302895977,1030_ERA,5,DT,True,1
1.44699497879909,3.1205851642510334,1.7665178075103103,0.2113959302895977,1030_ERA,5,DT,False,1
1.377920809990802,2.9155495787950074,1.7074980464981526,0.27435984499489596,1030_ERA,0,DT,True,5
1.377920809990802,2.9155495787950074,1.7074980464981526,0.27435984499489596,1030_ERA,0,DT,False,5
1.4151347249044546,3.023314127125959,1.7387679911724736,0.22421438322702547,1030_ERA,1,DT,True,5
1.4151347249044546,3.023314127125959,1.7387679911724736,0.22421438322702547,1030_ERA,1,DT,False,5
1.2919830342685932,2.606365202818007,1.6144241087205082,0.3265206194268716,1030_ERA,2,DT,True,5
1.2919830342685932,2.606365202818007,1.6144241087205082,0.3265206194268716,1030_ERA,2,DT,False,5
1.437825762353579,3.0334115469672565,1.741669184135511,0.27634199188476083,1030_ERA,3,DT,True,5
1.437825762353579,3.0334115469672565,1.741669184135511,0.27634199188476083,1030_ERA,3,DT,False,5
1.2754451886904286,2.497971377732606,1.5804971932061778,0.328845111977053,1030_ERA,4,DT,True,5
1.2754451886904286,2.497971377732606,1.5804971932061778,0.328845111977053,1030_ERA,4,DT,False,5
1.44699497879909,3.1205851642510334,1.7665178075103103,0.2113959302895977,1030_ERA,5,DT,True,5
1.44699497879909,3.1205851642510334,1.7665178075103103,0.2113959302895977,1030_ERA,5,DT,False,5
1.377920809990802,2.9155495787950074,1.7074980464981526,0.27435984499489596,1030_ERA,0,DT,True,10
1.377920809990802,2.9155495787950074,1.7074980464981526,0.27435984499489596,1030_ERA,0,DT,False,10
1.4151347249044546,3.023314127125959,1.7387679911724736,0.22421438322702547,1030_ERA,1,DT,True,10
1.4151347249044546,3.023314127125959,1.7387679911724736,0.22421438322702547,1030_ERA,1,DT,False,10
1.2919830342685932,2.606365202818007,1.6144241087205082,0.3265206194268716,1030_ERA,2,DT,True,10
1.2919830342685932,2.606365202818007,1.6144241087205082,0.3265206194268716,1030_ERA,2,DT,False,10
1.437825762353579,3.0334115469672565,1.741669184135511,0.27634199188476083,1030_ERA,3,DT,True,10
1.437825762353579,3.0334115469672565,1.741669184135511,0.27634199188476083,1030_ERA,3,DT,False,10
1.2754451886904286,2.497971377732606,1.5804971932061778,0.328845111977053,1030_ERA,4,DT,True,10
1.2754451886904286,2.497971377732606,1.5804971932061778,0.328845111977053,1030_ERA,4,DT,False,10
1.44699497879909,3.1205851642510334,1.7665178075103103,0.2113959302895977,1030_ERA,5,DT,True,10
1.44699497879909,3.1205851642510334,1.7665178075103103,0.2113959302895977,1030_ERA,5,DT,False,10
1.377920809990802,2.9155495787950074,1.7074980464981526,0.27435984499489596,1030_ERA,0,DT,True,20
1.377920809990802,2.9155495787950074,1.7074980464981526,0.27435984499489596,1030_ERA,0,DT,False,20
1.4151347249044546,3.023314127125959,1.7387679911724736,0.22421438322702547,1030_ERA,1,DT,True,20
1.4151347249044546,3.023314127125959,1.7387679911724736,0.22421438322702547,1030_ERA,1,DT,False,20
1.2919830342685932,2.606365202818007,1.6144241087205082,0.3265206194268716,1030_ERA,2,DT,True,20
1.2919830342685932,2.606365202818007,1.6144241087205082,0.3265206194268716,1030_ERA,2,DT,False,20
1.437825762353579,3.0334115469672565,1.741669184135511,0.27634199188476083,1030_ERA,3,DT,True,20
1.437825762353579,3.0334115469672565,1.741669184135511,0.27634199188476083,1030_ERA,3,DT,False,20
1.2754451886904286,2.497971377732606,1.5804971932061778,0.328845111977053,1030_ERA,4,DT,True,20
1.2754451886904286,2.497971377732606,1.5804971932061778,0.328845111977053,1030_ERA,4,DT,False,20
1.44699497879909,3.1205851642510334,1.7665178075103103,0.2113959302895977,1030_ERA,5,DT,True,20
1.44699497879909,3.1205851642510334,1.7665178075103103,0.2113959302895977,1030_ERA,5,DT,False,20
1.3779192240890878,2.90701899262026,1.7049982383041515,0.2764829904626148,1030_ERA,0,RF,True,1
1.3779192240890878,2.90701899262026,1.7049982383041515,0.2764829904626148,1030_ERA,0,RF,False,1
1.4127845077182486,3.012553100717872,1.7356707927247816,0.22697567403508467,1030_ERA,1,RF,True,1
1.4127845077182486,3.012553100717872,1.7356707927247816,0.22697567403508467,1030_ERA,1,RF,False,1
1.2914091476269356,2.602378687901454,1.6131889808393354,0.32755072664045115,1030_ERA,2,RF,True,1
1.2914091476269356,2.602378687901454,1.6131889808393354,0.32755072664045115,1030_ERA,2,RF,False,1
1.439153525367878,3.039571261219729,1.7434366238036096,0.2748725155286891,1030_ERA,3,RF,True,1
1.439153525367878,3.039571261219729,1.7434366238036096,0.2748725155286891,1030_ERA,3,RF,False,1
1.2745793875125557,2.4907465116502903,1.5782099073476539,0.3307862888174613,1030_ERA,4,RF,True,1
1.2745793875125557,2.4907465116502903,1.5782099073476539,0.3307862888174613,1030_ERA,4,RF,False,1
1.446779543409771,3.1272162377492747,1.7683936885629497,0.2097201895960995,1030_ERA,5,RF,True,1
1.446779543409771,3.1272162377492747,1.7683936885629497,0.2097201895960995,1030_ERA,5,RF,False,1
1.3779192240890878,2.90701899262026,1.7049982383041515,0.2764829904626148,1030_ERA,0,RF,True,5
1.3779192240890878,2.90701899262026,1.7049982383041515,0.2764829904626148,1030_ERA,0,RF,False,5
1.4127845077182486,3.012553100717872,1.7356707927247816,0.22697567403508467,1030_ERA,1,RF,True,5
1.4127845077182486,3.012553100717872,1.7356707927247816,0.22697567403508467,1030_ERA,1,RF,False,5
1.2914091476269356,2.602378687901454,1.6131889808393354,0.32755072664045115,1030_ERA,2,RF,True,5
1.2914091476269356,2.602378687901454,1.6131889808393354,0.32755072664045115,1030_ERA,2,RF,False,5
1.439153525367878,3.039571261219729,1.7434366238036096,0.2748725155286891,1030_ERA,3,RF,True,5
1.439153525367878,3.039571261219729,1.7434366238036096,0.2748725155286891,1030_ERA,3,RF,False,5
1.2745793875125557,2.4907465116502903,1.5782099073476539,0.3307862888174613,1030_ERA,4,RF,True,5
1.2745793875125557,2.4907465116502903,1.5782099073476539,0.3307862888174613,1030_ERA,4,RF,False,5
1.446779543409771,3.1272162377492747,1.7683936885629497,0.2097201895960995,1030_ERA,5,RF,True,5
1.446779543409771,3.1272162377492747,1.7683936885629497,0.2097201895960995,1030_ERA,5,RF,False,5
1.3779192240890878,2.90701899262026,1.7049982383041515,0.2764829904626148,1030_ERA,0,RF,True,10
1.3779192240890878,2.90701899262026,1.7049982383041515,0.2764829904626148,1030_ERA,0,RF,False,10
1.4127845077182486,3.012553100717872,1.7356707927247816,0.22697567403508467,1030_ERA,1,RF,True,10
1.4127845077182486,3.012553100717872,1.7356707927247816,0.22697567403508467,1030_ERA,1,RF,False,10
1.2914091476269356,2.602378687901454,1.6131889808393354,0.32755072664045115,1030_ERA,2,RF,True,10
1.2914091476269356,2.602378687901454,1.6131889808393354,0.32755072664045115,1030_ERA,2,RF,False,10
1.439153525367878,3.039571261219729,1.7434366238036096,0.2748725155286891,1030_ERA,3,RF,True,10
1.439153525367878,3.039571261219729,1.7434366238036096,0.2748725155286891,1030_ERA,3,RF,False,10
1.2745793875125557,2.4907465116502903,1.5782099073476539,0.3307862888174613,1030_ERA,4,RF,True,10
1.2745793875125557,2.4907465116502903,1.5782099073476539,0.3307862888174613,1030_ERA,4,RF,False,10
1.446779543409771,3.1272162377492747,1.7683936885629497,0.2097201895960995,1030_ERA,5,RF,True,10
1.446779543409771,3.1272162377492747,1.7683936885629497,0.2097201895960995,1030_ERA,5,RF,False,10
1.3779192240890878,2.90701899262026,1.7049982383041515,0.2764829904626148,1030_ERA,0,RF,True,20
1.3779192240890878,2.90701899262026,1.7049982383041515,0.2764829904626148,1030_ERA,0,RF,False,20
1.4127845077182486,3.012553100717872,1.7356707927247816,0.22697567403508467,1030_ERA,1,RF,True,20
1.4127845077182486,3.012553100717872,1.7356707927247816,0.22697567403508467,1030_ERA,1,RF,False,20
1.2914091476269356,2.602378687901454,1.6131889808393354,0.32755072664045115,1030_ERA,2,RF,True,20
1.2914091476269356,2.602378687901454,1.6131889808393354,0.32755072664045115,1030_ERA,2,RF,False,20
1.439153525367878,3.039571261219729,1.7434366238036096,0.2748725155286891,1030_ERA,3,RF,True,20
1.439153525367878,3.039571261219729,1.7434366238036096,0.2748725155286891,1030_ERA,3,RF,False,20
1.2745793875125557,2.4907465116502903,1.5782099073476539,0.3307862888174613,1030_ERA,4,RF,True,20
1.2745793875125557,2.4907465116502903,1.5782099073476539,0.3307862888174613,1030_ERA,4,RF,False,20
1.446779543409771,3.1272162377492747,1.7683936885629497,0.2097201895960995,1030_ERA,5,RF,True,20
1.446779543409771,3.1272162377492747,1.7683936885629497,0.2097201895960995,1030_ERA,5,RF,False,20
1.4805792330660492,3.3211860191185134,1.8224121430451767,0.17340251894807912,1030_ERA,0,SVR,True,1
1.4805792330660492,3.3211860191185134,1.8224121430451767,0.17340251894807912,1030_ERA,0,SVR,False,1
1.5020675499678726,3.4763803462359055,1.8645053891678365,0.10795711009830256,1030_ERA,1,SVR,True,1
1.5020675499678726,3.4763803462359055,1.8645053891678365,0.10795711009830256,1030_ERA,1,SVR,False,1
1.4053663282722926,3.0925652583270793,1.7585690939872336,0.2008875301480415,1030_ERA,2,SVR,True,1
1.4053663282722926,3.0925652583270793,1.7585690939872336,0.2008875301480415,1030_ERA,2,SVR,False,1
1.5268204767360951,3.536031546154618,1.880433871784546,0.15643574711080188,1030_ERA,3,SVR,True,1
1.5268204767360951,3.536031546154618,1.880433871784546,0.15643574711080188,1030_ERA,3,SVR,False,1
1.3701025612374462,2.9981113705340636,1.7315055213697887,0.1944675110738967,1030_ERA,4,SVR,True,1
1.3701025612374462,2.9981113705340636,1.7315055213697887,0.1944675110738967,1030_ERA,4,SVR,False,1
1.5632819408028593,3.5081388218523397,1.8730026219555433,0.11345712217221215,1030_ERA,5,SVR,True,1
1.5632819408028593,3.5081388218523397,1.8730026219555433,0.11345712217221215,1030_ERA,5,SVR,False,1
1.4805792330660492,3.3211860191185134,1.8224121430451767,0.17340251894807912,1030_ERA,0,SVR,True,5
1.4805792330660492,3.3211860191185134,1.8224121430451767,0.17340251894807912,1030_ERA,0,SVR,False,5
1.5020675499678726,3.4763803462359055,1.8645053891678365,0.10795711009830256,1030_ERA,1,SVR,True,5
1.5020675499678726,3.4763803462359055,1.8645053891678365,0.10795711009830256,1030_ERA,1,SVR,False,5
1.4053663282722926,3.0925652583270793,1.7585690939872336,0.2008875301480415,1030_ERA,2,SVR,True,5
1.4053663282722926,3.0925652583270793,1.7585690939872336,0.2008875301480415,1030_ERA,2,SVR,False,5
1.5268204767360951,3.536031546154618,1.880433871784546,0.15643574711080188,1030_ERA,3,SVR,True,5
1.5268204767360951,3.536031546154618,1.880433871784546,0.15643574711080188,1030_ERA,3,SVR,False,5
1.3701025612374462,2.9981113705340636,1.7315055213697887,0.1944675110738967,1030_ERA,4,SVR,True,5
1.3701025612374462,2.9981113705340636,1.7315055213697887,0.1944675110738967,1030_ERA,4,SVR,False,5
1.5632819408028593,3.5081388218523397,1.8730026219555433,0.11345712217221215,1030_ERA,5,SVR,True,5
1.5632819408028593,3.5081388218523397,1.8730026219555433,0.11345712217221215,1030_ERA,5,SVR,False,5
1.4805792330660492,3.3211860191185134,1.8224121430451767,0.17340251894807912,1030_ERA,0,SVR,True,10
1.4805792330660492,3.3211860191185134,1.8224121430451767,0.17340251894807912,1030_ERA,0,SVR,False,10
1.5020675499678726,3.4763803462359055,1.8645053891678365,0.10795711009830256,1030_ERA,1,SVR,True,10
1.5020675499678726,3.4763803462359055,1.8645053891678365,0.10795711009830256,1030_ERA,1,SVR,False,10
1.4053663282722926,3.0925652583270793,1.7585690939872336,0.2008875301480415,1030_ERA,2,SVR,True,10
1.4053663282722926,3.0925652583270793,1.7585690939872336,0.2008875301480415,1030_ERA,2,SVR,False,10
1.5268204767360951,3.536031546154618,1.880433871784546,0.15643574711080188,1030_ERA,3,SVR,True,10
1.5268204767360951,3.536031546154618,1.880433871784546,0.15643574711080188,1030_ERA,3,SVR,False,10
1.3701025612374462,2.9981113705340636,1.7315055213697887,0.1944675110738967,1030_ERA,4,SVR,True,10
1.3701025612374462,2.9981113705340636,1.7315055213697887,0.1944675110738967,1030_ERA,4,SVR,False,10
1.5632819408028593,3.5081388218523397,1.8730026219555433,0.11345712217221215,1030_ERA,5,SVR,True,10
1.5632819408028593,3.5081388218523397,1.8730026219555433,0.11345712217221215,1030_ERA,5,SVR,False,10
1.4805792330660492,3.3211860191185134,1.8224121430451767,0.17340251894807912,1030_ERA,0,SVR,True,20
1.4805792330660492,3.3211860191185134,1.8224121430451767,0.17340251894807912,1030_ERA,0,SVR,False,20
1.5020675499678726,3.4763803462359055,1.8645053891678365,0.10795711009830256,1030_ERA,1,SVR,True,20
1.5020675499678726,3.4763803462359055,1.8645053891678365,0.10795711009830256,1030_ERA,1,SVR,False,20
1.4053663282722926,3.0925652583270793,1.7585690939872336,0.2008875301480415,1030_ERA,2,SVR,True,20
1.4053663282722926,3.0925652583270793,1.7585690939872336,0.2008875301480415,1030_ERA,2,SVR,False,20
1.5268204767360951,3.536031546154618,1.880433871784546,0.15643574711080188,1030_ERA,3,SVR,True,20
1.5268204767360951,3.536031546154618,1.880433871784546,0.15643574711080188,1030_ERA,3,SVR,False,20
1.3701025612374462,2.9981113705340636,1.7315055213697887,0.1944675110738967,1030_ERA,4,SVR,True,20
1.3701025612374462,2.9981113705340636,1.7315055213697887,0.1944675110738967,1030_ERA,4,SVR,False,20
1.5632819408028593,3.5081388218523397,1.8730026219555433,0.11345712217221215,1030_ERA,5,SVR,True,20
1.5632819408028593,3.5081388218523397,1.8730026219555433,0.11345712217221215,1030_ERA,5,SVR,False,20
2.138232671394698,7.217536081406011,2.6865472416106906,0.27432208472558284,529_pollen,0,LR,True,1
2.138232671394698,7.217536081406011,2.6865472416106906,0.27432208472558284,529_pollen,0,LR,False,1
2.140777856727663,7.121403035739109,2.6685957048116355,0.3016740046116003,529_pollen,1,LR,True,1
2.140777856727663,7.121403035739109,2.6685957048116355,0.3016740046116003,529_pollen,1,LR,False,1
2.086931219822523,6.769682009378308,2.6018612586720122,0.3557272598108093,529_pollen,2,LR,True,1
2.086931219822523,6.769682009378308,2.6018612586720122,0.3557272598108093,529_pollen,2,LR,False,1
2.086654017903313,6.742878292314918,2.59670527636752,0.3555519912036591,529_pollen,3,LR,True,1
2.086654017903313,6.742878292314918,2.59670527636752,0.3555519912036591,529_pollen,3,LR,False,1
2.0696258647266976,6.688421142976127,2.5861982025699666,0.3187039753528875,529_pollen,4,LR,True,1
2.0696258647266976,6.688421142976127,2.5861982025699666,0.3187039753528875,529_pollen,4,LR,False,1
2.0568238883213468,6.612716814897206,2.571520331418207,0.3564134164322226,529_pollen,5,LR,True,1
2.0568238883213468,6.612716814897206,2.571520331418207,0.3564134164322226,529_pollen,5,LR,False,1
2.138232671394698,7.217536081406011,2.6865472416106906,0.27432208472558284,529_pollen,0,LR,True,5
2.138232671394698,7.217536081406011,2.6865472416106906,0.27432208472558284,529_pollen,0,LR,False,5
2.140777856727663,7.121403035739109,2.6685957048116355,0.3016740046116003,529_pollen,1,LR,True,5
2.140777856727663,7.121403035739109,2.6685957048116355,0.3016740046116003,529_pollen,1,LR,False,5
2.086931219822523,6.769682009378308,2.6018612586720122,0.3557272598108093,529_pollen,2,LR,True,5
2.086931219822523,6.769682009378308,2.6018612586720122,0.3557272598108093,529_pollen,2,LR,False,5
2.086654017903313,6.742878292314918,2.59670527636752,0.3555519912036591,529_pollen,3,LR,True,5
2.086654017903313,6.742878292314918,2.59670527636752,0.3555519912036591,529_pollen,3,LR,False,5
2.0696258647266976,6.688421142976127,2.5861982025699666,0.3187039753528875,529_pollen,4,LR,True,5
2.0696258647266976,6.688421142976127,2.5861982025699666,0.3187039753528875,529_pollen,4,LR,False,5
2.0568238883213468,6.612716814897206,2.571520331418207,0.3564134164322226,529_pollen,5,LR,True,5
2.0568238883213468,6.612716814897206,2.571520331418207,0.3564134164322226,529_pollen,5,LR,False,5
2.138232671394698,7.217536081406011,2.6865472416106906,0.27432208472558284,529_pollen,0,LR,True,10
2.138232671394698,7.217536081406011,2.6865472416106906,0.27432208472558284,529_pollen,0,LR,False,10
2.140777856727663,7.121403035739109,2.6685957048116355,0.3016740046116003,529_pollen,1,LR,True,10
2.140777856727663,7.121403035739109,2.6685957048116355,0.3016740046116003,529_pollen,1,LR,False,10
2.086931219822523,6.769682009378308,2.6018612586720122,0.3557272598108093,529_pollen,2,LR,True,10
2.086931219822523,6.769682009378308,2.6018612586720122,0.3557272598108093,529_pollen,2,LR,False,10
2.086654017903313,6.742878292314918,2.59670527636752,0.3555519912036591,529_pollen,3,LR,True,10
2.086654017903313,6.742878292314918,2.59670527636752,0.3555519912036591,529_pollen,3,LR,False,10
2.0696258647266976,6.688421142976127,2.5861982025699666,0.3187039753528875,529_pollen,4,LR,True,10
2.0696258647266976,6.688421142976127,2.5861982025699666,0.3187039753528875,529_pollen,4,LR,False,10
2.0568238883213468,6.612716814897206,2.571520331418207,0.3564134164322226,529_pollen,5,LR,True,10
2.0568238883213468,6.612716814897206,2.571520331418207,0.3564134164322226,529_pollen,5,LR,False,10
2.138232671394698,7.217536081406011,2.6865472416106906,0.27432208472558284,529_pollen,0,LR,True,20
2.138232671394698,7.217536081406011,2.6865472416106906,0.27432208472558284,529_pollen,0,LR,False,20
2.140777856727663,7.121403035739109,2.6685957048116355,0.3016740046116003,529_pollen,1,LR,True,20
2.140777856727663,7.121403035739109,2.6685957048116355,0.3016740046116003,529_pollen,1,LR,False,20
2.086931219822523,6.769682009378308,2.6018612586720122,0.3557272598108093,529_pollen,2,LR,True,20
2.086931219822523,6.769682009378308,2.6018612586720122,0.3557272598108093,529_pollen,2,LR,False,20
2.086654017903313,6.742878292314918,2.59670527636752,0.3555519912036591,529_pollen,3,LR,True,20
2.086654017903313,6.742878292314918,2.59670527636752,0.3555519912036591,529_pollen,3,LR,False,20
2.0696258647266976,6.688421142976127,2.5861982025699666,0.3187039753528875,529_pollen,4,LR,True,20
2.0696258647266976,6.688421142976127,2.5861982025699666,0.3187039753528875,529_pollen,4,LR,False,20
2.0568238883213468,6.612716814897206,2.571520331418207,0.3564134164322226,529_pollen,5,LR,True,20
2.0568238883213468,6.612716814897206,2.571520331418207,0.3564134164322226,529_pollen,5,LR,False,20
2.310603867685785,8.433086508161047,2.903977704487596,0.15210612492303943,529_pollen,0,KNN,True,1
2.310603867685785,8.433086508161047,2.903977704487596,0.15210612492303943,529_pollen,0,KNN,False,1
2.3104539209167627,8.27043511139422,2.8758364194429102,0.1889997234428229,529_pollen,1,KNN,True,1
2.3104539209167627,8.27043511139422,2.8758364194429102,0.1889997234428229,529_pollen,1,KNN,False,1
2.310004622906495,8.245498712691862,2.8714976428149583,0.21527332561662116,529_pollen,2,KNN,True,1
2.310004622906495,8.245498712691862,2.8714976428149583,0.21527332561662116,529_pollen,2,KNN,False,1
2.2849537923866765,8.070672936739523,2.8408929822750317,0.2286485268974524,529_pollen,3,KNN,True,1
2.2849537923866765,8.070672936739523,2.8408929822750317,0.2286485268974524,529_pollen,3,KNN,False,1
2.2220471421173205,7.649079172557021,2.765696869245981,0.22084941706358052,529_pollen,4,KNN,True,1
2.2220471421173205,7.649079172557021,2.765696869245981,0.22084941706358052,529_pollen,4,KNN,False,1
2.2039597086936187,7.615860988002259,2.7596849436126325,0.25878181519078325,529_pollen,5,KNN,True,1
2.2039597086936187,7.615860988002259,2.7596849436126325,0.25878181519078325,529_pollen,5,KNN,False,1
2.310603867685785,8.433086508161047,2.903977704487596,0.15210612492303943,529_pollen,0,KNN,True,5
2.310603867685785,8.433086508161047,2.903977704487596,0.15210612492303943,529_pollen,0,KNN,False,5
2.3104539209167627,8.27043511139422,2.8758364194429102,0.1889997234428229,529_pollen,1,KNN,True,5
2.3104539209167627,8.27043511139422,2.8758364194429102,0.1889997234428229,529_pollen,1,KNN,False,5
2.310004622906495,8.245498712691862,2.8714976428149583,0.21527332561662116,529_pollen,2,KNN,True,5
2.310004622906495,8.245498712691862,2.8714976428149583,0.21527332561662116,529_pollen,2,KNN,False,5
2.2849537923866765,8.070672936739523,2.8408929822750317,0.2286485268974524,529_pollen,3,KNN,True,5
2.2849537923866765,8.070672936739523,2.8408929822750317,0.2286485268974524,529_pollen,3,KNN,False,5
2.2220471421173205,7.649079172557021,2.765696869245981,0.22084941706358052,529_pollen,4,KNN,True,5
2.2220471421173205,7.649079172557021,2.765696869245981,0.22084941706358052,529_pollen,4,KNN,False,5
2.2039597086936187,7.615860988002259,2.7596849436126325,0.25878181519078325,529_pollen,5,KNN,True,5
2.2039597086936187,7.615860988002259,2.7596849436126325,0.25878181519078325,529_pollen,5,KNN,False,5
2.310603867685785,8.433086508161047,2.903977704487596,0.15210612492303943,529_pollen,0,KNN,True,10
2.310603867685785,8.433086508161047,2.903977704487596,0.15210612492303943,529_pollen,0,KNN,False,10
2.3104539209167627,8.27043511139422,2.8758364194429102,0.1889997234428229,529_pollen,1,KNN,True,10
2.3104539209167627,8.27043511139422,2.8758364194429102,0.1889997234428229,529_pollen,1,KNN,False,10
2.310004622906495,8.245498712691862,2.8714976428149583,0.21527332561662116,529_pollen,2,KNN,True,10
2.310004622906495,8.245498712691862,2.8714976428149583,0.21527332561662116,529_pollen,2,KNN,False,10
2.2849537923866765,8.070672936739523,2.8408929822750317,0.2286485268974524,529_pollen,3,KNN,True,10
2.2849537923866765,8.070672936739523,2.8408929822750317,0.2286485268974524,529_pollen,3,KNN,False,10
2.2220471421173205,7.649079172557021,2.765696869245981,0.22084941706358052,529_pollen,4,KNN,True,10
2.2220471421173205,7.649079172557021,2.765696869245981,0.22084941706358052,529_pollen,4,KNN,False,10
2.2039597086936187,7.615860988002259,2.7596849436126325,0.25878181519078325,529_pollen,5,KNN,True,10
2.2039597086936187,7.615860988002259,2.7596849436126325,0.25878181519078325,529_pollen,5,KNN,False,10
2.310603867685785,8.433086508161047,2.903977704487596,0.15210612492303943,529_pollen,0,KNN,True,20
2.310603867685785,8.433086508161047,2.903977704487596,0.15210612492303943,529_pollen,0,KNN,False,20
2.3104539209167627,8.27043511139422,2.8758364194429102,0.1889997234428229,529_pollen,1,KNN,True,20
2.3104539209167627,8.27043511139422,2.8758364194429102,0.1889997234428229,529_pollen,1,KNN,False,20
2.310004622906495,8.245498712691862,2.8714976428149583,0.21527332561662116,529_pollen,2,KNN,True,20
2.310004622906495,8.245498712691862,2.8714976428149583,0.21527332561662116,529_pollen,2,KNN,False,20
2.2849537923866765,8.070672936739523,2.8408929822750317,0.2286485268974524,529_pollen,3,KNN,True,20
2.2849537923866765,8.070672936739523,2.8408929822750317,0.2286485268974524,529_pollen,3,KNN,False,20
2.2220471421173205,7.649079172557021,2.765696869245981,0.22084941706358052,529_pollen,4,KNN,True,20
2.2220471421173205,7.649079172557021,2.765696869245981,0.22084941706358052,529_pollen,4,KNN,False,20
2.2039597086936187,7.615860988002259,2.7596849436126325,0.25878181519078325,529_pollen,5,KNN,True,20
2.2039597086936187,7.615860988002259,2.7596849436126325,0.25878181519078325,529_pollen,5,KNN,False,20
2.9096655795060387,13.76999412634482,3.710794271627682,-0.38448641173959675,529_pollen,0,DT,True,1
2.9096655795060387,13.76999412634482,3.710794271627682,-0.38448641173959675,529_pollen,0,DT,False,1
2.8642255781696164,12.792292832117768,3.5766314923567073,-0.25441441531351017,529_pollen,1,DT,True,1
2.8642255781696164,12.792292832117768,3.5766314923567073,-0.25441441531351017,529_pollen,1,DT,False,1
3.0048666842572103,14.040603435116255,3.7470793206331052,-0.33624859136963314,529_pollen,2,DT,True,1
3.0048666842572103,14.040603435116255,3.7470793206331052,-0.33624859136963314,529_pollen,2,DT,False,1
2.945047275829673,13.534298306652884,3.6788990617646586,-0.2935353740729778,529_pollen,3,DT,True,1
2.945047275829673,13.534298306652884,3.6788990617646586,-0.2935353740729778,529_pollen,3,DT,False,1
2.844706098317447,12.46982170668056,3.531263471716683,-0.27020110953112875,529_pollen,4,DT,True,1
2.844706098317447,12.46982170668056,3.531263471716683,-0.27020110953112875,529_pollen,4,DT,False,1
2.947588440332586,13.451817431273174,3.6676719361569368,-0.30920610479902355,529_pollen,5,DT,True,1
2.947588440332586,13.451817431273174,3.6676719361569368,-0.30920610479902355,529_pollen,5,DT,False,1
2.9096655795060387,13.76999412634482,3.710794271627682,-0.38448641173959675,529_pollen,0,DT,True,5
2.9096655795060387,13.76999412634482,3.710794271627682,-0.38448641173959675,529_pollen,0,DT,False,5
2.8642255781696164,12.792292832117768,3.5766314923567073,-0.25441441531351017,529_pollen,1,DT,True,5
2.8642255781696164,12.792292832117768,3.5766314923567073,-0.25441441531351017,529_pollen,1,DT,False,5
3.0048666842572103,14.040603435116255,3.7470793206331052,-0.33624859136963314,529_pollen,2,DT,True,5
3.0048666842572103,14.040603435116255,3.7470793206331052,-0.33624859136963314,529_pollen,2,DT,False,5
2.945047275829673,13.534298306652884,3.6788990617646586,-0.2935353740729778,529_pollen,3,DT,True,5
2.945047275829673,13.534298306652884,3.6788990617646586,-0.2935353740729778,529_pollen,3,DT,False,5
2.844706098317447,12.46982170668056,3.531263471716683,-0.27020110953112875,529_pollen,4,DT,True,5
2.844706098317447,12.46982170668056,3.531263471716683,-0.27020110953112875,529_pollen,4,DT,False,5
2.947588440332586,13.451817431273174,3.6676719361569368,-0.30920610479902355,529_pollen,5,DT,True,5
2.947588440332586,13.451817431273174,3.6676719361569368,-0.30920610479902355,529_pollen,5,DT,False,5
2.9096655795060387,13.76999412634482,3.710794271627682,-0.38448641173959675,529_pollen,0,DT,True,10
2.9096655795060387,13.76999412634482,3.710794271627682,-0.38448641173959675,529_pollen,0,DT,False,10
2.8642255781696164,12.792292832117768,3.5766314923567073,-0.25441441531351017,529_pollen,1,DT,True,10
2.8642255781696164,12.792292832117768,3.5766314923567073,-0.25441441531351017,529_pollen,1,DT,False,10
3.0048666842572103,14.040603435116255,3.7470793206331052,-0.33624859136963314,529_pollen,2,DT,True,10
3.0048666842572103,14.040603435116255,3.7470793206331052,-0.33624859136963314,529_pollen,2,DT,False,10
2.945047275829673,13.534298306652884,3.6788990617646586,-0.2935353740729778,529_pollen,3,DT,True,10
2.945047275829673,13.534298306652884,3.6788990617646586,-0.2935353740729778,529_pollen,3,DT,False,10
2.844706098317447,12.46982170668056,3.531263471716683,-0.27020110953112875,529_pollen,4,DT,True,10
2.844706098317447,12.46982170668056,3.531263471716683,-0.27020110953112875,529_pollen,4,DT,False,10
2.947588440332586,13.451817431273174,3.6676719361569368,-0.30920610479902355,529_pollen,5,DT,True,10
2.947588440332586,13.451817431273174,3.6676719361569368,-0.30920610479902355,529_pollen,5,DT,False,10
2.9096655795060387,13.76999412634482,3.710794271627682,-0.38448641173959675,529_pollen,0,DT,True,20
2.9096655795060387,13.76999412634482,3.710794271627682,-0.38448641173959675,529_pollen,0,DT,False,20
2.8642255781696164,12.792292832117768,3.5766314923567073,-0.25441441531351017,529_pollen,1,DT,True,20
2.8642255781696164,12.792292832117768,3.5766314923567073,-0.25441441531351017,529_pollen,1,DT,False,20
3.0048666842572103,14.040603435116255,3.7470793206331052,-0.33624859136963314,529_pollen,2,DT,True,20
3.0048666842572103,14.040603435116255,3.7470793206331052,-0.33624859136963314,529_pollen,2,DT,False,20
2.945047275829673,13.534298306652884,3.6788990617646586,-0.2935353740729778,529_pollen,3,DT,True,20
2.945047275829673,13.534298306652884,3.6788990617646586,-0.2935353740729778,529_pollen,3,DT,False,20
2.844706098317447,12.46982170668056,3.531263471716683,-0.27020110953112875,529_pollen,4,DT,True,20
2.844706098317447,12.46982170668056,3.531263471716683,-0.27020110953112875,529_pollen,4,DT,False,20
2.947588440332586,13.451817431273174,3.6676719361569368,-0.30920610479902355,529_pollen,5,DT,True,20
2.947588440332586,13.451817431273174,3.6676719361569368,-0.30920610479902355,529_pollen,5,DT,False,20
2.501664847282023,10.167706686978802,3.188684162311909,-0.022299037858244386,529_pollen,0,RF,True,1
2.501664847282023,10.167706686978802,3.188684162311909,-0.022299037858244386,529_pollen,0,RF,False,1
2.484474728076845,9.781968015611831,3.127613789394693,0.04077854924403246,529_pollen,1,RF,True,1
2.484474728076845,9.781968015611831,3.127613789394693,0.04077854924403246,529_pollen,1,RF,False,1
2.539890832259818,10.210965708162046,3.195460171581246,0.02821922098235019,529_pollen,2,RF,True,1
2.539890832259818,10.210965708162046,3.195460171581246,0.02821922098235019,529_pollen,2,RF,False,1
2.552274408449654,10.101808060021018,3.178334164310137,0.034523565857159655,529_pollen,3,RF,True,1
2.552274408449654,10.101808060021018,3.178334164310137,0.034523565857159655,529_pollen,3,RF,False,1
2.4452568049576513,9.291248600988224,3.0481549502917704,0.05357473751351727,529_pollen,4,RF,True,1
2.4452568049576513,9.291248600988224,3.0481549502917704,0.05357473751351727,529_pollen,4,RF,False,1
2.5074196028526754,9.865864515847957,3.140997375969607,0.03979888819783772,529_pollen,5,RF,True,1
2.5074196028526754,9.865864515847957,3.140997375969607,0.03979888819783772,529_pollen,5,RF,False,1
2.501664847282023,10.167706686978802,3.188684162311909,-0.022299037858244386,529_pollen,0,RF,True,5
2.501664847282023,10.167706686978802,3.188684162311909,-0.022299037858244386,529_pollen,0,RF,False,5
2.484474728076845,9.781968015611831,3.127613789394693,0.04077854924403246,529_pollen,1,RF,True,5
2.484474728076845,9.781968015611831,3.127613789394693,0.04077854924403246,529_pollen,1,RF,False,5
2.539890832259818,10.210965708162046,3.195460171581246,0.02821922098235019,529_pollen,2,RF,True,5
2.539890832259818,10.210965708162046,3.195460171581246,0.02821922098235019,529_pollen,2,RF,False,5
2.552274408449654,10.101808060021018,3.178334164310137,0.034523565857159655,529_pollen,3,RF,True,5
2.552274408449654,10.101808060021018,3.178334164310137,0.034523565857159655,529_pollen,3,RF,False,5
2.4452568049576513,9.291248600988224,3.0481549502917704,0.05357473751351727,529_pollen,4,RF,True,5
2.4452568049576513,9.291248600988224,3.0481549502917704,0.05357473751351727,529_pollen,4,RF,False,5
2.5074196028526754,9.865864515847957,3.140997375969607,0.03979888819783772,529_pollen,5,RF,True,5
2.5074196028526754,9.865864515847957,3.140997375969607,0.03979888819783772,529_pollen,5,RF,False,5
2.501664847282023,10.167706686978802,3.188684162311909,-0.022299037858244386,529_pollen,0,RF,True,10
2.501664847282023,10.167706686978802,3.188684162311909,-0.022299037858244386,529_pollen,0,RF,False,10
2.484474728076845,9.781968015611831,3.127613789394693,0.04077854924403246,529_pollen,1,RF,True,10
2.484474728076845,9.781968015611831,3.127613789394693,0.04077854924403246,529_pollen,1,RF,False,10
2.539890832259818,10.210965708162046,3.195460171581246,0.02821922098235019,529_pollen,2,RF,True,10
2.539890832259818,10.210965708162046,3.195460171581246,0.02821922098235019,529_pollen,2,RF,False,10
2.552274408449654,10.101808060021018,3.178334164310137,0.034523565857159655,529_pollen,3,RF,True,10
2.552274408449654,10.101808060021018,3.178334164310137,0.034523565857159655,529_pollen,3,RF,False,10
2.4452568049576513,9.291248600988224,3.0481549502917704,0.05357473751351727,529_pollen,4,RF,True,10
2.4452568049576513,9.291248600988224,3.0481549502917704,0.05357473751351727,529_pollen,4,RF,False,10
2.5074196028526754,9.865864515847957,3.140997375969607,0.03979888819783772,529_pollen,5,RF,True,10
2.5074196028526754,9.865864515847957,3.140997375969607,0.03979888819783772,529_pollen,5,RF,False,10
2.501664847282023,10.167706686978802,3.188684162311909,-0.022299037858244386,529_pollen,0,RF,True,20
2.501664847282023,10.167706686978802,3.188684162311909,-0.022299037858244386,529_pollen,0,RF,False,20
2.484474728076845,9.781968015611831,3.127613789394693,0.04077854924403246,529_pollen,1,RF,True,20
2.484474728076845,9.781968015611831,3.127613789394693,0.04077854924403246,529_pollen,1,RF,False,20
2.539890832259818,10.210965708162046,3.195460171581246,0.02821922098235019,529_pollen,2,RF,True,20
2.539890832259818,10.210965708162046,3.195460171581246,0.02821922098235019,529_pollen,2,RF,False,20
2.552274408449654,10.101808060021018,3.178334164310137,0.034523565857159655,529_pollen,3,RF,True,20
2.552274408449654,10.101808060021018,3.178334164310137,0.034523565857159655,529_pollen,3,RF,False,20
2.4452568049576513,9.291248600988224,3.0481549502917704,0.05357473751351727,529_pollen,4,RF,True,20
2.4452568049576513,9.291248600988224,3.0481549502917704,0.05357473751351727,529_pollen,4,RF,False,20
2.5074196028526754,9.865864515847957,3.140997375969607,0.03979888819783772,529_pollen,5,RF,True,20
2.5074196028526754,9.865864515847957,3.140997375969607,0.03979888819783772,529_pollen,5,RF,False,20
2.1365539255746726,7.208099617609151,2.6847904234053637,0.27527086188421857,529_pollen,0,SVR,True,1
2.1365539255746726,7.208099617609151,2.6847904234053637,0.27527086188421857,529_pollen,0,SVR,False,1
2.139267939112774,7.120989285317772,2.6685181815602776,0.3017145770484323,529_pollen,1,SVR,True,1
2.139267939112774,7.120989285317772,2.6685181815602776,0.3017145770484323,529_pollen,1,SVR,False,1
2.0905901979522317,6.792777396348845,2.606295723119087,0.3535292646570305,529_pollen,2,SVR,True,1
2.0905901979522317,6.792777396348845,2.606295723119087,0.3535292646570305,529_pollen,2,SVR,False,1
2.0875727354779268,6.755708831766291,2.5991746443373693,0.35432571731248663,529_pollen,3,SVR,True,1
2.0875727354779268,6.755708831766291,2.5991746443373693,0.35432571731248663,529_pollen,3,SVR,False,1
2.069563905627826,6.6887210191022355,2.5862561781660833,0.3186734293677833,529_pollen,4,SVR,True,1
2.069563905627826,6.6887210191022355,2.5862561781660833,0.3186734293677833,529_pollen,4,SVR,False,1
2.062790393602087,6.647183645026742,2.578213266009378,0.35305891176032944,529_pollen,5,SVR,True,1
2.062790393602087,6.647183645026742,2.578213266009378,0.35305891176032944,529_pollen,5,SVR,False,1
2.1365539255746726,7.208099617609151,2.6847904234053637,0.27527086188421857,529_pollen,0,SVR,True,5
2.1365539255746726,7.208099617609151,2.6847904234053637,0.27527086188421857,529_pollen,0,SVR,False,5
2.139267939112774,7.120989285317772,2.6685181815602776,0.3017145770484323,529_pollen,1,SVR,True,5
2.139267939112774,7.120989285317772,2.6685181815602776,0.3017145770484323,529_pollen,1,SVR,False,5
2.0905901979522317,6.792777396348845,2.606295723119087,0.3535292646570305,529_pollen,2,SVR,True,5
2.0905901979522317,6.792777396348845,2.606295723119087,0.3535292646570305,529_pollen,2,SVR,False,5
2.0875727354779268,6.755708831766291,2.5991746443373693,0.35432571731248663,529_pollen,3,SVR,True,5
2.0875727354779268,6.755708831766291,2.5991746443373693,0.35432571731248663,529_pollen,3,SVR,False,5
2.069563905627826,6.6887210191022355,2.5862561781660833,0.3186734293677833,529_pollen,4,SVR,True,5
2.069563905627826,6.6887210191022355,2.5862561781660833,0.3186734293677833,529_pollen,4,SVR,False,5
2.062790393602087,6.647183645026742,2.578213266009378,0.35305891176032944,529_pollen,5,SVR,True,5
2.062790393602087,6.647183645026742,2.578213266009378,0.35305891176032944,529_pollen,5,SVR,False,5
2.1365539255746726,7.208099617609151,2.6847904234053637,0.27527086188421857,529_pollen,0,SVR,True,10
2.1365539255746726,7.208099617609151,2.6847904234053637,0.27527086188421857,529_pollen,0,SVR,False,10
2.139267939112774,7.120989285317772,2.6685181815602776,0.3017145770484323,529_pollen,1,SVR,True,10
2.139267939112774,7.120989285317772,2.6685181815602776,0.3017145770484323,529_pollen,1,SVR,False,10
2.0905901979522317,6.792777396348845,2.606295723119087,0.3535292646570305,529_pollen,2,SVR,True,10
2.0905901979522317,6.792777396348845,2.606295723119087,0.3535292646570305,529_pollen,2,SVR,False,10
2.0875727354779268,6.755708831766291,2.5991746443373693,0.35432571731248663,529_pollen,3,SVR,True,10
2.0875727354779268,6.755708831766291,2.5991746443373693,0.35432571731248663,529_pollen,3,SVR,False,10
2.069563905627826,6.6887210191022355,2.5862561781660833,0.3186734293677833,529_pollen,4,SVR,True,10
2.069563905627826,6.6887210191022355,2.5862561781660833,0.3186734293677833,529_pollen,4,SVR,False,10
2.062790393602087,6.647183645026742,2.578213266009378,0.35305891176032944,529_pollen,5,SVR,True,10
2.062790393602087,6.647183645026742,2.578213266009378,0.35305891176032944,529_pollen,5,SVR,False,10
2.1365539255746726,7.208099617609151,2.6847904234053637,0.27527086188421857,529_pollen,0,SVR,True,20
2.1365539255746726,7.208099617609151,2.6847904234053637,0.27527086188421857,529_pollen,0,SVR,False,20
2.139267939112774,7.120989285317772,2.6685181815602776,0.3017145770484323,529_pollen,1,SVR,True,20
2.139267939112774,7.120989285317772,2.6685181815602776,0.3017145770484323,529_pollen,1,SVR,False,20
2.0905901979522317,6.792777396348845,2.606295723119087,0.3535292646570305,529_pollen,2,SVR,True,20
2.0905901979522317,6.792777396348845,2.606295723119087,0.3535292646570305,529_pollen,2,SVR,False,20
2.0875727354779268,6.755708831766291,2.5991746443373693,0.35432571731248663,529_pollen,3,SVR,True,20
2.0875727354779268,6.755708831766291,2.5991746443373693,0.35432571731248663,529_pollen,3,SVR,False,20
2.069563905627826,6.6887210191022355,2.5862561781660833,0.3186734293677833,529_pollen,4,SVR,True,20
2.069563905627826,6.6887210191022355,2.5862561781660833,0.3186734293677833,529_pollen,4,SVR,False,20
2.062790393602087,6.647183645026742,2.578213266009378,0.35305891176032944,529_pollen,5,SVR,True,20
2.062790393602087,6.647183645026742,2.578213266009378,0.35305891176032944,529_pollen,5,SVR,False,20
1.2538298949555773,2.521517339339285,1.5879286316894992,0.4732903471471632,294_satellite_image,0,LR,True,1
1.2538298949555773,2.521517339339285,1.5879286316894992,0.4732903471471632,294_satellite_image,0,LR,False,1
1.2192603687758659,2.4030337430560804,1.5501721656177678,0.501716740065651,294_satellite_image,1,LR,True,1
1.2192603687758659,2.4030337430560804,1.5501721656177678,0.501716740065651,294_satellite_image,1,LR,False,1
1.2004813536782208,2.3423974051868566,1.530489269869886,0.5079478570648865,294_satellite_image,2,LR,True,1
1.2004813536782208,2.3423974051868566,1.530489269869886,0.5079478570648865,294_satellite_image,2,LR,False,1
1.2692334393648876,2.5795291882112488,1.6060912764258601,0.48260473330501197,294_satellite_image,3,LR,True,1
1.2692334393648876,2.5795291882112488,1.6060912764258601,0.48260473330501197,294_satellite_image,3,LR,False,1
1.2283764475736179,2.4342026290112027,1.5601931383681966,0.49313078855425185,294_satellite_image,4,LR,True,1
1.2283764475736179,2.4342026290112027,1.5601931383681966,0.49313078855425185,294_satellite_image,4,LR,False,1
1.252278949926992,2.5038762421934595,1.5823641307213265,0.4851366146707494,294_satellite_image,5,LR,True,1
1.252278949926992,2.5038762421934595,1.5823641307213265,0.4851366146707494,294_satellite_image,5,LR,False,1
1.2424719788102438,2.4993132526289616,1.580921646581184,0.47792846984441706,294_satellite_image,0,LR,True,5
1.2424719788102438,2.4993132526289616,1.580921646581184,0.47792846984441706,294_satellite_image,0,LR,False,5
1.2024000416604677,2.3502973056650305,1.533067939024566,0.5126519522808225,294_satellite_image,1,LR,True,5
1.2024000416604677,2.350297305665031,1.533067939024566,0.5126519522808224,294_satellite_image,1,LR,False,5
1.1769364545107643,2.2859949157649377,1.5119506988539466,0.5197959600919286,294_satellite_image,2,LR,True,5
1.1769364545107643,2.285994915764938,1.5119506988539468,0.5197959600919286,294_satellite_image,2,LR,False,5
1.246618126830309,2.4914310083020803,1.5784267510093968,0.5002752374798669,294_satellite_image,3,LR,True,5
1.246618126830309,2.4914310083020808,1.578426751009397,0.5002752374798669,294_satellite_image,3,LR,False,5
1.2137474849068843,2.3717277296566643,1.5400414701093812,0.5061398136015425,294_satellite_image,4,LR,True,5
1.2137474849068843,2.3717277296566643,1.5400414701093812,0.5061398136015425,294_satellite_image,4,LR,False,5
1.2403987194970167,2.4819470512818413,1.5754196429148144,0.4896458381219838,294_satellite_image,5,LR,True,5
1.2403987194970167,2.4819470512818413,1.5754196429148144,0.4896458381219838,294_satellite_image,5,LR,False,5
1.2225530792165022,2.404947838498824,1.5507894242929388,0.4976400830633143,294_satellite_image,0,LR,True,10
1.2213166183216537,2.414667390406595,1.5539200077245274,0.49560980481324735,294_satellite_image,0,LR,False,10
1.1983581471134612,2.3079948562743935,1.519208628291188,0.5214236153698174,294_satellite_image,1,LR,True,10
1.198358147113461,2.3079948562743935,1.519208628291188,0.5214236153698174,294_satellite_image,1,LR,False,10
1.1578259999625178,2.2113127610508583,1.4870483385051267,0.5354839531646256,294_satellite_image,2,LR,True,10
1.1628885123946628,2.2258466153518652,1.4919271481382277,0.5324309211991352,294_satellite_image,2,LR,False,10
1.2308436184484268,2.42342444268747,1.5567351870782231,0.5139158178283999,294_satellite_image,3,LR,True,10
1.2308436184484268,2.42342444268747,1.5567351870782231,0.5139158178284,294_satellite_image,3,LR,False,10
1.2007845765603797,2.332391936290672,1.5272170560502105,0.5143306282557492,294_satellite_image,4,LR,True,10
1.1989479981521085,2.3345283264578716,1.5279163349011855,0.5138857719457266,294_satellite_image,4,LR,False,10
1.224103404029474,2.418757659013498,1.5552355638338193,0.5026392536398677,294_satellite_image,5,LR,True,10
1.2230615024184435,2.422142105846628,1.556323265214084,0.5019433215787663,294_satellite_image,5,LR,False,10
1.216005951242394,2.3828781776971626,1.5436574029548016,0.5022501260711759,294_satellite_image,0,LR,True,20
1.216005951242394,2.382878177697163,1.5436574029548018,0.5022501260711758,294_satellite_image,0,LR,False,20
1.1952563222509258,2.291315581919035,1.5137092131314505,0.5248821615609158,294_satellite_image,1,LR,True,20
1.1967555582858462,2.297284905395618,1.5156796842986378,0.5236443870310701,294_satellite_image,1,LR,False,20
1.1476082547799045,2.172521644514683,1.4739476396787923,0.5436325499724111,294_satellite_image,2,LR,True,20
1.1476082547799042,2.172521644514683,1.4739476396787923,0.5436325499724111,294_satellite_image,2,LR,False,20
1.2160671684418392,2.377772328042237,1.5420027004004362,0.5230726004459441,294_satellite_image,3,LR,True,20
1.2160671684418392,2.377772328042237,1.5420027004004362,0.5230726004459441,294_satellite_image,3,LR,False,20
1.1881865401965999,2.28885299978721,1.5128955680374008,0.5233966551138587,294_satellite_image,4,LR,True,20
1.1881865401965999,2.2888529997872094,1.5128955680374008,0.5233966551138587,294_satellite_image,4,LR,False,20
1.215428173349424,2.382328134805487,1.5434792304418894,0.51013013032283,294_satellite_image,5,LR,True,20
1.215428173349424,2.382328134805487,1.5434792304418894,0.51013013032283,294_satellite_image,5,LR,False,20
1.2104118104118105,2.750862470862471,1.6585724195411158,0.42538336164940793,294_satellite_image,0,KNN,True,1
1.2104118104118105,2.750862470862471,1.6585724195411158,0.42538336164940793,294_satellite_image,0,KNN,False,1
1.2621600621600622,2.910955710955711,1.7061523117692954,0.39639611579700074,294_satellite_image,1,KNN,True,1
1.2621600621600622,2.910955710955711,1.7061523117692954,0.39639611579700074,294_satellite_image,1,KNN,False,1
1.158974358974359,2.4025485625485623,1.5500156652590844,0.4953122958171171,294_satellite_image,2,KNN,True,1
1.158974358974359,2.4025485625485623,1.5500156652590844,0.4953122958171171,294_satellite_image,2,KNN,False,1
1.273193473193473,2.732587412587413,1.6530539654189795,0.45190471208296823,294_satellite_image,3,KNN,True,1
1.273193473193473,2.732587412587413,1.6530539654189795,0.45190471208296823,294_satellite_image,3,KNN,False,1
1.2397824397824397,2.7556177156177153,1.660005336020856,0.42620315913122886,294_satellite_image,4,KNN,True,1
1.2397824397824397,2.7556177156177153,1.660005336020856,0.42620315913122886,294_satellite_image,4,KNN,False,1
1.2812742812742812,2.7376845376845376,1.6545949769307706,0.4370594259878364,294_satellite_image,5,KNN,True,1
1.2812742812742812,2.7376845376845376,1.6545949769307706,0.4370594259878364,294_satellite_image,5,KNN,False,1
1.266977466977467,2.9114840714840717,1.7063071445329154,0.3918317591344562,294_satellite_image,0,KNN,True,5
1.2691530691530692,2.9213053613053614,1.709182658847603,0.389780229259316,294_satellite_image,0,KNN,False,5
1.234032634032634,2.70020202020202,1.643229144155501,0.44009714012735035,294_satellite_image,1,KNN,True,5
1.234032634032634,2.696161616161616,1.641999274105082,0.4409349418030538,294_satellite_image,1,KNN,False,5
1.184926184926185,2.560777000777001,1.6002427943212245,0.46207427995730677,294_satellite_image,2,KNN,True,5
1.1863247863247863,2.559316239316239,1.5997863105165762,0.46238113258850133,294_satellite_image,2,KNN,False,5
1.2130536130536131,2.6224708624708626,1.6194044777234817,0.4739916037822215,294_satellite_image,3,KNN,True,5
1.2152292152292152,2.6315462315462317,1.622204127582664,0.47217128981773315,294_satellite_image,3,KNN,False,5
1.230924630924631,2.6913752913752913,1.6405411580863467,0.43958023239909727,294_satellite_image,4,KNN,True,5
1.2270396270396269,2.672696192696193,1.6348382772299506,0.44346974426846775,294_satellite_image,4,KNN,False,5
1.2250194250194248,2.6412121212121216,1.6251806426401103,0.456896714308592,294_satellite_image,5,KNN,True,5
1.221756021756022,2.6275058275058276,1.6209583052953052,0.4597150919340601,294_satellite_image,5,KNN,False,5
1.1853923853923853,2.5828127428127425,1.6071131705056563,0.46048659593701324,294_satellite_image,0,KNN,True,10
1.1816627816627818,2.5924475524475525,1.610107931924923,0.458474019160768,294_satellite_image,0,KNN,False,10
1.1853923853923853,2.595493395493395,1.6110535048512185,0.46180909278462035,294_satellite_image,1,KNN,True,10
1.1869463869463868,2.6148251748251745,1.6170421066951766,0.45780053399779275,294_satellite_image,1,KNN,False,10
1.1477855477855476,2.382968142968143,1.5436865429769553,0.49942542683100044,294_satellite_image,2,KNN,True,10
1.114840714840715,2.3137839937839937,1.5211127485442997,0.513958489746722,294_satellite_image,2,KNN,False,10
1.1681429681429683,2.508749028749029,1.5839030995452432,0.4968016339057234,294_satellite_image,3,KNN,True,10
1.171095571095571,2.498896658896659,1.5807898844870747,0.49877779666854116,294_satellite_image,3,KNN,False,10
1.1783993783993783,2.522486402486403,1.5882337367297055,0.47474763256242425,294_satellite_image,4,KNN,True,10
1.1386169386169387,2.401771561771562,1.5497650021121143,0.49988384570823996,294_satellite_image,4,KNN,False,10
1.1855477855477856,2.5867599067599065,1.608340730927345,0.46809353426283296,294_satellite_image,5,KNN,True,10
1.1760683760683759,2.5675835275835275,1.6023680999019942,0.47203670658690067,294_satellite_image,5,KNN,False,10
1.1306915306915306,2.4481118881118884,1.5646443327836166,0.48862371770555046,294_satellite_image,0,KNN,True,20
1.1314685314685315,2.449075369075369,1.5649521938626014,0.488422460027926,294_satellite_image,0,KNN,False,20
1.11996891996892,2.3923232323232324,1.5467136878954788,0.5039376278159571,294_satellite_image,1,KNN,True,20
1.1069153069153068,2.323760683760684,1.5243886262238655,0.5181544777898179,294_satellite_image,1,KNN,False,20
1.0921522921522921,2.255167055167055,1.501721364024317,0.5262717676708237,294_satellite_image,2,KNN,True,20
1.0923076923076924,2.255198135198135,1.501731712123752,0.5262652388914366,294_satellite_image,2,KNN,False,20
1.1120435120435122,2.3674281274281275,1.5386448997179718,0.5251474133458884,294_satellite_image,3,KNN,True,20
1.1123543123543123,2.3676767676767674,1.538725696047469,0.525097541730423,294_satellite_image,3,KNN,False,20
1.1274281274281275,2.4278166278166275,1.5581452524770043,0.4944605329852241,294_satellite_image,4,KNN,True,20
1.1275835275835275,2.4280963480963482,1.5582350105476221,0.4944022873831869,294_satellite_image,4,KNN,False,20
1.122144522144522,2.4451592851592854,1.5637005100591626,0.4972103788470348,294_satellite_image,5,KNN,True,20
1.1226107226107225,2.444444444444444,1.563471919941143,0.49735736906332906,294_satellite_image,5,KNN,False,20
1.1695016007637888,2.3087784098652944,1.5194664885627767,0.517728529642823,294_satellite_image,0,DT,True,1
1.1695016007637888,2.3087784098652944,1.5194664885627767,0.517728529642823,294_satellite_image,0,DT,False,1
1.1568910917123696,2.2534056340758655,1.5011347821151388,0.5327430134735536,294_satellite_image,1,DT,True,1
1.1568910917123696,2.2534056340758655,1.5011347821151388,0.5327430134735536,294_satellite_image,1,DT,False,1
1.1148867584746074,2.1458982858115605,1.4648884892071343,0.5492251452651626,294_satellite_image,2,DT,True,1
1.1148867584746074,2.1458982858115605,1.4648884892071343,0.5492251452651626,294_satellite_image,2,DT,False,1
1.1744726723114172,2.3354269039929165,1.5282103598631036,0.5315661356497474,294_satellite_image,3,DT,True,1
1.1744726723114172,2.3354269039929165,1.5282103598631036,0.5315661356497474,294_satellite_image,3,DT,False,1
1.1636500518923085,2.2603522664179505,1.503446795339945,0.5293313065994542,294_satellite_image,4,DT,True,1
1.1636500518923085,2.2603522664179505,1.503446795339945,0.5293313065994542,294_satellite_image,4,DT,False,1
1.1546801848192345,2.2623718635424006,1.5041183010462975,0.534796322234888,294_satellite_image,5,DT,True,1
1.1546801848192345,2.2623718635424006,1.5041183010462975,0.534796322234888,294_satellite_image,5,DT,False,1
1.2280681278777124,2.776547685111039,1.6662975980031416,0.42001808017017817,294_satellite_image,0,DT,True,5
1.2280681278777124,2.776547685111039,1.6662975980031416,0.42001808017017817,294_satellite_image,0,DT,False,5
1.1895466021177379,2.5069302556368562,1.5833288526509128,0.48017318366151984,294_satellite_image,1,DT,True,5
1.1895466021177379,2.5069302556368562,1.5833288526509128,0.48017318366151984,294_satellite_image,1,DT,False,5
1.1467301904167908,2.4185067322809806,1.5551548901254115,0.49196006720007246,294_satellite_image,2,DT,True,5
1.1467301904167908,2.4185067322809806,1.5551548901254115,0.49196006720007246,294_satellite_image,2,DT,False,5
1.185073728735298,2.4940694926012643,1.5792623254549145,0.4997460171500929,294_satellite_image,3,DT,True,5
1.185073728735298,2.4940694926012643,1.5792623254549145,0.4997460171500929,294_satellite_image,3,DT,False,5
1.2107240942896527,2.6487963581767664,1.6275123219738665,0.44844635966283475,294_satellite_image,4,DT,True,5
1.2107240942896527,2.6487963581767664,1.6275123219738665,0.44844635966283475,294_satellite_image,4,DT,False,5
1.1866220858650203,2.594346975804855,1.6106976674115026,0.4665334315758939,294_satellite_image,5,DT,True,5
1.1866220858650203,2.594346975804855,1.6106976674115026,0.4665334315758939,294_satellite_image,5,DT,False,5
1.3633024383024381,4.233836688370419,2.057628899576019,0.1156108198916781,294_satellite_image,0,DT,True,10
1.4365718974110584,4.530940003801643,2.1286004800811362,0.05355009887628703,294_satellite_image,0,DT,False,10
1.3953363415484625,4.155921004824132,2.0386076142367693,0.13824519847157368,294_satellite_image,1,DT,True,10
1.3953363415484625,4.155921004824132,2.0386076142367693,0.13824519847157368,294_satellite_image,1,DT,False,10
1.3181703818067456,3.8990932484586565,1.9746121767219649,0.18094291593749923,294_satellite_image,2,DT,True,10
1.351943426943427,4.09896707538283,2.024590594511105,0.13895672493638866,294_satellite_image,2,DT,False,10
1.2930782741388802,3.842509017170431,1.9602318784190893,0.2292795186026103,294_satellite_image,3,DT,True,10
1.2930782741388802,3.842509017170431,1.9602318784190893,0.2292795186026103,294_satellite_image,3,DT,False,10
1.3312507357961902,4.015146360828371,2.0037830124113665,0.16393399403276387,294_satellite_image,4,DT,True,10
1.3626318126318127,4.207113632846997,2.0511249676328833,0.12396102767745387,294_satellite_image,4,DT,False,10
1.3407606250263593,4.0595538591158995,2.0148334569179407,0.16524802320108267,294_satellite_image,5,DT,True,10
1.3622809850082576,4.238322932060142,2.058718759826155,0.12848835891048105,294_satellite_image,5,DT,False,10
1.3352758352758354,4.305944055944056,2.075076879526167,0.10054860082607608,294_satellite_image,0,DT,True,20
1.3352758352758354,4.305944055944056,2.075076879526167,0.10054860082607608,294_satellite_image,0,DT,False,20
1.3615643615643616,4.3528446861780195,2.0863472113188686,0.09741190839113634,294_satellite_image,1,DT,True,20
1.423206423206423,4.626996460329794,2.151045434278364,0.040564916485228975,294_satellite_image,1,DT,False,20
1.3302253302253302,4.305749805749806,2.075030073456721,0.09551922565734206,294_satellite_image,2,DT,True,20
1.3302253302253302,4.305749805749806,2.075030073456721,0.09551922565734206,294_satellite_image,2,DT,False,20
1.3588448588448587,4.462207545540879,2.112393795091455,0.10498199686025822,294_satellite_image,3,DT,True,20
1.3588448588448587,4.462207545540879,2.112393795091455,0.10498199686025822,294_satellite_image,3,DT,False,20
1.3382543382543384,4.2501510834844165,2.0615894556105046,0.11499942423194043,294_satellite_image,4,DT,True,20
1.3382543382543384,4.2501510834844165,2.0615894556105046,0.11499942423194043,294_satellite_image,4,DT,False,20
1.3663558663558664,4.343240093240094,2.084044167775744,0.10691460703170486,294_satellite_image,5,DT,True,20
1.3663558663558664,4.343240093240094,2.084044167775744,0.10691460703170486,294_satellite_image,5,DT,False,20
1.1697547686852012,2.310290058512931,1.5199638346069064,0.5174127674142591,294_satellite_image,0,RF,True,1
1.1697547686852012,2.310290058512931,1.5199638346069064,0.5174127674142591,294_satellite_image,0,RF,False,1
1.157233259798805,2.25329268707917,1.5010971611055595,0.5327664337013702,294_satellite_image,1,RF,True,1
1.157233259798805,2.25329268707917,1.5010971611055595,0.5327664337013702,294_satellite_image,1,RF,False,1
1.115982286465732,2.1503337357164085,1.4664016283803045,0.5482934192370648,294_satellite_image,2,RF,True,1
1.115982286465732,2.1503337357164085,1.4664016283803045,0.5482934192370648,294_satellite_image,2,RF,False,1
1.173965139123714,2.3365692915056697,1.5285840806137128,0.5313369985287056,294_satellite_image,3,RF,True,1
1.173965139123714,2.3365692915056697,1.5285840806137128,0.5313369985287056,294_satellite_image,3,RF,False,1
1.1636305175093697,2.2624401411745714,1.5041409977706781,0.5288965525576694,294_satellite_image,4,RF,True,1
1.1636305175093697,2.2624401411745714,1.5041409977706781,0.5288965525576694,294_satellite_image,4,RF,False,1
1.1548971382605746,2.2626549204087762,1.5042123920539865,0.5347381182334254,294_satellite_image,5,RF,True,1
1.1548971382605746,2.2626549204087762,1.5042123920539865,0.5347381182334254,294_satellite_image,5,RF,False,1
1.2130187077916401,2.6238866216851138,1.6198415421531558,0.4519068379695924,294_satellite_image,0,RF,True,5
1.2130187077916401,2.6238866216851138,1.6198415421531558,0.4519068379695924,294_satellite_image,0,RF,False,5
1.1776585717534815,2.4191027876644684,1.5553465169101284,0.4983847286219353,294_satellite_image,1,RF,True,5
1.1776585717534815,2.4191027876644684,1.5553465169101284,0.4983847286219353,294_satellite_image,1,RF,False,5
1.128710355413605,2.2805972186613506,1.5101646329660057,0.5209298191121161,294_satellite_image,2,RF,True,5
1.128710355413605,2.2805972186613506,1.5101646329660057,0.5209298191121161,294_satellite_image,2,RF,False,5
1.1741326416924152,2.4257019082292373,1.5574665030841714,0.5134590097035854,294_satellite_image,3,RF,True,5
1.1741326416924152,2.4257019082292373,1.5574665030841714,0.5134590097035854,294_satellite_image,3,RF,False,5
1.1907160719741723,2.4641553073224305,1.5697628188113102,0.4868938014376668,294_satellite_image,4,RF,True,5
1.1907160719741723,2.4641553073224305,1.5697628188113102,0.4868938014376668,294_satellite_image,4,RF,False,5
1.1769604523040573,2.4649546989797804,1.5700174199606132,0.49313991657662914,294_satellite_image,5,RF,True,5
1.1769604523040573,2.4649546989797804,1.5700174199606132,0.49313991657662914,294_satellite_image,5,RF,False,5
1.1956940804886194,2.708954377262655,1.6458901473861052,0.43413737538840014,294_satellite_image,0,RF,True,10
1.2230310676919656,2.8070507065108194,1.6754255299806133,0.41364642626092885,294_satellite_image,0,RF,False,10
1.205129237346956,2.6625302170865845,1.6317261464739066,0.4479086113221291,294_satellite_image,1,RF,True,10
1.205129237346956,2.6625302170865845,1.6317261464739066,0.4479086113221291,294_satellite_image,1,RF,False,10
1.130945176541719,2.374808262087296,1.5410412914932865,0.5011395197789457,294_satellite_image,2,RF,True,10
1.138052887504982,2.3821940581089938,1.543435796562006,0.49958803378783645,294_satellite_image,2,RF,False,10
1.1639414629600648,2.527554068509878,1.5898283141615883,0.49302976785871755,294_satellite_image,3,RF,True,10
1.1639414629600648,2.527554068509878,1.5898283141615883,0.49302976785871755,294_satellite_image,3,RF,False,10
1.195121059850494,2.653814224124488,1.6290531679857745,0.44740149933537077,294_satellite_image,4,RF,True,10
1.164955660108626,2.569504337376222,1.6029673538086238,0.4649571807334034,294_satellite_image,4,RF,False,10
1.1993104588638184,2.665404729399508,1.632606728333406,0.45192207221510317,294_satellite_image,5,RF,True,10
1.1808142299105562,2.6325293182901843,1.6225071088565943,0.4586821289513776,294_satellite_image,5,RF,False,10
1.118948273948274,2.255626799496579,1.501874428671245,0.5288311565449291,294_satellite_image,0,RF,True,20
1.118948273948274,2.255626799496579,1.501874428671245,0.5288311565449291,294_satellite_image,0,RF,False,20
1.1002587412587415,2.2882751654985225,1.5127045863282502,0.5255126098889713,294_satellite_image,1,RF,True,20
1.121589324255991,2.2997248288556436,1.5164843648569686,0.5231384544701292,294_satellite_image,1,RF,False,20
1.073358474858475,2.0983530242865602,1.4485693025487458,0.5592126682055413,294_satellite_image,2,RF,True,20
1.073358474858475,2.0983530242865602,1.4485693025487458,0.5592126682055413,294_satellite_image,2,RF,False,20
1.12301517001517,2.2897016181688192,1.5131760036984525,0.5407375947523555,294_satellite_image,3,RF,True,20
1.12301517001517,2.2897016181688192,1.5131760036984525,0.5407375947523555,294_satellite_image,3,RF,False,20
1.096979671563005,2.238593669360242,1.4961930588531154,0.5338620563412233,294_satellite_image,4,RF,True,20
1.096979671563005,2.238593669360242,1.4961930588531154,0.5338620563412233,294_satellite_image,4,RF,False,20
1.1100576645576643,2.2152792525512406,1.488381420386334,0.544479812461091,294_satellite_image,5,RF,True,20
1.1100576645576643,2.2152792525512406,1.488381420386334,0.544479812461091,294_satellite_image,5,RF,False,20
1.2594227059115675,2.6118978161479123,1.616136694759423,0.4544111315170142,294_satellite_image,0,SVR,True,1
1.2594227059115675,2.6118978161479123,1.616136694759423,0.4544111315170142,294_satellite_image,0,SVR,False,1
1.2096381831811067,2.4351322333307444,1.560491023149683,0.4950609282530837,294_satellite_image,1,SVR,True,1
1.2096381831811067,2.4351322333307444,1.560491023149683,0.4950609282530837,294_satellite_image,1,SVR,False,1
1.199469998098351,2.426300395315257,1.557658626052338,0.49032290324623695,294_satellite_image,2,SVR,True,1
1.199469998098351,2.426300395315257,1.557658626052338,0.49032290324623695,294_satellite_image,2,SVR,False,1
1.2629834577735204,2.6602510073409116,1.6310275924523507,0.46641376042222094,294_satellite_image,3,SVR,True,1
1.2629834577735204,2.6602510073409116,1.6310275924523507,0.46641376042222094,294_satellite_image,3,SVR,False,1
1.2257203748408276,2.521134850634189,1.587808190756739,0.47502906353838115,294_satellite_image,4,SVR,True,1
1.2257203748408276,2.521134850634189,1.587808190756739,0.47502906353838115,294_satellite_image,4,SVR,False,1
1.2535302559922643,2.6006428972215443,1.612650891303367,0.46523882309655307,294_satellite_image,5,SVR,True,1
1.2535302559922643,2.6006428972215443,1.612650891303367,0.46523882309655307,294_satellite_image,5,SVR,False,1
1.2480360945654079,2.6004503761279443,1.612591199321125,0.4568023413908875,294_satellite_image,0,SVR,True,5
1.2480360945654076,2.6004503761279425,1.6125911993211244,0.45680234139088793,294_satellite_image,0,SVR,False,5
1.1897578741518182,2.395940002026415,1.5478824251300274,0.503187669225762,294_satellite_image,1,SVR,True,5
1.1897578741518182,2.3959400020264154,1.5478824251300276,0.5031876692257619,294_satellite_image,1,SVR,False,5
1.1741499329397467,2.3661232627539888,1.5382208107921271,0.5029639209347363,294_satellite_image,2,SVR,True,5
1.1741499329397467,2.366123262753989,1.5382208107921271,0.5029639209347363,294_satellite_image,2,SVR,False,5
1.2356391658431254,2.5552247973614994,1.5985070526467813,0.48747964491408946,294_satellite_image,3,SVR,True,5
1.2356391658431256,2.5552247973615003,1.5985070526467815,0.48747964491408924,294_satellite_image,3,SVR,False,5
1.2059870348376296,2.4465607842361905,1.5641485812531335,0.49055747427089724,294_satellite_image,4,SVR,True,5
1.2059870348376294,2.4465607842361905,1.5641485812531335,0.49055747427089724,294_satellite_image,4,SVR,False,5
1.2359178259487045,2.572418234511849,1.603876003471543,0.47104256257361277,294_satellite_image,5,SVR,True,5
1.2359178259487047,2.5724182345118516,1.6038760034715438,0.4710425625736123,294_satellite_image,5,SVR,False,5
1.222922051467566,2.4874427978519527,1.5771628951544456,0.48040804157579453,294_satellite_image,0,SVR,True,10
1.2242104399893101,2.502543200069857,1.581942856132881,0.4772537790664537,294_satellite_image,0,SVR,False,10
1.1846366518095646,2.347361139835277,1.5321100286321727,0.5132607836322693,294_satellite_image,1,SVR,True,10
1.1846366518095646,2.347361139835277,1.5321100286321727,0.5132607836322693,294_satellite_image,1,SVR,False,10
1.1544199467003133,2.291503970116125,1.5137714391928938,0.5186387089811457,294_satellite_image,2,SVR,True,10
1.1607323460546017,2.3100056041448433,1.5198702589842474,0.5147521914109532,294_satellite_image,2,SVR,False,10
1.2188547388350532,2.4858547166547407,1.576659353397157,0.5013937155793704,294_satellite_image,3,SVR,True,10
1.2188547388350535,2.485854716654741,1.576659353397157,0.5013937155793704,294_satellite_image,3,SVR,False,10
1.1933230002381097,2.40730524777403,1.5515493056213296,0.49873157718834327,294_satellite_image,4,SVR,True,10
1.1913818533476639,2.411255344270001,1.5528217361532524,0.49790905638741023,294_satellite_image,4,SVR,False,10
1.2207195393243517,2.516458871752287,1.5863350439778752,0.4825492922057516,294_satellite_image,5,SVR,True,10
1.2219428869115088,2.5141622900989096,1.585611014750752,0.48302153032392114,294_satellite_image,5,SVR,False,10
1.2162394666739498,2.4716703760190697,1.572154692140398,0.4837026795696078,294_satellite_image,0,SVR,True,20
1.2162394666739498,2.47167037601907,1.5721546921403982,0.48370267956960766,294_satellite_image,0,SVR,False,20
1.1821087448964238,2.3304979146987357,1.5265968409173183,0.5167574731058664,294_satellite_image,1,SVR,True,20
1.1841343416965804,2.335850418818487,1.5283489191995678,0.5156475997179839,294_satellite_image,1,SVR,False,20
1.1438533370173487,2.2444920966583055,1.4981629072495106,0.528514186569659,294_satellite_image,2,SVR,True,20
1.1438533370173487,2.2444920966583055,1.4981629072495106,0.528514186569659,294_satellite_image,2,SVR,False,20
1.2050539454347282,2.4347207860246454,1.560359184939367,0.5116500266133491,294_satellite_image,3,SVR,True,20
1.2050539454347282,2.4347207860246454,1.560359184939367,0.5116500266133491,294_satellite_image,3,SVR,False,20
1.1798371203977756,2.3638133363972993,1.537469783897329,0.5077878120970807,294_satellite_image,4,SVR,True,20
1.1798371203977756,2.3638133363972993,1.537469783897329,0.5077878120970807,294_satellite_image,4,SVR,False,20
1.2117581389350134,2.4660467001041724,1.570365148653068,0.4929153721737495,294_satellite_image,5,SVR,True,20
1.2117581389350132,2.4660467001041733,1.5703651486530683,0.49291537217374926,294_satellite_image,5,SVR,False,20
3.1753501459973075,16.442049509988074,4.054879715847077,0.6315323406473954,503_wind,0,LR,True,1
3.1753501459973075,16.442049509988074,4.054879715847077,0.6315323406473954,503_wind,0,LR,False,1
3.1018403491086173,15.387118150221992,3.9226417310559976,0.6353714032548906,503_wind,1,LR,True,1
3.1018403491086173,15.387118150221992,3.9226417310559976,0.6353714032548906,503_wind,1,LR,False,1
3.094543069854756,15.588747194647372,3.948258754773726,0.6447181047422383,503_wind,2,LR,True,1
3.094543069854756,15.588747194647372,3.948258754773726,0.6447181047422383,503_wind,2,LR,False,1
3.1063310962409023,15.69574046698737,3.9617850101926746,0.64236333835899,503_wind,3,LR,True,1
3.1063310962409023,15.69574046698737,3.9617850101926746,0.64236333835899,503_wind,3,LR,False,1
3.151801778776716,15.909584604647463,3.9886820636204465,0.6376021647146213,503_wind,4,LR,True,1
3.151801778776716,15.909584604647463,3.9886820636204465,0.6376021647146213,503_wind,4,LR,False,1
2.999116659466877,14.397382356798992,3.7943882717506643,0.664099773618984,503_wind,5,LR,True,1
2.999116659466877,14.397382356798992,3.7943882717506643,0.664099773618984,503_wind,5,LR,False,1
3.1753501459973075,16.442049509988074,4.054879715847077,0.6315323406473954,503_wind,0,LR,True,5
3.1753501459973075,16.442049509988074,4.054879715847077,0.6315323406473954,503_wind,0,LR,False,5
3.1018403491086173,15.387118150221992,3.9226417310559976,0.6353714032548906,503_wind,1,LR,True,5
3.1018403491086173,15.387118150221992,3.9226417310559976,0.6353714032548906,503_wind,1,LR,False,5
3.094543069854756,15.588747194647372,3.948258754773726,0.6447181047422383,503_wind,2,LR,True,5
3.094543069854756,15.588747194647372,3.948258754773726,0.6447181047422383,503_wind,2,LR,False,5
3.1063310962409023,15.69574046698737,3.9617850101926746,0.64236333835899,503_wind,3,LR,True,5
3.1063310962409023,15.69574046698737,3.9617850101926746,0.64236333835899,503_wind,3,LR,False,5
3.151801778776716,15.909584604647463,3.9886820636204465,0.6376021647146213,503_wind,4,LR,True,5
3.151801778776716,15.909584604647463,3.9886820636204465,0.6376021647146213,503_wind,4,LR,False,5
2.999116659466877,14.397382356798992,3.7943882717506643,0.664099773618984,503_wind,5,LR,True,5
2.999116659466877,14.397382356798992,3.7943882717506643,0.664099773618984,503_wind,5,LR,False,5
3.0249784868300904,15.318776679144358,3.913920883097199,0.6567049756369647,503_wind,0,LR,True,10
3.0249784868300904,15.318776679144356,3.913920883097199,0.6567049756369648,503_wind,0,LR,False,10
2.9589686884690902,14.306129766629944,3.7823444801643786,0.6609875890512703,503_wind,1,LR,True,10
2.95896868846909,14.306129766629944,3.7823444801643786,0.6609875890512703,503_wind,1,LR,False,10
2.898814628797545,13.93268384743422,3.7326510481739676,0.6824613125393875,503_wind,2,LR,True,10
2.8988146287975454,13.932683847434223,3.732651048173968,0.6824613125393875,503_wind,2,LR,False,10
2.988361202678453,14.450263315052835,3.801350196318781,0.6707422664958869,503_wind,3,LR,True,10
2.988361202678453,14.450263315052835,3.801350196318781,0.6707422664958869,503_wind,3,LR,False,10
2.954220870559894,14.206421329705911,3.769140661968708,0.6763978152180339,503_wind,4,LR,True,10
2.954220870559894,14.206421329705911,3.769140661968708,0.6763978152180339,503_wind,4,LR,False,10
2.856348543813419,13.307896520229049,3.6479989748119515,0.6895181816374343,503_wind,5,LR,True,10
2.8563485438134193,13.307896520229049,3.6479989748119515,0.6895181816374343,503_wind,5,LR,False,10
2.972890583180362,14.892113265833299,3.8590300939268793,0.6662665372378234,503_wind,0,LR,True,20
2.972890583180362,14.892113265833302,3.85903009392688,0.6662665372378234,503_wind,0,LR,False,20
2.908626560257815,13.850293681445326,3.7215982697552574,0.6717895384783145,503_wind,1,LR,True,20
2.908626560257815,13.850293681445322,3.721598269755257,0.6717895384783146,503_wind,1,LR,False,20
2.861281274582904,13.703470336816975,3.7018198682292707,0.6876852993969549,503_wind,2,LR,True,20
2.861281274582904,13.703470336816975,3.7018198682292707,0.6876852993969549,503_wind,2,LR,False,20
2.9360840949356173,14.160415561727914,3.763032761181852,0.6773466177274392,503_wind,3,LR,True,20
2.9360840949356173,14.160415561727913,3.7630327611818517,0.6773466177274392,503_wind,3,LR,False,20
2.8942208917486285,13.80734780114367,3.7158239733797496,0.6854881457618247,503_wind,4,LR,True,20
2.8942208917486285,13.80734780114367,3.7158239733797496,0.6854881457618247,503_wind,4,LR,False,20
2.8060008719645526,12.942431627620982,3.5975591207957907,0.6980447135526885,503_wind,5,LR,True,20
2.8060008719645526,12.942431627620982,3.5975591207957907,0.6980447135526885,503_wind,5,LR,False,20
3.4699528515021614,19.92961380414004,4.464259603130181,0.5533757427410784,503_wind,0,KNN,True,1
3.4699528515021614,19.92961380414004,4.464259603130181,0.5533757427410784,503_wind,0,KNN,False,1
3.4362874575712836,19.012509119152984,4.360333601819129,0.549460499812934,503_wind,1,KNN,True,1
3.4362874575712836,19.012509119152984,4.360333601819129,0.549460499812934,503_wind,1,KNN,False,1
3.3693596785512714,18.623519061967137,4.315497545123521,0.5755528609138877,503_wind,2,KNN,True,1
3.3693596785512714,18.623519061967137,4.315497545123521,0.5755528609138877,503_wind,2,KNN,False,1
3.3676562780028516,18.76283028012622,4.331608278702753,0.5724778962525006,503_wind,3,KNN,True,1
3.3676562780028516,18.76283028012622,4.331608278702753,0.5724778962525006,503_wind,3,KNN,False,1
3.40725779631292,18.764343893408604,4.3317829924187805,0.5725747857970315,503_wind,4,KNN,True,1
3.40725779631292,18.764343893408604,4.3317829924187805,0.5725747857970315,503_wind,4,KNN,False,1
3.3265049449209934,17.932885604405367,4.234723793165897,0.5816142000743612,503_wind,5,KNN,True,1
3.3265049449209934,17.932885604405367,4.234723793165897,0.5816142000743612,503_wind,5,KNN,False,1
3.4699528515021614,19.92961380414004,4.464259603130181,0.5533757427410784,503_wind,0,KNN,True,5
3.4699528515021614,19.92961380414004,4.464259603130181,0.5533757427410784,503_wind,0,KNN,False,5
3.4362874575712836,19.012509119152984,4.360333601819129,0.549460499812934,503_wind,1,KNN,True,5
3.4362874575712836,19.012509119152984,4.360333601819129,0.549460499812934,503_wind,1,KNN,False,5
3.3693596785512714,18.623519061967137,4.315497545123521,0.5755528609138877,503_wind,2,KNN,True,5
3.3693596785512714,18.623519061967137,4.315497545123521,0.5755528609138877,503_wind,2,KNN,False,5
3.3676562780028516,18.76283028012622,4.331608278702753,0.5724778962525006,503_wind,3,KNN,True,5
3.3676562780028516,18.76283028012622,4.331608278702753,0.5724778962525006,503_wind,3,KNN,False,5
3.40725779631292,18.764343893408604,4.3317829924187805,0.5725747857970315,503_wind,4,KNN,True,5
3.40725779631292,18.764343893408604,4.3317829924187805,0.5725747857970315,503_wind,4,KNN,False,5
3.3265049449209934,17.932885604405367,4.234723793165897,0.5816142000743612,503_wind,5,KNN,True,5
3.3265049449209934,17.932885604405367,4.234723793165897,0.5816142000743612,503_wind,5,KNN,False,5
3.297040312453367,17.80368602651192,4.219441435369369,0.6010179561828677,503_wind,0,KNN,True,10
3.2999391700922307,17.81214054730697,4.2204431695388305,0.6008284896880485,503_wind,0,KNN,False,10
3.1738174979405707,16.6142165347102,4.076054039719076,0.6062928482171059,503_wind,1,KNN,True,10
3.1692654075096773,16.59809331844837,4.074075762482623,0.6066749201335735,503_wind,1,KNN,False,10
3.155720158285061,16.045191241667467,4.005644922065293,0.6343153248344273,503_wind,2,KNN,True,10
3.1536228198878216,16.066823520324846,4.008344236754728,0.6338223052951295,503_wind,2,KNN,False,10
3.1745551434941164,16.60395548065545,4.074795145851562,0.6216691260519206,503_wind,3,KNN,True,10
3.1716836601518406,16.577692395561208,4.071571244072883,0.6222675458650702,503_wind,3,KNN,False,10
3.1630235613888207,16.34190136082724,4.04251176384525,0.6277546004638626,503_wind,4,KNN,True,10
3.164982496622397,16.36199928215492,4.044996821031497,0.6272967982418763,503_wind,4,KNN,False,10
2.997196976549272,14.69734200231077,3.833711257034203,0.6571015214134368,503_wind,5,KNN,True,10
2.993598497485027,14.676801056613773,3.8310313306750405,0.6575807549392758,503_wind,5,KNN,False,10
3.138660079045894,16.77250849630056,4.0954253132367775,0.6241267280365934,503_wind,0,KNN,True,20
3.138660079045894,16.77250849630056,4.0954253132367775,0.6241267280365934,503_wind,0,KNN,False,20
3.109867666692335,16.101514694834165,4.012669273044336,0.6184423456471974,503_wind,1,KNN,True,20
3.109867666692335,16.101514694834165,4.012669273044336,0.6184423456471974,503_wind,1,KNN,False,20
3.1265870708657757,16.152788114251663,4.019053136530004,0.6318630930842938,503_wind,2,KNN,True,20
3.1265870708657757,16.152788114251663,4.019053136530004,0.6318630930842938,503_wind,2,KNN,False,20
3.1318357357507423,16.174066708917533,4.021699480184656,0.631464394107268,503_wind,3,KNN,True,20
3.1318357357507423,16.174066708917533,4.021699480184656,0.631464394107268,503_wind,3,KNN,False,20
3.093222802755044,16.345776517325213,4.042991036018409,0.6276663298797364,503_wind,4,KNN,True,20
3.093222802755044,16.345776517325213,4.042991036018409,0.6276663298797364,503_wind,4,KNN,False,20
3.028284417658251,15.226033779351896,3.902055071286398,0.6447668008932144,503_wind,5,KNN,True,20
3.028284417658251,15.226033779351896,3.902055071286398,0.6447668008932144,503_wind,5,KNN,False,20
3.388425737764984,19.03368434809936,4.362761092255609,0.5734535943137684,503_wind,0,DT,True,1
3.388425737764984,19.03368434809936,4.362761092255609,0.5734535943137684,503_wind,0,DT,False,1
3.2987952195591634,17.212359477190443,4.148778070370894,0.5921186526568791,503_wind,1,DT,True,1
3.2987952195591634,17.212359477190443,4.148778070370894,0.5921186526568791,503_wind,1,DT,False,1
3.2474184933037478,17.264910371573716,4.155106541543034,0.6065168033275781,503_wind,2,DT,True,1
3.2474184933037478,17.264910371573716,4.155106541543034,0.6065168033275781,503_wind,2,DT,False,1
3.313467621224013,18.227157756962452,4.269327553252673,0.5846835091906124,503_wind,3,DT,True,1
3.313467621224013,18.227157756962452,4.269327553252673,0.5846835091906124,503_wind,3,DT,False,1
3.35470696245307,18.619299402188066,4.315008621334153,0.575878694160738,503_wind,4,DT,True,1
3.35470696245307,18.619299402188066,4.315008621334153,0.575878694160738,503_wind,4,DT,False,1
3.192636396115929,16.52571896248176,4.065183755069598,0.6144443063995393,503_wind,5,DT,True,1
3.192636396115929,16.52571896248176,4.065183755069598,0.6144443063995393,503_wind,5,DT,False,1
3.388425737764984,19.03368434809936,4.362761092255609,0.5734535943137684,503_wind,0,DT,True,5
3.388425737764984,19.03368434809936,4.362761092255609,0.5734535943137684,503_wind,0,DT,False,5
3.2987952195591634,17.212359477190443,4.148778070370894,0.5921186526568791,503_wind,1,DT,True,5
3.2987952195591634,17.212359477190443,4.148778070370894,0.5921186526568791,503_wind,1,DT,False,5
3.2474184933037478,17.264910371573716,4.155106541543034,0.6065168033275781,503_wind,2,DT,True,5
3.2474184933037478,17.264910371573716,4.155106541543034,0.6065168033275781,503_wind,2,DT,False,5
3.313467621224013,18.227157756962452,4.269327553252673,0.5846835091906124,503_wind,3,DT,True,5
3.313467621224013,18.227157756962452,4.269327553252673,0.5846835091906124,503_wind,3,DT,False,5
3.35470696245307,18.619299402188066,4.315008621334153,0.575878694160738,503_wind,4,DT,True,5
3.35470696245307,18.619299402188066,4.315008621334153,0.575878694160738,503_wind,4,DT,False,5
3.192636396115929,16.52571896248176,4.065183755069598,0.6144443063995393,503_wind,5,DT,True,5
3.192636396115929,16.52571896248176,4.065183755069598,0.6144443063995393,503_wind,5,DT,False,5
4.303814955809271,29.91782145411372,5.469718590029447,0.32953920145844295,503_wind,0,DT,True,10
4.303814955809271,29.91782145411372,5.469718590029447,0.32953920145844295,503_wind,0,DT,False,10
4.3445437286289925,30.119472511383854,5.488121036510023,0.28625874648461413,503_wind,1,DT,True,10
4.3445437286289925,30.119472511383854,5.488121036510023,0.28625874648461413,503_wind,1,DT,False,10
4.195102665104039,29.52194356021507,5.4334099385390635,0.3271677365216813,503_wind,2,DT,True,10
4.195102665104039,29.52194356021507,5.4334099385390635,0.3271677365216813,503_wind,2,DT,False,10
4.189543728774038,29.650256812078737,5.445204937564677,0.32440149062264767,503_wind,3,DT,True,10
4.189543728774038,29.650256812078737,5.445204937564677,0.32440149062264767,503_wind,3,DT,False,10
4.253324441704309,29.954015997999125,5.473026219378007,0.31768988156941114,503_wind,4,DT,True,10
4.253324441704309,29.954015997999125,5.473026219378007,0.31768988156941114,503_wind,4,DT,False,10
4.123958191067849,28.112572997352224,5.302129100404122,0.3441155204505564,503_wind,5,DT,True,10
4.123958191067849,28.112572997352224,5.302129100404122,0.3441155204505564,503_wind,5,DT,False,10
4.293125457274143,30.249923670276125,5.499993060929816,0.32209676393379993,503_wind,0,DT,True,20
4.293125457274143,30.249923670276125,5.499993060929816,0.32209676393379993,503_wind,0,DT,False,20
4.236619772385282,29.60988944340035,5.441496985517896,0.29833433836542467,503_wind,1,DT,True,20
4.236619772385282,29.60988944340035,5.441496985517896,0.29833433836542467,503_wind,1,DT,False,20
4.135912538028036,28.59357435037035,5.347295984922693,0.34832612521412454,503_wind,2,DT,True,20
4.135912538028036,28.59357435037035,5.347295984922693,0.34832612521412454,503_wind,2,DT,False,20
4.2189733998403804,29.00207247437662,5.3853572281118565,0.3391707513116444,503_wind,3,DT,True,20
4.2189733998403804,29.00207247437662,5.3853572281118565,0.3391707513116444,503_wind,3,DT,False,20
4.052844120794376,27.641914586752872,5.257557853866458,0.3703562815551873,503_wind,4,DT,True,20
4.052844120794376,27.641914586752872,5.257557853866458,0.3703562815551873,503_wind,4,DT,False,20
4.096783259431672,28.561152030062164,5.344263469371824,0.3336498819821935,503_wind,5,DT,True,20
4.096783259431672,28.561152030062164,5.344263469371824,0.3336498819821935,503_wind,5,DT,False,20
3.371497768524863,18.661012418292717,4.319839397280033,0.5818052024024594,503_wind,0,RF,True,1
3.371497768524863,18.661012418292717,4.319839397280033,0.5818052024024594,503_wind,0,RF,False,1
3.290674911701746,17.13541215765717,4.139494191040395,0.5939420735775998,503_wind,1,RF,True,1
3.290674911701746,17.13541215765717,4.139494191040395,0.5939420735775998,503_wind,1,RF,False,1
3.250876240065049,17.255253832202765,4.153944370378925,0.6067368847469832,503_wind,2,RF,True,1
3.250876240065049,17.255253832202765,4.153944370378925,0.6067368847469832,503_wind,2,RF,False,1
3.287107169734985,17.843435345619135,4.224149067637071,0.5934268496197119,503_wind,3,RF,True,1
3.287107169734985,17.843435345619135,4.224149067637071,0.5934268496197119,503_wind,3,RF,False,1
3.325733236536665,18.100662319061712,4.25448731565411,0.5876925133706254,503_wind,4,RF,True,1
3.325733236536665,18.100662319061712,4.25448731565411,0.5876925133706254,503_wind,4,RF,False,1
3.17817981969025,16.283853601151332,4.035325711903728,0.6200871814452417,503_wind,5,RF,True,1
3.17817981969025,16.283853601151332,4.035325711903728,0.6200871814452417,503_wind,5,RF,False,1
3.371497768524863,18.661012418292717,4.319839397280033,0.5818052024024594,503_wind,0,RF,True,5
3.371497768524863,18.661012418292717,4.319839397280033,0.5818052024024594,503_wind,0,RF,False,5
3.290674911701746,17.13541215765717,4.139494191040395,0.5939420735775998,503_wind,1,RF,True,5
3.290674911701746,17.13541215765717,4.139494191040395,0.5939420735775998,503_wind,1,RF,False,5
3.250876240065049,17.255253832202765,4.153944370378925,0.6067368847469832,503_wind,2,RF,True,5
3.250876240065049,17.255253832202765,4.153944370378925,0.6067368847469832,503_wind,2,RF,False,5
3.287107169734985,17.843435345619135,4.224149067637071,0.5934268496197119,503_wind,3,RF,True,5
3.287107169734985,17.843435345619135,4.224149067637071,0.5934268496197119,503_wind,3,RF,False,5
3.325733236536665,18.100662319061712,4.25448731565411,0.5876925133706254,503_wind,4,RF,True,5
3.325733236536665,18.100662319061712,4.25448731565411,0.5876925133706254,503_wind,4,RF,False,5
3.17817981969025,16.283853601151332,4.035325711903728,0.6200871814452417,503_wind,5,RF,True,5
3.17817981969025,16.283853601151332,4.035325711903728,0.6200871814452417,503_wind,5,RF,False,5
3.355621363646026,18.603411812737605,4.3131672600001965,0.5830960366316892,503_wind,0,RF,True,10
3.355621363646026,18.603411812737605,4.3131672600001965,0.5830960366316892,503_wind,0,RF,False,10
3.3312056765879148,18.051211729491683,4.248671760620216,0.5722403676754473,503_wind,1,RF,True,10
3.3312056765879148,18.051211729491683,4.248671760620216,0.5722403676754473,503_wind,1,RF,False,10
3.2257107630337796,17.050106735135294,4.129177488935937,0.6114123758908632,503_wind,2,RF,True,10
3.2257107630337796,17.050106735135294,4.129177488935937,0.6114123758908632,503_wind,2,RF,False,10
3.1927076872479976,16.960021664810288,4.118254686734453,0.6135559489965133,503_wind,3,RF,True,10
3.1927076872479976,16.960021664810288,4.118254686734453,0.6135559489965133,503_wind,3,RF,False,10
3.2233164302619253,17.317044090031153,4.161375264264346,0.6055422283033385,503_wind,4,RF,True,10
3.2233164302619253,17.317044090031153,4.161375264264346,0.6055422283033385,503_wind,4,RF,False,10
3.1032907224137376,16.129267441393022,4.0161259244940295,0.6236937763644679,503_wind,5,RF,True,10
3.1032907224137376,16.129267441393022,4.0161259244940295,0.6236937763644679,503_wind,5,RF,False,10
3.1056640424183266,16.26106718123799,4.032501355391959,0.6355881692725445,503_wind,0,RF,True,20
3.1056640424183266,16.26106718123799,4.032501355391959,0.6355881692725445,503_wind,0,RF,False,20
3.053603813838497,15.67202922221587,3.958791384023143,0.6286198645090356,503_wind,1,RF,True,20
3.053603813838497,15.67202922221587,3.958791384023143,0.6286198645090356,503_wind,1,RF,False,20
2.9846821908529266,14.712493763917434,3.8356868698992406,0.6646887268652748,503_wind,2,RF,True,20
2.9846821908529266,14.712493763917434,3.8356868698992406,0.6646887268652748,503_wind,2,RF,False,20
3.0673174297320074,15.483325425861782,3.9348856941290915,0.6472033397816864,503_wind,3,RF,True,20
3.0673174297320074,15.483325425861782,3.9348856941290915,0.6472033397816864,503_wind,3,RF,False,20
3.03759157505679,15.603447711755223,3.950119961691698,0.6445755301444598,503_wind,4,RF,True,20
3.03759157505679,15.603447711755223,3.950119961691698,0.6445755301444598,503_wind,4,RF,False,20
2.9436708693586526,14.291800739780445,3.7804498065416032,0.6665630609151956,503_wind,5,RF,True,20
2.9436708693586526,14.291800739780445,3.7804498065416032,0.6665630609151956,503_wind,5,RF,False,20
3.1798667487306114,16.540169146486253,4.066960676781403,0.6293334716575503,503_wind,0,SVR,True,1
3.1798667487306114,16.540169146486253,4.066960676781403,0.6293334716575503,503_wind,0,SVR,False,1
3.096238844017123,15.401563166893576,3.924482534920187,0.6350290996404322,503_wind,1,SVR,True,1
3.096238844017123,15.401563166893576,3.924482534920187,0.6350290996404322,503_wind,1,SVR,False,1
3.0865263496230924,15.543378527650363,3.942509166463708,0.6457520984169546,503_wind,2,SVR,True,1
3.0865263496230924,15.543378527650363,3.942509166463708,0.6457520984169546,503_wind,2,SVR,False,1
3.1077820442348787,15.764032623235954,3.970394517328971,0.640807261483969,503_wind,3,SVR,True,1
3.1077820442348787,15.764032623235954,3.970394517328971,0.640807261483969,503_wind,3,SVR,False,1
3.1469048485448243,15.92714103022852,3.9908822370784787,0.6372022541711326,503_wind,4,SVR,True,1
3.1469048485448243,15.92714103022852,3.9908822370784787,0.6372022541711326,503_wind,4,SVR,False,1
2.9912386874079373,14.385457705784,3.7928165926899235,0.6643779834265855,503_wind,5,SVR,True,1
2.9912386874079373,14.385457705784,3.7928165926899235,0.6643779834265855,503_wind,5,SVR,False,1
3.1798667487306114,16.540169146486253,4.066960676781403,0.6293334716575503,503_wind,0,SVR,True,5
3.1798667487306114,16.540169146486253,4.066960676781403,0.6293334716575503,503_wind,0,SVR,False,5
3.096238844017123,15.401563166893576,3.924482534920187,0.6350290996404322,503_wind,1,SVR,True,5
3.096238844017123,15.401563166893576,3.924482534920187,0.6350290996404322,503_wind,1,SVR,False,5
3.0865263496230924,15.543378527650363,3.942509166463708,0.6457520984169546,503_wind,2,SVR,True,5
3.0865263496230924,15.543378527650363,3.942509166463708,0.6457520984169546,503_wind,2,SVR,False,5
3.1077820442348787,15.764032623235954,3.970394517328971,0.640807261483969,503_wind,3,SVR,True,5
3.1077820442348787,15.764032623235954,3.970394517328971,0.640807261483969,503_wind,3,SVR,False,5
3.1469048485448243,15.92714103022852,3.9908822370784787,0.6372022541711326,503_wind,4,SVR,True,5
3.1469048485448243,15.92714103022852,3.9908822370784787,0.6372022541711326,503_wind,4,SVR,False,5
2.9912386874079373,14.385457705784,3.7928165926899235,0.6643779834265855,503_wind,5,SVR,True,5
2.9912386874079373,14.385457705784,3.7928165926899235,0.6643779834265855,503_wind,5,SVR,False,5
3.0300599535917585,15.391455442705068,3.923194545610129,0.6550762386673072,503_wind,0,SVR,True,10
3.030059953591758,15.391455442705066,3.923194545610129,0.6550762386673074,503_wind,0,SVR,False,10
2.958280845359856,14.34284230180249,3.787194515971221,0.6601176119670475,503_wind,1,SVR,True,10
2.958280845359856,14.34284230180249,3.787194515971221,0.6601176119670475,503_wind,1,SVR,False,10
2.8871753961879567,13.868013644975633,3.7239782014635416,0.6839352059709314,503_wind,2,SVR,True,10
2.8871753961879567,13.868013644975633,3.7239782014635416,0.6839352059709314,503_wind,2,SVR,False,10
2.992085879911498,14.50378126336179,3.8083830247707215,0.6695228286228316,503_wind,3,SVR,True,10
2.992085879911498,14.50378126336179,3.8083830247707215,0.6695228286228316,503_wind,3,SVR,False,10
2.9441341504675407,14.169436246671454,3.7642311627570715,0.6772402830990382,503_wind,4,SVR,True,10
2.9441341504675402,14.169436246671454,3.7642311627570715,0.6772402830990382,503_wind,4,SVR,False,10
2.849835415823461,13.303318278743362,3.647371420453826,0.689624994967341,503_wind,5,SVR,True,10
2.849835415823461,13.303318278743362,3.647371420453826,0.689624994967341,503_wind,5,SVR,False,10
2.975208219126795,14.952343805367791,3.8668260635006315,0.6649167659754065,503_wind,0,SVR,True,20
2.975208219126795,14.952343805367791,3.8668260635006315,0.6649167659754065,503_wind,0,SVR,False,20
2.904911292168898,13.873652871805826,3.7247352753995586,0.671235995656384,503_wind,1,SVR,True,20
2.904911292168898,13.873652871805826,3.7247352753995586,0.671235995656384,503_wind,1,SVR,False,20
2.849306984212606,13.653583387195498,3.6950755590644553,0.6888222688909649,503_wind,2,SVR,True,20
2.8493069842126064,13.653583387195498,3.6950755590644553,0.6888222688909649,503_wind,2,SVR,False,20
2.941721139829,14.249763388562371,3.7748858775547602,0.6753107750361584,503_wind,3,SVR,True,20
2.941721139829,14.249763388562371,3.7748858775547602,0.6753107750361584,503_wind,3,SVR,False,20
2.8826236723285703,13.766873826737944,3.7103738122644656,0.6864100856536901,503_wind,4,SVR,True,20
2.8826236723285703,13.766873826737944,3.7103738122644656,0.6864100856536901,503_wind,4,SVR,False,20
2.8024117862861817,12.948382280218047,3.598386066032666,0.6979058809854249,503_wind,5,SVR,True,20
2.8024117862861817,12.948382280218047,3.598386066032666,0.6979058809854249,503_wind,5,SVR,False,20
3.943655469405668,22.03035754085107,4.693650768948524,0.28185383281949694,225_puma8NH,0,LR,True,1
3.943655469405668,22.03035754085107,4.693650768948524,0.28185383281949694,225_puma8NH,0,LR,False,1
4.112623353113885,23.620050630255363,4.860046360916258,0.2575036961476068,225_puma8NH,1,LR,True,1
4.112623353113885,23.620050630255363,4.860046360916258,0.2575036961476068,225_puma8NH,1,LR,False,1
4.079245558110696,23.47479106764027,4.845079056903021,0.26429200135148856,225_puma8NH,2,LR,True,1
4.079245558110696,23.47479106764027,4.845079056903021,0.26429200135148856,225_puma8NH,2,LR,False,1
3.975639558723607,22.27765647571556,4.7199212361770995,0.2742928606148124,225_puma8NH,3,LR,True,1
3.975639558723607,22.27765647571556,4.7199212361770995,0.2742928606148124,225_puma8NH,3,LR,False,1
4.001239260825392,22.645673048594137,4.758747004054128,0.2666346022649728,225_puma8NH,4,LR,True,1
4.001239260825392,22.645673048594137,4.758747004054128,0.2666346022649728,225_puma8NH,4,LR,False,1
4.018357404757517,22.929352183404866,4.788460314485739,0.28572340734453805,225_puma8NH,5,LR,True,1
4.018357404757517,22.929352183404866,4.788460314485739,0.28572340734453805,225_puma8NH,5,LR,False,1
3.943655469405668,22.03035754085107,4.693650768948524,0.28185383281949694,225_puma8NH,0,LR,True,5
3.943655469405668,22.03035754085107,4.693650768948524,0.28185383281949694,225_puma8NH,0,LR,False,5
4.112623353113885,23.620050630255363,4.860046360916258,0.2575036961476068,225_puma8NH,1,LR,True,5
4.112623353113885,23.620050630255363,4.860046360916258,0.2575036961476068,225_puma8NH,1,LR,False,5
4.079245558110696,23.47479106764027,4.845079056903021,0.26429200135148856,225_puma8NH,2,LR,True,5
4.079245558110696,23.47479106764027,4.845079056903021,0.26429200135148856,225_puma8NH,2,LR,False,5
3.975639558723607,22.27765647571556,4.7199212361770995,0.2742928606148124,225_puma8NH,3,LR,True,5
3.975639558723607,22.27765647571556,4.7199212361770995,0.2742928606148124,225_puma8NH,3,LR,False,5
4.001239260825392,22.645673048594137,4.758747004054128,0.2666346022649728,225_puma8NH,4,LR,True,5
4.001239260825392,22.645673048594137,4.758747004054128,0.2666346022649728,225_puma8NH,4,LR,False,5
4.018357404757517,22.929352183404866,4.788460314485739,0.28572340734453805,225_puma8NH,5,LR,True,5
4.018357404757517,22.929352183404866,4.788460314485739,0.28572340734453805,225_puma8NH,5,LR,False,5
3.943655469405668,22.03035754085107,4.693650768948524,0.28185383281949694,225_puma8NH,0,LR,True,10
3.943655469405668,22.03035754085107,4.693650768948524,0.28185383281949694,225_puma8NH,0,LR,False,10
4.112623353113885,23.620050630255363,4.860046360916258,0.2575036961476068,225_puma8NH,1,LR,True,10
4.112623353113885,23.620050630255363,4.860046360916258,0.2575036961476068,225_puma8NH,1,LR,False,10
4.079245558110696,23.47479106764027,4.845079056903021,0.26429200135148856,225_puma8NH,2,LR,True,10
4.079245558110696,23.47479106764027,4.845079056903021,0.26429200135148856,225_puma8NH,2,LR,False,10
3.975639558723607,22.27765647571556,4.7199212361770995,0.2742928606148124,225_puma8NH,3,LR,True,10
3.975639558723607,22.27765647571556,4.7199212361770995,0.2742928606148124,225_puma8NH,3,LR,False,10
4.001239260825392,22.645673048594137,4.758747004054128,0.2666346022649728,225_puma8NH,4,LR,True,10
4.001239260825392,22.645673048594137,4.758747004054128,0.2666346022649728,225_puma8NH,4,LR,False,10
4.018357404757517,22.929352183404866,4.788460314485739,0.28572340734453805,225_puma8NH,5,LR,True,10
4.018357404757517,22.929352183404866,4.788460314485739,0.28572340734453805,225_puma8NH,5,LR,False,10
3.4440782095436084,18.126529780608468,4.257526251311725,0.4091109115188547,225_puma8NH,0,LR,True,20
3.4440782095436084,18.126529780608468,4.257526251311725,0.4091109115188547,225_puma8NH,0,LR,False,20
3.6557954496802822,19.927385766666283,4.4640100544987895,0.3735826180559486,225_puma8NH,1,LR,True,20
3.6557954496802822,19.927385766666283,4.4640100544987895,0.3735826180559486,225_puma8NH,1,LR,False,20
3.6577569366786116,19.97198194804822,4.469002343705832,0.3740712398374594,225_puma8NH,2,LR,True,20
3.6577569366786116,19.97198194804822,4.469002343705832,0.3740712398374594,225_puma8NH,2,LR,False,20
3.5662395342430613,19.147564253740057,4.375792985704426,0.37625736818758226,225_puma8NH,3,LR,True,20
3.5662395342430613,19.147564253740057,4.375792985704426,0.37625736818758226,225_puma8NH,3,LR,False,20
3.654611923203488,20.170456586881418,4.491153146674184,0.3467928780216267,225_puma8NH,4,LR,True,20
3.654611923203488,20.170456586881418,4.491153146674184,0.3467928780216267,225_puma8NH,4,LR,False,20
3.6186260091504594,19.51894591178722,4.4180251144359985,0.39196161903832083,225_puma8NH,5,LR,True,20
3.6186260091504594,19.518945911787224,4.418025114435999,0.39196161903832083,225_puma8NH,5,LR,False,20
4.042232920821885,24.067904877182542,4.905905102749394,0.21543381184062904,225_puma8NH,0,KNN,True,1
4.042232920821885,24.067904877182542,4.905905102749394,0.21543381184062904,225_puma8NH,0,KNN,False,1
4.144213857383315,25.447238303343628,5.044525577628051,0.20006605069332928,225_puma8NH,1,KNN,True,1
4.144213857383315,25.447238303343628,5.044525577628051,0.20006605069332928,225_puma8NH,1,KNN,False,1
4.221795145618932,26.600438098793,5.1575612549724505,0.16633315199921628,225_puma8NH,2,KNN,True,1
4.221795145618932,26.600438098793,5.1575612549724505,0.16633315199921628,225_puma8NH,2,KNN,False,1
4.185291030373176,25.940746125434732,5.093205878956272,0.15496566325422,225_puma8NH,3,KNN,True,1
4.185291030373176,25.940746125434732,5.093205878956272,0.15496566325422,225_puma8NH,3,KNN,False,1
4.076775967745029,24.66234735858612,4.966119950080357,0.20132591595321414,225_puma8NH,4,KNN,True,1
4.076775967745029,24.66234735858612,4.966119950080357,0.20132591595321414,225_puma8NH,4,KNN,False,1
4.098628029864466,24.876580643266678,4.987642794273331,0.22506492478878248,225_puma8NH,5,KNN,True,1
4.098628029864466,24.876580643266678,4.987642794273331,0.22506492478878248,225_puma8NH,5,KNN,False,1
4.042232920821885,24.067904877182542,4.905905102749394,0.21543381184062904,225_puma8NH,0,KNN,True,5
4.042232920821885,24.067904877182542,4.905905102749394,0.21543381184062904,225_puma8NH,0,KNN,False,5
4.144213857383315,25.447238303343628,5.044525577628051,0.20006605069332928,225_puma8NH,1,KNN,True,5
4.144213857383315,25.447238303343628,5.044525577628051,0.20006605069332928,225_puma8NH,1,KNN,False,5
4.221795145618932,26.600438098793,5.1575612549724505,0.16633315199921628,225_puma8NH,2,KNN,True,5
4.221795145618932,26.600438098793,5.1575612549724505,0.16633315199921628,225_puma8NH,2,KNN,False,5
4.185291030373176,25.940746125434732,5.093205878956272,0.15496566325422,225_puma8NH,3,KNN,True,5
4.185291030373176,25.940746125434732,5.093205878956272,0.15496566325422,225_puma8NH,3,KNN,False,5
4.076775967745029,24.66234735858612,4.966119950080357,0.20132591595321414,225_puma8NH,4,KNN,True,5
4.076775967745029,24.66234735858612,4.966119950080357,0.20132591595321414,225_puma8NH,4,KNN,False,5
4.098628029864466,24.876580643266678,4.987642794273331,0.22506492478878248,225_puma8NH,5,KNN,True,5
4.098628029864466,24.876580643266678,4.987642794273331,0.22506492478878248,225_puma8NH,5,KNN,False,5
4.042232920821885,24.067904877182542,4.905905102749394,0.21543381184062904,225_puma8NH,0,KNN,True,10
4.042232920821885,24.067904877182542,4.905905102749394,0.21543381184062904,225_puma8NH,0,KNN,False,10
4.144213857383315,25.447238303343628,5.044525577628051,0.20006605069332928,225_puma8NH,1,KNN,True,10
4.144213857383315,25.447238303343628,5.044525577628051,0.20006605069332928,225_puma8NH,1,KNN,False,10
4.221795145618932,26.600438098793,5.1575612549724505,0.16633315199921628,225_puma8NH,2,KNN,True,10
4.221795145618932,26.600438098793,5.1575612549724505,0.16633315199921628,225_puma8NH,2,KNN,False,10
4.185291030373176,25.940746125434732,5.093205878956272,0.15496566325422,225_puma8NH,3,KNN,True,10
4.185291030373176,25.940746125434732,5.093205878956272,0.15496566325422,225_puma8NH,3,KNN,False,10
4.076775967745029,24.66234735858612,4.966119950080357,0.20132591595321414,225_puma8NH,4,KNN,True,10
4.076775967745029,24.66234735858612,4.966119950080357,0.20132591595321414,225_puma8NH,4,KNN,False,10
4.098628029864466,24.876580643266678,4.987642794273331,0.22506492478878248,225_puma8NH,5,KNN,True,10
4.098628029864466,24.876580643266678,4.987642794273331,0.22506492478878248,225_puma8NH,5,KNN,False,10
2.5824612395119835,11.643336449672207,3.412233352171596,0.620450216070251,225_puma8NH,0,KNN,True,20
2.5824612395119835,11.643336449672207,3.412233352171596,0.620450216070251,225_puma8NH,0,KNN,False,20
2.6180289360571165,11.584015213180985,3.403529816702211,0.6358564757460985,225_puma8NH,1,KNN,True,20
2.6180289360571165,11.584015213180985,3.403529816702211,0.6358564757460985,225_puma8NH,1,KNN,False,20
2.687745372671748,12.484404543375758,3.5333276869511776,0.6087344822597118,225_puma8NH,2,KNN,True,20
2.687745372671748,12.484404543375758,3.5333276869511776,0.6087344822597118,225_puma8NH,2,KNN,False,20
2.572446480646035,11.370704547593848,3.3720475304470203,0.629592929623293,225_puma8NH,3,KNN,True,20
2.572446480646035,11.370704547593848,3.3720475304470203,0.629592929623293,225_puma8NH,3,KNN,False,20
2.561970480472529,11.624708100122417,3.409502617702825,0.623541386422643,225_puma8NH,4,KNN,True,20
2.561970480472529,11.624708100122417,3.409502617702825,0.623541386422643,225_puma8NH,4,KNN,False,20
2.5511688442437466,11.16669955269541,3.3416611965750525,0.6521440272752552,225_puma8NH,5,KNN,True,20
2.5511688442437466,11.16669955269541,3.3416611965750525,0.6521440272752552,225_puma8NH,5,KNN,False,20
5.158017953570865,41.86747725247573,6.470508268480594,-0.364797110651923,225_puma8NH,0,DT,True,1
5.158017953570865,41.86747725247573,6.470508268480594,-0.364797110651923,225_puma8NH,0,DT,False,1
5.198348523460282,42.52071414879289,6.520790914359461,-0.33663867139227865,225_puma8NH,1,DT,True,1
5.198348523460282,42.52071414879289,6.520790914359461,-0.33663867139227865,225_puma8NH,1,DT,False,1
5.359600197909232,45.0470792810929,6.7117120976016915,-0.411790905714976,225_puma8NH,2,DT,True,1
5.359600197909232,45.0470792810929,6.7117120976016915,-0.411790905714976,225_puma8NH,2,DT,False,1
5.274507243383694,43.243956160403066,6.576013698313217,-0.4086960966955373,225_puma8NH,3,DT,True,1
5.274507243383694,43.243956160403066,6.576013698313217,-0.4086960966955373,225_puma8NH,3,DT,False,1
5.093661255645268,40.526484454584924,6.366041505879845,-0.3124238492299596,225_puma8NH,4,DT,True,1
5.093661255645268,40.526484454584924,6.366041505879845,-0.3124238492299596,225_puma8NH,4,DT,False,1
5.128212656200306,41.51765297903852,6.44341935458484,-0.29332427134083683,225_puma8NH,5,DT,True,1
5.128212656200306,41.51765297903852,6.44341935458484,-0.29332427134083683,225_puma8NH,5,DT,False,1
5.158017953570865,41.86747725247573,6.470508268480594,-0.364797110651923,225_puma8NH,0,DT,True,5
5.158017953570865,41.86747725247573,6.470508268480594,-0.364797110651923,225_puma8NH,0,DT,False,5
5.198348523460282,42.52071414879289,6.520790914359461,-0.33663867139227865,225_puma8NH,1,DT,True,5
5.198348523460282,42.52071414879289,6.520790914359461,-0.33663867139227865,225_puma8NH,1,DT,False,5
5.359600197909232,45.0470792810929,6.7117120976016915,-0.411790905714976,225_puma8NH,2,DT,True,5
5.359600197909232,45.0470792810929,6.7117120976016915,-0.411790905714976,225_puma8NH,2,DT,False,5
5.274507243383694,43.243956160403066,6.576013698313217,-0.4086960966955373,225_puma8NH,3,DT,True,5
5.274507243383694,43.243956160403066,6.576013698313217,-0.4086960966955373,225_puma8NH,3,DT,False,5
5.093661255645268,40.526484454584924,6.366041505879845,-0.3124238492299596,225_puma8NH,4,DT,True,5
5.093661255645268,40.526484454584924,6.366041505879845,-0.3124238492299596,225_puma8NH,4,DT,False,5
5.128212656200306,41.51765297903852,6.44341935458484,-0.29332427134083683,225_puma8NH,5,DT,True,5
5.128212656200306,41.51765297903852,6.44341935458484,-0.29332427134083683,225_puma8NH,5,DT,False,5
5.158017953570865,41.86747725247573,6.470508268480594,-0.364797110651923,225_puma8NH,0,DT,True,10
5.158017953570865,41.86747725247573,6.470508268480594,-0.364797110651923,225_puma8NH,0,DT,False,10
5.198348523460282,42.52071414879289,6.520790914359461,-0.33663867139227865,225_puma8NH,1,DT,True,10
5.198348523460282,42.52071414879289,6.520790914359461,-0.33663867139227865,225_puma8NH,1,DT,False,10
5.359600197909232,45.0470792810929,6.7117120976016915,-0.411790905714976,225_puma8NH,2,DT,True,10
5.359600197909232,45.0470792810929,6.7117120976016915,-0.411790905714976,225_puma8NH,2,DT,False,10
5.274507243383694,43.243956160403066,6.576013698313217,-0.4086960966955373,225_puma8NH,3,DT,True,10
5.274507243383694,43.243956160403066,6.576013698313217,-0.4086960966955373,225_puma8NH,3,DT,False,10
5.093661255645268,40.526484454584924,6.366041505879845,-0.3124238492299596,225_puma8NH,4,DT,True,10
5.093661255645268,40.526484454584924,6.366041505879845,-0.3124238492299596,225_puma8NH,4,DT,False,10
5.128212656200306,41.51765297903852,6.44341935458484,-0.29332427134083683,225_puma8NH,5,DT,True,10
5.128212656200306,41.51765297903852,6.44341935458484,-0.29332427134083683,225_puma8NH,5,DT,False,10
3.359565086045636,19.969651262252356,4.468741574789524,0.34902878959976236,225_puma8NH,0,DT,True,20
3.359565086045636,19.969651262252356,4.468741574789524,0.34902878959976236,225_puma8NH,0,DT,False,20
3.377855362428609,19.816825873023497,4.451609357639493,0.3770580683701378,225_puma8NH,1,DT,True,20
3.377855362428609,19.816825873023497,4.451609357639493,0.3770580683701378,225_puma8NH,1,DT,False,20
3.429356653644613,20.825766931636366,4.563525712827349,0.34731332579503515,225_puma8NH,2,DT,True,20
3.429356653644613,20.825766931636366,4.563525712827349,0.34731332579503515,225_puma8NH,2,DT,False,20
3.375174863867705,19.794845294663887,4.449139837616243,0.35517182568004124,225_puma8NH,3,DT,True,20
3.375174863867705,19.794845294663887,4.449139837616243,0.35517182568004124,225_puma8NH,3,DT,False,20
3.3952479003792226,19.729563300798024,4.441797305235576,0.36107092042793654,225_puma8NH,4,DT,True,20
3.3952479003792226,19.729563300798024,4.441797305235576,0.36107092042793654,225_puma8NH,4,DT,False,20
3.3108310472716527,19.077082984119244,4.36773201834994,0.40572617478638406,225_puma8NH,5,DT,True,20
3.3108310472716527,19.077082984119244,4.36773201834994,0.40572617478638406,225_puma8NH,5,DT,False,20
4.395417403626566,29.843494484899818,5.462919959591191,0.027160991833120596,225_puma8NH,0,RF,True,1
4.395417403626566,29.843494484899818,5.462919959591191,0.027160991833120596,225_puma8NH,0,RF,False,1
4.502322557509564,31.02076810531416,5.569629081484167,0.02486213846828844,225_puma8NH,1,RF,True,1
4.502322557509564,31.02076810531416,5.569629081484167,0.02486213846828844,225_puma8NH,1,RF,False,1
4.6243464569335,33.27623821984322,5.768555990873558,-0.04288871209676337,225_puma8NH,2,RF,True,1
4.6243464569335,33.27623821984322,5.768555990873558,-0.04288871209676337,225_puma8NH,2,RF,False,1
4.540545669573573,31.71305022205776,5.631434117705521,-0.03307037627211207,225_puma8NH,3,RF,True,1
4.540545669573573,31.71305022205776,5.631434117705521,-0.03307037627211207,225_puma8NH,3,RF,False,1
4.421995167101611,29.651789075174527,5.445345634133294,0.03974609003637075,225_puma8NH,4,RF,True,1
4.421995167101611,29.651789075174527,5.445345634133294,0.03974609003637075,225_puma8NH,4,RF,False,1
4.436731143277326,29.967471821959005,5.474255366893201,0.06647760947300652,225_puma8NH,5,RF,True,1
4.436731143277326,29.967471821959005,5.474255366893201,0.06647760947300652,225_puma8NH,5,RF,False,1
4.395417403626566,29.843494484899818,5.462919959591191,0.027160991833120596,225_puma8NH,0,RF,True,5
4.395417403626566,29.843494484899818,5.462919959591191,0.027160991833120596,225_puma8NH,0,RF,False,5
4.502322557509564,31.02076810531416,5.569629081484167,0.02486213846828844,225_puma8NH,1,RF,True,5
4.502322557509564,31.02076810531416,5.569629081484167,0.02486213846828844,225_puma8NH,1,RF,False,5
4.6243464569335,33.27623821984322,5.768555990873558,-0.04288871209676337,225_puma8NH,2,RF,True,5
4.6243464569335,33.27623821984322,5.768555990873558,-0.04288871209676337,225_puma8NH,2,RF,False,5
4.540545669573573,31.71305022205776,5.631434117705521,-0.03307037627211207,225_puma8NH,3,RF,True,5
4.540545669573573,31.71305022205776,5.631434117705521,-0.03307037627211207,225_puma8NH,3,RF,False,5
4.421995167101611,29.651789075174527,5.445345634133294,0.03974609003637075,225_puma8NH,4,RF,True,5
4.421995167101611,29.651789075174527,5.445345634133294,0.03974609003637075,225_puma8NH,4,RF,False,5
4.436731143277326,29.967471821959005,5.474255366893201,0.06647760947300652,225_puma8NH,5,RF,True,5
4.436731143277326,29.967471821959005,5.474255366893201,0.06647760947300652,225_puma8NH,5,RF,False,5
4.395417403626566,29.843494484899818,5.462919959591191,0.027160991833120596,225_puma8NH,0,RF,True,10
4.395417403626566,29.843494484899818,5.462919959591191,0.027160991833120596,225_puma8NH,0,RF,False,10
4.502322557509564,31.02076810531416,5.569629081484167,0.02486213846828844,225_puma8NH,1,RF,True,10
4.502322557509564,31.02076810531416,5.569629081484167,0.02486213846828844,225_puma8NH,1,RF,False,10
4.6243464569335,33.27623821984322,5.768555990873558,-0.04288871209676337,225_puma8NH,2,RF,True,10
4.6243464569335,33.27623821984322,5.768555990873558,-0.04288871209676337,225_puma8NH,2,RF,False,10
4.540545669573573,31.71305022205776,5.631434117705521,-0.03307037627211207,225_puma8NH,3,RF,True,10
4.540545669573573,31.71305022205776,5.631434117705521,-0.03307037627211207,225_puma8NH,3,RF,False,10
4.421995167101611,29.651789075174527,5.445345634133294,0.03974609003637075,225_puma8NH,4,RF,True,10
4.421995167101611,29.651789075174527,5.445345634133294,0.03974609003637075,225_puma8NH,4,RF,False,10
4.436731143277326,29.967471821959005,5.474255366893201,0.06647760947300652,225_puma8NH,5,RF,True,10
4.436731143277326,29.967471821959005,5.474255366893201,0.06647760947300652,225_puma8NH,5,RF,False,10
2.5615350192189195,11.451177691460465,3.3839588785120402,0.6267142122602373,225_puma8NH,0,RF,True,20
2.5615350192189195,11.451177691460465,3.3839588785120402,0.6267142122602373,225_puma8NH,0,RF,False,20
2.6386362862306383,11.668546753030878,3.4159254606959557,0.6331992267469325,225_puma8NH,1,RF,True,20
2.6386362862306383,11.668546753030878,3.4159254606959557,0.6331992267469325,225_puma8NH,1,RF,False,20
2.7018360258241314,12.586925458382643,3.54780572444189,0.6055214416417145,225_puma8NH,2,RF,True,20
2.7018360258241314,12.586925458382643,3.54780572444189,0.6055214416417145,225_puma8NH,2,RF,False,20
2.5353350279075793,10.969251978107808,3.311986107776995,0.6426704719634457,225_puma8NH,3,RF,True,20
2.5353350279075793,10.969251978107808,3.311986107776995,0.6426704719634457,225_puma8NH,3,RF,False,20
2.5888958657589036,11.555639354820434,3.3993586681638104,0.6257781328315819,225_puma8NH,4,RF,True,20
2.5888958657589036,11.555639354820434,3.3993586681638104,0.6257781328315819,225_puma8NH,4,RF,False,20
2.5709052270229242,11.17659439829588,3.3431413966950125,0.6518357910658839,225_puma8NH,5,RF,True,20
2.5709052270229242,11.17659439829588,3.3431413966950125,0.6518357910658839,225_puma8NH,5,RF,False,20
3.8956007063348217,22.383643475428734,4.731135537630341,0.27033740875033363,225_puma8NH,0,SVR,True,1
3.8956007063348217,22.383643475428734,4.731135537630341,0.27033740875033363,225_puma8NH,0,SVR,False,1
4.079450095050223,24.27819894082447,4.927291237670498,0.23681480366240992,225_puma8NH,1,SVR,True,1
4.079450095050223,24.27819894082447,4.927291237670498,0.23681480366240992,225_puma8NH,1,SVR,False,1
4.0486746619635126,24.10033605867178,4.909209310945275,0.2446872069109195,225_puma8NH,2,SVR,True,1
4.0486746619635126,24.10033605867178,4.909209310945275,0.2446872069109195,225_puma8NH,2,SVR,False,1
3.93397036145738,22.702116956419893,4.764673856248704,0.2604658226779546,225_puma8NH,3,SVR,True,1
3.93397036145738,22.702116956419893,4.764673856248704,0.2604658226779546,225_puma8NH,3,SVR,False,1
3.973731548690162,23.381606244685802,4.835453054749451,0.24280188420443904,225_puma8NH,4,SVR,True,1
3.973731548690162,23.381606244685802,4.835453054749451,0.24280188420443904,225_puma8NH,4,SVR,False,1
3.959789431333061,23.167829298030952,4.813297133777526,0.2782945615795579,225_puma8NH,5,SVR,True,1
3.959789431333061,23.167829298030952,4.813297133777526,0.2782945615795579,225_puma8NH,5,SVR,False,1
3.8956007063348217,22.383643475428734,4.731135537630341,0.27033740875033363,225_puma8NH,0,SVR,True,5
3.8956007063348217,22.383643475428734,4.731135537630341,0.27033740875033363,225_puma8NH,0,SVR,False,5
4.079450095050223,24.27819894082447,4.927291237670498,0.23681480366240992,225_puma8NH,1,SVR,True,5
4.079450095050223,24.27819894082447,4.927291237670498,0.23681480366240992,225_puma8NH,1,SVR,False,5
4.0486746619635126,24.10033605867178,4.909209310945275,0.2446872069109195,225_puma8NH,2,SVR,True,5
4.0486746619635126,24.10033605867178,4.909209310945275,0.2446872069109195,225_puma8NH,2,SVR,False,5
3.93397036145738,22.702116956419893,4.764673856248704,0.2604658226779546,225_puma8NH,3,SVR,True,5
3.93397036145738,22.702116956419893,4.764673856248704,0.2604658226779546,225_puma8NH,3,SVR,False,5
3.973731548690162,23.381606244685802,4.835453054749451,0.24280188420443904,225_puma8NH,4,SVR,True,5
3.973731548690162,23.381606244685802,4.835453054749451,0.24280188420443904,225_puma8NH,4,SVR,False,5
3.959789431333061,23.167829298030952,4.813297133777526,0.2782945615795579,225_puma8NH,5,SVR,True,5
3.959789431333061,23.167829298030952,4.813297133777526,0.2782945615795579,225_puma8NH,5,SVR,False,5
3.8956007063348217,22.383643475428734,4.731135537630341,0.27033740875033363,225_puma8NH,0,SVR,True,10
3.8956007063348217,22.383643475428734,4.731135537630341,0.27033740875033363,225_puma8NH,0,SVR,False,10
4.079450095050223,24.27819894082447,4.927291237670498,0.23681480366240992,225_puma8NH,1,SVR,True,10
4.079450095050223,24.27819894082447,4.927291237670498,0.23681480366240992,225_puma8NH,1,SVR,False,10
4.0486746619635126,24.10033605867178,4.909209310945275,0.2446872069109195,225_puma8NH,2,SVR,True,10
4.0486746619635126,24.10033605867178,4.909209310945275,0.2446872069109195,225_puma8NH,2,SVR,False,10
3.93397036145738,22.702116956419893,4.764673856248704,0.2604658226779546,225_puma8NH,3,SVR,True,10
3.93397036145738,22.702116956419893,4.764673856248704,0.2604658226779546,225_puma8NH,3,SVR,False,10
3.973731548690162,23.381606244685802,4.835453054749451,0.24280188420443904,225_puma8NH,4,SVR,True,10
3.973731548690162,23.381606244685802,4.835453054749451,0.24280188420443904,225_puma8NH,4,SVR,False,10
3.959789431333061,23.167829298030952,4.813297133777526,0.2782945615795579,225_puma8NH,5,SVR,True,10
3.959789431333061,23.167829298030952,4.813297133777526,0.2782945615795579,225_puma8NH,5,SVR,False,10
3.355976532106986,18.428303341299422,4.292819975412366,0.3992736891512757,225_puma8NH,0,SVR,True,20
3.355976532106986,18.428303341299422,4.292819975412366,0.3992736891512757,225_puma8NH,0,SVR,False,20
3.557535410492869,20.365533867195904,4.512818838286765,0.3598094322878167,225_puma8NH,1,SVR,True,20
3.557535410492869,20.365533867195904,4.512818838286765,0.3598094322878167,225_puma8NH,1,SVR,False,20
3.5849363487871337,20.35132526835135,4.51124431485941,0.36218249014947546,225_puma8NH,2,SVR,True,20
3.5849363487871337,20.351325268351346,4.51124431485941,0.36218249014947557,225_puma8NH,2,SVR,False,20
3.536330040656664,20.150179049335566,4.488895081123591,0.34359662956769976,225_puma8NH,3,SVR,True,20
3.536330040656664,20.150179049335573,4.488895081123592,0.34359662956769943,225_puma8NH,3,SVR,False,20
3.6333947461594787,21.39624856061863,4.625607912547132,0.30709640194731536,225_puma8NH,4,SVR,True,20
3.6333947461594778,21.39624856061863,4.625607912547132,0.30709640194731536,225_puma8NH,4,SVR,False,20
3.5713374027159475,20.179444775695227,4.492153690124062,0.3713862938310757,225_puma8NH,5,SVR,True,20
3.5713374027159475,20.17944477569523,4.492153690124063,0.37138629383107546,225_puma8NH,5,SVR,False,20
9.818039777528343,183.71993134630586,13.5543325673493,0.4669637603530882,227_cpu_small,0,LR,True,1
9.818039777528343,183.71993134630586,13.5543325673493,0.4669637603530882,227_cpu_small,0,LR,False,1
10.131743131193701,196.82367062362002,14.029385967447757,0.4774318959384456,227_cpu_small,1,LR,True,1
10.131743131193701,196.82367062362002,14.029385967447757,0.4774318959384456,227_cpu_small,1,LR,False,1
9.985199118089861,187.73401785275166,13.701606396797116,0.4557473223430285,227_cpu_small,2,LR,True,1
9.985199118089861,187.73401785275166,13.701606396797116,0.4557473223430285,227_cpu_small,2,LR,False,1
10.054464511640806,194.326039524367,13.940087500599377,0.4742003261049299,227_cpu_small,3,LR,True,1
10.054464511640806,194.326039524367,13.940087500599377,0.4742003261049299,227_cpu_small,3,LR,False,1
9.901714292327728,178.36544073921644,13.355352512727489,0.43548239376397846,227_cpu_small,4,LR,True,1
9.901714292327728,178.36544073921644,13.355352512727489,0.43548239376397846,227_cpu_small,4,LR,False,1
9.759077312815089,181.95155559118632,13.488941974491043,0.46657657998835667,227_cpu_small,5,LR,True,1
9.759077312815089,181.95155559118632,13.488941974491043,0.46657657998835667,227_cpu_small,5,LR,False,1
9.818039777528343,183.71993134630586,13.5543325673493,0.4669637603530882,227_cpu_small,0,LR,True,5
9.818039777528343,183.71993134630586,13.5543325673493,0.4669637603530882,227_cpu_small,0,LR,False,5
10.131743131193701,196.82367062362002,14.029385967447757,0.4774318959384456,227_cpu_small,1,LR,True,5
10.131743131193701,196.82367062362002,14.029385967447757,0.4774318959384456,227_cpu_small,1,LR,False,5
9.985199118089861,187.73401785275166,13.701606396797116,0.4557473223430285,227_cpu_small,2,LR,True,5
9.985199118089861,187.73401785275166,13.701606396797116,0.4557473223430285,227_cpu_small,2,LR,False,5
10.054464511640806,194.326039524367,13.940087500599377,0.4742003261049299,227_cpu_small,3,LR,True,5
10.054464511640806,194.326039524367,13.940087500599377,0.4742003261049299,227_cpu_small,3,LR,False,5
9.901714292327728,178.36544073921644,13.355352512727489,0.43548239376397846,227_cpu_small,4,LR,True,5
9.901714292327728,178.36544073921644,13.355352512727489,0.43548239376397846,227_cpu_small,4,LR,False,5
9.759077312815089,181.95155559118632,13.488941974491043,0.46657657998835667,227_cpu_small,5,LR,True,5
9.759077312815089,181.95155559118632,13.488941974491043,0.46657657998835667,227_cpu_small,5,LR,False,5
8.126108091912993,145.77934054238617,12.07391156760667,0.5770427795640336,227_cpu_small,0,LR,True,10
8.126108091912993,145.77934054238617,12.07391156760667,0.5770427795640336,227_cpu_small,0,LR,False,10
8.422665034425366,143.51405538157212,11.9797351966382,0.6189692652854473,227_cpu_small,1,LR,True,10
8.422665034425366,143.51405538157215,11.979735196638202,0.6189692652854472,227_cpu_small,1,LR,False,10
8.302213800021676,144.46025326636502,12.019161920298979,0.5812006766035822,227_cpu_small,2,LR,True,10
8.302213800021676,144.46025326636502,12.019161920298979,0.5812006766035822,227_cpu_small,2,LR,False,10
8.423771505423591,158.60874584878343,12.593996420865913,0.5708427596820389,227_cpu_small,3,LR,True,10
8.423771505423591,158.60874584878337,12.593996420865912,0.570842759682039,227_cpu_small,3,LR,False,10
8.159182670276028,127.92650158799499,11.310459830970402,0.5951190872440933,227_cpu_small,4,LR,True,10
8.159182670276028,127.92650158799499,11.310459830970402,0.5951190872440933,227_cpu_small,4,LR,False,10
7.997809066559689,131.69353934576347,11.475780554967207,0.6139169136366653,227_cpu_small,5,LR,True,10
7.9978090665596895,131.69353934576347,11.475780554967207,0.6139169136366653,227_cpu_small,5,LR,False,10
6.312136894559412,114.71291208071096,10.71041138709018,0.667177432266777,227_cpu_small,0,LR,True,20
6.312136894559413,114.71291208071092,10.710411387090177,0.6671774322667771,227_cpu_small,0,LR,False,20
6.571217617134884,113.75300529205406,10.6655053931848,0.6979850435751447,227_cpu_small,1,LR,True,20
6.571217617134889,113.75300529205404,10.6655053931848,0.6979850435751448,227_cpu_small,1,LR,False,20
6.46594327266969,110.60670617112633,10.516972291069628,0.6793442302626825,227_cpu_small,2,LR,True,20
6.465943272669694,110.60670617112632,10.516972291069626,0.6793442302626826,227_cpu_small,2,LR,False,20
6.494831975132817,125.1892401052811,11.188799761604509,0.6612679300023785,227_cpu_small,3,LR,True,20
6.494831975132812,125.18924010528107,11.188799761604507,0.6612679300023786,227_cpu_small,3,LR,False,20
6.300088227224833,92.10655792172523,9.597216154788077,0.7084873987857688,227_cpu_small,4,LR,True,20
6.300088227224831,92.10655792172523,9.597216154788077,0.7084873987857688,227_cpu_small,4,LR,False,20
6.272158546480408,101.30792664307691,10.065183885209297,0.7029977538325787,227_cpu_small,5,LR,True,20
6.272158546480411,101.30792664307694,10.065183885209297,0.7029977538325786,227_cpu_small,5,LR,False,20
5.8593044539353265,63.39751067724222,7.962255376288946,0.8160614885563333,227_cpu_small,0,KNN,True,1
5.8593044539353265,63.39751067724222,7.962255376288946,0.8160614885563333,227_cpu_small,0,KNN,False,1
5.86418547895058,63.579035997559494,7.973646342643966,0.831197252881032,227_cpu_small,1,KNN,True,1
5.86418547895058,63.579035997559494,7.973646342643966,0.831197252881032,227_cpu_small,1,KNN,False,1
5.920439292251373,65.0418547895058,8.064853054427328,0.8114395886592612,227_cpu_small,2,KNN,True,1
5.920439292251373,65.0418547895058,8.064853054427328,0.8114395886592612,227_cpu_small,2,KNN,False,1
5.982184258694326,68.78008541793777,8.293375996416524,0.8138975786685964,227_cpu_small,3,KNN,True,1
5.982184258694326,68.78008541793777,8.293375996416524,0.8138975786685964,227_cpu_small,3,KNN,False,1
5.949725442342892,64.71306894447834,8.044443358273979,0.7951864070678605,227_cpu_small,4,KNN,True,1
5.949725442342892,64.71306894447834,8.044443358273979,0.7951864070678605,227_cpu_small,4,KNN,False,1
5.742159853569251,61.82386821232459,7.8628155397621144,0.8187523095748418,227_cpu_small,5,KNN,True,1
5.742159853569251,61.82386821232459,7.8628155397621144,0.8187523095748418,227_cpu_small,5,KNN,False,1
5.8593044539353265,63.39751067724222,7.962255376288946,0.8160614885563333,227_cpu_small,0,KNN,True,5
5.8593044539353265,63.39751067724222,7.962255376288946,0.8160614885563333,227_cpu_small,0,KNN,False,5
5.86418547895058,63.579035997559494,7.973646342643966,0.831197252881032,227_cpu_small,1,KNN,True,5
5.86418547895058,63.579035997559494,7.973646342643966,0.831197252881032,227_cpu_small,1,KNN,False,5
5.920439292251373,65.0418547895058,8.064853054427328,0.8114395886592612,227_cpu_small,2,KNN,True,5
5.920439292251373,65.0418547895058,8.064853054427328,0.8114395886592612,227_cpu_small,2,KNN,False,5
5.982184258694326,68.78008541793777,8.293375996416524,0.8138975786685964,227_cpu_small,3,KNN,True,5
5.982184258694326,68.78008541793777,8.293375996416524,0.8138975786685964,227_cpu_small,3,KNN,False,5
5.949725442342892,64.71306894447834,8.044443358273979,0.7951864070678605,227_cpu_small,4,KNN,True,5
5.949725442342892,64.71306894447834,8.044443358273979,0.7951864070678605,227_cpu_small,4,KNN,False,5
5.742159853569251,61.82386821232459,7.8628155397621144,0.8187523095748418,227_cpu_small,5,KNN,True,5
5.742159853569251,61.82386821232459,7.8628155397621144,0.8187523095748418,227_cpu_small,5,KNN,False,5
5.4236729713239775,55.545161683953644,7.452862650281007,0.8388439191239132,227_cpu_small,0,KNN,True,10
5.42477120195241,55.568224527150704,7.454409737004715,0.838777005691477,227_cpu_small,0,KNN,False,10
5.38987187309335,55.55519219035998,7.453535549681103,0.8525006094962657,227_cpu_small,1,KNN,True,10
5.38987187309335,55.55519219035998,7.453535549681103,0.8525006094962657,227_cpu_small,1,KNN,False,10
5.307260524710189,56.65984136668701,7.527273169394546,0.8357395706321817,227_cpu_small,2,KNN,True,10
5.306650396583283,56.65679072605248,7.527070527506201,0.8357484146304773,227_cpu_small,2,KNN,False,10
5.5045759609518,59.75248322147652,7.729973041445651,0.8383241058729372,227_cpu_small,3,KNN,True,10
5.5045759609518,59.75248322147652,7.729973041445651,0.8383241058729372,227_cpu_small,3,KNN,False,10
5.553386211104332,60.41654667480171,7.77280815888323,0.8087846829264884,227_cpu_small,4,KNN,True,10
5.553386211104332,60.41654667480171,7.77280815888323,0.8087846829264884,227_cpu_small,4,KNN,False,10
5.164002440512507,52.58579621720561,7.251606457689607,0.8458353644129223,227_cpu_small,5,KNN,True,10
5.162416107382551,52.5726418547895,7.250699404525711,0.8458739287712498,227_cpu_small,5,KNN,False,10
3.0701647345942646,18.193386211104333,4.265370583091736,0.9472145776381163,227_cpu_small,0,KNN,True,20
3.0701647345942646,18.193386211104333,4.265370583091736,0.9472145776381163,227_cpu_small,0,KNN,False,20
3.1535082367297136,18.810420988407568,4.337098222130503,0.9500582119957061,227_cpu_small,1,KNN,True,20
3.1535082367297136,18.810420988407568,4.337098222130503,0.9500582119957061,227_cpu_small,1,KNN,False,20
3.1865771812080532,19.39899938987187,4.404429519230824,0.9437610855903333,227_cpu_small,2,KNN,True,20
3.186333129957291,19.39841366687004,4.404363026235467,0.9437627836380061,227_cpu_small,2,KNN,False,20
3.1810860280658932,19.83221476510067,4.453337486099686,0.946338781556862,227_cpu_small,3,KNN,True,20
3.1810860280658932,19.83221476510067,4.453337486099686,0.946338781556862,227_cpu_small,3,KNN,False,20
3.2311165344722395,19.903233679072606,4.461304033471896,0.9370072712163243,227_cpu_small,4,KNN,True,20
3.2311165344722395,19.903233679072606,4.461304033471896,0.9370072712163243,227_cpu_small,4,KNN,False,20
3.048688224527151,17.757998779743748,4.214024060176182,0.9479392610254092,227_cpu_small,5,KNN,True,20
3.048688224527151,17.757998779743748,4.214024060176182,0.9479392610254092,227_cpu_small,5,KNN,False,20
7.202789357147901,103.45984572091045,10.171521308089092,0.6998265418814471,227_cpu_small,0,DT,True,1
7.202789357147901,103.45984572091045,10.171521308089092,0.6998265418814471,227_cpu_small,0,DT,False,1
7.242529314120224,107.45544934063936,10.366072030457794,0.7147050948948126,227_cpu_small,1,DT,True,1
7.242529314120224,107.45544934063936,10.366072030457794,0.7147050948948126,227_cpu_small,1,DT,False,1
7.177574992779296,105.70321977100501,10.281207116433606,0.6935597444973685,227_cpu_small,2,DT,True,1
7.177574992779296,105.70321977100501,10.281207116433606,0.6935597444973685,227_cpu_small,2,DT,False,1
7.342902026582445,111.57879303047841,10.563086340198039,0.69809453672484,227_cpu_small,3,DT,True,1
7.342902026582445,111.57879303047841,10.563086340198039,0.69809453672484,227_cpu_small,3,DT,False,1
7.299529093710748,106.08182369457724,10.299603084322097,0.6642563888552222,227_cpu_small,4,DT,True,1
7.299529093710748,106.08182369457724,10.299603084322097,0.6642563888552222,227_cpu_small,4,DT,False,1
6.972510822510823,98.35637997642891,9.917478508997583,0.7116507390303793,227_cpu_small,5,DT,True,1
6.972510822510823,98.35637997642891,9.917478508997583,0.7116507390303793,227_cpu_small,5,DT,False,1
7.202789357147901,103.45984572091045,10.171521308089092,0.6998265418814471,227_cpu_small,0,DT,True,5
7.202789357147901,103.45984572091045,10.171521308089092,0.6998265418814471,227_cpu_small,0,DT,False,5
7.242529314120224,107.45544934063936,10.366072030457794,0.7147050948948126,227_cpu_small,1,DT,True,5
7.242529314120224,107.45544934063936,10.366072030457794,0.7147050948948126,227_cpu_small,1,DT,False,5
7.177574992779296,105.70321977100501,10.281207116433606,0.6935597444973685,227_cpu_small,2,DT,True,5
7.177574992779296,105.70321977100501,10.281207116433606,0.6935597444973685,227_cpu_small,2,DT,False,5
7.342902026582445,111.57879303047841,10.563086340198039,0.69809453672484,227_cpu_small,3,DT,True,5
7.342902026582445,111.57879303047841,10.563086340198039,0.69809453672484,227_cpu_small,3,DT,False,5
7.299529093710748,106.08182369457724,10.299603084322097,0.6642563888552222,227_cpu_small,4,DT,True,5
7.299529093710748,106.08182369457724,10.299603084322097,0.6642563888552222,227_cpu_small,4,DT,False,5
6.972510822510823,98.35637997642891,9.917478508997583,0.7116507390303793,227_cpu_small,5,DT,True,5
6.972510822510823,98.35637997642891,9.917478508997583,0.7116507390303793,227_cpu_small,5,DT,False,5
6.964104128533659,98.5622754389533,9.927853516191368,0.7140361185309183,227_cpu_small,0,DT,True,10
6.964104128533659,98.5622754389533,9.927853516191368,0.7140361185309183,227_cpu_small,0,DT,False,10
6.926011795810454,102.8396529048878,10.140988753809355,0.7269600639466667,227_cpu_small,1,DT,True,10
6.926011795810454,102.8396529048878,10.140988753809355,0.7269600639466667,227_cpu_small,1,DT,False,10
6.85600976205003,95.84617992000541,9.790106226185976,0.7221359204831496,227_cpu_small,2,DT,True,10
6.85600976205003,95.84617992000541,9.790106226185976,0.7221359204831496,227_cpu_small,2,DT,False,10
6.8482306284319705,99.3285582333401,9.966371367420548,0.7312407351305646,227_cpu_small,3,DT,True,10
6.8482306284319705,99.3285582333401,9.966371367420548,0.7312407351305646,227_cpu_small,3,DT,False,10
6.734594264795607,96.02637109348518,9.799304622955916,0.6960813881850402,227_cpu_small,4,DT,True,10
6.734594264795607,96.02637109348518,9.799304622955916,0.6960813881850402,227_cpu_small,4,DT,False,10
6.767073418751271,96.22259304453935,9.809311547939506,0.717906315791383,227_cpu_small,5,DT,True,10
6.767073418751271,96.22259304453935,9.809311547939506,0.717906315791383,227_cpu_small,5,DT,False,10
3.828045556233476,32.02139685445054,5.65874516606381,0.9070946475841857,227_cpu_small,0,DT,True,20
3.828045556233476,32.02139685445054,5.65874516606381,0.9070946475841857,227_cpu_small,0,DT,False,20
4.037461866992068,34.73729509863738,5.893835347092535,0.9077722593913293,227_cpu_small,1,DT,True,20
4.037461866992068,34.73729509863738,5.893835347092535,0.9077722593913293,227_cpu_small,1,DT,False,20
3.87522879804759,30.744102094773233,5.544736431497284,0.910870922176908,227_cpu_small,2,DT,True,20
3.87522879804759,30.744102094773233,5.544736431497284,0.910870922176908,227_cpu_small,2,DT,False,20
4.025676225340655,33.80850874516982,5.814508469782275,0.9085222808193965,227_cpu_small,3,DT,True,20
4.025676225340655,33.80850874516982,5.814508469782275,0.9085222808193965,227_cpu_small,3,DT,False,20
4.0307097823876346,32.410717917429324,5.693041183535327,0.8974217156680656,227_cpu_small,4,DT,True,20
4.0307097823876346,32.410717917429324,5.693041183535327,0.8974217156680656,227_cpu_small,4,DT,False,20
3.865304047183242,31.11399023794997,5.57799159536387,0.9087837912184351,227_cpu_small,5,DT,True,20
3.865304047183242,31.11399023794997,5.57799159536387,0.9087837912184351,227_cpu_small,5,DT,False,20
6.274639998360345,75.95978596643437,8.715491148893124,0.7796139026439574,227_cpu_small,0,RF,True,1
6.274639998360345,75.95978596643437,8.715491148893124,0.7796139026439574,227_cpu_small,0,RF,False,1
6.340614152264518,78.33848072569188,8.850902819808377,0.7920108327510547,227_cpu_small,1,RF,True,1
6.340614152264518,78.33848072569188,8.850902819808377,0.7920108327510547,227_cpu_small,1,RF,False,1
6.346383430206434,78.96118674601799,8.88601073294524,0.7710865733923642,227_cpu_small,2,RF,True,1
6.346383430206434,78.96118674601799,8.88601073294524,0.7710865733923642,227_cpu_small,2,RF,False,1
6.401215649647258,83.0130035342419,9.111147212850964,0.7753867145433099,227_cpu_small,3,RF,True,1
6.401215649647258,83.0130035342419,9.111147212850964,0.7753867145433099,227_cpu_small,3,RF,False,1
6.327083775394871,76.56941901870876,8.75039536356551,0.7576616582439744,227_cpu_small,4,RF,True,1
6.327083775394871,76.56941901870876,8.75039536356551,0.7576616582439744,227_cpu_small,4,RF,False,1
6.056183016013608,72.08561800951398,8.490324964894688,0.788668160778558,227_cpu_small,5,RF,True,1
6.056183016013608,72.08561800951398,8.490324964894688,0.788668160778558,227_cpu_small,5,RF,False,1
6.274639998360345,75.95978596643437,8.715491148893124,0.7796139026439574,227_cpu_small,0,RF,True,5
6.274639998360345,75.95978596643437,8.715491148893124,0.7796139026439574,227_cpu_small,0,RF,False,5
6.340614152264518,78.33848072569188,8.850902819808377,0.7920108327510547,227_cpu_small,1,RF,True,5
6.340614152264518,78.33848072569188,8.850902819808377,0.7920108327510547,227_cpu_small,1,RF,False,5
6.346383430206434,78.96118674601799,8.88601073294524,0.7710865733923642,227_cpu_small,2,RF,True,5
6.346383430206434,78.96118674601799,8.88601073294524,0.7710865733923642,227_cpu_small,2,RF,False,5
6.401215649647258,83.0130035342419,9.111147212850964,0.7753867145433099,227_cpu_small,3,RF,True,5
6.401215649647258,83.0130035342419,9.111147212850964,0.7753867145433099,227_cpu_small,3,RF,False,5
6.327083775394871,76.56941901870876,8.75039536356551,0.7576616582439744,227_cpu_small,4,RF,True,5
6.327083775394871,76.56941901870876,8.75039536356551,0.7576616582439744,227_cpu_small,4,RF,False,5
6.056183016013608,72.08561800951398,8.490324964894688,0.788668160778558,227_cpu_small,5,RF,True,5
6.056183016013608,72.08561800951398,8.490324964894688,0.788668160778558,227_cpu_small,5,RF,False,5
5.632611965774717,60.96076817772119,7.807737711893323,0.823131336935953,227_cpu_small,0,RF,True,10
5.632611965774717,60.96076817772119,7.807737711893323,0.823131336935953,227_cpu_small,0,RF,False,10
5.585561765788276,61.44759596892759,7.8388516996386395,0.8368562397861843,227_cpu_small,1,RF,True,10
5.585561765788276,61.44759596892759,7.8388516996386395,0.8368562397861843,227_cpu_small,1,RF,False,10
5.5057628804826795,59.561527114335206,7.717611490243287,0.827327401884399,227_cpu_small,2,RF,True,10
5.5057628804826795,59.561527114335206,7.717611490243287,0.827327401884399,227_cpu_small,2,RF,False,10
5.681094402800779,64.99905294090088,8.062199013972608,0.8241281460607928,227_cpu_small,3,RF,True,10
5.681094402800779,64.99905294090088,8.062199013972608,0.8241281460607928,227_cpu_small,3,RF,False,10
5.569120723710565,61.37611350737216,7.8342908745700885,0.8057477023931453,227_cpu_small,4,RF,True,10
5.569120723710565,61.37611350737216,7.8342908745700885,0.8057477023931453,227_cpu_small,4,RF,False,10
5.41416545535002,57.95678690167661,7.612935498326293,0.8300893477852965,227_cpu_small,5,RF,True,10
5.41416545535002,57.95678690167661,7.612935498326293,0.8300893477852965,227_cpu_small,5,RF,False,10
2.9911860939209927,18.093707341915408,4.253669867527969,0.9475037811513952,227_cpu_small,0,RF,True,20
2.9911860939209927,18.093707341915408,4.253669867527969,0.9475037811513952,227_cpu_small,0,RF,False,20
3.1493568256873625,19.770398067376874,4.446391578277477,0.9475094667126306,227_cpu_small,1,RF,True,20
3.1493568256873625,19.770398067376874,4.446391578277477,0.9475094667126306,227_cpu_small,1,RF,False,20
3.107547149345807,18.741430086720413,4.329137337475032,0.9456674201911617,227_cpu_small,2,RF,True,20
3.107547149345807,18.741430086720413,4.329137337475032,0.9456674201911617,227_cpu_small,2,RF,False,20
3.064277136174787,18.63457568477191,4.316778391899671,0.9495793057780222,227_cpu_small,3,RF,True,20
3.064277136174787,18.63457568477191,4.316778391899671,0.9495793057780222,227_cpu_small,3,RF,False,20
3.2042981129608648,19.623682017484196,4.429862528057073,0.937892038098099,227_cpu_small,4,RF,True,20
3.2042981129608648,19.623682017484196,4.429862528057073,0.937892038098099,227_cpu_small,4,RF,False,20
2.984297678831236,17.513427717650863,4.184904744154981,0.9486562646913222,227_cpu_small,5,RF,True,20
2.984297678831236,17.513427717650863,4.184904744154981,0.9486562646913222,227_cpu_small,5,RF,False,20
8.56794871571246,242.0493883660927,15.557936507329392,0.29772945788719785,227_cpu_small,0,SVR,True,1
8.56794871571246,242.0493883660927,15.557936507329392,0.29772945788719785,227_cpu_small,0,SVR,False,1
8.876433662623265,262.8121441150797,16.211481860554258,0.30223207686642983,227_cpu_small,1,SVR,True,1
8.876433662623265,262.8121441150797,16.211481860554258,0.30223207686642983,227_cpu_small,1,SVR,False,1
8.617494411097628,244.59305183699968,15.639470957708246,0.29090942109921747,227_cpu_small,2,SVR,True,1
8.617494411097628,244.59305183699968,15.639470957708246,0.29090942109921747,227_cpu_small,2,SVR,False,1
8.86242915258041,261.258005792837,16.163477527835308,0.2930984721112222,227_cpu_small,3,SVR,True,1
8.86242915258041,261.258005792837,16.163477527835308,0.2930984721112222,227_cpu_small,3,SVR,False,1
8.424380466333103,224.25402618611665,14.975113561710197,0.2902473398057617,227_cpu_small,4,SVR,True,1
8.424380466333103,224.25402618611665,14.975113561710197,0.2902473398057617,227_cpu_small,4,SVR,False,1
8.374543814751807,234.68915127288827,15.319567594187777,0.31196691721124215,227_cpu_small,5,SVR,True,1
8.374543814751807,234.68915127288827,15.319567594187777,0.31196691721124215,227_cpu_small,5,SVR,False,1
8.56794871571246,242.0493883660927,15.557936507329392,0.29772945788719785,227_cpu_small,0,SVR,True,5
8.56794871571246,242.0493883660927,15.557936507329392,0.29772945788719785,227_cpu_small,0,SVR,False,5
8.876433662623265,262.8121441150797,16.211481860554258,0.30223207686642983,227_cpu_small,1,SVR,True,5
8.876433662623265,262.8121441150797,16.211481860554258,0.30223207686642983,227_cpu_small,1,SVR,False,5
8.617494411097628,244.59305183699968,15.639470957708246,0.29090942109921747,227_cpu_small,2,SVR,True,5
8.617494411097628,244.59305183699968,15.639470957708246,0.29090942109921747,227_cpu_small,2,SVR,False,5
8.86242915258041,261.258005792837,16.163477527835308,0.2930984721112222,227_cpu_small,3,SVR,True,5
8.86242915258041,261.258005792837,16.163477527835308,0.2930984721112222,227_cpu_small,3,SVR,False,5
8.424380466333103,224.25402618611665,14.975113561710197,0.2902473398057617,227_cpu_small,4,SVR,True,5
8.424380466333103,224.25402618611665,14.975113561710197,0.2902473398057617,227_cpu_small,4,SVR,False,5
8.374543814751807,234.68915127288827,15.319567594187777,0.31196691721124215,227_cpu_small,5,SVR,True,5
8.374543814751807,234.68915127288827,15.319567594187777,0.31196691721124215,227_cpu_small,5,SVR,False,5
7.73638699728771,248.50354618855576,15.763995248304148,0.27900367244539637,227_cpu_small,0,SVR,True,10
7.73638699728771,248.50354618855576,15.763995248304148,0.27900367244539637,227_cpu_small,0,SVR,False,10
7.582224407492644,177.44609514738443,13.320889427789139,0.5288794827344969,227_cpu_small,1,SVR,True,10
7.582224407492644,177.44609514738443,13.320889427789139,0.5288794827344969,227_cpu_small,1,SVR,False,10
7.555577233734907,187.79836203778675,13.703954248237505,0.4555607845200087,227_cpu_small,2,SVR,True,10
7.5555772337349065,187.7983620377867,13.703954248237503,0.4555607845200089,227_cpu_small,2,SVR,False,10
8.120158887180658,291.92881874934227,17.085924579879844,0.21011060548203075,227_cpu_small,3,SVR,True,10
8.120158887180658,291.9288187493423,17.085924579879848,0.21011060548203064,227_cpu_small,3,SVR,False,10
7.326568910305292,170.0489456572782,13.040281655596178,0.4618036804239519,227_cpu_small,4,SVR,True,10
7.326568910305292,170.04894565727818,13.040281655596177,0.46180368042395203,227_cpu_small,4,SVR,False,10
7.2105564032139,190.57532665276324,13.80490226885954,0.44129445784261645,227_cpu_small,5,SVR,True,10
7.210556403213898,190.57532665276338,13.804902268859545,0.4412944578426161,227_cpu_small,5,SVR,False,10
5.30644030587739,238.35165996409253,15.43864177847561,0.3084578705759792,227_cpu_small,0,SVR,True,20
5.30644030587739,238.35165996409253,15.43864177847561,0.3084578705759792,227_cpu_small,0,SVR,False,20
5.317712864141556,158.41257017502767,12.586205551119354,0.5794136132427767,227_cpu_small,1,SVR,True,20
5.317712864141558,158.4125701750277,12.586205551119356,0.5794136132427767,227_cpu_small,1,SVR,False,20
5.089511487091919,157.29962997502503,12.54191492456495,0.543978519250003,227_cpu_small,2,SVR,True,20
5.089511487091918,157.2996299750251,12.541914924564953,0.5439785192500026,227_cpu_small,2,SVR,False,20
5.651538892422622,280.806135627535,16.757271127111807,0.24020591938128377,227_cpu_small,3,SVR,True,20
5.651538892422622,280.80613562753496,16.757271127111807,0.240205919381284,227_cpu_small,3,SVR,False,20
4.838221245599235,143.02100395668086,11.959138930403011,0.5473457500483918,227_cpu_small,4,SVR,True,20
4.838221245599235,143.0210039566808,11.959138930403007,0.547345750048392,227_cpu_small,4,SVR,False,20
4.904697835786354,177.03398801539836,13.30541198217471,0.48099330594539613,227_cpu_small,5,SVR,True,20
4.904697835786354,177.03398801539862,13.30541198217472,0.48099330594539547,227_cpu_small,5,SVR,False,20
33.66373945482197,1493.4944289180419,38.6457556391131,0.15898485052343725,201_pol,0,LR,True,1
33.66373945482197,1493.4944289180419,38.6457556391131,0.15898485052343725,201_pol,0,LR,False,1
33.63625664335581,1493.7531397132461,38.649102702562786,0.1530295919029543,201_pol,1,LR,True,1
33.63625664335581,1493.7531397132461,38.649102702562786,0.1530295919029543,201_pol,1,LR,False,1
33.710932036803726,1513.7454369157385,38.90688161387055,0.16498674074064013,201_pol,2,LR,True,1
33.710932036803726,1513.7454369157385,38.90688161387055,0.16498674074064013,201_pol,2,LR,False,1
33.31587949319901,1473.4120628555056,38.385049991572316,0.1640571282776726,201_pol,3,LR,True,1
33.31587949319901,1473.4120628555056,38.385049991572316,0.1640571282776726,201_pol,3,LR,False,1
33.43929477628911,1475.3739662422774,38.41059705657122,0.158759679719367,201_pol,4,LR,True,1
33.43929477628911,1475.3739662422774,38.41059705657122,0.158759679719367,201_pol,4,LR,False,1
32.93693400448126,1442.7646356071175,37.98374172731167,0.1610282987981897,201_pol,5,LR,True,1
32.93693400448126,1442.7646356071175,37.98374172731167,0.1610282987981897,201_pol,5,LR,False,1
32.27065084515005,1405.0715246770624,37.484283702334004,0.20877747149842985,201_pol,0,LR,True,5
32.27065084515005,1405.0715246770624,37.484283702334004,0.20877747149842985,201_pol,0,LR,False,5
32.24251290253039,1403.152906117395,37.45868265325671,0.204400675104223,201_pol,1,LR,True,5
32.24251290253039,1403.152906117395,37.45868265325671,0.204400675104223,201_pol,1,LR,False,5
32.37159624401551,1422.0506473839584,37.710086812203954,0.2155674811985846,201_pol,2,LR,True,5
32.37159624401551,1422.0506473839584,37.710086812203954,0.2155674811985846,201_pol,2,LR,False,5
32.01262356691525,1387.6693790962743,37.25143459111708,0.21270338759494856,201_pol,3,LR,True,5
32.01262356691525,1387.6693790962743,37.25143459111708,0.21270338759494856,201_pol,3,LR,False,5
32.15657154396759,1389.556482159441,37.27675525256243,0.20769176707305437,201_pol,4,LR,True,5
32.15657154396759,1389.556482159441,37.27675525256243,0.20769176707305437,201_pol,4,LR,False,5
32.00090862612177,1376.5732854959904,37.102200547891904,0.19951875540978303,201_pol,5,LR,True,5
32.00090862612177,1376.5732854959904,37.102200547891904,0.19951875540978303,201_pol,5,LR,False,5
32.26438202229631,1404.2608268565727,37.473468305676924,0.20923399087706152,201_pol,0,LR,True,10
32.2643820222963,1404.2608268565727,37.473468305676924,0.20923399087706152,201_pol,0,LR,False,10
32.183956350019365,1401.1647764601596,37.43213561179965,0.20552796109437121,201_pol,1,LR,True,10
32.183956350019365,1401.1647764601598,37.43213561179965,0.2055279610943711,201_pol,1,LR,False,10
32.27390406150891,1418.1981932741978,37.658972281173554,0.2176925744830226,201_pol,2,LR,True,10
32.27390406150891,1418.1981932741978,37.658972281173554,0.2176925744830226,201_pol,2,LR,False,10
31.932813339119594,1383.8766629582628,37.20049277843323,0.2148551916285686,201_pol,3,LR,True,10
31.932813339119594,1383.8766629582628,37.20049277843323,0.2148551916285686,201_pol,3,LR,False,10
32.1502481940765,1388.1086111763698,37.257329630240136,0.20851732552629598,201_pol,4,LR,True,10
32.1502481940765,1388.1086111763698,37.257329630240136,0.20851732552629598,201_pol,4,LR,False,10
31.909675963648983,1373.1593032629114,37.05616417362854,0.2015039956986494,201_pol,5,LR,True,10
31.90967596364898,1373.1593032629114,37.05616417362854,0.2015039956986494,201_pol,5,LR,False,10
27.902481196071573,1018.5733544729168,31.915096027944468,0.4264219501739478,201_pol,0,LR,True,20
27.902481196071573,1018.5733544729165,31.915096027944465,0.4264219501739479,201_pol,0,LR,False,20
27.73852905187814,1012.7541399623606,31.8237983270753,0.4257600105258633,201_pol,1,LR,True,20
27.738529051878135,1012.7541399623606,31.8237983270753,0.4257600105258633,201_pol,1,LR,False,20
27.672595117962796,1012.8169002984129,31.82478437159336,0.44130927147546806,201_pol,2,LR,True,20
27.672595117962796,1012.8169002984127,31.824784371593356,0.44130927147546817,201_pol,2,LR,False,20
27.70772279523674,1015.7605296635354,31.870998253326416,0.42370651391063086,201_pol,3,LR,True,20
27.70772279523674,1015.7605296635354,31.870998253326416,0.42370651391063086,201_pol,3,LR,False,20
27.45101786919042,1004.8682645740059,31.699657168083156,0.4270363175221811,201_pol,4,LR,True,20
27.45101786919042,1004.8682645740059,31.699657168083156,0.4270363175221811,201_pol,4,LR,False,20
27.598682981955495,1001.4234088946528,31.64527466928756,0.4176694657960479,201_pol,5,LR,True,20
27.598682981955495,1001.4234088946528,31.64527466928756,0.4176694657960479,201_pol,5,LR,False,20
31.540666666666667,1602.1613333333332,40.02700754907033,0.09779244759884831,201_pol,0,KNN,True,1
31.540666666666667,1602.1613333333332,40.02700754907033,0.09779244759884831,201_pol,0,KNN,False,1
30.957333333333334,1479.8213333333333,38.468445943829515,0.16092904156529197,201_pol,1,KNN,True,1
30.957333333333334,1479.8213333333333,38.468445943829515,0.16092904156529197,201_pol,1,KNN,False,1
32.084666666666664,1609.228,40.11518415762291,0.11231658613005036,201_pol,2,KNN,True,1
32.084666666666664,1609.228,40.11518415762291,0.11231658613005036,201_pol,2,KNN,False,1
29.64666666666667,2046.5706666666667,45.239039188146634,-0.1611253928248768,201_pol,3,KNN,True,1
29.64666666666667,2046.5706666666667,45.239039188146634,-0.1611253928248768,201_pol,3,KNN,False,1
30.426666666666666,1681.792,41.009657399202936,0.041062623377565055,201_pol,4,KNN,True,1
30.426666666666666,1681.792,41.009657399202936,0.041062623377565055,201_pol,4,KNN,False,1
30.288,1496.6826666666666,38.68698316833023,0.12967481180032825,201_pol,5,KNN,True,1
30.288,1496.6826666666666,38.68698316833023,0.12967481180032825,201_pol,5,KNN,False,1
27.638,1837.6706666666666,42.86806114890976,-0.03482734216491279,201_pol,0,KNN,True,5
27.677333333333333,1837.184,42.86238444137237,-0.034553290898642786,201_pol,0,KNN,False,5
27.728666666666665,1371.5586666666666,37.034560435715534,0.22231487067621436,201_pol,1,KNN,True,5
27.753333333333334,1373.0213333333334,37.05430249422236,0.22148552655593068,201_pol,1,KNN,False,5
28.156,1557.3973333333333,39.46387377505322,0.1409074527628843,201_pol,2,KNN,True,5
28.235333333333333,1563.1293333333333,39.53643045765934,0.13774556313114628,201_pol,2,KNN,False,5
26.99266666666667,1317.5933333333332,36.298668478793175,0.25246115286021287,201_pol,3,KNN,True,5
27.004666666666665,1318.3453333333334,36.30902550790001,0.25203450436493924,201_pol,3,KNN,False,5
27.329333333333334,1355.0,36.810324638611924,0.22739545358558055,201_pol,4,KNN,True,5
27.378,1359.588,36.87259144676435,0.22477943169705705,201_pol,4,KNN,False,5
27.844,1439.08,37.935207920874774,0.16317092478673922,201_pol,5,KNN,True,5
27.918,1443.812,37.997526235269575,0.16041925345233865,201_pol,5,KNN,False,5
27.436666666666667,1520.7106666666666,38.996290421867904,0.14365886884238643,201_pol,0,KNN,True,10
27.483333333333334,1520.4226666666666,38.99259758808929,0.1438210471259872,201_pol,0,KNN,False,10
26.728666666666665,1396.2226666666666,37.36606303407768,0.20833017829972456,201_pol,1,KNN,True,10
26.726,1396.3986666666667,37.36841803805276,0.20823038484131307,201_pol,1,KNN,False,10
28.119333333333334,1463.7986666666666,38.25962188347745,0.19253841118539627,201_pol,2,KNN,True,10
28.117333333333335,1466.2853333333333,38.29210536564075,0.19116671447379097,201_pol,2,KNN,False,10
26.94,1788.4533333333334,42.29010916672282,-0.014682079167049222,201_pol,3,KNN,True,10
26.938,1788.644,42.29236337685564,-0.014790254228794097,201_pol,3,KNN,False,10
27.83,1408.7586666666666,37.53343398447132,0.1967429146366182,201_pol,4,KNN,True,10
27.816666666666666,1406.924,37.50898559012227,0.19778901929183712,201_pol,4,KNN,False,10
27.627333333333333,1455.3853333333334,38.14951288461405,0.1536893275062703,201_pol,5,KNN,True,10
27.582666666666668,1450.1893333333333,38.081351516632566,0.15671081614818605,201_pol,5,KNN,False,10
5.504,173.60533333333333,13.175937664292942,0.9022395313057615,201_pol,0,KNN,True,20
5.512666666666667,173.188,13.160091185094425,0.9024745396519052,201_pol,0,KNN,False,20
5.354666666666667,169.84533333333334,13.032472264821182,0.9036962885886703,201_pol,1,KNN,True,20
5.356,170.17066666666668,13.044947936525721,0.9035118218928186,201_pol,1,KNN,False,20
5.042,154.24666666666667,12.419608152702189,0.9149143516986239,201_pol,2,KNN,True,20
5.054,155.01466666666667,12.45048861156327,0.9144907070305892,201_pol,2,KNN,False,20
5.568,181.688,13.479169113858614,0.896919000253644,201_pol,3,KNN,True,20
5.568,181.19466666666668,13.460856832559609,0.8971988937700469,201_pol,3,KNN,False,20
5.171333333333333,163.92933333333335,12.803489107791412,0.9065294847055216,201_pol,4,KNN,True,20
5.208,165.74666666666667,12.874263732993304,0.905493263306493,201_pol,4,KNN,False,20
5.6193333333333335,185.61466666666666,13.624047367308536,0.8920645482859297,201_pol,5,KNN,True,20
5.596666666666667,184.71066666666667,13.590830241992823,0.8925902268333299,201_pol,5,KNN,False,20
31.05286034687476,1425.7392936504818,37.75896309024497,0.19713905726937941,201_pol,0,DT,True,1
31.05286034687476,1425.7392936504818,37.75896309024497,0.19713905726937941,201_pol,0,DT,False,1
30.954842324905666,1426.0383944976138,37.762923542776896,0.1914244135536599,201_pol,1,DT,True,1
30.954842324905666,1426.0383944976138,37.762923542776896,0.1914244135536599,201_pol,1,DT,False,1
31.228000378465154,1450.1817713513592,38.081252229297284,0.20004977198685014,201_pol,2,DT,True,1
31.228000378465154,1450.1817713513592,38.081252229297284,0.20004977198685014,201_pol,2,DT,False,1
30.696295134185323,1403.2010797235407,37.45932567096664,0.203891450491674,201_pol,3,DT,True,1
30.696295134185323,1403.2010797235407,37.45932567096664,0.203891450491674,201_pol,3,DT,False,1
30.815670891230607,1408.1148747229843,37.52485675819408,0.19710999698542553,201_pol,4,DT,True,1
30.815670891230607,1408.1148747229843,37.52485675819408,0.19710999698542553,201_pol,4,DT,False,1
30.348856472900312,1377.2180988385326,37.11088922187843,0.19914379463406173,201_pol,5,DT,True,1
30.348856472900312,1377.2180988385326,37.11088922187843,0.19914379463406173,201_pol,5,DT,False,1
28.075115806390603,1408.2405288696948,37.52653099967668,0.20699294489883002,201_pol,0,DT,True,5
28.075115806390603,1408.2405288696948,37.52653099967668,0.20699294489883002,201_pol,0,DT,False,5
27.93976877659551,1400.1861270099137,37.41906101186819,0.20608286344217008,201_pol,1,DT,True,5
27.93976877659551,1400.1861270099137,37.41906101186819,0.20608286344217008,201_pol,1,DT,False,5
28.32437298332119,1423.1164109896822,37.724215180566475,0.2149795839733889,201_pol,2,DT,True,5
28.32437298332119,1423.1164109896822,37.724215180566475,0.2149795839733889,201_pol,2,DT,False,5
27.43081692765796,1358.5904708382795,36.85906226205815,0.22920135628174498,201_pol,3,DT,True,5
27.43081692765796,1358.5904708382795,36.85906226205815,0.22920135628174498,201_pol,3,DT,False,5
27.716178343128036,1376.9621352735498,37.10744043010175,0.21487291073590298,201_pol,4,DT,True,5
27.716178343128036,1376.9621352735498,37.10744043010175,0.21487291073590298,201_pol,4,DT,False,5
27.783180256474598,1379.1360832573844,37.13672149311762,0.19802848128977157,201_pol,5,DT,True,5
27.783180256474598,1379.1360832573844,37.13672149311762,0.19802848128977157,201_pol,5,DT,False,5
27.97141686014577,1464.5110524494933,38.26893064157259,0.17530594166449398,201_pol,0,DT,True,10
27.97141686014577,1464.5110524494933,38.26893064157259,0.17530594166449398,201_pol,0,DT,False,10
27.55690733637262,1421.1795627109284,37.69853528601514,0.19417941143907602,201_pol,1,DT,True,10
27.55690733637262,1421.1795627109284,37.69853528601514,0.19417941143907602,201_pol,1,DT,False,10
28.005003137388634,1441.560376737635,37.96788612416597,0.2048055113867553,201_pol,2,DT,True,10
28.005003137388634,1441.560376737635,37.96788612416597,0.2048055113867553,201_pol,2,DT,False,10
27.268368437437893,1405.2132342875568,37.48617390835662,0.2027498511339676,201_pol,3,DT,True,10
27.268368437437893,1405.2132342875568,37.48617390835662,0.2027498511339676,201_pol,3,DT,False,10
27.437059865546615,1411.7371762466835,37.57309111913317,0.19504460464174012,201_pol,4,DT,True,10
27.437059865546615,1411.7371762466835,37.57309111913317,0.19504460464174012,201_pol,4,DT,False,10
27.839140505528917,1443.8636996411049,37.998206531902326,0.1603891899653508,201_pol,5,DT,True,10
27.839140505528917,1443.8636996411049,37.998206531902326,0.1603891899653508,201_pol,5,DT,False,10
5.4847886306737985,226.23758774069083,15.041196353371989,0.8726013067160926,201_pol,0,DT,True,20
5.4847886306737985,226.23758774069083,15.041196353371989,0.8726013067160926,201_pol,0,DT,False,20
5.51414493140306,248.281157343886,15.756939973988795,0.8592225264217845,201_pol,1,DT,True,20
5.51414493140306,248.281157343886,15.756939973988795,0.8592225264217845,201_pol,1,DT,False,20
5.211061854929952,221.57157271872396,14.885280404437262,0.8777765424865273,201_pol,2,DT,True,20
5.211061854929952,221.57157271872396,14.885280404437262,0.8777765424865273,201_pol,2,DT,False,20
5.607258430342895,245.3589730244372,15.663938617871215,0.8607951640389119,201_pol,3,DT,True,20
5.607258430342895,245.3589730244372,15.663938617871215,0.8607951640389119,201_pol,3,DT,False,20
5.00252623617776,209.14184630335677,14.461737319677631,0.8807498588195726,201_pol,4,DT,True,20
5.00252623617776,209.14184630335677,14.461737319677631,0.8807498588195726,201_pol,4,DT,False,20
5.658043139462209,238.5051280572233,15.443611237570806,0.8613085959461972,201_pol,5,DT,True,20
5.658043139462209,238.5051280572233,15.443611237570806,0.8613085959461972,201_pol,5,DT,False,20
31.04233988998986,1425.8251924519577,37.76010053551179,0.19709068601873114,201_pol,0,RF,True,1
31.04233988998986,1425.8251924519577,37.76010053551179,0.19709068601873114,201_pol,0,RF,False,1
30.956938882876862,1425.800751750748,37.75977690282012,0.1915591589603426,201_pol,1,RF,True,1
30.956938882876862,1425.800751750748,37.75977690282012,0.1915591589603426,201_pol,1,RF,False,1
31.234664135900772,1450.7925972132066,38.08927141877626,0.1997128278208744,201_pol,2,RF,True,1
31.234664135900772,1450.7925972132066,38.08927141877626,0.1997128278208744,201_pol,2,RF,False,1
30.699611486477284,1403.321756022209,37.460936400765654,0.2038229845857671,201_pol,3,RF,True,1
30.699611486477284,1403.321756022209,37.460936400765654,0.2038229845857671,201_pol,3,RF,False,1
30.80936822335565,1408.3791777465015,37.528378298915364,0.19695929461081274,201_pol,4,RF,True,1
30.80936822335565,1408.3791777465015,37.528378298915364,0.19695929461081274,201_pol,4,RF,False,1
30.352964036459355,1377.4417188197613,37.11390196166069,0.19901375898483387,201_pol,5,RF,True,1
30.352964036459355,1377.4417188197613,37.11390196166069,0.19901375898483387,201_pol,5,RF,False,1
27.72041271498905,1335.1198406193612,36.53929173669574,0.24816859669100555,201_pol,0,RF,True,5
27.72041271498905,1335.1198406193612,36.53929173669574,0.24816859669100555,201_pol,0,RF,False,5
27.687755347568203,1344.3481998217874,36.66535421650509,0.23774343085486793,201_pol,1,RF,True,5
27.687755347568203,1344.3481998217874,36.66535421650509,0.23774343085486793,201_pol,1,RF,False,5
27.98526902814,1354.747579107185,36.80689580917121,0.2526932442426334,201_pol,2,RF,True,5
27.98526902814,1354.747579107185,36.80689580917121,0.2526932442426334,201_pol,2,RF,False,5
27.149077605258817,1288.5292056205649,35.89608900173618,0.26895073577921647,201_pol,3,RF,True,5
27.149077605258817,1288.5292056205649,35.89608900173618,0.26895073577921647,201_pol,3,RF,False,5
27.34003717443345,1303.5118689888154,36.10418076883639,0.25675336067460086,201_pol,4,RF,True,5
27.34003717443345,1303.5118689888154,36.10418076883639,0.25675336067460086,201_pol,4,RF,False,5
27.532286681021233,1315.8195140234968,36.27422658063845,0.23484724472034557,201_pol,5,RF,True,5
27.532286681021233,1315.8195140234968,36.27422658063845,0.23484724472034557,201_pol,5,RF,False,5
27.587088905262586,1346.9785538079936,36.701206435320266,0.24149072950126138,201_pol,0,RF,True,10
27.587088905262586,1346.9785538079936,36.701206435320266,0.24149072950126138,201_pol,0,RF,False,10
27.338785418693952,1334.2363105231514,36.52719959869838,0.24347695587864937,201_pol,1,RF,True,10
27.338785418693952,1334.2363105231514,36.52719959869838,0.24347695587864937,201_pol,1,RF,False,10
27.62225429412576,1335.9035462571221,36.550014312680126,0.2630880021087787,201_pol,2,RF,True,10
27.62225429412576,1335.9035462571221,36.550014312680126,0.2630880021087787,201_pol,2,RF,False,10
26.866667762244088,1287.1295668160599,35.876588004101784,0.2697448232657438,201_pol,3,RF,True,10
26.866667762244088,1287.1295668160599,35.876588004101784,0.2697448232657438,201_pol,3,RF,False,10
27.273003447406325,1333.2596959220969,36.513828831308516,0.23979151098116713,201_pol,4,RF,True,10
27.273003447406325,1333.2596959220969,36.513828831308516,0.23979151098116713,201_pol,4,RF,False,10
27.418689381939828,1327.6536202181712,36.43698149158587,0.22796567862057016,201_pol,5,RF,True,10
27.418689381939828,1327.6536202181712,36.43698149158587,0.22796567862057016,201_pol,5,RF,False,10
4.969003517585443,148.2531246363924,12.175923974647363,0.9165158427361731,201_pol,0,RF,True,20
4.969003517585443,148.2531246363924,12.175923974647363,0.9165158427361731,201_pol,0,RF,False,20
4.8952822571411145,157.79617610876002,12.561694794443941,0.9105282605794917,201_pol,1,RF,True,20
4.8952822571411145,157.79617610876002,12.561694794443941,0.9105282605794917,201_pol,1,RF,False,20
4.6398378210247575,134.70023311618158,11.60604295684716,0.9256965683037767,201_pol,2,RF,True,20
4.6398378210247575,134.70023311618158,11.60604295684716,0.9256965683037767,201_pol,2,RF,False,20
4.961509507773099,153.87405103310772,12.404597979503718,0.9126992921078192,201_pol,3,RF,True,20
4.961509507773099,153.87405103310772,12.404597979503718,0.9126992921078192,201_pol,3,RF,False,20
4.757397821674038,146.5963978840351,12.107699941939224,0.9164125140271715,201_pol,4,RF,True,20
4.757397821674038,146.5963978840351,12.107699941939224,0.9164125140271715,201_pol,4,RF,False,20
5.141196993914438,160.75116726084056,12.678768365296392,0.9065227432537861,201_pol,5,RF,True,20
5.141196993914438,160.75116726084056,12.678768365296392,0.9065227432537861,201_pol,5,RF,False,20
31.16441273646415,2457.8353249378874,49.57656023705041,-0.3840538693464708,201_pol,0,SVR,True,1
31.16441273646415,2457.8353249378874,49.57656023705041,-0.3840538693464708,201_pol,0,SVR,False,1
30.524172718944044,2408.693169302817,49.07843894525188,-0.3657489864601102,201_pol,1,SVR,True,1
30.524172718944044,2408.693169302817,49.07843894525188,-0.3657489864601102,201_pol,1,SVR,False,1
31.512958648929565,2512.452443088142,50.12436975252798,-0.38592067865235835,201_pol,2,SVR,True,1
31.512958648929565,2512.452443088142,50.12436975252798,-0.38592067865235835,201_pol,2,SVR,False,1
30.4459185245243,2402.3689431441694,49.01396681706317,-0.36298815782493943,201_pol,3,SVR,True,1
30.4459185245243,2402.3689431441694,49.01396681706317,-0.36298815782493943,201_pol,3,SVR,False,1
30.101582051025698,2374.0548992350405,48.72427422994662,-0.3536572757095342,201_pol,4,SVR,True,1
30.101582051025698,2374.0548992350405,48.72427422994662,-0.3536572757095342,201_pol,4,SVR,False,1
29.662857696658605,2319.8287913441645,48.1646010192565,-0.34898697926010613,201_pol,5,SVR,True,1
29.662857696658605,2319.8287913441645,48.1646010192565,-0.34898697926010613,201_pol,5,SVR,False,1
30.48029062403592,2235.8421900545577,47.284692978326056,-0.25904530828211625,201_pol,0,SVR,True,5
30.48029062403592,2235.8421900545577,47.284692978326056,-0.25904530828211625,201_pol,0,SVR,False,5
29.885556881578992,2190.9897605975575,46.808009577395595,-0.24230934974034524,201_pol,1,SVR,True,5
29.885556881578992,2190.9897605975575,46.808009577395595,-0.24230934974034524,201_pol,1,SVR,False,5
30.833201088412252,2294.1525989264187,47.897313065833025,-0.2655019742097582,201_pol,2,SVR,True,5
30.83320108841225,2294.1525989264146,47.89731306583298,-0.26550197420975574,201_pol,2,SVR,False,5
29.824743550748263,2185.6048384922487,46.75045281590595,-0.24000666968789286,201_pol,3,SVR,True,5
29.824743550748263,2185.6048384922487,46.75045281590595,-0.24000666968789286,201_pol,3,SVR,False,5
29.490505516560255,2149.218459891032,46.359664147737654,-0.2254582681546924,201_pol,4,SVR,True,5
29.490505516560255,2149.2184598910317,46.359664147737654,-0.22545826815469217,201_pol,4,SVR,False,5
29.111767718022815,2094.7181069091803,45.76809048790631,-0.2180844819171146,201_pol,5,SVR,True,5
29.111767718022815,2094.7181069091803,45.76809048790631,-0.2180844819171146,201_pol,5,SVR,False,5
30.50358459207338,2213.395230540024,47.046734536416274,-0.24640499798307758,201_pol,0,SVR,True,10
30.50358459207338,2213.395230540024,47.046734536416274,-0.24640499798307736,201_pol,0,SVR,False,10
29.88559315527741,2160.61113468126,46.48237445184206,-0.22508441711547156,201_pol,1,SVR,True,10
29.88559315527741,2160.611134681261,46.48237445184208,-0.22508441711547222,201_pol,1,SVR,False,10
30.821802422223442,2277.235371743399,47.720387380483395,-0.25617008216025594,201_pol,2,SVR,True,10
30.821802422223442,2277.2353717434003,47.72038738048341,-0.2561700821602566,201_pol,2,SVR,False,10
29.802012449690917,2163.0610816428716,46.50872049027872,-0.2272164304091704,201_pol,3,SVR,True,10
29.802012449690906,2163.0610816428725,46.508720490278726,-0.2272164304091706,201_pol,3,SVR,False,10
29.504547380192022,2119.8199999710077,46.04150301598556,-0.20869562328990043,201_pol,4,SVR,True,10
29.504547380192022,2119.8199999710077,46.04150301598556,-0.20869562328990043,201_pol,4,SVR,False,10
29.12241615254558,2070.6156436905803,45.50401788513384,-0.2040688316366701,201_pol,5,SVR,True,10
29.122416152545576,2070.615643690582,45.50401788513386,-0.20406883163667122,201_pol,5,SVR,False,10
27.781006189719623,1116.3522722436564,33.41185825786492,0.37136077983922544,201_pol,0,SVR,True,20
27.781006189719605,1116.3522722436526,33.411858257864864,0.37136077983922766,201_pol,0,SVR,False,20
27.55050237878709,1090.6164044537966,33.0244818953121,0.381611461359077,201_pol,1,SVR,True,20
27.550502378787073,1090.6164044537995,33.02448189531214,0.3816114613590753,201_pol,1,SVR,False,20
27.63334460118015,1133.652525613295,33.66975683923623,0.37465384390608414,201_pol,2,SVR,True,20
27.633344601180173,1133.6525256133127,33.66975683923649,0.37465384390607426,201_pol,2,SVR,False,20
27.493801826743155,1086.3079440580402,32.95918603451912,0.38368131684034545,201_pol,3,SVR,True,20
27.493801826743155,1086.3079440580393,32.95918603451911,0.383681316840346,201_pol,3,SVR,False,20
27.17844923813388,1080.103443895006,32.864927261367946,0.38413813184416723,201_pol,4,SVR,True,20
27.178449238133872,1080.1034438950057,32.86492726136794,0.38413813184416734,201_pol,4,SVR,False,20
27.156584330271865,1048.8275432993617,32.38560703922904,0.39010382805862,201_pol,5,SVR,True,20
27.156584330271873,1048.8275432993617,32.38560703922904,0.3901038280586201,201_pol,5,SVR,False,20
63521.30348580855,7214982227.745021,84941.05148716386,0.4466846809704075,537_houses,0,LR,True,1
63521.30348580855,7214982227.745021,84941.05148716386,0.4466846809704075,537_houses,0,LR,False,1
62184.11516011474,6926929712.155168,83228.17859448306,0.47190835811999166,537_houses,1,LR,True,1
62184.11516011474,6926929712.155168,83228.17859448306,0.47190835811999166,537_houses,1,LR,False,1
63408.98037017675,7210556660.775312,84914.9966777089,0.4647048182866408,537_houses,2,LR,True,1
63408.98037017675,7210556660.775312,84914.9966777089,0.4647048182866408,537_houses,2,LR,False,1
61962.12172419956,6816762165.028282,82563.6855102065,0.4845979909396415,537_houses,3,LR,True,1
61962.12172419956,6816762165.028282,82563.6855102065,0.4845979909396415,537_houses,3,LR,False,1
61967.98319611389,6853089598.352013,82783.38962830656,0.47317345771432584,537_houses,4,LR,True,1
61967.98319611389,6853089598.352013,82783.38962830656,0.47317345771432584,537_houses,4,LR,False,1
62958.93608103993,7106636968.620714,84300.8716954974,0.4849083742523528,537_houses,5,LR,True,1
62958.93608103993,7106636968.620714,84300.8716954974,0.4849083742523528,537_houses,5,LR,False,1
63521.30348580855,7214982227.745021,84941.05148716386,0.4466846809704075,537_houses,0,LR,True,5
63521.30348580855,7214982227.745021,84941.05148716386,0.4466846809704075,537_houses,0,LR,False,5
62184.11516011474,6926929712.155168,83228.17859448306,0.47190835811999166,537_houses,1,LR,True,5
62184.11516011474,6926929712.155168,83228.17859448306,0.47190835811999166,537_houses,1,LR,False,5
63408.98037017675,7210556660.775312,84914.9966777089,0.4647048182866408,537_houses,2,LR,True,5
63408.98037017675,7210556660.775312,84914.9966777089,0.4647048182866408,537_houses,2,LR,False,5
61962.12172419956,6816762165.028282,82563.6855102065,0.4845979909396415,537_houses,3,LR,True,5
61962.12172419956,6816762165.028282,82563.6855102065,0.4845979909396415,537_houses,3,LR,False,5
61967.98319611389,6853089598.352013,82783.38962830656,0.47317345771432584,537_houses,4,LR,True,5
61967.98319611389,6853089598.352013,82783.38962830656,0.47317345771432584,537_houses,4,LR,False,5
62958.93608103993,7106636968.620714,84300.8716954974,0.4849083742523528,537_houses,5,LR,True,5
62958.93608103993,7106636968.620714,84300.8716954974,0.4849083742523528,537_houses,5,LR,False,5
63521.30348580855,7214982227.745021,84941.05148716386,0.4466846809704075,537_houses,0,LR,True,10
63521.30348580855,7214982227.745021,84941.05148716386,0.4466846809704075,537_houses,0,LR,False,10
62184.11516011474,6926929712.155168,83228.17859448306,0.47190835811999166,537_houses,1,LR,True,10
62184.11516011474,6926929712.155168,83228.17859448306,0.47190835811999166,537_houses,1,LR,False,10
63408.98037017675,7210556660.775312,84914.9966777089,0.4647048182866408,537_houses,2,LR,True,10
63408.98037017675,7210556660.775312,84914.9966777089,0.4647048182866408,537_houses,2,LR,False,10
61962.12172419956,6816762165.028282,82563.6855102065,0.4845979909396415,537_houses,3,LR,True,10
61962.12172419956,6816762165.028282,82563.6855102065,0.4845979909396415,537_houses,3,LR,False,10
61967.98319611389,6853089598.352013,82783.38962830656,0.47317345771432584,537_houses,4,LR,True,10
61967.98319611389,6853089598.352013,82783.38962830656,0.47317345771432584,537_houses,4,LR,False,10
62958.93608103993,7106636968.620714,84300.8716954974,0.4849083742523528,537_houses,5,LR,True,10
62958.93608103993,7106636968.620714,84300.8716954974,0.4849083742523528,537_houses,5,LR,False,10
62815.48873805674,7084138601.72857,84167.32502419552,0.45671904840015354,537_houses,0,LR,True,20
62815.48873805674,7084138601.72857,84167.32502419552,0.45671904840015354,537_houses,0,LR,False,20
61424.93049690168,6796750297.698263,82442.40594316898,0.48183290818419844,537_houses,1,LR,True,20
61424.93049690168,6796750297.698263,82442.40594316898,0.48183290818419844,537_houses,1,LR,False,20
62789.19424384052,7120620399.258291,84383.76857700947,0.4713814799809124,537_houses,2,LR,True,20
62789.19424384051,7120620399.258291,84383.76857700947,0.4713814799809124,537_houses,2,LR,False,20
61203.49063146829,6699192127.787369,81848.59270499017,0.4934872307183359,537_houses,3,LR,True,20
61203.49063146829,6699192127.787368,81848.59270499015,0.493487230718336,537_houses,3,LR,False,20
61364.76244483236,6746468337.012745,82136.88779721779,0.48136989373626426,537_houses,4,LR,True,20
61364.76244483236,6746468337.012745,82136.88779721779,0.48136989373626426,537_houses,4,LR,False,20
62438.796337927066,7003432010.1082115,83686.51032339806,0.4923887070877222,537_houses,5,LR,True,20
62438.796337927066,7003432010.108212,83686.51032339808,0.4923887070877222,537_houses,5,LR,False,20
68657.33352713178,8407518367.210058,91692.52078119598,0.35522936013469064,537_houses,0,KNN,True,1
68657.33352713178,8407518367.210058,91692.52078119598,0.35522936013469064,537_houses,0,KNN,False,1
67041.2343507752,7946896992.911541,89145.37000266218,0.3941486264147114,537_houses,1,KNN,True,1
67041.2343507752,7946896992.911541,89145.37000266218,0.3941486264147114,537_houses,1,KNN,False,1
67882.28309108528,8327162636.910029,91253.28836217371,0.3818105526956417,537_houses,2,KNN,True,1
67882.28309108528,8327162636.910029,91253.28836217371,0.3818105526956417,537_houses,2,KNN,False,1
66710.47030038759,8070489001.088575,89835.90040228113,0.38980616536687984,537_houses,3,KNN,True,1
66710.47030038759,8070489001.088575,89835.90040228113,0.38980616536687984,537_houses,3,KNN,False,1
67053.3402131783,7923236888.925873,89012.56590462873,0.39090662189694736,537_houses,4,KNN,True,1
67053.3402131783,7923236888.925873,89012.56590462873,0.39090662189694736,537_houses,4,KNN,False,1
67445.40639534884,8154801645.949458,90303.94036779048,0.4089370181692368,537_houses,5,KNN,True,1
67445.40639534884,8154801645.949458,90303.94036779048,0.4089370181692368,537_houses,5,KNN,False,1
68657.33352713178,8407518367.210058,91692.52078119598,0.35522936013469064,537_houses,0,KNN,True,5
68657.33352713178,8407518367.210058,91692.52078119598,0.35522936013469064,537_houses,0,KNN,False,5
67041.2343507752,7946896992.911541,89145.37000266218,0.3941486264147114,537_houses,1,KNN,True,5
67041.2343507752,7946896992.911541,89145.37000266218,0.3941486264147114,537_houses,1,KNN,False,5
67882.28309108528,8327162636.910029,91253.28836217371,0.3818105526956417,537_houses,2,KNN,True,5
67882.28309108528,8327162636.910029,91253.28836217371,0.3818105526956417,537_houses,2,KNN,False,5
66710.47030038759,8070489001.088575,89835.90040228113,0.38980616536687984,537_houses,3,KNN,True,5
66710.47030038759,8070489001.088575,89835.90040228113,0.38980616536687984,537_houses,3,KNN,False,5
67053.3402131783,7923236888.925873,89012.56590462873,0.39090662189694736,537_houses,4,KNN,True,5
67053.3402131783,7923236888.925873,89012.56590462873,0.39090662189694736,537_houses,4,KNN,False,5
67445.40639534884,8154801645.949458,90303.94036779048,0.4089370181692368,537_houses,5,KNN,True,5
67445.40639534884,8154801645.949458,90303.94036779048,0.4089370181692368,537_houses,5,KNN,False,5
68657.33352713178,8407518367.210058,91692.52078119598,0.35522936013469064,537_houses,0,KNN,True,10
68657.33352713178,8407518367.210058,91692.52078119598,0.35522936013469064,537_houses,0,KNN,False,10
67041.2343507752,7946896992.911541,89145.37000266218,0.3941486264147114,537_houses,1,KNN,True,10
67041.2343507752,7946896992.911541,89145.37000266218,0.3941486264147114,537_houses,1,KNN,False,10
67882.28309108528,8327162636.910029,91253.28836217371,0.3818105526956417,537_houses,2,KNN,True,10
67882.28309108528,8327162636.910029,91253.28836217371,0.3818105526956417,537_houses,2,KNN,False,10
66710.47030038759,8070489001.088575,89835.90040228113,0.38980616536687984,537_houses,3,KNN,True,10
66710.47030038759,8070489001.088575,89835.90040228113,0.38980616536687984,537_houses,3,KNN,False,10
67053.3402131783,7923236888.925873,89012.56590462873,0.39090662189694736,537_houses,4,KNN,True,10
67053.3402131783,7923236888.925873,89012.56590462873,0.39090662189694736,537_houses,4,KNN,False,10
67445.40639534884,8154801645.949458,90303.94036779048,0.4089370181692368,537_houses,5,KNN,True,10
67445.40639534884,8154801645.949458,90303.94036779048,0.4089370181692368,537_houses,5,KNN,False,10
57044.063468992244,6474893432.907966,80466.72251874041,0.5034419195469297,537_houses,0,KNN,True,20
57046.54408914729,6475361101.291687,80469.62844012446,0.5034060541667014,537_houses,0,KNN,False,20
55835.30847868217,6179018011.157976,78606.73006274957,0.5289272589279215,537_houses,1,KNN,True,20
55829.591424418606,6176774596.380844,78592.45890275252,0.5290982912095099,537_houses,1,KNN,False,20
57160.67407945736,6439169023.736347,80244.43297660185,0.521970866494327,537_houses,2,KNN,True,20
57149.07529069768,6437912833.577442,80236.60532186941,0.5220641231693678,537_houses,2,KNN,False,20
56750.55193798449,6383556241.744419,79897.16041102099,0.5173518406107962,537_houses,3,KNN,True,20
56750.55193798449,6383556241.744419,79897.16041102099,0.5173518406107962,537_houses,3,KNN,False,20
56084.73604651163,6201207913.507578,78747.74862500881,0.5232864132035608,537_houses,4,KNN,True,20
56090.29321705426,6201945734.147113,78752.43319509,0.5232296937501267,537_houses,4,KNN,False,20
57156.724079457366,6483337571.655029,80519.17517992239,0.5300853406751775,537_houses,5,KNN,True,20
57155.798691860466,6483395097.720921,80519.532398797,0.5300811711650515,537_houses,5,KNN,False,20
80226.2417021989,11904417035.493174,109107.36471702161,0.08705300970451624,537_houses,0,DT,True,1
80226.2417021989,11904417035.493174,109107.36471702161,0.08705300970451624,537_houses,0,DT,False,1
76905.70052108588,11109847450.849209,105403.26110158645,0.15301326487258593,537_houses,1,DT,True,1
76905.70052108588,11109847450.849209,105403.26110158645,0.15301326487258593,537_houses,1,DT,False,1
79407.59914875754,11774776247.185705,108511.64106760945,0.12586762889486913,537_houses,2,DT,True,1
79407.59914875754,11774776247.185705,108511.64106760945,0.12586762889486913,537_houses,2,DT,False,1
77823.12473601357,11173784957.931505,105706.12545132617,0.1551720484438499,537_houses,3,DT,True,1
77823.12473601357,11173784957.931505,105706.12545132617,0.1551720484438499,537_houses,3,DT,False,1
78204.47499195795,11255263869.198273,106090.828393402,0.13475934297597547,537_houses,4,DT,True,1
78204.47499195795,11255263869.198273,106090.828393402,0.13475934297597547,537_houses,4,DT,False,1
76763.68490282712,11052548657.803507,105131.10223812697,0.1989072634579898,537_houses,5,DT,True,1
76763.68490282712,11052548657.803507,105131.10223812697,0.1989072634579898,537_houses,5,DT,False,1
80226.2417021989,11904417035.493174,109107.36471702161,0.08705300970451624,537_houses,0,DT,True,5
80226.2417021989,11904417035.493174,109107.36471702161,0.08705300970451624,537_houses,0,DT,False,5
76905.70052108588,11109847450.849209,105403.26110158645,0.15301326487258593,537_houses,1,DT,True,5
76905.70052108588,11109847450.849209,105403.26110158645,0.15301326487258593,537_houses,1,DT,False,5
79407.59914875754,11774776247.185705,108511.64106760945,0.12586762889486913,537_houses,2,DT,True,5
79407.59914875754,11774776247.185705,108511.64106760945,0.12586762889486913,537_houses,2,DT,False,5
77823.12473601357,11173784957.931505,105706.12545132617,0.1551720484438499,537_houses,3,DT,True,5
77823.12473601357,11173784957.931505,105706.12545132617,0.1551720484438499,537_houses,3,DT,False,5
78204.47499195795,11255263869.198273,106090.828393402,0.13475934297597547,537_houses,4,DT,True,5
78204.47499195795,11255263869.198273,106090.828393402,0.13475934297597547,537_houses,4,DT,False,5
76763.68490282712,11052548657.803507,105131.10223812697,0.1989072634579898,537_houses,5,DT,True,5
76763.68490282712,11052548657.803507,105131.10223812697,0.1989072634579898,537_houses,5,DT,False,5
80226.2417021989,11904417035.493174,109107.36471702161,0.08705300970451624,537_houses,0,DT,True,10
80226.2417021989,11904417035.493174,109107.36471702161,0.08705300970451624,537_houses,0,DT,False,10
76905.70052108588,11109847450.849209,105403.26110158645,0.15301326487258593,537_houses,1,DT,True,10
76905.70052108588,11109847450.849209,105403.26110158645,0.15301326487258593,537_houses,1,DT,False,10
79407.59914875754,11774776247.185705,108511.64106760945,0.12586762889486913,537_houses,2,DT,True,10
79407.59914875754,11774776247.185705,108511.64106760945,0.12586762889486913,537_houses,2,DT,False,10
77823.12473601357,11173784957.931505,105706.12545132617,0.1551720484438499,537_houses,3,DT,True,10
77823.12473601357,11173784957.931505,105706.12545132617,0.1551720484438499,537_houses,3,DT,False,10
78204.47499195795,11255263869.198273,106090.828393402,0.13475934297597547,537_houses,4,DT,True,10
78204.47499195795,11255263869.198273,106090.828393402,0.13475934297597547,537_houses,4,DT,False,10
76763.68490282712,11052548657.803507,105131.10223812697,0.1989072634579898,537_houses,5,DT,True,10
76763.68490282712,11052548657.803507,105131.10223812697,0.1989072634579898,537_houses,5,DT,False,10
69860.07218992247,10321605691.649225,101595.30349208681,0.2084384457371694,537_houses,0,DT,True,20
69860.07218992247,10321605691.649225,101595.30349208681,0.2084384457371694,537_houses,0,DT,False,20
69053.53149224806,10222562113.693798,101106.68679021085,0.22065766000658427,537_houses,1,DT,True,20
69053.53149224806,10222562113.693798,101106.68679021085,0.22065766000658427,537_houses,1,DT,False,20
69897.60961724806,10401122028.992794,101985.89132322566,0.22784456617336124,537_houses,2,DT,True,20
69897.60961724806,10401122028.992794,101985.89132322566,0.22784456617336124,537_houses,2,DT,False,20
69796.54045542635,10316626601.156626,101570.7960053313,0.21998010958335934,537_houses,3,DT,True,20
69796.54045542635,10316626601.156626,101570.7960053313,0.21998010958335934,537_houses,3,DT,False,20
70368.00815568474,10499077227.061504,102465.00488977446,0.19289067020907158,537_houses,4,DT,True,20
70368.00815568474,10499077227.061504,102465.00488977446,0.19289067020907158,537_houses,4,DT,False,20
69505.96471253231,10334000199.769892,101656.28460537938,0.25098791638303064,537_houses,5,DT,True,20
69505.96471253231,10334000199.769892,101656.28460537938,0.25098791638303064,537_houses,5,DT,False,20
73055.89225985075,9646850572.059351,98218.38204765618,0.2601852598633366,537_houses,0,RF,True,1
73055.89225985075,9646850572.059351,98218.38204765618,0.2601852598633366,537_houses,0,RF,False,1
69923.54066480711,8870775759.6953,94184.79579897861,0.32371444054549825,537_houses,1,RF,True,1
69923.54066480711,8870775759.6953,94184.79579897861,0.32371444054549825,537_houses,1,RF,False,1
71686.63553470183,9433126027.078602,97124.28134652323,0.29970636826711894,537_houses,2,RF,True,1
71686.63553470183,9433126027.078602,97124.28134652323,0.29970636826711894,537_houses,2,RF,False,1
70535.63428781254,9098378299.079306,95385.41974054162,0.3120894728300697,537_houses,3,RF,True,1
70535.63428781254,9098378299.079306,95385.41974054162,0.3120894728300697,537_houses,3,RF,False,1
70936.5512339296,9063929164.70555,95204.66986816113,0.30321668893510556,537_houses,4,RF,True,1
70936.5512339296,9063929164.70555,95204.66986816113,0.30321668893510556,537_houses,4,RF,False,1
70445.83497549876,9175519000.41088,95788.92942512136,0.3349550540053331,537_houses,5,RF,True,1
70445.83497549876,9175519000.41088,95788.92942512136,0.3349550540053331,537_houses,5,RF,False,1
73055.89225985075,9646850572.059351,98218.38204765618,0.2601852598633366,537_houses,0,RF,True,5
73055.89225985075,9646850572.059351,98218.38204765618,0.2601852598633366,537_houses,0,RF,False,5
69923.54066480711,8870775759.6953,94184.79579897861,0.32371444054549825,537_houses,1,RF,True,5
69923.54066480711,8870775759.6953,94184.79579897861,0.32371444054549825,537_houses,1,RF,False,5
71686.63553470183,9433126027.078602,97124.28134652323,0.29970636826711894,537_houses,2,RF,True,5
71686.63553470183,9433126027.078602,97124.28134652323,0.29970636826711894,537_houses,2,RF,False,5
70535.63428781254,9098378299.079306,95385.41974054162,0.3120894728300697,537_houses,3,RF,True,5
70535.63428781254,9098378299.079306,95385.41974054162,0.3120894728300697,537_houses,3,RF,False,5
70936.5512339296,9063929164.70555,95204.66986816113,0.30321668893510556,537_houses,4,RF,True,5
70936.5512339296,9063929164.70555,95204.66986816113,0.30321668893510556,537_houses,4,RF,False,5
70445.83497549876,9175519000.41088,95788.92942512136,0.3349550540053331,537_houses,5,RF,True,5
70445.83497549876,9175519000.41088,95788.92942512136,0.3349550540053331,537_houses,5,RF,False,5
73055.89225985075,9646850572.059351,98218.38204765618,0.2601852598633366,537_houses,0,RF,True,10
73055.89225985075,9646850572.059351,98218.38204765618,0.2601852598633366,537_houses,0,RF,False,10
69923.54066480711,8870775759.6953,94184.79579897861,0.32371444054549825,537_houses,1,RF,True,10
69923.54066480711,8870775759.6953,94184.79579897861,0.32371444054549825,537_houses,1,RF,False,10
71686.63553470183,9433126027.078602,97124.28134652323,0.29970636826711894,537_houses,2,RF,True,10
71686.63553470183,9433126027.078602,97124.28134652323,0.29970636826711894,537_houses,2,RF,False,10
70535.63428781254,9098378299.079306,95385.41974054162,0.3120894728300697,537_houses,3,RF,True,10
70535.63428781254,9098378299.079306,95385.41974054162,0.3120894728300697,537_houses,3,RF,False,10
70936.5512339296,9063929164.70555,95204.66986816113,0.30321668893510556,537_houses,4,RF,True,10
70936.5512339296,9063929164.70555,95204.66986816113,0.30321668893510556,537_houses,4,RF,False,10
70445.83497549876,9175519000.41088,95788.92942512136,0.3349550540053331,537_houses,5,RF,True,10
70445.83497549876,9175519000.41088,95788.92942512136,0.3349550540053331,537_houses,5,RF,False,10
56057.97881256152,6421186787.994702,80132.30801614729,0.5075606697290045,537_houses,0,RF,True,20
56057.97881256152,6421186787.994702,80132.30801614729,0.5075606697290045,537_houses,0,RF,False,20
54204.34483391588,5974871207.843948,77297.2910770096,0.5444908960697104,537_houses,1,RF,True,20
54204.34483391588,5974871207.843948,77297.2910770096,0.5444908960697104,537_houses,1,RF,False,20
56454.225924483966,6493120433.9197645,80579.90093019328,0.5179656375950203,537_houses,2,RF,True,20
56454.225924483966,6493120433.9197645,80579.90093019328,0.5179656375950203,537_houses,2,RF,False,20
56072.1967772356,6401895095.884223,80011.84347260237,0.515965275840206,537_houses,3,RF,True,20
56072.1967772356,6401895095.884223,80011.84347260237,0.515965275840206,537_houses,3,RF,False,20
55392.41689732143,6135435407.405875,78329.02021221684,0.5283426293043041,537_houses,4,RF,True,20
55392.41689732143,6135435407.405875,78329.02021221684,0.5283426293043041,537_houses,4,RF,False,20
56253.85328468185,6445441603.038215,80283.50766526221,0.5328320542290437,537_houses,5,RF,True,20
56253.85328468185,6445441603.038215,80283.50766526221,0.5328320542290437,537_houses,5,RF,False,20
61754.01411099606,7488929920.320064,86538.60364207446,0.42567569576020337,537_houses,0,SVR,True,1
61754.01411099606,7488929920.320064,86538.60364207446,0.42567569576020337,537_houses,0,SVR,False,1
60205.50256359752,7127596952.5774,84425.0966986559,0.45660999407276415,537_houses,1,SVR,True,1
60205.50256359752,7127596952.5774,84425.0966986559,0.45660999407276415,537_houses,1,SVR,False,1
61724.85662155764,7489812513.786729,86543.70291238253,0.4439735045178378,537_houses,2,SVR,True,1
61724.85662155764,7489812513.786729,86543.70291238253,0.4439735045178378,537_houses,2,SVR,False,1
60097.01253974432,7074812973.005756,84111.90743887429,0.46508727578610987,537_houses,3,SVR,True,1
60097.01253974432,7074812973.005756,84111.90743887429,0.46508727578610987,537_houses,3,SVR,False,1
60175.168377933005,7133054514.998855,84457.4124337163,0.4516513475942684,537_houses,4,SVR,True,1
60175.168377933005,7133054514.998855,84457.4124337163,0.4516513475942684,537_houses,4,SVR,False,1
61584.53036885391,7412802243.723907,86097.6320448124,0.4627174040372263,537_houses,5,SVR,True,1
61584.53036885391,7412802243.723907,86097.6320448124,0.4627174040372263,537_houses,5,SVR,False,1
61754.01411099606,7488929920.320064,86538.60364207446,0.42567569576020337,537_houses,0,SVR,True,5
61754.01411099606,7488929920.320064,86538.60364207446,0.42567569576020337,537_houses,0,SVR,False,5
60205.50256359752,7127596952.5774,84425.0966986559,0.45660999407276415,537_houses,1,SVR,True,5
60205.50256359752,7127596952.5774,84425.0966986559,0.45660999407276415,537_houses,1,SVR,False,5
61724.85662155764,7489812513.786729,86543.70291238253,0.4439735045178378,537_houses,2,SVR,True,5
61724.85662155764,7489812513.786729,86543.70291238253,0.4439735045178378,537_houses,2,SVR,False,5
60097.01253974432,7074812973.005756,84111.90743887429,0.46508727578610987,537_houses,3,SVR,True,5
60097.01253974432,7074812973.005756,84111.90743887429,0.46508727578610987,537_houses,3,SVR,False,5
60175.168377933005,7133054514.998855,84457.4124337163,0.4516513475942684,537_houses,4,SVR,True,5
60175.168377933005,7133054514.998855,84457.4124337163,0.4516513475942684,537_houses,4,SVR,False,5
61584.53036885391,7412802243.723907,86097.6320448124,0.4627174040372263,537_houses,5,SVR,True,5
61584.53036885391,7412802243.723907,86097.6320448124,0.4627174040372263,537_houses,5,SVR,False,5
61754.01411099606,7488929920.320064,86538.60364207446,0.42567569576020337,537_houses,0,SVR,True,10
61754.01411099606,7488929920.320064,86538.60364207446,0.42567569576020337,537_houses,0,SVR,False,10
60205.50256359752,7127596952.5774,84425.0966986559,0.45660999407276415,537_houses,1,SVR,True,10
60205.50256359752,7127596952.5774,84425.0966986559,0.45660999407276415,537_houses,1,SVR,False,10
61724.85662155764,7489812513.786729,86543.70291238253,0.4439735045178378,537_houses,2,SVR,True,10
61724.85662155764,7489812513.786729,86543.70291238253,0.4439735045178378,537_houses,2,SVR,False,10
60097.01253974432,7074812973.005756,84111.90743887429,0.46508727578610987,537_houses,3,SVR,True,10
60097.01253974432,7074812973.005756,84111.90743887429,0.46508727578610987,537_houses,3,SVR,False,10
60175.168377933005,7133054514.998855,84457.4124337163,0.4516513475942684,537_houses,4,SVR,True,10
60175.168377933005,7133054514.998855,84457.4124337163,0.4516513475942684,537_houses,4,SVR,False,10
61584.53036885391,7412802243.723907,86097.6320448124,0.4627174040372263,537_houses,5,SVR,True,10
61584.53036885391,7412802243.723907,86097.6320448124,0.4627174040372263,537_houses,5,SVR,False,10
60903.85027027192,7363362483.43362,85810.03719515346,0.4353054334653599,537_houses,0,SVR,True,20
60903.85027027192,7363362483.43362,85810.03719515346,0.4353054334653599,537_houses,0,SVR,False,20
59226.55201347504,7006231790.294149,83703.2364385879,0.46586256779308477,537_houses,1,SVR,True,20
59226.55201347504,7006231790.294149,83703.2364385879,0.46586256779308477,537_houses,1,SVR,False,20
60894.299702107,7426765809.075943,86178.68535244631,0.4486539472135006,537_houses,2,SVR,True,20
60894.299702107,7426765809.075943,86178.68535244631,0.4486539472135006,537_houses,2,SVR,False,20
59286.89495479301,6967545201.364417,83471.8227988608,0.473197581481533,537_houses,3,SVR,True,20
59286.89495479302,6967545201.364417,83471.8227988608,0.473197581481533,537_houses,3,SVR,False,20
59278.240010845075,7044892021.124763,83933.85503552642,0.458428778582204,537_houses,4,SVR,True,20
59278.24001084506,7044892021.124762,83933.8550355264,0.458428778582204,537_houses,4,SVR,False,20
60706.14340976488,7337131098.149684,85657.05515688527,0.4682020761216621,537_houses,5,SVR,True,20
60706.14340976488,7337131098.149685,85657.05515688527,0.4682020761216621,537_houses,5,SVR,False,20
29049.89220050014,2274732901.639284,47694.16003704525,0.21205072486656928,218_house_8L,0,LR,True,1
29049.89220050014,2274732901.639284,47694.16003704525,0.21205072486656928,218_house_8L,0,LR,False,1
28919.156893059295,2166263490.198281,46543.13580108544,0.20936865659187087,218_house_8L,1,LR,True,1
28919.156893059295,2166263490.198281,46543.13580108544,0.20936865659187087,218_house_8L,1,LR,False,1
29171.419357188337,2247794049.7314563,47410.90644283714,0.171112698670141,218_house_8L,2,LR,True,1
29171.419357188337,2247794049.7314563,47410.90644283714,0.171112698670141,218_house_8L,2,LR,False,1
28420.548873314085,2042861920.599945,45198.0300522041,0.1876513346951506,218_house_8L,3,LR,True,1
28420.548873314085,2042861920.599945,45198.0300522041,0.1876513346951506,218_house_8L,3,LR,False,1
29633.34898711793,2510312714.597544,50103.0210126849,0.19851119545172968,218_house_8L,4,LR,True,1
29633.34898711793,2510312714.597544,50103.0210126849,0.19851119545172968,218_house_8L,4,LR,False,1
28798.07700852085,2118666172.0772347,46028.97100823822,0.1994092498906287,218_house_8L,5,LR,True,1
28798.07700852085,2118666172.0772347,46028.97100823822,0.1994092498906287,218_house_8L,5,LR,False,1
29049.89220050014,2274732901.639284,47694.16003704525,0.21205072486656928,218_house_8L,0,LR,True,5
29049.89220050014,2274732901.639284,47694.16003704525,0.21205072486656928,218_house_8L,0,LR,False,5
28919.156893059295,2166263490.198281,46543.13580108544,0.20936865659187087,218_house_8L,1,LR,True,5
28919.156893059295,2166263490.198281,46543.13580108544,0.20936865659187087,218_house_8L,1,LR,False,5
29171.419357188337,2247794049.7314563,47410.90644283714,0.171112698670141,218_house_8L,2,LR,True,5
29171.419357188337,2247794049.7314563,47410.90644283714,0.171112698670141,218_house_8L,2,LR,False,5
28420.548873314085,2042861920.599945,45198.0300522041,0.1876513346951506,218_house_8L,3,LR,True,5
28420.548873314085,2042861920.599945,45198.0300522041,0.1876513346951506,218_house_8L,3,LR,False,5
29633.34898711793,2510312714.597544,50103.0210126849,0.19851119545172968,218_house_8L,4,LR,True,5
29633.34898711793,2510312714.597544,50103.0210126849,0.19851119545172968,218_house_8L,4,LR,False,5
28798.07700852085,2118666172.0772347,46028.97100823822,0.1994092498906287,218_house_8L,5,LR,True,5
28798.07700852085,2118666172.0772347,46028.97100823822,0.1994092498906287,218_house_8L,5,LR,False,5
29049.89220050014,2274732901.639284,47694.16003704525,0.21205072486656928,218_house_8L,0,LR,True,10
29049.89220050014,2274732901.639284,47694.16003704525,0.21205072486656928,218_house_8L,0,LR,False,10
28919.156893059295,2166263490.198281,46543.13580108544,0.20936865659187087,218_house_8L,1,LR,True,10
28919.156893059295,2166263490.198281,46543.13580108544,0.20936865659187087,218_house_8L,1,LR,False,10
29171.419357188337,2247794049.7314563,47410.90644283714,0.171112698670141,218_house_8L,2,LR,True,10
29171.419357188337,2247794049.7314563,47410.90644283714,0.171112698670141,218_house_8L,2,LR,False,10
28420.548873314085,2042861920.599945,45198.0300522041,0.1876513346951506,218_house_8L,3,LR,True,10
28420.548873314085,2042861920.599945,45198.0300522041,0.1876513346951506,218_house_8L,3,LR,False,10
29633.34898711793,2510312714.597544,50103.0210126849,0.19851119545172968,218_house_8L,4,LR,True,10
29633.34898711793,2510312714.597544,50103.0210126849,0.19851119545172968,218_house_8L,4,LR,False,10
28798.07700852085,2118666172.0772347,46028.97100823822,0.1994092498906287,218_house_8L,5,LR,True,10
28798.07700852085,2118666172.0772347,46028.97100823822,0.1994092498906287,218_house_8L,5,LR,False,10
26724.68333790652,2097874295.1184132,45802.55773555024,0.27331313097534915,218_house_8L,0,LR,True,20
26724.683337906525,2097874295.1184132,45802.55773555024,0.27331313097534915,218_house_8L,0,LR,False,20
26660.100442502193,1898823567.0797317,43575.49273478995,0.3069774593312049,218_house_8L,1,LR,True,20
26660.10044250219,1898823567.0797317,43575.49273478995,0.3069774593312049,218_house_8L,1,LR,False,20
27179.083748624267,2003785108.0399935,44763.6583406673,0.2610924337811735,218_house_8L,2,LR,True,20
27179.083748624264,2003785108.0399935,44763.6583406673,0.2610924337811735,218_house_8L,2,LR,False,20
25966.227029116057,1787878731.872671,42283.315053016726,0.28904597666730325,218_house_8L,3,LR,True,20
25966.227029116057,1787878731.872671,42283.315053016726,0.28904597666730325,218_house_8L,3,LR,False,20
26869.248595308964,2206017691.1866465,46968.26259493368,0.29566604517438233,218_house_8L,4,LR,True,20
26869.248595308964,2206017691.1866465,46968.26259493368,0.29566604517438233,218_house_8L,4,LR,False,20
26136.14816975606,1869061333.2013125,43232.64198729141,0.29372865132359716,218_house_8L,5,LR,True,20
26136.14816975606,1869061333.2013125,43232.64198729141,0.29372865132359716,218_house_8L,5,LR,False,20
28333.827693658106,2205456555.713654,46962.2886549799,0.23604749675862557,218_house_8L,0,KNN,True,1
28333.827693658106,2205456555.713654,46962.2886549799,0.23604749675862557,218_house_8L,0,KNN,False,1
27915.44156243142,2143886632.0334256,46302.123407392726,0.21753564343912346,218_house_8L,1,KNN,True,1
27915.44156243142,2143886632.0334256,46302.123407392726,0.21753564343912346,218_house_8L,1,KNN,False,1
27893.75080096555,2169757830.8388853,46580.65940751467,0.1998890142278661,218_house_8L,2,KNN,True,1
27893.75080096555,2169757830.8388853,46580.65940751467,0.1998890142278661,218_house_8L,2,KNN,False,1
28052.4456879526,2096406569.8809834,45786.53262566389,0.16635918374796688,218_house_8L,3,KNN,True,1
28052.4456879526,2096406569.8809834,45786.53262566389,0.16635918374796688,218_house_8L,3,KNN,False,1
28960.45446565723,2359576322.703068,48575.47038066711,0.24663808013780464,218_house_8L,4,KNN,True,1
28960.45446565723,2359576322.703068,48575.47038066711,0.24663808013780464,218_house_8L,4,KNN,False,1
27878.945622119816,2107203324.4180467,45904.28437976184,0.20374077220726683,218_house_8L,5,KNN,True,1
27878.945622119816,2107203324.4180467,45904.28437976184,0.20374077220726683,218_house_8L,5,KNN,False,1
28333.827693658106,2205456555.713654,46962.2886549799,0.23604749675862557,218_house_8L,0,KNN,True,5
28333.827693658106,2205456555.713654,46962.2886549799,0.23604749675862557,218_house_8L,0,KNN,False,5
27915.44156243142,2143886632.0334256,46302.123407392726,0.21753564343912346,218_house_8L,1,KNN,True,5
27915.44156243142,2143886632.0334256,46302.123407392726,0.21753564343912346,218_house_8L,1,KNN,False,5
27893.75080096555,2169757830.8388853,46580.65940751467,0.1998890142278661,218_house_8L,2,KNN,True,5
27893.75080096555,2169757830.8388853,46580.65940751467,0.1998890142278661,218_house_8L,2,KNN,False,5
28052.4456879526,2096406569.8809834,45786.53262566389,0.16635918374796688,218_house_8L,3,KNN,True,5
28052.4456879526,2096406569.8809834,45786.53262566389,0.16635918374796688,218_house_8L,3,KNN,False,5
28960.45446565723,2359576322.703068,48575.47038066711,0.24663808013780464,218_house_8L,4,KNN,True,5
28960.45446565723,2359576322.703068,48575.47038066711,0.24663808013780464,218_house_8L,4,KNN,False,5
27878.945622119816,2107203324.4180467,45904.28437976184,0.20374077220726683,218_house_8L,5,KNN,True,5
27878.945622119816,2107203324.4180467,45904.28437976184,0.20374077220726683,218_house_8L,5,KNN,False,5
28333.827693658106,2205456555.713654,46962.2886549799,0.23604749675862557,218_house_8L,0,KNN,True,10
28333.827693658106,2205456555.713654,46962.2886549799,0.23604749675862557,218_house_8L,0,KNN,False,10
27915.44156243142,2143886632.0334256,46302.123407392726,0.21753564343912346,218_house_8L,1,KNN,True,10
27915.44156243142,2143886632.0334256,46302.123407392726,0.21753564343912346,218_house_8L,1,KNN,False,10
27893.75080096555,2169757830.8388853,46580.65940751467,0.1998890142278661,218_house_8L,2,KNN,True,10
27893.75080096555,2169757830.8388853,46580.65940751467,0.1998890142278661,218_house_8L,2,KNN,False,10
28052.4456879526,2096406569.8809834,45786.53262566389,0.16635918374796688,218_house_8L,3,KNN,True,10
28052.4456879526,2096406569.8809834,45786.53262566389,0.16635918374796688,218_house_8L,3,KNN,False,10
28960.45446565723,2359576322.703068,48575.47038066711,0.24663808013780464,218_house_8L,4,KNN,True,10
28960.45446565723,2359576322.703068,48575.47038066711,0.24663808013780464,218_house_8L,4,KNN,False,10
27878.945622119816,2107203324.4180467,45904.28437976184,0.20374077220726683,218_house_8L,5,KNN,True,10
27878.945622119816,2107203324.4180467,45904.28437976184,0.20374077220726683,218_house_8L,5,KNN,False,10
24381.263726135614,1897803603.790845,43563.78775761865,0.3426160175223344,218_house_8L,0,KNN,True,20
24381.263726135614,1897803603.790845,43563.78775761865,0.3426160175223344,218_house_8L,0,KNN,False,20
24145.07913100724,1757851739.229739,41926.74253063001,0.35842860834426316,218_house_8L,1,KNN,True,20
24145.07913100724,1757851739.229739,41926.74253063001,0.35842860834426316,218_house_8L,1,KNN,False,20
23950.129295589202,1728503502.0464694,41575.27512893293,0.3626041481328429,218_house_8L,2,KNN,True,20
23950.129295589202,1728503502.0464694,41575.27512893293,0.3626041481328429,218_house_8L,2,KNN,False,20
23415.299934167215,1629733401.7894316,40369.95667311809,0.35193282502540757,218_house_8L,3,KNN,True,20
23415.299934167215,1629733401.7894316,40369.95667311809,0.35193282502540757,218_house_8L,3,KNN,False,20
24145.870836076367,1815442048.2000177,42608.00450854297,0.42036843916803746,218_house_8L,4,KNN,True,20
24145.870836076367,1815442048.2000177,42608.00450854297,0.42036843916803746,218_house_8L,4,KNN,False,20
23568.729822251484,1713987892.8853981,41400.336869226056,0.35232701077294637,218_house_8L,5,KNN,True,20
23568.729822251484,1713987892.8853981,41400.336869226056,0.35232701077294637,218_house_8L,5,KNN,False,20
33689.871741992174,3472114142.945393,58924.648008667755,-0.20271255589733972,218_house_8L,0,DT,True,1
33689.871741992174,3472114142.945393,58924.648008667755,-0.20271255589733972,218_house_8L,0,DT,False,1
33523.93640892079,3571081165.989264,59758.52379359169,-0.303354237589597,218_house_8L,1,DT,True,1
33523.93640892079,3571081165.989264,59758.52379359169,-0.303354237589597,218_house_8L,1,DT,False,1
32631.016054174175,3234238727.4423046,56870.36774491883,-0.19264458902115456,218_house_8L,2,DT,True,1
32631.016054174175,3234238727.4423046,56870.36774491883,-0.19264458902115456,218_house_8L,2,DT,False,1
34028.452133875195,3582659692.1108055,59855.32300565093,-0.4246527333932497,218_house_8L,3,DT,True,1
34028.452133875195,3582659692.1108055,59855.32300565093,-0.4246527333932497,218_house_8L,3,DT,False,1
33720.90806447085,3443547757.070869,58681.749778537356,-0.09945066173243222,218_house_8L,4,DT,True,1
33720.90806447085,3443547757.070869,58681.749778537356,-0.09945066173243222,218_house_8L,4,DT,False,1
33674.60036130754,3392271129.684006,58243.206725626005,-0.2818540854057112,218_house_8L,5,DT,True,1
33674.60036130754,3392271129.684006,58243.206725626005,-0.2818540854057112,218_house_8L,5,DT,False,1
33689.871741992174,3472114142.945393,58924.648008667755,-0.20271255589733972,218_house_8L,0,DT,True,5
33689.871741992174,3472114142.945393,58924.648008667755,-0.20271255589733972,218_house_8L,0,DT,False,5
33523.93640892079,3571081165.989264,59758.52379359169,-0.303354237589597,218_house_8L,1,DT,True,5
33523.93640892079,3571081165.989264,59758.52379359169,-0.303354237589597,218_house_8L,1,DT,False,5
32631.016054174175,3234238727.4423046,56870.36774491883,-0.19264458902115456,218_house_8L,2,DT,True,5
32631.016054174175,3234238727.4423046,56870.36774491883,-0.19264458902115456,218_house_8L,2,DT,False,5
34028.452133875195,3582659692.1108055,59855.32300565093,-0.4246527333932497,218_house_8L,3,DT,True,5
34028.452133875195,3582659692.1108055,59855.32300565093,-0.4246527333932497,218_house_8L,3,DT,False,5
33720.90806447085,3443547757.070869,58681.749778537356,-0.09945066173243222,218_house_8L,4,DT,True,5
33720.90806447085,3443547757.070869,58681.749778537356,-0.09945066173243222,218_house_8L,4,DT,False,5
33674.60036130754,3392271129.684006,58243.206725626005,-0.2818540854057112,218_house_8L,5,DT,True,5
33674.60036130754,3392271129.684006,58243.206725626005,-0.2818540854057112,218_house_8L,5,DT,False,5
33689.871741992174,3472114142.945393,58924.648008667755,-0.20271255589733972,218_house_8L,0,DT,True,10
33689.871741992174,3472114142.945393,58924.648008667755,-0.20271255589733972,218_house_8L,0,DT,False,10
33523.93640892079,3571081165.989264,59758.52379359169,-0.303354237589597,218_house_8L,1,DT,True,10
33523.93640892079,3571081165.989264,59758.52379359169,-0.303354237589597,218_house_8L,1,DT,False,10
32631.016054174175,3234238727.4423046,56870.36774491883,-0.19264458902115456,218_house_8L,2,DT,True,10
32631.016054174175,3234238727.4423046,56870.36774491883,-0.19264458902115456,218_house_8L,2,DT,False,10
34028.452133875195,3582659692.1108055,59855.32300565093,-0.4246527333932497,218_house_8L,3,DT,True,10
34028.452133875195,3582659692.1108055,59855.32300565093,-0.4246527333932497,218_house_8L,3,DT,False,10
33720.90806447085,3443547757.070869,58681.749778537356,-0.09945066173243222,218_house_8L,4,DT,True,10
33720.90806447085,3443547757.070869,58681.749778537356,-0.09945066173243222,218_house_8L,4,DT,False,10
33674.60036130754,3392271129.684006,58243.206725626005,-0.2818540854057112,218_house_8L,5,DT,True,10
33674.60036130754,3392271129.684006,58243.206725626005,-0.2818540854057112,218_house_8L,5,DT,False,10
29542.720210664913,3013437407.938556,54894.78488835307,-0.04383060513786674,218_house_8L,0,DT,True,20
29542.720210664913,3013437407.938556,54894.78488835307,-0.04383060513786674,218_house_8L,0,DT,False,20
29995.757625630897,2955087232.931479,54360.71405832965,-0.07853204350823173,218_house_8L,1,DT,True,20
29995.757625630897,2955087232.931479,54360.71405832965,-0.07853204350823173,218_house_8L,1,DT,False,20
30128.210884353743,3041444495.985407,55149.29279678396,-0.1215505801001131,218_house_8L,2,DT,True,20
30128.210884353743,3041444495.985407,55149.29279678396,-0.1215505801001131,218_house_8L,2,DT,False,20
30354.613561553655,3012474868.603906,54886.01705902794,-0.1979174481142123,218_house_8L,3,DT,True,20
30354.613561553655,3012474868.603906,54886.01705902794,-0.1979174481142123,218_house_8L,3,DT,False,20
30129.801294711433,2982413295.7477446,54611.475861285275,0.047779643875582534,218_house_8L,4,DT,True,20
30129.801294711433,2982413295.7477446,54611.475861285275,0.047779643875582534,218_house_8L,4,DT,False,20
29967.562343647136,2840834433.2934737,53299.478733787575,-0.07348000353311113,218_house_8L,5,DT,True,20
29967.562343647136,2840834433.2934737,53299.478733787575,-0.07348000353311113,218_house_8L,5,DT,False,20
30185.017063085594,2623649927.4624453,51221.57677641763,0.09118865909131069,218_house_8L,0,RF,True,1
30185.017063085594,2623649927.4624453,51221.57677641763,0.09118865909131069,218_house_8L,0,RF,False,1
29748.686781168683,2621029717.5242233,51195.9931784141,0.0433904942518657,218_house_8L,1,RF,True,1
29748.686781168683,2621029717.5242233,51195.9931784141,0.0433904942518657,218_house_8L,1,RF,False,1
29282.318203693547,2485807988.093297,49857.87789400284,0.0833436563634371,218_house_8L,2,RF,True,1
29282.318203693547,2485807988.093297,49857.87789400284,0.0833436563634371,218_house_8L,2,RF,False,1
30251.649601643698,2589180994.553442,50883.995465700624,-0.02959368127067119,218_house_8L,3,RF,True,1
30251.649601643698,2589180994.553442,50883.995465700624,-0.02959368127067119,218_house_8L,3,RF,False,1
30259.753707355325,2702726551.7456574,51987.753863248,0.13707759978151413,218_house_8L,4,RF,True,1
30259.753707355325,2702726551.7456574,51987.753863248,0.13707759978151413,218_house_8L,4,RF,False,1
29843.49880253043,2535062211.4579296,50349.40130188173,0.04206364164715626,218_house_8L,5,RF,True,1
29843.49880253043,2535062211.4579296,50349.40130188173,0.04206364164715626,218_house_8L,5,RF,False,1
30185.017063085594,2623649927.4624453,51221.57677641763,0.09118865909131069,218_house_8L,0,RF,True,5
30185.017063085594,2623649927.4624453,51221.57677641763,0.09118865909131069,218_house_8L,0,RF,False,5
29748.686781168683,2621029717.5242233,51195.9931784141,0.0433904942518657,218_house_8L,1,RF,True,5
29748.686781168683,2621029717.5242233,51195.9931784141,0.0433904942518657,218_house_8L,1,RF,False,5
29282.318203693547,2485807988.093297,49857.87789400284,0.0833436563634371,218_house_8L,2,RF,True,5
29282.318203693547,2485807988.093297,49857.87789400284,0.0833436563634371,218_house_8L,2,RF,False,5
30251.649601643698,2589180994.553442,50883.995465700624,-0.02959368127067119,218_house_8L,3,RF,True,5
30251.649601643698,2589180994.553442,50883.995465700624,-0.02959368127067119,218_house_8L,3,RF,False,5
30259.753707355325,2702726551.7456574,51987.753863248,0.13707759978151413,218_house_8L,4,RF,True,5
30259.753707355325,2702726551.7456574,51987.753863248,0.13707759978151413,218_house_8L,4,RF,False,5
29843.49880253043,2535062211.4579296,50349.40130188173,0.04206364164715626,218_house_8L,5,RF,True,5
29843.49880253043,2535062211.4579296,50349.40130188173,0.04206364164715626,218_house_8L,5,RF,False,5
30185.017063085594,2623649927.4624453,51221.57677641763,0.09118865909131069,218_house_8L,0,RF,True,10
30185.017063085594,2623649927.4624453,51221.57677641763,0.09118865909131069,218_house_8L,0,RF,False,10
29748.686781168683,2621029717.5242233,51195.9931784141,0.0433904942518657,218_house_8L,1,RF,True,10
29748.686781168683,2621029717.5242233,51195.9931784141,0.0433904942518657,218_house_8L,1,RF,False,10
29282.318203693547,2485807988.093297,49857.87789400284,0.0833436563634371,218_house_8L,2,RF,True,10
29282.318203693547,2485807988.093297,49857.87789400284,0.0833436563634371,218_house_8L,2,RF,False,10
30251.649601643698,2589180994.553442,50883.995465700624,-0.02959368127067119,218_house_8L,3,RF,True,10
30251.649601643698,2589180994.553442,50883.995465700624,-0.02959368127067119,218_house_8L,3,RF,False,10
30259.753707355325,2702726551.7456574,51987.753863248,0.13707759978151413,218_house_8L,4,RF,True,10
30259.753707355325,2702726551.7456574,51987.753863248,0.13707759978151413,218_house_8L,4,RF,False,10
29843.49880253043,2535062211.4579296,50349.40130188173,0.04206364164715626,218_house_8L,5,RF,True,10
29843.49880253043,2535062211.4579296,50349.40130188173,0.04206364164715626,218_house_8L,5,RF,False,10
23811.268020935873,1818532227.2983427,42644.251984275004,0.37007498802435834,218_house_8L,0,RF,True,20
23811.268020935873,1818532227.2983427,42644.251984275004,0.37007498802435834,218_house_8L,0,RF,False,20
23654.82068166104,1722024891.337807,41497.28775881391,0.3715045010078487,218_house_8L,1,RF,True,20
23654.82068166104,1722024891.337807,41497.28775881391,0.3715045010078487,218_house_8L,1,RF,False,20
23845.87611324284,1778662130.8473,42174.18796903267,0.3441078581946728,218_house_8L,2,RF,True,20
23845.87611324284,1778662130.8473,42174.18796903267,0.3441078581946728,218_house_8L,2,RF,False,20
23339.033106004717,1684387160.6966534,41041.286050715484,0.33019963412568387,218_house_8L,3,RF,True,20
23339.033106004717,1684387160.6966534,41041.286050715484,0.33019963412568387,218_house_8L,3,RF,False,20
23801.01654056031,1818889287.3049383,42648.438275099106,0.41926780993840873,218_house_8L,4,RF,True,20
23801.01654056031,1818889287.3049383,42648.438275099106,0.41926780993840873,218_house_8L,4,RF,False,20
23454.20875316276,1710766858.6165144,41361.4175121757,0.3535441587481394,218_house_8L,5,RF,True,20
23454.20875316276,1710766858.6165144,41361.4175121757,0.3535441587481394,218_house_8L,5,RF,False,20
25974.428866706214,2547559400.475899,50473.35337062418,0.11754580877704435,218_house_8L,0,SVR,True,1
25974.428866706214,2547559400.475899,50473.35337062418,0.11754580877704435,218_house_8L,0,SVR,False,1
25530.776604318933,2415012684.2458367,49142.778556425124,0.118581496880516,218_house_8L,1,SVR,True,1
25530.776604318933,2415012684.2458367,49142.778556425124,0.118581496880516,218_house_8L,1,SVR,False,1
25740.877060092265,2452420172.913179,49521.91608685168,0.0956556099542274,218_house_8L,2,SVR,True,1
25740.877060092265,2452420172.913179,49521.91608685168,0.0956556099542274,218_house_8L,2,SVR,False,1
25059.56198670796,2250375890.6637626,47438.12697254986,0.10513293493764464,218_house_8L,3,SVR,True,1
25059.56198670796,2250375890.6637626,47438.12697254986,0.10513293493764464,218_house_8L,3,SVR,False,1
26805.73914870911,2819760447.179685,53101.41662121346,0.09971119662481254,218_house_8L,4,SVR,True,1
26805.73914870911,2819760447.179685,53101.41662121346,0.09971119662481254,218_house_8L,4,SVR,False,1
25560.798177280805,2356089577.02565,48539.56712853597,0.10969290648254437,218_house_8L,5,SVR,True,1
25560.798177280805,2356089577.02565,48539.56712853597,0.10969290648254437,218_house_8L,5,SVR,False,1
25974.428866706214,2547559400.475899,50473.35337062418,0.11754580877704435,218_house_8L,0,SVR,True,5
25974.428866706214,2547559400.475899,50473.35337062418,0.11754580877704435,218_house_8L,0,SVR,False,5
25530.776604318933,2415012684.2458367,49142.778556425124,0.118581496880516,218_house_8L,1,SVR,True,5
25530.776604318933,2415012684.2458367,49142.778556425124,0.118581496880516,218_house_8L,1,SVR,False,5
25740.877060092265,2452420172.913179,49521.91608685168,0.0956556099542274,218_house_8L,2,SVR,True,5
25740.877060092265,2452420172.913179,49521.91608685168,0.0956556099542274,218_house_8L,2,SVR,False,5
25059.56198670796,2250375890.6637626,47438.12697254986,0.10513293493764464,218_house_8L,3,SVR,True,5
25059.56198670796,2250375890.6637626,47438.12697254986,0.10513293493764464,218_house_8L,3,SVR,False,5
26805.73914870911,2819760447.179685,53101.41662121346,0.09971119662481254,218_house_8L,4,SVR,True,5
26805.73914870911,2819760447.179685,53101.41662121346,0.09971119662481254,218_house_8L,4,SVR,False,5
25560.798177280805,2356089577.02565,48539.56712853597,0.10969290648254437,218_house_8L,5,SVR,True,5
25560.798177280805,2356089577.02565,48539.56712853597,0.10969290648254437,218_house_8L,5,SVR,False,5
25974.428866706214,2547559400.475899,50473.35337062418,0.11754580877704435,218_house_8L,0,SVR,True,10
25974.428866706214,2547559400.475899,50473.35337062418,0.11754580877704435,218_house_8L,0,SVR,False,10
25530.776604318933,2415012684.2458367,49142.778556425124,0.118581496880516,218_house_8L,1,SVR,True,10
25530.776604318933,2415012684.2458367,49142.778556425124,0.118581496880516,218_house_8L,1,SVR,False,10
25740.877060092265,2452420172.913179,49521.91608685168,0.0956556099542274,218_house_8L,2,SVR,True,10
25740.877060092265,2452420172.913179,49521.91608685168,0.0956556099542274,218_house_8L,2,SVR,False,10
25059.56198670796,2250375890.6637626,47438.12697254986,0.10513293493764464,218_house_8L,3,SVR,True,10
25059.56198670796,2250375890.6637626,47438.12697254986,0.10513293493764464,218_house_8L,3,SVR,False,10
26805.73914870911,2819760447.179685,53101.41662121346,0.09971119662481254,218_house_8L,4,SVR,True,10
26805.73914870911,2819760447.179685,53101.41662121346,0.09971119662481254,218_house_8L,4,SVR,False,10
25560.798177280805,2356089577.02565,48539.56712853597,0.10969290648254437,218_house_8L,5,SVR,True,10
25560.798177280805,2356089577.02565,48539.56712853597,0.10969290648254437,218_house_8L,5,SVR,False,10
23656.897872799782,2328477330.796977,48254.29857325643,0.1934340846593846,218_house_8L,0,SVR,True,20
23656.897872799782,2328477330.796977,48254.29857325643,0.1934340846593846,218_house_8L,0,SVR,False,20
23364.684881740384,2123403526.3397517,46080.40284480759,0.22501145856735505,218_house_8L,1,SVR,True,20
23364.684881740384,2123403526.3397517,46080.40284480759,0.22501145856735505,218_house_8L,1,SVR,False,20
23615.785745150242,2176921538.047038,46657.49176763618,0.1972473549815521,218_house_8L,2,SVR,True,20
23615.785745150242,2176921538.047038,46657.49176763618,0.1972473549815521,218_house_8L,2,SVR,False,20
22630.73963176661,1968378846.853379,44366.41575396168,0.21726969751041925,218_house_8L,3,SVR,True,20
22630.739631766613,1968378846.853379,44366.41575396168,0.21726969751041925,218_house_8L,3,SVR,False,20
24070.22661951008,2507750357.941222,50077.44360429376,0.1993293007664022,218_house_8L,4,SVR,True,20
24070.22661951008,2507750357.941222,50077.44360429376,0.1993293007664022,218_house_8L,4,SVR,False,20
23094.419189312855,2083948953.6581779,45650.28974341979,0.21252801503736862,218_house_8L,5,SVR,True,20
23094.419189312855,2083948953.6581779,45650.28974341979,0.21252801503736862,218_house_8L,5,SVR,False,20
29553.792784095163,2615098132.965219,51138.03020224009,0.09415093227526261,574_house_16H,0,LR,True,1
29280.860882218618,2670934518.410193,51681.084725556924,0.07480965514961324,574_house_16H,0,LR,False,1
29436.301260400724,2472088934.528949,49720.10593843248,0.0977501101899223,574_house_16H,1,LR,True,1
29436.301260400724,2472088934.528949,49720.10593843248,0.0977501101899223,574_house_16H,1,LR,False,1
29783.575466576254,2526320448.385724,50262.515340815604,0.06840444790435485,574_house_16H,2,LR,True,1
29783.575466576254,2526320448.385724,50262.515340815604,0.06840444790435485,574_house_16H,2,LR,False,1
28814.023058509272,2278189936.4326243,47730.387976975675,0.09407261670016576,574_house_16H,3,LR,True,1
28814.023058509272,2278189936.4326243,47730.387976975675,0.09407261670016576,574_house_16H,3,LR,False,1
30049.37468203506,2851837418.2107825,53402.597485616585,0.08946971036864082,574_house_16H,4,LR,True,1
30049.37468203506,2851837418.2107825,53402.597485616585,0.08946971036864082,574_house_16H,4,LR,False,1
29196.366507798164,2433762882.1206746,49333.18236360467,0.0803421147395812,574_house_16H,5,LR,True,1
29196.366507798164,2433762882.1206746,49333.18236360467,0.0803421147395812,574_house_16H,5,LR,False,1
29553.792784095163,2615098132.965219,51138.03020224009,0.09415093227526261,574_house_16H,0,LR,True,5
29280.860882218618,2670934518.410193,51681.084725556924,0.07480965514961324,574_house_16H,0,LR,False,5
29436.301260400724,2472088934.528949,49720.10593843248,0.0977501101899223,574_house_16H,1,LR,True,5
29436.301260400724,2472088934.528949,49720.10593843248,0.0977501101899223,574_house_16H,1,LR,False,5
29783.575466576254,2526320448.385724,50262.515340815604,0.06840444790435485,574_house_16H,2,LR,True,5
29783.575466576254,2526320448.385724,50262.515340815604,0.06840444790435485,574_house_16H,2,LR,False,5
28814.023058509272,2278189936.4326243,47730.387976975675,0.09407261670016576,574_house_16H,3,LR,True,5
28814.023058509272,2278189936.4326243,47730.387976975675,0.09407261670016576,574_house_16H,3,LR,False,5
30049.37468203506,2851837418.2107825,53402.597485616585,0.08946971036864082,574_house_16H,4,LR,True,5
30049.37468203506,2851837418.2107825,53402.597485616585,0.08946971036864082,574_house_16H,4,LR,False,5
29196.366507798164,2433762882.1206746,49333.18236360467,0.0803421147395812,574_house_16H,5,LR,True,5
29196.366507798164,2433762882.1206746,49333.18236360467,0.0803421147395812,574_house_16H,5,LR,False,5
27573.743547720613,2491692974.8384557,49916.86062683085,0.1368974915849891,574_house_16H,0,LR,True,10
27573.743547720613,2491692974.8384557,49916.86062683085,0.1368974915849891,574_house_16H,0,LR,False,10
27458.89848554237,2305507769.5604353,48015.70336421654,0.15854801905071925,574_house_16H,1,LR,True,10
27458.89848554237,2305507769.5604353,48015.70336421654,0.15854801905071925,574_house_16H,1,LR,False,10
27621.411578519277,2341117089.217879,48385.09160080075,0.1366992779383609,574_house_16H,2,LR,True,10
27621.411578519277,2341117089.217879,48385.09160080075,0.1366992779383609,574_house_16H,2,LR,False,10
26704.143938203328,2106718418.3304188,45899.00236748527,0.16225865387844696,574_house_16H,3,LR,True,10
26704.143938203324,2106718418.3304188,45899.00236748527,0.16225865387844696,574_house_16H,3,LR,False,10
28039.067832078385,2678089889.900186,51750.264636040134,0.14494355549920745,574_house_16H,4,LR,True,10
28039.067832078385,2678089889.900186,51750.264636040134,0.14494355549920745,574_house_16H,4,LR,False,10
27088.786374616302,2320184800.49207,48168.29663266151,0.1232604200230778,574_house_16H,5,LR,True,10
27088.786374616302,2320184800.49207,48168.29663266151,0.1232604200230778,574_house_16H,5,LR,False,10
27254.314293838168,2435481749.9550877,49350.60029984527,0.15636861009270198,574_house_16H,0,LR,True,20
27254.314293838164,2435481749.9550877,49350.60029984527,0.15636861009270198,574_house_16H,0,LR,False,20
27196.94718005458,2278675720.7155123,47735.476542248034,0.16834103773041464,574_house_16H,1,LR,True,20
26660.9317309219,2170232900.9987946,46585.75856416631,0.20791992211984145,574_house_16H,1,LR,False,20
27394.985155686634,2312487277.858227,48088.327875465024,0.14725668958304428,574_house_16H,2,LR,True,20
27264.31720246503,2249898926.7480783,47433.09948493855,0.1703365128669322,574_house_16H,2,LR,False,20
26454.263009026723,2065380677.1689267,45446.45945691399,0.17869670019015926,574_house_16H,3,LR,True,20
26214.61648739505,2018499875.4352362,44927.71834219089,0.19733895708121751,574_house_16H,3,LR,False,20
27832.711608569964,2636931284.133763,51351.05923088406,0.158084612205321,574_house_16H,4,LR,True,20
27095.752679092664,2508263689.4945774,50082.56871901218,0.199165405053074,574_house_16H,4,LR,False,20
26895.65422523375,2288564219.902601,47838.94041366929,0.135209043485639,574_house_16H,5,LR,True,20
26895.65422523375,2288564219.9026003,47838.94041366928,0.13520904348563922,574_house_16H,5,LR,False,20
30999.90432301953,2902932402.1250653,53878.867862317464,-0.005552555364811029,574_house_16H,0,KNN,True,1
30125.51314461268,2927440821.202484,54105.82982639194,-0.014042075621365946,574_house_16H,0,KNN,False,1
31137.75102040816,2851863975.5004344,53402.84613670356,-0.040858167240206855,574_house_16H,1,KNN,True,1
31137.75102040816,2851863975.5004344,53402.84613670356,-0.040858167240206855,574_house_16H,1,KNN,False,1
31364.94470046083,2920723236.5694013,54043.71597669244,-0.0770339043208399,574_house_16H,2,KNN,True,1
31364.94470046083,2920723236.5694013,54043.71597669244,-0.0770339043208399,574_house_16H,2,KNN,False,1
30772.391792846167,2711718770.49379,52074.16605663302,-0.07832110515124979,574_house_16H,3,KNN,True,1
30772.391792846167,2711718770.49379,52074.16605663302,-0.07832110515124979,574_house_16H,3,KNN,False,1
31778.97520298442,3189824506.7713847,56478.53137937799,-0.018442290390442873,574_house_16H,4,KNN,True,1
31778.97520298442,3189824506.7713847,56478.53137937799,-0.018442290390442873,574_house_16H,4,KNN,False,1
30516.220978714067,2770091118.613798,52631.6551004602,-0.04674788116713402,574_house_16H,5,KNN,True,1
30516.220978714067,2770091118.613798,52631.6551004602,-0.04674788116713402,574_house_16H,5,KNN,False,1
30999.90432301953,2902932402.1250653,53878.867862317464,-0.005552555364811029,574_house_16H,0,KNN,True,5
30125.51314461268,2927440821.202484,54105.82982639194,-0.014042075621365946,574_house_16H,0,KNN,False,5
31137.75102040816,2851863975.5004344,53402.84613670356,-0.040858167240206855,574_house_16H,1,KNN,True,5
31137.75102040816,2851863975.5004344,53402.84613670356,-0.040858167240206855,574_house_16H,1,KNN,False,5
31364.94470046083,2920723236.5694013,54043.71597669244,-0.0770339043208399,574_house_16H,2,KNN,True,5
31364.94470046083,2920723236.5694013,54043.71597669244,-0.0770339043208399,574_house_16H,2,KNN,False,5
30772.391792846167,2711718770.49379,52074.16605663302,-0.07832110515124979,574_house_16H,3,KNN,True,5
30772.391792846167,2711718770.49379,52074.16605663302,-0.07832110515124979,574_house_16H,3,KNN,False,5
31778.97520298442,3189824506.7713847,56478.53137937799,-0.018442290390442873,574_house_16H,4,KNN,True,5
31778.97520298442,3189824506.7713847,56478.53137937799,-0.018442290390442873,574_house_16H,4,KNN,False,5
30516.220978714067,2770091118.613798,52631.6551004602,-0.04674788116713402,574_house_16H,5,KNN,True,5
30516.220978714067,2770091118.613798,52631.6551004602,-0.04674788116713402,574_house_16H,5,KNN,False,5
28994.159139784948,2745345481.2293,52396.04451892624,0.04903429305191698,574_house_16H,0,KNN,True,10
28994.159139784948,2745345481.2293,52396.04451892624,0.04903429305191698,574_house_16H,0,KNN,False,10
29114.491024797015,2606882130.073118,51057.63537486943,0.0485540055805026,574_house_16H,1,KNN,True,10
29114.491024797015,2606882130.073118,51057.63537486943,0.0485540055805026,574_house_16H,1,KNN,False,10
29267.486197059472,2635153250.1988416,51333.74377735216,0.028271710920813264,574_house_16H,2,KNN,True,10
29267.486197059472,2635153250.1988416,51333.74377735216,0.028271710920813264,574_house_16H,2,KNN,False,10
28433.80724160632,2439572013.0709853,49392.023779867384,0.029898668750322543,574_house_16H,3,KNN,True,10
28433.80724160632,2439572013.0709853,49392.023779867384,0.029898668750322543,574_house_16H,3,KNN,False,10
29598.97954794821,2980115958.7242575,54590.43834522908,0.048513134127172286,574_house_16H,4,KNN,True,10
29598.97954794821,2980115958.7242575,54590.43834522908,0.048513134127172286,574_house_16H,4,KNN,False,10
28792.560368663595,2554473193.615888,50541.7965016667,0.034728718868376474,574_house_16H,5,KNN,True,10
28792.560368663595,2554473193.615888,50541.7965016667,0.034728718868376474,574_house_16H,5,KNN,False,10
27517.395874478825,2607483306.309722,51063.52226697373,0.09678864729628422,574_house_16H,0,KNN,True,20
27517.395874478825,2607483306.309722,51063.52226697373,0.09678864729628422,574_house_16H,0,KNN,False,20
27701.677638797453,2511054864.5733333,50110.426705161204,0.08352853199431742,574_house_16H,1,KNN,True,20
25243.81088435374,1988271927.959122,44590.04292394348,0.2743310716467343,574_house_16H,1,KNN,False,20
27750.196796137814,2512407823.216432,50123.92465895335,0.07353481041793386,574_house_16H,2,KNN,True,20
25609.996488918146,2158149937.4645076,46455.892386913714,0.20416949331106427,574_house_16H,2,KNN,False,20
26834.50111915734,2278316642.1184464,47731.71526478434,0.0940222318974896,574_house_16H,3,KNN,True,20
25265.84318630678,2057819586.987202,45363.19639297039,0.18170338481012116,574_house_16H,3,KNN,False,20
28611.047838490234,2812001373.8133245,53028.307287837546,0.1021885017034363,574_house_16H,4,KNN,True,20
25986.543076585473,2357461949.5644503,48553.70170815455,0.24731315396003606,574_house_16H,4,KNN,False,20
27173.023568136934,2411747870.6782703,49109.54968922307,0.08866103480194298,574_house_16H,5,KNN,True,20
27173.023568136934,2411747870.6782703,49109.54968922307,0.08866103480194298,574_house_16H,5,KNN,False,20
35150.23397280444,4426885259.3755045,66534.84244646187,-0.5334376307258129,574_house_16H,0,DT,True,1
33575.732638597554,3896369556.9520965,62420.90640924799,-0.34967123649544773,574_house_16H,0,DT,False,1
35359.713356345375,4179421862.3653026,64648.44825953135,-0.5253831939939724,574_house_16H,1,DT,True,1
35359.713356345375,4179421862.3653026,64648.44825953135,-0.5253831939939724,574_house_16H,1,DT,False,1
35339.78872969338,4329907300.328889,65802.03112616578,-0.5966788316780383,574_house_16H,2,DT,True,1
35339.78872969338,4329907300.328889,65802.03112616578,-0.5966788316780383,574_house_16H,2,DT,False,1
35218.51279447904,4180615215.440177,64657.67715778365,-0.6624311002961012,574_house_16H,3,DT,True,1
35218.51279447904,4180615215.440177,64657.67715778365,-0.6624311002961012,574_house_16H,3,DT,False,1
35856.55549983381,4468051773.3987255,66843.48714271814,-0.426552737313147,574_house_16H,4,DT,True,1
35856.55549983381,4468051773.3987255,66843.48714271814,-0.426552737313147,574_house_16H,4,DT,False,1
34460.038085356195,3976495309.989834,63059.45852915195,-0.5026177342086262,574_house_16H,5,DT,True,1
34460.038085356195,3976495309.989834,63059.45852915195,-0.5026177342086262,574_house_16H,5,DT,False,1
35150.23397280444,4426885259.3755045,66534.84244646187,-0.5334376307258129,574_house_16H,0,DT,True,5
33575.732638597554,3896369556.9520965,62420.90640924799,-0.34967123649544773,574_house_16H,0,DT,False,5
35359.713356345375,4179421862.3653026,64648.44825953135,-0.5253831939939724,574_house_16H,1,DT,True,5
35359.713356345375,4179421862.3653026,64648.44825953135,-0.5253831939939724,574_house_16H,1,DT,False,5
35339.78872969338,4329907300.328889,65802.03112616578,-0.5966788316780383,574_house_16H,2,DT,True,5
35339.78872969338,4329907300.328889,65802.03112616578,-0.5966788316780383,574_house_16H,2,DT,False,5
35218.51279447904,4180615215.440177,64657.67715778365,-0.6624311002961012,574_house_16H,3,DT,True,5
35218.51279447904,4180615215.440177,64657.67715778365,-0.6624311002961012,574_house_16H,3,DT,False,5
35856.55549983381,4468051773.3987255,66843.48714271814,-0.426552737313147,574_house_16H,4,DT,True,5
35856.55549983381,4468051773.3987255,66843.48714271814,-0.426552737313147,574_house_16H,4,DT,False,5
34460.038085356195,3976495309.989834,63059.45852915195,-0.5026177342086262,574_house_16H,5,DT,True,5
34460.038085356195,3976495309.989834,63059.45852915195,-0.5026177342086262,574_house_16H,5,DT,False,5
35413.79854110549,4358711006.187242,66020.53473115196,-0.5098226149392373,574_house_16H,0,DT,True,10
35413.79854110549,4358711006.187242,66020.53473115196,-0.5098226149392373,574_house_16H,0,DT,False,10
35884.900114575044,4356942637.64014,66007.14080794698,-0.5901737837229948,574_house_16H,1,DT,True,10
35884.900114575044,4356942637.64014,66007.14080794698,-0.5901737837229948,574_house_16H,1,DT,False,10
36499.381843204996,4483400065.505891,66958.19640272496,-0.6532801933180972,574_house_16H,2,DT,True,10
36499.381843204996,4483400065.505891,66958.19640272496,-0.6532801933180972,574_house_16H,2,DT,False,10
36040.39970177641,4543094839.019251,67402.48392321495,-0.806571942829496,574_house_16H,3,DT,True,10
36040.39970177641,4543094839.019251,67402.48392321495,-0.806571942829496,574_house_16H,3,DT,False,10
37148.75152246695,4763204881.134182,69015.9755501158,-0.5207887701794842,574_house_16H,4,DT,True,10
37148.75152246695,4763204881.134182,69015.9755501158,-0.5207887701794842,574_house_16H,4,DT,False,10
35589.66248964477,4310006681.361049,65650.64113442495,-0.6286433075127495,574_house_16H,5,DT,True,10
35589.66248964477,4310006681.361049,65650.64113442495,-0.6286433075127495,574_house_16H,5,DT,False,10
33718.19273331453,4161318233.6458726,64508.28034947043,-0.441447338031578,574_house_16H,0,DT,True,20
33718.19273331453,4161318233.6458726,64508.28034947043,-0.441447338031578,574_house_16H,0,DT,False,20
35031.75817423744,4243398906.8943386,65141.37630488274,-0.5487331959176274,574_house_16H,1,DT,True,20
31365.310650281615,3281602253.718137,57285.270826959844,-0.1977017616406549,574_house_16H,1,DT,False,20
35698.43665208019,4416788909.861172,66458.9264874266,-0.6287169371570576,574_house_16H,2,DT,True,20
32184.349901250822,3500758447.9888864,59167.207539217925,-0.2909253064834314,574_house_16H,2,DT,False,20
34401.14447986326,4145467202.311436,64385.30268866829,-0.6484544133426997,574_house_16H,3,DT,True,20
33239.3431351035,3738648560.5166965,61144.48920807742,-0.4866820598857251,574_house_16H,3,DT,False,20
35638.49746976015,4440819245.399992,66639.47212726097,-0.4178579774198439,574_house_16H,4,DT,True,20
34202.12609538439,4188225368.6805706,64716.49997242257,-0.33721019074736946,574_house_16H,4,DT,False,20
34895.193490914025,4200344562.872178,64810.06528983116,-0.587204746376188,574_house_16H,5,DT,True,20
34895.193490914025,4200344562.872178,64810.06528983116,-0.587204746376188,574_house_16H,5,DT,False,20
32189.729392679277,3383512824.447081,58167.970778144576,-0.17202176814098347,574_house_16H,0,RF,True,1
31173.849589898226,3235171258.1591954,56878.56589400963,-0.1206374365807974,574_house_16H,0,RF,False,1
31933.983990298162,3185006789.5119023,56435.86439057971,-0.16244686214294113,574_house_16H,1,RF,True,1
31933.983990298162,3185006789.5119023,56435.86439057971,-0.16244686214294113,574_house_16H,1,RF,False,1
32273.225264017612,3323852615.34664,57652.863028184816,-0.22569023825026213,574_house_16H,2,RF,True,1
32273.225264017612,3323852615.34664,57652.863028184816,-0.22569023825026213,574_house_16H,2,RF,False,1
32025.334019710077,3171866022.6376805,56319.321929846425,-0.26129970118529133,574_house_16H,3,RF,True,1
32025.334019710077,3171866022.6376805,56319.321929846425,-0.26129970118529133,574_house_16H,3,RF,False,1
32816.37354595497,3574811917.270632,59789.73086802308,-0.14136048206149332,574_house_16H,4,RF,True,1
32816.37354595497,3574811917.270632,59789.73086802308,-0.14136048206149332,574_house_16H,4,RF,False,1
31421.63151761433,3080919204.7935834,55506.028544596695,-0.16420201053842365,574_house_16H,5,RF,True,1
31421.63151761433,3080919204.7935834,55506.028544596695,-0.16420201053842365,574_house_16H,5,RF,False,1
32189.729392679277,3383512824.447081,58167.970778144576,-0.17202176814098347,574_house_16H,0,RF,True,5
31173.849589898226,3235171258.1591954,56878.56589400963,-0.1206374365807974,574_house_16H,0,RF,False,5
31933.983990298162,3185006789.5119023,56435.86439057971,-0.16244686214294113,574_house_16H,1,RF,True,5
31933.983990298162,3185006789.5119023,56435.86439057971,-0.16244686214294113,574_house_16H,1,RF,False,5
32273.225264017612,3323852615.34664,57652.863028184816,-0.22569023825026213,574_house_16H,2,RF,True,5
32273.225264017612,3323852615.34664,57652.863028184816,-0.22569023825026213,574_house_16H,2,RF,False,5
32025.334019710077,3171866022.6376805,56319.321929846425,-0.26129970118529133,574_house_16H,3,RF,True,5
32025.334019710077,3171866022.6376805,56319.321929846425,-0.26129970118529133,574_house_16H,3,RF,False,5
32816.37354595497,3574811917.270632,59789.73086802308,-0.14136048206149332,574_house_16H,4,RF,True,5
32816.37354595497,3574811917.270632,59789.73086802308,-0.14136048206149332,574_house_16H,4,RF,False,5
31421.63151761433,3080919204.7935834,55506.028544596695,-0.16420201053842365,574_house_16H,5,RF,True,5
31421.63151761433,3080919204.7935834,55506.028544596695,-0.16420201053842365,574_house_16H,5,RF,False,5
28331.399512861248,2670148591.5481315,51673.48054416435,0.07508189392578901,574_house_16H,0,RF,True,10
28331.399512861248,2670148591.5481315,51673.48054416435,0.07508189392578901,574_house_16H,0,RF,False,10
28424.95826078372,2513310695.929999,50132.930254773644,0.08270521064670988,574_house_16H,1,RF,True,10
28424.95826078372,2513310695.929999,50132.930254773644,0.08270521064670988,574_house_16H,1,RF,False,10
28562.464346055178,2491362116.3499002,49913.54642128628,0.08129553884021212,574_house_16H,2,RF,True,10
28562.464346055178,2491362116.3499002,49913.54642128628,0.08129553884021212,574_house_16H,2,RF,False,10
28073.08960198151,2402650653.571264,49016.84050988256,0.044580530900864335,574_house_16H,3,RF,True,10
28073.08960198151,2402650653.571264,49016.84050988256,0.044580530900864335,574_house_16H,3,RF,False,10
29184.272964793174,2886459591.6539097,53725.781442933985,0.07841559577868062,574_house_16H,4,RF,True,10
29184.272964793174,2886459591.6539097,53725.781442933985,0.07841559577868062,574_house_16H,4,RF,False,10
28377.894908099934,2509541664.603153,50095.32577599584,0.05170721552346669,574_house_16H,5,RF,True,10
28377.894908099934,2509541664.603153,50095.32577599584,0.05170721552346669,574_house_16H,5,RF,False,10
27081.46255553275,2491997005.584554,49919.905905205334,0.13679217776733876,574_house_16H,0,RF,True,20
27081.46255553275,2491997005.584554,49919.905905205334,0.13679217776733876,574_house_16H,0,RF,False,20
26907.95123703466,2284627531.011579,47797.77746937172,0.16616877761922255,574_house_16H,1,RF,True,20
24610.813462289432,1897753373.8919542,43563.211244029684,0.30736805275697576,574_house_16H,1,RF,False,20
27232.830976122226,2291447167.3292694,47869.062737108914,0.15501535432286462,574_house_16H,2,RF,True,20
25101.638351393805,2090455027.907238,45721.49415654784,0.2291323901135528,574_house_16H,2,RF,False,20
26411.429318368002,2136009237.4261043,46216.97996868796,0.15061109338592082,574_house_16H,3,RF,True,20
24234.932585468625,1854639620.9433937,43065.527059858374,0.26249835806210675,574_house_16H,3,RF,False,20
27850.25732439576,2579589022.525475,50789.65468011645,0.17639276179930052,574_house_16H,4,RF,True,20
24950.58509810631,2227821080.2663627,47199.799578667305,0.28870469245247476,574_house_16H,4,RF,False,20
27013.55219229326,2320070186.4266486,48167.10689284388,0.12330372980062465,574_house_16H,5,RF,True,20
27013.55219229326,2320070186.4266486,48167.10689284388,0.12330372980062465,574_house_16H,5,RF,False,20
26492.105551738903,2851305087.125118,53397.613121984374,0.012330733438888908,574_house_16H,0,SVR,True,1
25791.264379651962,2829288173.2561913,53191.053507673554,0.019957216227788677,574_house_16H,0,SVR,False,1
26145.068596310233,2700768114.7614703,51968.914889205356,0.014287997526905905,574_house_16H,1,SVR,True,1
26145.068596310233,2700768114.7614703,51968.914889205356,0.014287997526905905,574_house_16H,1,SVR,False,1
26151.36068420995,2704213995.091631,52002.057604402835,0.002805154289945322,574_house_16H,2,SVR,True,1
26151.36068420995,2704213995.091631,52002.057604402835,0.002805154289945322,574_house_16H,2,SVR,False,1
25388.996287571797,2472014670.3870296,49719.35911078329,0.016997772657506238,574_house_16H,3,SVR,True,1
25388.996287571797,2472014670.3870296,49719.35911078329,0.016997772657506238,574_house_16H,3,SVR,False,1
26993.144668542995,3114802574.6136174,55810.4163630197,0.005510597379426274,574_house_16H,4,SVR,True,1
26993.144668542995,3114802574.6136174,55810.4163630197,0.005510597379426274,574_house_16H,4,SVR,False,1
25972.06217982313,2646929712.933639,51448.32079799728,-0.00020827834649272958,574_house_16H,5,SVR,True,1
25972.06217982313,2646929712.933639,51448.32079799728,-0.00020827834649272958,574_house_16H,5,SVR,False,1
26492.105551738903,2851305087.125118,53397.613121984374,0.012330733438888908,574_house_16H,0,SVR,True,5
25791.264379651962,2829288173.2561913,53191.053507673554,0.019957216227788677,574_house_16H,0,SVR,False,5
26145.068596310233,2700768114.7614703,51968.914889205356,0.014287997526905905,574_house_16H,1,SVR,True,5
26145.068596310233,2700768114.7614703,51968.914889205356,0.014287997526905905,574_house_16H,1,SVR,False,5
26151.36068420995,2704213995.091631,52002.057604402835,0.002805154289945322,574_house_16H,2,SVR,True,5
26151.36068420995,2704213995.091631,52002.057604402835,0.002805154289945322,574_house_16H,2,SVR,False,5
25388.996287571797,2472014670.3870296,49719.35911078329,0.016997772657506238,574_house_16H,3,SVR,True,5
25388.996287571797,2472014670.3870296,49719.35911078329,0.016997772657506238,574_house_16H,3,SVR,False,5
26993.144668542995,3114802574.6136174,55810.4163630197,0.005510597379426274,574_house_16H,4,SVR,True,5
26993.144668542995,3114802574.6136174,55810.4163630197,0.005510597379426274,574_house_16H,4,SVR,False,5
25972.06217982313,2646929712.933639,51448.32079799728,-0.00020827834649272958,574_house_16H,5,SVR,True,5
25972.06217982313,2646929712.933639,51448.32079799728,-0.00020827834649272958,574_house_16H,5,SVR,False,5
24665.900050067532,2674531906.4137907,51715.87673445932,0.07356354873080428,574_house_16H,0,SVR,True,10
24665.900050067532,2674531906.4137907,51715.87673445932,0.07356354873080428,574_house_16H,0,SVR,False,10
24532.464888848946,2488421825.469275,49884.08388924543,0.0917890184001573,574_house_16H,1,SVR,True,10
24532.464888848946,2488421825.469275,49884.08388924543,0.0917890184001573,574_house_16H,1,SVR,False,10
24399.700796568002,2481569626.481322,49815.35532826522,0.08490657718308692,574_house_16H,2,SVR,True,10
24399.700796568002,2481569626.481322,49815.35532826522,0.08490657718308692,574_house_16H,2,SVR,False,10
23660.50007968205,2255165578.5350695,47488.58366528812,0.1032283047175363,574_house_16H,3,SVR,True,10
23660.500079682053,2255165578.5350695,47488.58366528812,0.1032283047175363,574_house_16H,3,SVR,False,10
25299.79648125182,2879530577.510511,53661.25769594402,0.08062788081798944,574_house_16H,4,SVR,True,10
25299.79648125182,2879530577.5105114,53661.25769594402,0.08062788081798933,574_house_16H,4,SVR,False,10
24343.19683057516,2485153249.6561284,49851.31141360404,0.06092298517785932,574_house_16H,5,SVR,True,10
24343.19683057516,2485153249.6561284,49851.31141360404,0.06092298517785932,574_house_16H,5,SVR,False,10
24617.023311738223,2643050593.539188,51410.60779196437,0.08446842360288964,574_house_16H,0,SVR,True,20
24617.023311738223,2643050593.5391903,51410.607791964394,0.08446842360288886,574_house_16H,0,SVR,False,20
24505.58933031883,2465407233.821281,49652.86732728817,0.10018876182701875,574_house_16H,1,SVR,True,20
23956.03181125915,2359695212.759821,48576.6941316494,0.13877097382679748,574_house_16H,1,SVR,False,20
24333.047036763528,2460911995.410075,49607.5800196913,0.09252420036905407,574_house_16H,2,SVR,True,20
23952.028859341313,2374832383.1089063,48732.251980684276,0.1242665646432013,574_house_16H,2,SVR,False,20
23630.879661045637,2230492007.2356925,47228.0849414381,0.11303980617597398,574_house_16H,3,SVR,True,20
23121.30511834524,2153015758.9308467,46400.60084665765,0.14384841162728368,574_house_16H,3,SVR,False,20
25263.453513012406,2856792418.580946,53448.970229378094,0.08788768542803282,574_house_16H,4,SVR,True,20
24655.192928838696,2740533232.4003634,52350.102506111325,0.12500674059904104,574_house_16H,4,SVR,False,20
24300.599238931627,2462415147.2729926,49622.72813210689,0.06951514315106677,574_house_16H,5,SVR,True,20
24300.599238931627,2462415147.272993,49622.728132106895,0.06951514315106655,574_house_16H,5,SVR,False,20
3.391446819158113,16.5472602958839,4.0678323829631795,0.3564243788252308,564_fried,0,LR,True,1
3.391446819158113,16.5472602958839,4.0678323829631795,0.3564243788252308,564_fried,0,LR,False,1
3.362306000878158,16.322531788496025,4.0401153187125765,0.33402268336098784,564_fried,1,LR,True,1
3.362306000878158,16.322531788496025,4.0401153187125765,0.33402268336098784,564_fried,1,LR,False,1
3.382803802484424,16.41778474716815,4.051886566424108,0.33438555724744723,564_fried,2,LR,True,1
3.382803802484424,16.41778474716815,4.051886566424108,0.33438555724744723,564_fried,2,LR,False,1
3.3464828930009927,16.147143466639008,4.018350839167606,0.34792338917088506,564_fried,3,LR,True,1
3.3464828930009927,16.147143466639008,4.018350839167606,0.34792338917088506,564_fried,3,LR,False,1
3.4056127885597,16.6581081389077,4.0814345687402245,0.3383234400261006,564_fried,4,LR,True,1
3.4056127885597,16.6581081389077,4.0814345687402245,0.3383234400261006,564_fried,4,LR,False,1
3.343230277776524,16.15821210909287,4.0197278650541595,0.35218068525229007,564_fried,5,LR,True,1
3.343230277776524,16.15821210909287,4.0197278650541595,0.35218068525229007,564_fried,5,LR,False,1
3.391446819158113,16.5472602958839,4.0678323829631795,0.3564243788252308,564_fried,0,LR,True,5
3.391446819158113,16.5472602958839,4.0678323829631795,0.3564243788252308,564_fried,0,LR,False,5
3.362306000878158,16.322531788496025,4.0401153187125765,0.33402268336098784,564_fried,1,LR,True,5
3.362306000878158,16.322531788496025,4.0401153187125765,0.33402268336098784,564_fried,1,LR,False,5
3.382803802484424,16.41778474716815,4.051886566424108,0.33438555724744723,564_fried,2,LR,True,5
3.382803802484424,16.41778474716815,4.051886566424108,0.33438555724744723,564_fried,2,LR,False,5
3.3464828930009927,16.147143466639008,4.018350839167606,0.34792338917088506,564_fried,3,LR,True,5
3.3464828930009927,16.147143466639008,4.018350839167606,0.34792338917088506,564_fried,3,LR,False,5
3.4056127885597,16.6581081389077,4.0814345687402245,0.3383234400261006,564_fried,4,LR,True,5
3.4056127885597,16.6581081389077,4.0814345687402245,0.3383234400261006,564_fried,4,LR,False,5
3.343230277776524,16.15821210909287,4.0197278650541595,0.35218068525229007,564_fried,5,LR,True,5
3.343230277776524,16.15821210909287,4.0197278650541595,0.35218068525229007,564_fried,5,LR,False,5
3.391446819158113,16.5472602958839,4.0678323829631795,0.3564243788252308,564_fried,0,LR,True,10
3.391446819158113,16.5472602958839,4.0678323829631795,0.3564243788252308,564_fried,0,LR,False,10
3.362306000878158,16.322531788496025,4.0401153187125765,0.33402268336098784,564_fried,1,LR,True,10
3.362306000878158,16.322531788496025,4.0401153187125765,0.33402268336098784,564_fried,1,LR,False,10
3.382803802484424,16.41778474716815,4.051886566424108,0.33438555724744723,564_fried,2,LR,True,10
3.382803802484424,16.41778474716815,4.051886566424108,0.33438555724744723,564_fried,2,LR,False,10
3.3464828930009927,16.147143466639008,4.018350839167606,0.34792338917088506,564_fried,3,LR,True,10
3.3464828930009927,16.147143466639008,4.018350839167606,0.34792338917088506,564_fried,3,LR,False,10
3.4056127885597,16.6581081389077,4.0814345687402245,0.3383234400261006,564_fried,4,LR,True,10
3.4056127885597,16.6581081389077,4.0814345687402245,0.3383234400261006,564_fried,4,LR,False,10
3.343230277776524,16.15821210909287,4.0197278650541595,0.35218068525229007,564_fried,5,LR,True,10
3.343230277776524,16.15821210909287,4.0197278650541595,0.35218068525229007,564_fried,5,LR,False,10
2.8806012438982402,12.64837393169929,3.556455248094553,0.5080644792921409,564_fried,0,LR,True,20
2.8806012438982402,12.64837393169929,3.556455248094553,0.5080644792921409,564_fried,0,LR,False,20
2.8443491026850465,12.52301611229314,3.538787378791376,0.48904711752069696,564_fried,1,LR,True,20
2.8443491026850465,12.52301611229314,3.538787378791376,0.48904711752069696,564_fried,1,LR,False,20
2.8592644823053077,12.731183019272901,3.56807833704263,0.48384880046525414,564_fried,2,LR,True,20
2.8592644823053077,12.731183019272903,3.5680783370426306,0.483848800465254,564_fried,2,LR,False,20
2.84877666373639,12.50350157871789,3.5360290692693535,0.4950660499306303,564_fried,3,LR,True,20
2.8487766637363894,12.50350157871789,3.5360290692693535,0.4950660499306303,564_fried,3,LR,False,20
2.8627027938632184,12.614897156871494,3.5517456492366533,0.4989237862078989,564_fried,4,LR,True,20
2.8627027938632184,12.614897156871494,3.5517456492366533,0.4989237862078989,564_fried,4,LR,False,20
2.8563551951341903,12.650597717573364,3.556767875132332,0.4928088894231375,564_fried,5,LR,True,20
2.8563551951341903,12.650597717573364,3.556767875132332,0.4928088894231375,564_fried,5,LR,False,20
3.628421042952024,19.36028222657667,4.400032071085013,0.2470170023742676,564_fried,0,KNN,True,1
3.628421042952024,19.36028222657667,4.400032071085013,0.2470170023742676,564_fried,0,KNN,False,1
3.593615082632919,19.24639556963635,4.387071411504074,0.21472581321770434,564_fried,1,KNN,True,1
3.593615082632919,19.24639556963635,4.387071411504074,0.21472581321770434,564_fried,1,KNN,False,1
3.628077660533897,19.610831329570434,4.428411829264577,0.20493216543128068,564_fried,2,KNN,True,1
3.628077660533897,19.610831329570434,4.428411829264577,0.20493216543128068,564_fried,2,KNN,False,1
3.614511728889441,19.461627954537747,4.411533515064546,0.2140732245284479,564_fried,3,KNN,True,1
3.614511728889441,19.461627954537747,4.411533515064546,0.2140732245284479,564_fried,3,KNN,False,1
3.6638263203459522,19.930509453857542,4.464359915358252,0.20834041753192345,564_fried,4,KNN,True,1
3.6638263203459522,19.930509453857542,4.464359915358252,0.20834041753192345,564_fried,4,KNN,False,1
3.586976645756965,19.11356863963544,4.371906751022423,0.2336937493508935,564_fried,5,KNN,True,1
3.586976645756965,19.11356863963544,4.371906751022423,0.2336937493508935,564_fried,5,KNN,False,1
3.628421042952024,19.36028222657667,4.400032071085013,0.2470170023742676,564_fried,0,KNN,True,5
3.628421042952024,19.36028222657667,4.400032071085013,0.2470170023742676,564_fried,0,KNN,False,5
3.593615082632919,19.24639556963635,4.387071411504074,0.21472581321770434,564_fried,1,KNN,True,5
3.593615082632919,19.24639556963635,4.387071411504074,0.21472581321770434,564_fried,1,KNN,False,5
3.628077660533897,19.610831329570434,4.428411829264577,0.20493216543128068,564_fried,2,KNN,True,5
3.628077660533897,19.610831329570434,4.428411829264577,0.20493216543128068,564_fried,2,KNN,False,5
3.614511728889441,19.461627954537747,4.411533515064546,0.2140732245284479,564_fried,3,KNN,True,5
3.614511728889441,19.461627954537747,4.411533515064546,0.2140732245284479,564_fried,3,KNN,False,5
3.6638263203459522,19.930509453857542,4.464359915358252,0.20834041753192345,564_fried,4,KNN,True,5
3.6638263203459522,19.930509453857542,4.464359915358252,0.20834041753192345,564_fried,4,KNN,False,5
3.586976645756965,19.11356863963544,4.371906751022423,0.2336937493508935,564_fried,5,KNN,True,5
3.586976645756965,19.11356863963544,4.371906751022423,0.2336937493508935,564_fried,5,KNN,False,5
3.628421042952024,19.36028222657667,4.400032071085013,0.2470170023742676,564_fried,0,KNN,True,10
3.628421042952024,19.36028222657667,4.400032071085013,0.2470170023742676,564_fried,0,KNN,False,10
3.593615082632919,19.24639556963635,4.387071411504074,0.21472581321770434,564_fried,1,KNN,True,10
3.593615082632919,19.24639556963635,4.387071411504074,0.21472581321770434,564_fried,1,KNN,False,10
3.628077660533897,19.610831329570434,4.428411829264577,0.20493216543128068,564_fried,2,KNN,True,10
3.628077660533897,19.610831329570434,4.428411829264577,0.20493216543128068,564_fried,2,KNN,False,10
3.614511728889441,19.461627954537747,4.411533515064546,0.2140732245284479,564_fried,3,KNN,True,10
3.614511728889441,19.461627954537747,4.411533515064546,0.2140732245284479,564_fried,3,KNN,False,10
3.6638263203459522,19.930509453857542,4.464359915358252,0.20834041753192345,564_fried,4,KNN,True,10
3.6638263203459522,19.930509453857542,4.464359915358252,0.20834041753192345,564_fried,4,KNN,False,10
3.586976645756965,19.11356863963544,4.371906751022423,0.2336937493508935,564_fried,5,KNN,True,10
3.586976645756965,19.11356863963544,4.371906751022423,0.2336937493508935,564_fried,5,KNN,False,10
2.9859438661949174,13.98292444401665,3.7393748734269274,0.4561595621278538,564_fried,0,KNN,True,20
2.98680204641433,13.98793460559787,3.740044733101179,0.45596470099711894,564_fried,0,KNN,False,20
2.9801362257007664,13.952282520912192,3.735275427717773,0.4307314701745385,564_fried,1,KNN,True,20
2.9803140525108303,13.957963028702267,3.7360357370750976,0.4304996991855644,564_fried,1,KNN,False,20
3.0002281388558902,14.20621932153848,3.7691138642310182,0.4240474642014419,564_fried,2,KNN,True,20
2.999984773684833,14.204953991147917,3.7689460053372903,0.4240987635817044,564_fried,2,KNN,False,20
2.9852790301995067,14.046119632233776,3.7478153145844546,0.4327698825485353,564_fried,3,KNN,True,20
2.9855392213363494,14.051110494840094,3.748481091701023,0.43256833452983057,564_fried,3,KNN,False,20
3.003861174985733,14.126414688357668,3.758512297220493,0.438884812259949,564_fried,4,KNN,True,20
3.004141013091259,14.132855081122232,3.759368973793638,0.43862899347826023,564_fried,4,KNN,False,20
2.9732965198699786,13.981515013454393,3.739186410631916,0.4394494010848,564_fried,5,KNN,True,20
2.9731137139653723,13.983621534261378,3.7394680817278516,0.4393649458952984,564_fried,5,KNN,False,20
3.427493377123151,16.993690666049375,4.122340435486785,0.3390612807864578,564_fried,0,DT,True,1
3.427493377123151,16.993690666049375,4.122340435486785,0.3390612807864578,564_fried,0,DT,False,1
3.3849399846056394,16.76521821018123,4.094535164115853,0.3159605886414527,564_fried,1,DT,True,1
3.3849399846056394,16.76521821018123,4.094535164115853,0.3159605886414527,564_fried,1,DT,False,1
3.4063077200829777,16.80785882452547,4.099738872724148,0.31857106438919514,564_fried,2,DT,True,1
3.4063077200829777,16.80785882452547,4.099738872724148,0.31857106438919514,564_fried,2,DT,False,1
3.3869454643631003,16.676889206406567,4.083734713030043,0.32653045318177454,564_fried,3,DT,True,1
3.3869454643631003,16.676889206406567,4.083734713030043,0.32653045318177454,564_fried,3,DT,False,1
3.450627033818719,17.206753703695966,4.148102422035402,0.31653069459985794,564_fried,4,DT,True,1
3.450627033818719,17.206753703695966,4.148102422035402,0.31653069459985794,564_fried,4,DT,False,1
3.3780474727101844,16.54724339397924,4.0678303054551375,0.3365835400552242,564_fried,5,DT,True,1
3.3780474727101844,16.54724339397924,4.0678303054551375,0.3365835400552242,564_fried,5,DT,False,1
3.427493377123151,16.993690666049375,4.122340435486785,0.3390612807864578,564_fried,0,DT,True,5
3.427493377123151,16.993690666049375,4.122340435486785,0.3390612807864578,564_fried,0,DT,False,5
3.3849399846056394,16.76521821018123,4.094535164115853,0.3159605886414527,564_fried,1,DT,True,5
3.3849399846056394,16.76521821018123,4.094535164115853,0.3159605886414527,564_fried,1,DT,False,5
3.4063077200829777,16.80785882452547,4.099738872724148,0.31857106438919514,564_fried,2,DT,True,5
3.4063077200829777,16.80785882452547,4.099738872724148,0.31857106438919514,564_fried,2,DT,False,5
3.3869454643631003,16.676889206406567,4.083734713030043,0.32653045318177454,564_fried,3,DT,True,5
3.3869454643631003,16.676889206406567,4.083734713030043,0.32653045318177454,564_fried,3,DT,False,5
3.450627033818719,17.206753703695966,4.148102422035402,0.31653069459985794,564_fried,4,DT,True,5
3.450627033818719,17.206753703695966,4.148102422035402,0.31653069459985794,564_fried,4,DT,False,5
3.3780474727101844,16.54724339397924,4.0678303054551375,0.3365835400552242,564_fried,5,DT,True,5
3.3780474727101844,16.54724339397924,4.0678303054551375,0.3365835400552242,564_fried,5,DT,False,5
3.427493377123151,16.993690666049375,4.122340435486785,0.3390612807864578,564_fried,0,DT,True,10
3.427493377123151,16.993690666049375,4.122340435486785,0.3390612807864578,564_fried,0,DT,False,10
3.3849399846056394,16.76521821018123,4.094535164115853,0.3159605886414527,564_fried,1,DT,True,10
3.3849399846056394,16.76521821018123,4.094535164115853,0.3159605886414527,564_fried,1,DT,False,10
3.4063077200829777,16.80785882452547,4.099738872724148,0.31857106438919514,564_fried,2,DT,True,10
3.4063077200829777,16.80785882452547,4.099738872724148,0.31857106438919514,564_fried,2,DT,False,10
3.3869454643631003,16.676889206406567,4.083734713030043,0.32653045318177454,564_fried,3,DT,True,10
3.3869454643631003,16.676889206406567,4.083734713030043,0.32653045318177454,564_fried,3,DT,False,10
3.450627033818719,17.206753703695966,4.148102422035402,0.31653069459985794,564_fried,4,DT,True,10
3.450627033818719,17.206753703695966,4.148102422035402,0.31653069459985794,564_fried,4,DT,False,10
3.3780474727101844,16.54724339397924,4.0678303054551375,0.3365835400552242,564_fried,5,DT,True,10
3.3780474727101844,16.54724339397924,4.0678303054551375,0.3365835400552242,564_fried,5,DT,False,10
3.935613500580707,24.253128199877512,4.924746511230554,0.05671864903520474,564_fried,0,DT,True,20
3.935613500580707,24.253128199877512,4.924746511230554,0.05671864903520474,564_fried,0,DT,False,20
3.915406279572286,24.23028521568321,4.922426760824706,0.011377613569010347,564_fried,1,DT,True,20
3.915406279572286,24.23028521568321,4.922426760824706,0.011377613569010347,564_fried,1,DT,False,20
3.9175935701104114,24.34127286048921,4.933687551972582,0.013149275591703868,564_fried,2,DT,True,20
3.9175935701104114,24.34127286048921,4.933687551972582,0.013149275591703868,564_fried,2,DT,False,20
3.9217424600282107,24.111266597740812,4.910322453540176,0.026304990827912933,564_fried,3,DT,True,20
3.9217424600282107,24.111266597740812,4.910322453540176,0.026304990827912933,564_fried,3,DT,False,20
3.9526514675306474,24.713939855387807,4.97131168358893,0.0183378226053994,564_fried,4,DT,True,20
3.9526514675306474,24.713939855387807,4.97131168358893,0.0183378226053994,564_fried,4,DT,False,20
3.884011675121922,23.844715710629767,4.883105129999739,0.04401134929269501,564_fried,5,DT,True,20
3.884011675121922,23.844715710629767,4.883105129999739,0.04401134929269501,564_fried,5,DT,False,20
3.4266319540525703,16.99011655013195,4.121906907019123,0.3392002895305385,564_fried,0,RF,True,1
3.4266319540525703,16.99011655013195,4.121906907019123,0.3392002895305385,564_fried,0,RF,False,1
3.384979658582749,16.760816879947207,4.093997664868314,0.3161401677739598,564_fried,1,RF,True,1
3.384979658582749,16.760816879947207,4.093997664868314,0.3161401677739598,564_fried,1,RF,False,1
3.4063377879537127,16.805158913471786,4.099409581082596,0.31868052494183086,564_fried,2,RF,True,1
3.4063377879537127,16.805158913471786,4.099409581082596,0.31868052494183086,564_fried,2,RF,False,1
3.3861706613350266,16.66546928955258,4.0823362538566785,0.3269916282926222,564_fried,3,RF,True,1
3.3861706613350266,16.66546928955258,4.0823362538566785,0.3269916282926222,564_fried,3,RF,False,1
3.450367016607582,17.208905150558312,4.148361742972557,0.3164452369988524,564_fried,4,RF,True,1
3.450367016607582,17.208905150558312,4.148361742972557,0.3164452369988524,564_fried,4,RF,False,1
3.378644846788069,16.558630459023703,4.069229713228746,0.33612700683086194,564_fried,5,RF,True,1
3.378644846788069,16.558630459023703,4.069229713228746,0.33612700683086194,564_fried,5,RF,False,1
3.4266319540525703,16.99011655013195,4.121906907019123,0.3392002895305385,564_fried,0,RF,True,5
3.4266319540525703,16.99011655013195,4.121906907019123,0.3392002895305385,564_fried,0,RF,False,5
3.384979658582749,16.760816879947207,4.093997664868314,0.3161401677739598,564_fried,1,RF,True,5
3.384979658582749,16.760816879947207,4.093997664868314,0.3161401677739598,564_fried,1,RF,False,5
3.4063377879537127,16.805158913471786,4.099409581082596,0.31868052494183086,564_fried,2,RF,True,5
3.4063377879537127,16.805158913471786,4.099409581082596,0.31868052494183086,564_fried,2,RF,False,5
3.3861706613350266,16.66546928955258,4.0823362538566785,0.3269916282926222,564_fried,3,RF,True,5
3.3861706613350266,16.66546928955258,4.0823362538566785,0.3269916282926222,564_fried,3,RF,False,5
3.450367016607582,17.208905150558312,4.148361742972557,0.3164452369988524,564_fried,4,RF,True,5
3.450367016607582,17.208905150558312,4.148361742972557,0.3164452369988524,564_fried,4,RF,False,5
3.378644846788069,16.558630459023703,4.069229713228746,0.33612700683086194,564_fried,5,RF,True,5
3.378644846788069,16.558630459023703,4.069229713228746,0.33612700683086194,564_fried,5,RF,False,5
3.4266319540525703,16.99011655013195,4.121906907019123,0.3392002895305385,564_fried,0,RF,True,10
3.4266319540525703,16.99011655013195,4.121906907019123,0.3392002895305385,564_fried,0,RF,False,10
3.384979658582749,16.760816879947207,4.093997664868314,0.3161401677739598,564_fried,1,RF,True,10
3.384979658582749,16.760816879947207,4.093997664868314,0.3161401677739598,564_fried,1,RF,False,10
3.4063377879537127,16.805158913471786,4.099409581082596,0.31868052494183086,564_fried,2,RF,True,10
3.4063377879537127,16.805158913471786,4.099409581082596,0.31868052494183086,564_fried,2,RF,False,10
3.3861706613350266,16.66546928955258,4.0823362538566785,0.3269916282926222,564_fried,3,RF,True,10
3.3861706613350266,16.66546928955258,4.0823362538566785,0.3269916282926222,564_fried,3,RF,False,10
3.450367016607582,17.208905150558312,4.148361742972557,0.3164452369988524,564_fried,4,RF,True,10
3.450367016607582,17.208905150558312,4.148361742972557,0.3164452369988524,564_fried,4,RF,False,10
3.378644846788069,16.558630459023703,4.069229713228746,0.33612700683086194,564_fried,5,RF,True,10
3.378644846788069,16.558630459023703,4.069229713228746,0.33612700683086194,564_fried,5,RF,False,10
3.0407281691744665,14.444967111800274,3.800653511147823,0.4381892521423354,564_fried,0,RF,True,20
3.0407281691744665,14.444967111800274,3.800653511147823,0.4381892521423354,564_fried,0,RF,False,20
3.020014068614652,14.313279239570091,3.7832894734040763,0.41600240552191403,564_fried,1,RF,True,20
3.020014068614652,14.313279239570091,3.7832894734040763,0.41600240552191403,564_fried,1,RF,False,20
3.0257312105386314,14.494946332409414,3.8072229160385938,0.41234181259204217,564_fried,2,RF,True,20
3.0257312105386314,14.494946332409414,3.8072229160385938,0.41234181259204217,564_fried,2,RF,False,20
3.008993145561974,14.301467900956881,3.7817281632815547,0.42245805036632567,564_fried,3,RF,True,20
3.008993145561974,14.301467900956881,3.7817281632815547,0.42245805036632567,564_fried,3,RF,False,20
3.0420666445149713,14.559754700133176,3.8157246625160437,0.4216721176430278,564_fried,4,RF,True,20
3.0420666445149713,14.559754700133176,3.8157246625160437,0.4216721176430278,564_fried,4,RF,False,20
3.027431716928672,14.398633047467891,3.7945530761168556,0.42272619451100624,564_fried,5,RF,True,20
3.027431716928672,14.398633047467891,3.7945530761168556,0.42272619451100624,564_fried,5,RF,False,20
3.391170192681155,16.54719423819977,4.0678242634361395,0.3564269480188217,564_fried,0,SVR,True,1
3.391170192681155,16.54719423819977,4.0678242634361395,0.3564269480188217,564_fried,0,SVR,False,1
3.361899136659115,16.319704981033823,4.039765461141751,0.3341380202261708,564_fried,1,SVR,True,1
3.361899136659115,16.319704981033823,4.039765461141751,0.3341380202261708,564_fried,1,SVR,False,1
3.383393648104885,16.42254626009466,4.052474091230524,0.3341925146523562,564_fried,2,SVR,True,1
3.383393648104885,16.42254626009466,4.052474091230524,0.3341925146523562,564_fried,2,SVR,False,1
3.346426880665413,16.148813155033285,4.018558591713362,0.34785596147065245,564_fried,3,SVR,True,1
3.346426880665413,16.148813155033285,4.018558591713362,0.34785596147065245,564_fried,3,SVR,False,1
3.4052988586237114,16.65873828062319,4.081511764116721,0.338298410172823,564_fried,4,SVR,True,1
3.4052988586237114,16.65873828062319,4.081511764116721,0.338298410172823,564_fried,4,SVR,False,1
3.3437645432567504,16.161106259039883,4.020087842204432,0.3520646522269285,564_fried,5,SVR,True,1
3.3437645432567504,16.161106259039883,4.020087842204432,0.3520646522269285,564_fried,5,SVR,False,1
3.391170192681155,16.54719423819977,4.0678242634361395,0.3564269480188217,564_fried,0,SVR,True,5
3.391170192681155,16.54719423819977,4.0678242634361395,0.3564269480188217,564_fried,0,SVR,False,5
3.361899136659115,16.319704981033823,4.039765461141751,0.3341380202261708,564_fried,1,SVR,True,5
3.361899136659115,16.319704981033823,4.039765461141751,0.3341380202261708,564_fried,1,SVR,False,5
3.383393648104885,16.42254626009466,4.052474091230524,0.3341925146523562,564_fried,2,SVR,True,5
3.383393648104885,16.42254626009466,4.052474091230524,0.3341925146523562,564_fried,2,SVR,False,5
3.346426880665413,16.148813155033285,4.018558591713362,0.34785596147065245,564_fried,3,SVR,True,5
3.346426880665413,16.148813155033285,4.018558591713362,0.34785596147065245,564_fried,3,SVR,False,5
3.4052988586237114,16.65873828062319,4.081511764116721,0.338298410172823,564_fried,4,SVR,True,5
3.4052988586237114,16.65873828062319,4.081511764116721,0.338298410172823,564_fried,4,SVR,False,5
3.3437645432567504,16.161106259039883,4.020087842204432,0.3520646522269285,564_fried,5,SVR,True,5
3.3437645432567504,16.161106259039883,4.020087842204432,0.3520646522269285,564_fried,5,SVR,False,5
3.391170192681155,16.54719423819977,4.0678242634361395,0.3564269480188217,564_fried,0,SVR,True,10
3.391170192681155,16.54719423819977,4.0678242634361395,0.3564269480188217,564_fried,0,SVR,False,10
3.361899136659115,16.319704981033823,4.039765461141751,0.3341380202261708,564_fried,1,SVR,True,10
3.361899136659115,16.319704981033823,4.039765461141751,0.3341380202261708,564_fried,1,SVR,False,10
3.383393648104885,16.42254626009466,4.052474091230524,0.3341925146523562,564_fried,2,SVR,True,10
3.383393648104885,16.42254626009466,4.052474091230524,0.3341925146523562,564_fried,2,SVR,False,10
3.346426880665413,16.148813155033285,4.018558591713362,0.34785596147065245,564_fried,3,SVR,True,10
3.346426880665413,16.148813155033285,4.018558591713362,0.34785596147065245,564_fried,3,SVR,False,10
3.4052988586237114,16.65873828062319,4.081511764116721,0.338298410172823,564_fried,4,SVR,True,10
3.4052988586237114,16.65873828062319,4.081511764116721,0.338298410172823,564_fried,4,SVR,False,10
3.3437645432567504,16.161106259039883,4.020087842204432,0.3520646522269285,564_fried,5,SVR,True,10
3.3437645432567504,16.161106259039883,4.020087842204432,0.3520646522269285,564_fried,5,SVR,False,10
2.8699538304624364,12.678203141302058,3.5606464499163715,0.5069043263873105,564_fried,0,SVR,True,20
2.8699538304624364,12.678203141302058,3.5606464499163715,0.5069043263873105,564_fried,0,SVR,False,20
2.83599152500262,12.567710668117025,3.5450967078652487,0.4872235303014065,564_fried,1,SVR,True,20
2.83599152500262,12.567710668117023,3.5450967078652487,0.4872235303014065,564_fried,1,SVR,False,20
2.852648465608618,12.813254389089366,3.57956064190696,0.48052143992742347,564_fried,2,SVR,True,20
2.852648465608618,12.813254389089364,3.5795606419069594,0.4805214399274236,564_fried,2,SVR,False,20
2.8447144271781504,12.585518437974647,3.547607424444628,0.49175393000517786,564_fried,3,SVR,True,20
2.8447144271781504,12.585518437974647,3.547607424444628,0.49175393000517786,564_fried,3,SVR,False,20
2.847876975211243,12.61883443328738,3.5522998794143748,0.49876739368764367,564_fried,4,SVR,True,20
2.8478769752112427,12.618834433287383,3.5522998794143748,0.49876739368764356,564_fried,4,SVR,False,20
2.8533752309416087,12.761224877975478,3.5722856657853495,0.4883735960404091,564_fried,5,SVR,True,20
2.8533752309416087,12.761224877975478,3.5722856657853495,0.4883735960404091,564_fried,5,SVR,False,20
9.508719949243071,145.72783262218576,12.071778353754917,0.40264457058609693,1199_BNG_echoMonths,0,LR,True,1
9.508719949243071,145.72783262218576,12.071778353754917,0.40264457058609693,1199_BNG_echoMonths,0,LR,False,1
9.679025780195081,147.9330273216068,12.162772189003903,0.3941911681000605,1199_BNG_echoMonths,1,LR,True,1
9.679025780195081,147.9330273216068,12.162772189003903,0.3941911681000605,1199_BNG_echoMonths,1,LR,False,1
9.729922216606047,149.39563996412298,12.222750916390424,0.40446007775578907,1199_BNG_echoMonths,2,LR,True,1
9.729922216606047,149.39563996412298,12.222750916390424,0.40446007775578907,1199_BNG_echoMonths,2,LR,False,1
9.806131085294298,151.81588383295008,12.321358846854112,0.3996864697908544,1199_BNG_echoMonths,3,LR,True,1
9.806131085294298,151.81588383295008,12.321358846854112,0.3996864697908544,1199_BNG_echoMonths,3,LR,False,1
9.621331308766639,144.4395059029242,12.018298794044197,0.42002159723789034,1199_BNG_echoMonths,4,LR,True,1
9.621331308766639,144.4395059029242,12.018298794044197,0.42002159723789034,1199_BNG_echoMonths,4,LR,False,1
9.757446376372727,151.09850242208668,12.29221308073069,0.4017510127797629,1199_BNG_echoMonths,5,LR,True,1
9.757446376372727,151.09850242208668,12.29221308073069,0.4017510127797629,1199_BNG_echoMonths,5,LR,False,1
9.508719949243071,145.72783262218576,12.071778353754917,0.40264457058609693,1199_BNG_echoMonths,0,LR,True,5
9.508719949243071,145.72783262218576,12.071778353754917,0.40264457058609693,1199_BNG_echoMonths,0,LR,False,5
9.679025780195081,147.9330273216068,12.162772189003903,0.3941911681000605,1199_BNG_echoMonths,1,LR,True,5
9.679025780195081,147.9330273216068,12.162772189003903,0.3941911681000605,1199_BNG_echoMonths,1,LR,False,5
9.729922216606047,149.39563996412298,12.222750916390424,0.40446007775578907,1199_BNG_echoMonths,2,LR,True,5
9.729922216606047,149.39563996412298,12.222750916390424,0.40446007775578907,1199_BNG_echoMonths,2,LR,False,5
9.806131085294298,151.81588383295008,12.321358846854112,0.3996864697908544,1199_BNG_echoMonths,3,LR,True,5
9.806131085294298,151.81588383295008,12.321358846854112,0.3996864697908544,1199_BNG_echoMonths,3,LR,False,5
9.621331308766639,144.4395059029242,12.018298794044197,0.42002159723789034,1199_BNG_echoMonths,4,LR,True,5
9.621331308766639,144.4395059029242,12.018298794044197,0.42002159723789034,1199_BNG_echoMonths,4,LR,False,5
9.757446376372727,151.09850242208668,12.29221308073069,0.4017510127797629,1199_BNG_echoMonths,5,LR,True,5
9.757446376372727,151.09850242208668,12.29221308073069,0.4017510127797629,1199_BNG_echoMonths,5,LR,False,5
9.508719949243071,145.72783262218576,12.071778353754917,0.40264457058609693,1199_BNG_echoMonths,0,LR,True,10
9.508719949243071,145.72783262218576,12.071778353754917,0.40264457058609693,1199_BNG_echoMonths,0,LR,False,10
9.679025780195081,147.9330273216068,12.162772189003903,0.3941911681000605,1199_BNG_echoMonths,1,LR,True,10
9.679025780195081,147.9330273216068,12.162772189003903,0.3941911681000605,1199_BNG_echoMonths,1,LR,False,10
9.729922216606047,149.39563996412298,12.222750916390424,0.40446007775578907,1199_BNG_echoMonths,2,LR,True,10
9.729922216606047,149.39563996412298,12.222750916390424,0.40446007775578907,1199_BNG_echoMonths,2,LR,False,10
9.806131085294298,151.81588383295008,12.321358846854112,0.3996864697908544,1199_BNG_echoMonths,3,LR,True,10
9.806131085294298,151.81588383295008,12.321358846854112,0.3996864697908544,1199_BNG_echoMonths,3,LR,False,10
9.621331308766639,144.4395059029242,12.018298794044197,0.42002159723789034,1199_BNG_echoMonths,4,LR,True,10
9.621331308766639,144.4395059029242,12.018298794044197,0.42002159723789034,1199_BNG_echoMonths,4,LR,False,10
9.757446376372727,151.09850242208668,12.29221308073069,0.4017510127797629,1199_BNG_echoMonths,5,LR,True,10
9.757446376372727,151.09850242208668,12.29221308073069,0.4017510127797629,1199_BNG_echoMonths,5,LR,False,10
9.308428599758473,140.97316637354348,11.873212133771698,0.42213450361790894,1199_BNG_echoMonths,0,LR,True,20
9.308428599758471,140.97316637354348,11.873212133771698,0.42213450361790894,1199_BNG_echoMonths,0,LR,False,20
9.437053512644587,144.112444773886,12.004684284640142,0.4098370498366669,1199_BNG_echoMonths,1,LR,True,20
9.437053512644587,144.112444773886,12.004684284640142,0.4098370498366669,1199_BNG_echoMonths,1,LR,False,20
9.505212595291415,145.2325096166084,12.051245147975724,0.42105567802930954,1199_BNG_echoMonths,2,LR,True,20
9.505212595291415,145.2325096166084,12.051245147975724,0.42105567802930954,1199_BNG_echoMonths,2,LR,False,20
9.543319325113922,146.26605198718804,12.094050272228408,0.42163173047953517,1199_BNG_echoMonths,3,LR,True,20
9.543319325113922,146.26605198718804,12.094050272228408,0.42163173047953517,1199_BNG_echoMonths,3,LR,False,20
9.407373181834343,140.63903236078133,11.859132867152697,0.43528191373463265,1199_BNG_echoMonths,4,LR,True,20
9.407373181834345,140.6390323607813,11.859132867152695,0.43528191373463265,1199_BNG_echoMonths,4,LR,False,20
9.511626518809532,146.2426546026056,12.093082923829042,0.42097692166392364,1199_BNG_echoMonths,5,LR,True,20
9.511626518809532,146.24265460260557,12.093082923829042,0.42097692166392364,1199_BNG_echoMonths,5,LR,False,20
9.687804702414088,153.29053267839066,12.38105539436726,0.3716441785654785,1199_BNG_echoMonths,0,KNN,True,1
9.687804702414088,153.29053267839066,12.38105539436726,0.3716441785654785,1199_BNG_echoMonths,0,KNN,False,1
9.761448936393805,148.71658233310043,12.194940849922169,0.39098238805386887,1199_BNG_echoMonths,1,KNN,True,1
9.761448936393805,148.71658233310043,12.194940849922169,0.39098238805386887,1199_BNG_echoMonths,1,KNN,False,1
9.806027804290762,152.8881976626595,12.364796709313886,0.3905375995581699,1199_BNG_echoMonths,2,KNN,True,1
9.806027804290762,152.8881976626595,12.364796709313886,0.3905375995581699,1199_BNG_echoMonths,2,KNN,False,1
11.081138798305608,178.47160026794572,13.359326340349117,0.2942838806193968,1199_BNG_echoMonths,3,KNN,True,1
11.081138798305608,178.47160026794572,13.359326340349117,0.2942838806193968,1199_BNG_echoMonths,3,KNN,False,1
10.167213527962108,151.5809162807096,12.311820185525356,0.3913461752438522,1199_BNG_echoMonths,4,KNN,True,1
10.167213527962108,151.5809162807096,12.311820185525356,0.3913461752438522,1199_BNG_echoMonths,4,KNN,False,1
10.219135130900943,160.87084552204203,12.683487119954119,0.36305907163804596,1199_BNG_echoMonths,5,KNN,True,1
10.219135130900943,160.87084552204203,12.683487119954119,0.36305907163804596,1199_BNG_echoMonths,5,KNN,False,1
9.687804702414088,153.29053267839066,12.38105539436726,0.3716441785654785,1199_BNG_echoMonths,0,KNN,True,5
9.687804702414088,153.29053267839066,12.38105539436726,0.3716441785654785,1199_BNG_echoMonths,0,KNN,False,5
9.761448936393805,148.71658233310043,12.194940849922169,0.39098238805386887,1199_BNG_echoMonths,1,KNN,True,5
9.761448936393805,148.71658233310043,12.194940849922169,0.39098238805386887,1199_BNG_echoMonths,1,KNN,False,5
9.806027804290762,152.8881976626595,12.364796709313886,0.3905375995581699,1199_BNG_echoMonths,2,KNN,True,5
9.806027804290762,152.8881976626595,12.364796709313886,0.3905375995581699,1199_BNG_echoMonths,2,KNN,False,5
11.081138798305608,178.47160026794572,13.359326340349117,0.2942838806193968,1199_BNG_echoMonths,3,KNN,True,5
11.081138798305608,178.47160026794572,13.359326340349117,0.2942838806193968,1199_BNG_echoMonths,3,KNN,False,5
10.167213527962108,151.5809162807096,12.311820185525356,0.3913461752438522,1199_BNG_echoMonths,4,KNN,True,5
10.167213527962108,151.5809162807096,12.311820185525356,0.3913461752438522,1199_BNG_echoMonths,4,KNN,False,5
10.219135130900943,160.87084552204203,12.683487119954119,0.36305907163804596,1199_BNG_echoMonths,5,KNN,True,5
10.219135130900943,160.87084552204203,12.683487119954119,0.36305907163804596,1199_BNG_echoMonths,5,KNN,False,5
9.687804702414088,153.29053267839066,12.38105539436726,0.3716441785654785,1199_BNG_echoMonths,0,KNN,True,10
9.687804702414088,153.29053267839066,12.38105539436726,0.3716441785654785,1199_BNG_echoMonths,0,KNN,False,10
9.761448936393805,148.71658233310043,12.194940849922169,0.39098238805386887,1199_BNG_echoMonths,1,KNN,True,10
9.761448936393805,148.71658233310043,12.194940849922169,0.39098238805386887,1199_BNG_echoMonths,1,KNN,False,10
9.806027804290762,152.8881976626595,12.364796709313886,0.3905375995581699,1199_BNG_echoMonths,2,KNN,True,10
9.806027804290762,152.8881976626595,12.364796709313886,0.3905375995581699,1199_BNG_echoMonths,2,KNN,False,10
11.081138798305608,178.47160026794572,13.359326340349117,0.2942838806193968,1199_BNG_echoMonths,3,KNN,True,10
11.081138798305608,178.47160026794572,13.359326340349117,0.2942838806193968,1199_BNG_echoMonths,3,KNN,False,10
10.167213527962108,151.5809162807096,12.311820185525356,0.3913461752438522,1199_BNG_echoMonths,4,KNN,True,10
10.167213527962108,151.5809162807096,12.311820185525356,0.3913461752438522,1199_BNG_echoMonths,4,KNN,False,10
10.219135130900943,160.87084552204203,12.683487119954119,0.36305907163804596,1199_BNG_echoMonths,5,KNN,True,10
10.219135130900943,160.87084552204203,12.683487119954119,0.36305907163804596,1199_BNG_echoMonths,5,KNN,False,10
10.239638137670225,162.61145012640392,12.751919468315503,0.33343664782476645,1199_BNG_echoMonths,0,KNN,True,20
10.239638137670225,162.61145012640392,12.751919468315503,0.33343664782476645,1199_BNG_echoMonths,0,KNN,False,20
9.877335005228275,169.17388479156998,13.006686157187387,0.3072065421148392,1199_BNG_echoMonths,1,KNN,True,20
9.877335005228275,169.17388479156998,13.006686157187387,0.3072065421148392,1199_BNG_echoMonths,1,KNN,False,20
9.860237156429827,168.30811348061223,12.973361687728136,0.32906876774058036,1199_BNG_echoMonths,2,KNN,True,20
9.860237156429827,168.30811348061223,12.973361687728136,0.32906876774058036,1199_BNG_echoMonths,2,KNN,False,20
10.057346602712999,172.481916548287,13.133237093279288,0.31796841275004706,1199_BNG_echoMonths,3,KNN,True,20
10.057346602712999,172.481916548287,13.133237093279288,0.31796841275004706,1199_BNG_echoMonths,3,KNN,False,20
10.424146573923283,158.6542932343554,12.595804588606295,0.362943932782105,1199_BNG_echoMonths,4,KNN,True,20
10.424146573923283,158.6542932343554,12.595804588606295,0.362943932782105,1199_BNG_echoMonths,4,KNN,False,20
9.513440943583792,153.29764908941735,12.3813427821629,0.3930438631694766,1199_BNG_echoMonths,5,KNN,True,20
9.513440943583792,153.29764908941735,12.3813427821629,0.3930438631694766,1199_BNG_echoMonths,5,KNN,False,20
9.508719949243071,145.72783262218576,12.071778353754917,0.40264457058609693,1199_BNG_echoMonths,0,DT,True,1
9.508719949243071,145.72783262218576,12.071778353754917,0.40264457058609693,1199_BNG_echoMonths,0,DT,False,1
9.67902578019508,147.9330273216068,12.162772189003903,0.3941911681000605,1199_BNG_echoMonths,1,DT,True,1
9.67902578019508,147.9330273216068,12.162772189003903,0.3941911681000605,1199_BNG_echoMonths,1,DT,False,1
9.729922216606047,149.39563996412298,12.222750916390424,0.40446007775578907,1199_BNG_echoMonths,2,DT,True,1
9.729922216606047,149.39563996412298,12.222750916390424,0.40446007775578907,1199_BNG_echoMonths,2,DT,False,1
9.806131085294295,151.81588383295008,12.321358846854112,0.3996864697908544,1199_BNG_echoMonths,3,DT,True,1
9.806131085294295,151.81588383295008,12.321358846854112,0.3996864697908544,1199_BNG_echoMonths,3,DT,False,1
9.621331308766637,144.4395059029242,12.018298794044197,0.42002159723789034,1199_BNG_echoMonths,4,DT,True,1
9.621331308766637,144.4395059029242,12.018298794044197,0.42002159723789034,1199_BNG_echoMonths,4,DT,False,1
9.757446376372727,151.09850242208674,12.292213080730692,0.4017510127797628,1199_BNG_echoMonths,5,DT,True,1
9.757446376372727,151.09850242208674,12.292213080730692,0.4017510127797628,1199_BNG_echoMonths,5,DT,False,1
9.508719949243071,145.72783262218576,12.071778353754917,0.40264457058609693,1199_BNG_echoMonths,0,DT,True,5
9.508719949243071,145.72783262218576,12.071778353754917,0.40264457058609693,1199_BNG_echoMonths,0,DT,False,5
9.67902578019508,147.9330273216068,12.162772189003903,0.3941911681000605,1199_BNG_echoMonths,1,DT,True,5
9.67902578019508,147.9330273216068,12.162772189003903,0.3941911681000605,1199_BNG_echoMonths,1,DT,False,5
9.729922216606047,149.39563996412298,12.222750916390424,0.40446007775578907,1199_BNG_echoMonths,2,DT,True,5
9.729922216606047,149.39563996412298,12.222750916390424,0.40446007775578907,1199_BNG_echoMonths,2,DT,False,5
9.806131085294295,151.81588383295008,12.321358846854112,0.3996864697908544,1199_BNG_echoMonths,3,DT,True,5
9.806131085294295,151.81588383295008,12.321358846854112,0.3996864697908544,1199_BNG_echoMonths,3,DT,False,5
9.621331308766637,144.4395059029242,12.018298794044197,0.42002159723789034,1199_BNG_echoMonths,4,DT,True,5
9.621331308766637,144.4395059029242,12.018298794044197,0.42002159723789034,1199_BNG_echoMonths,4,DT,False,5
9.757446376372727,151.09850242208674,12.292213080730692,0.4017510127797628,1199_BNG_echoMonths,5,DT,True,5
9.757446376372727,151.09850242208674,12.292213080730692,0.4017510127797628,1199_BNG_echoMonths,5,DT,False,5
9.508719949243071,145.72783262218576,12.071778353754917,0.40264457058609693,1199_BNG_echoMonths,0,DT,True,10
9.508719949243071,145.72783262218576,12.071778353754917,0.40264457058609693,1199_BNG_echoMonths,0,DT,False,10
9.67902578019508,147.9330273216068,12.162772189003903,0.3941911681000605,1199_BNG_echoMonths,1,DT,True,10
9.67902578019508,147.9330273216068,12.162772189003903,0.3941911681000605,1199_BNG_echoMonths,1,DT,False,10
9.729922216606047,149.39563996412298,12.222750916390424,0.40446007775578907,1199_BNG_echoMonths,2,DT,True,10
9.729922216606047,149.39563996412298,12.222750916390424,0.40446007775578907,1199_BNG_echoMonths,2,DT,False,10
9.806131085294295,151.81588383295008,12.321358846854112,0.3996864697908544,1199_BNG_echoMonths,3,DT,True,10
9.806131085294295,151.81588383295008,12.321358846854112,0.3996864697908544,1199_BNG_echoMonths,3,DT,False,10
9.621331308766637,144.4395059029242,12.018298794044197,0.42002159723789034,1199_BNG_echoMonths,4,DT,True,10
9.621331308766637,144.4395059029242,12.018298794044197,0.42002159723789034,1199_BNG_echoMonths,4,DT,False,10
9.757446376372727,151.09850242208674,12.292213080730692,0.4017510127797628,1199_BNG_echoMonths,5,DT,True,10
9.757446376372727,151.09850242208674,12.292213080730692,0.4017510127797628,1199_BNG_echoMonths,5,DT,False,10
9.2960885232396,140.90220292177483,11.870223372867708,0.4224253911061888,1199_BNG_echoMonths,0,DT,True,20
9.2960885232396,140.90220292177483,11.870223372867708,0.4224253911061888,1199_BNG_echoMonths,0,DT,False,20
9.428812997217062,144.02842280263457,12.001184225010237,0.4101811329206094,1199_BNG_echoMonths,1,DT,True,20
9.428812997217062,144.02842280263457,12.001184225010237,0.4101811329206094,1199_BNG_echoMonths,1,DT,False,20
9.497745901772294,145.16645807419684,12.048504391591383,0.4213189810978685,1199_BNG_echoMonths,2,DT,True,20
9.497745901772294,145.16645807419684,12.048504391591383,0.4213189810978685,1199_BNG_echoMonths,2,DT,False,20
9.536496614924062,146.281960378573,12.094707949288109,0.4215688251869456,1199_BNG_echoMonths,3,DT,True,20
9.536496614924062,146.281960378573,12.094707949288109,0.4215688251869456,1199_BNG_echoMonths,3,DT,False,20
9.397497838735124,140.58711579274222,11.856943779606203,0.43549037808806534,1199_BNG_echoMonths,4,DT,True,20
9.397497838735124,140.58711579274222,11.856943779606203,0.43549037808806534,1199_BNG_echoMonths,4,DT,False,20
9.497589355697997,146.15398732683315,12.089416335242705,0.42132798475905775,1199_BNG_echoMonths,5,DT,True,20
9.497589355697997,146.15398732683315,12.089416335242705,0.42132798475905775,1199_BNG_echoMonths,5,DT,False,20
9.509192964733119,145.72416376088938,12.07162639253259,0.4026596096776399,1199_BNG_echoMonths,0,RF,True,1
9.509192964733119,145.72416376088938,12.07162639253259,0.4026596096776399,1199_BNG_echoMonths,0,RF,False,1
9.67842427291669,147.92391300843775,12.162397502484358,0.39422849263478066,1199_BNG_echoMonths,1,RF,True,1
9.67842427291669,147.92391300843775,12.162397502484358,0.39422849263478066,1199_BNG_echoMonths,1,RF,False,1
9.727497051444569,149.39708102807302,12.222809866314416,0.4044543332031839,1199_BNG_echoMonths,2,RF,True,1
9.727497051444569,149.39708102807302,12.222809866314416,0.4044543332031839,1199_BNG_echoMonths,2,RF,False,1
9.807299071836576,151.82498329973626,12.321728097135413,0.3996504884897447,1199_BNG_echoMonths,3,RF,True,1
9.807299071836576,151.82498329973626,12.321728097135413,0.3996504884897447,1199_BNG_echoMonths,3,RF,False,1
9.622908197268272,144.43696308832227,12.018193004288218,0.4200318075854137,1199_BNG_echoMonths,4,RF,True,1
9.622908197268272,144.43696308832227,12.018193004288218,0.4200318075854137,1199_BNG_echoMonths,4,RF,False,1
9.759775323385874,151.09645323256066,12.292129727291389,0.40175912619941245,1199_BNG_echoMonths,5,RF,True,1
9.759775323385874,151.09645323256066,12.292129727291389,0.40175912619941245,1199_BNG_echoMonths,5,RF,False,1
9.509192964733119,145.72416376088938,12.07162639253259,0.4026596096776399,1199_BNG_echoMonths,0,RF,True,5
9.509192964733119,145.72416376088938,12.07162639253259,0.4026596096776399,1199_BNG_echoMonths,0,RF,False,5
9.67842427291669,147.92391300843775,12.162397502484358,0.39422849263478066,1199_BNG_echoMonths,1,RF,True,5
9.67842427291669,147.92391300843775,12.162397502484358,0.39422849263478066,1199_BNG_echoMonths,1,RF,False,5
9.727497051444569,149.39708102807302,12.222809866314416,0.4044543332031839,1199_BNG_echoMonths,2,RF,True,5
9.727497051444569,149.39708102807302,12.222809866314416,0.4044543332031839,1199_BNG_echoMonths,2,RF,False,5
9.807299071836576,151.82498329973626,12.321728097135413,0.3996504884897447,1199_BNG_echoMonths,3,RF,True,5
9.807299071836576,151.82498329973626,12.321728097135413,0.3996504884897447,1199_BNG_echoMonths,3,RF,False,5
9.622908197268272,144.43696308832227,12.018193004288218,0.4200318075854137,1199_BNG_echoMonths,4,RF,True,5
9.622908197268272,144.43696308832227,12.018193004288218,0.4200318075854137,1199_BNG_echoMonths,4,RF,False,5
9.759775323385874,151.09645323256066,12.292129727291389,0.40175912619941245,1199_BNG_echoMonths,5,RF,True,5
9.759775323385874,151.09645323256066,12.292129727291389,0.40175912619941245,1199_BNG_echoMonths,5,RF,False,5
9.509192964733119,145.72416376088938,12.07162639253259,0.4026596096776399,1199_BNG_echoMonths,0,RF,True,10
9.509192964733119,145.72416376088938,12.07162639253259,0.4026596096776399,1199_BNG_echoMonths,0,RF,False,10
9.67842427291669,147.92391300843775,12.162397502484358,0.39422849263478066,1199_BNG_echoMonths,1,RF,True,10
9.67842427291669,147.92391300843775,12.162397502484358,0.39422849263478066,1199_BNG_echoMonths,1,RF,False,10
9.727497051444569,149.39708102807302,12.222809866314416,0.4044543332031839,1199_BNG_echoMonths,2,RF,True,10
9.727497051444569,149.39708102807302,12.222809866314416,0.4044543332031839,1199_BNG_echoMonths,2,RF,False,10
9.807299071836576,151.82498329973626,12.321728097135413,0.3996504884897447,1199_BNG_echoMonths,3,RF,True,10
9.807299071836576,151.82498329973626,12.321728097135413,0.3996504884897447,1199_BNG_echoMonths,3,RF,False,10
9.622908197268272,144.43696308832227,12.018193004288218,0.4200318075854137,1199_BNG_echoMonths,4,RF,True,10
9.622908197268272,144.43696308832227,12.018193004288218,0.4200318075854137,1199_BNG_echoMonths,4,RF,False,10
9.759775323385874,151.09645323256066,12.292129727291389,0.40175912619941245,1199_BNG_echoMonths,5,RF,True,10
9.759775323385874,151.09645323256066,12.292129727291389,0.40175912619941245,1199_BNG_echoMonths,5,RF,False,10
9.296772064764983,140.89649868297542,11.869983095311275,0.4224487734481629,1199_BNG_echoMonths,0,RF,True,20
9.296772064764983,140.89649868297542,11.869983095311275,0.4224487734481629,1199_BNG_echoMonths,0,RF,False,20
9.427636889376314,144.0191019374052,12.000795887665333,0.4102193033182491,1199_BNG_echoMonths,1,RF,True,20
9.427636889376314,144.0191019374052,12.000795887665333,0.4102193033182491,1199_BNG_echoMonths,1,RF,False,20
9.495079308682,145.16446385994828,12.048421633556334,0.4213269306886249,1199_BNG_echoMonths,2,RF,True,20
9.495079308682,145.16446385994828,12.048421633556334,0.4213269306886249,1199_BNG_echoMonths,2,RF,False,20
9.536865658680895,146.29623592054187,12.095298091429656,0.4215123765415296,1199_BNG_echoMonths,3,RF,True,20
9.536865658680895,146.29623592054187,12.095298091429656,0.4215123765415296,1199_BNG_echoMonths,3,RF,False,20
9.399407517784233,140.58368992253202,11.856799311894084,0.4355041342326892,1199_BNG_echoMonths,4,RF,True,20
9.399407517784233,140.58368992253202,11.856799311894084,0.4355041342326892,1199_BNG_echoMonths,4,RF,False,20
9.500002637529793,146.15002454733707,12.089252439557091,0.42134367471482914,1199_BNG_echoMonths,5,RF,True,20
9.500002637529793,146.15002454733707,12.089252439557091,0.42134367471482914,1199_BNG_echoMonths,5,RF,False,20
9.060360141775822,155.763858774872,12.480539202088666,0.3615057256298977,1199_BNG_echoMonths,0,SVR,True,1
9.060360141775822,155.763858774872,12.480539202088666,0.3615057256298977,1199_BNG_echoMonths,0,SVR,False,1
9.254678907041585,157.35627964825682,12.544173135295,0.3556014793195049,1199_BNG_echoMonths,1,SVR,True,1
9.254678907041585,157.35627964825682,12.544173135295,0.3556014793195049,1199_BNG_echoMonths,1,SVR,False,1
9.221792783027373,158.42796038186094,12.58681692811415,0.3684542920410504,1199_BNG_echoMonths,2,SVR,True,1
9.221792783027373,158.42796038186094,12.58681692811415,0.3684542920410504,1199_BNG_echoMonths,2,SVR,False,1
9.393792911377346,162.29363614788676,12.739451956339675,0.3582551233333403,1199_BNG_echoMonths,3,SVR,True,1
9.393792911377346,162.29363614788676,12.739451956339675,0.3582551233333403,1199_BNG_echoMonths,3,SVR,False,1
9.207680159423653,153.79462683860552,12.401396164892303,0.3824573030096243,1199_BNG_echoMonths,4,SVR,True,1
9.207680159423653,153.79462683860552,12.401396164892303,0.3824573030096243,1199_BNG_echoMonths,4,SVR,False,1
9.32120419795734,161.13765350380785,12.694000689452,0.3620026905203312,1199_BNG_echoMonths,5,SVR,True,1
9.32120419795734,161.13765350380785,12.694000689452,0.3620026905203312,1199_BNG_echoMonths,5,SVR,False,1
9.060360141775822,155.763858774872,12.480539202088666,0.3615057256298977,1199_BNG_echoMonths,0,SVR,True,5
9.060360141775822,155.763858774872,12.480539202088666,0.3615057256298977,1199_BNG_echoMonths,0,SVR,False,5
9.254678907041585,157.35627964825682,12.544173135295,0.3556014793195049,1199_BNG_echoMonths,1,SVR,True,5
9.254678907041585,157.35627964825682,12.544173135295,0.3556014793195049,1199_BNG_echoMonths,1,SVR,False,5
9.221792783027373,158.42796038186094,12.58681692811415,0.3684542920410504,1199_BNG_echoMonths,2,SVR,True,5
9.221792783027373,158.42796038186094,12.58681692811415,0.3684542920410504,1199_BNG_echoMonths,2,SVR,False,5
9.393792911377346,162.29363614788676,12.739451956339675,0.3582551233333403,1199_BNG_echoMonths,3,SVR,True,5
9.393792911377346,162.29363614788676,12.739451956339675,0.3582551233333403,1199_BNG_echoMonths,3,SVR,False,5
9.207680159423653,153.79462683860552,12.401396164892303,0.3824573030096243,1199_BNG_echoMonths,4,SVR,True,5
9.207680159423653,153.79462683860552,12.401396164892303,0.3824573030096243,1199_BNG_echoMonths,4,SVR,False,5
9.32120419795734,161.13765350380785,12.694000689452,0.3620026905203312,1199_BNG_echoMonths,5,SVR,True,5
9.32120419795734,161.13765350380785,12.694000689452,0.3620026905203312,1199_BNG_echoMonths,5,SVR,False,5
9.060360141775822,155.763858774872,12.480539202088666,0.3615057256298977,1199_BNG_echoMonths,0,SVR,True,10
9.060360141775822,155.763858774872,12.480539202088666,0.3615057256298977,1199_BNG_echoMonths,0,SVR,False,10
9.254678907041585,157.35627964825682,12.544173135295,0.3556014793195049,1199_BNG_echoMonths,1,SVR,True,10
9.254678907041585,157.35627964825682,12.544173135295,0.3556014793195049,1199_BNG_echoMonths,1,SVR,False,10
9.221792783027373,158.42796038186094,12.58681692811415,0.3684542920410504,1199_BNG_echoMonths,2,SVR,True,10
9.221792783027373,158.42796038186094,12.58681692811415,0.3684542920410504,1199_BNG_echoMonths,2,SVR,False,10
9.393792911377346,162.29363614788676,12.739451956339675,0.3582551233333403,1199_BNG_echoMonths,3,SVR,True,10
9.393792911377346,162.29363614788676,12.739451956339675,0.3582551233333403,1199_BNG_echoMonths,3,SVR,False,10
9.207680159423653,153.79462683860552,12.401396164892303,0.3824573030096243,1199_BNG_echoMonths,4,SVR,True,10
9.207680159423653,153.79462683860552,12.401396164892303,0.3824573030096243,1199_BNG_echoMonths,4,SVR,False,10
9.32120419795734,161.13765350380785,12.694000689452,0.3620026905203312,1199_BNG_echoMonths,5,SVR,True,10
9.32120419795734,161.13765350380785,12.694000689452,0.3620026905203312,1199_BNG_echoMonths,5,SVR,False,10
9.018927398207683,149.90819874491555,12.243700369778557,0.38550876093726516,1199_BNG_echoMonths,0,SVR,True,20
9.018927398207683,149.90819874491555,12.243700369778557,0.38550876093726516,1199_BNG_echoMonths,0,SVR,False,20
9.210603797766536,152.72053563911382,12.358015036368657,0.37458557444696194,1199_BNG_echoMonths,1,SVR,True,20
9.210603797766536,152.72053563911382,12.358015036368657,0.37458557444696194,1199_BNG_echoMonths,1,SVR,False,20
9.19018358507771,152.2280842179631,12.33807457498791,0.3931690278222161,1199_BNG_echoMonths,2,SVR,True,20
9.19018358507771,152.22808421796313,12.338074574987912,0.39316902782221597,1199_BNG_echoMonths,2,SVR,False,20
9.356708173145915,157.4283052277858,12.547043684780324,0.37749371620347316,1199_BNG_echoMonths,3,SVR,True,20
9.356708173145915,157.42830522778584,12.547043684780325,0.37749371620347294,1199_BNG_echoMonths,3,SVR,False,20
9.169745530559823,148.65201034943124,12.192293071831534,0.4031068232275483,1199_BNG_echoMonths,4,SVR,True,20
9.169745530559823,148.65201034943127,12.192293071831536,0.4031068232275482,1199_BNG_echoMonths,4,SVR,False,20
9.272915056157048,155.98694940573617,12.489473543978391,0.3823960330137912,1199_BNG_echoMonths,5,SVR,True,20
9.272915056157048,155.98694940573617,12.489473543978391,0.3823960330137912,1199_BNG_echoMonths,5,SVR,False,20
