test_mae,test_mse,test_rmse,test_r2,ds,iteration,alg,leak
6.07001217609059,94.3501349200752,9.71222929540621,0.7212831317244074,197_cpu_act,0,LR,True
6.07001217609059,94.3501349200752,9.71222929540621,0.7212831317244074,197_cpu_act,0,LR,False
6.071831479231602,93.77166063979887,9.67050182194346,0.7221318916445401,197_cpu_act,1,LR,True
6.071831479231602,93.77166063979887,9.67050182194346,0.7221318916445401,197_cpu_act,1,LR,False
6.069667835749462,94.69719876268043,9.72208316448555,0.7201611636787283,197_cpu_act,2,LR,True
6.069667835749462,94.69719876268043,9.72208316448555,0.7201611636787283,197_cpu_act,2,LR,False
6.072282644731434,95.34294579067316,9.760850044529182,0.7178258715883842,197_cpu_act,3,LR,True
6.072282644731434,95.34294579067316,9.760850044529182,0.7178258715883842,197_cpu_act,3,LR,False
6.075638889481136,94.0156822578733,9.687643569596606,0.7225133091641323,197_cpu_act,4,LR,True
6.075638889481136,94.0156822578733,9.687643569596606,0.7225133091641323,197_cpu_act,4,LR,False
6.080964550758737,93.70360164889334,9.678365022023645,0.7228738252511924,197_cpu_act,5,LR,True
6.080964550758737,93.70360164889334,9.678365022023645,0.7228738252511924,197_cpu_act,5,LR,False
2.197314453125,20.67287868923611,4.508628809274412,0.9386753423265424,197_cpu_act,0,KNN,True
2.216389973958333,20.67287868923611,4.508628809274412,0.9386753423265424,197_cpu_act,0,KNN,False
2.1883544921875,20.967759874131946,4.555024174546094,0.9383525340929987,197_cpu_act,1,KNN,True
2.2391357421874996,22.239000108506943,4.662086950731107,0.9347182378111876,197_cpu_act,1,KNN,False
2.186767578125,21.000393337673614,4.574412524944641,0.9380894709769403,197_cpu_act,2,KNN,True
2.203898111979166,21.000393337673614,4.574412524944641,0.9380894709769403,197_cpu_act,2,KNN,False
2.1857666015625004,21.7038134765625,4.635584224438171,0.9361274739714789,197_cpu_act,3,KNN,True
2.218367513020833,21.442808702256947,4.578478882230502,0.9372664459994059,197_cpu_act,3,KNN,False
2.1751220703125007,19.312635633680557,4.379965891264314,0.9426047354958985,197_cpu_act,4,KNN,True
2.1943359374999996,19.79342990451389,4.432351026985654,0.941245216577376,197_cpu_act,4,KNN,False
2.1834228515625003,19.385281032986114,4.395714443275934,0.9424269757185795,197_cpu_act,5,KNN,True
2.233479817708333,21.335096571180557,4.601099744781051,0.9365033050159519,197_cpu_act,5,KNN,False
2.239669513109646,10.30875605489764,3.2087673495823177,0.9694960809783633,197_cpu_act,0,DT,True
2.3179539936970066,10.5541673891073,3.2474733241504676,0.9687997018709362,197_cpu_act,0,DT,False
2.2497778446242265,10.35152605337161,3.216390224225761,0.9688553731794912,197_cpu_act,1,DT,True
2.3006201757974862,10.47385829613399,3.235726075868534,0.968528548666299,197_cpu_act,1,DT,False
2.192793217150081,9.934995938893376,3.1517571659067434,0.9706304761302916,197_cpu_act,2,DT,True
2.2241887252653334,10.074476589825805,3.173888703126165,0.970235281673116,197_cpu_act,2,DT,False
2.2510602457260314,10.240397051277839,3.199977379670458,0.9696643169877954,197_cpu_act,3,DT,True
2.260625193060709,10.152226898645978,3.186203669464092,0.9699204432251785,197_cpu_act,3,DT,False
2.2248277451520146,10.192280677970587,3.191976643420439,0.9698880475621952,197_cpu_act,4,DT,True
2.298055576550118,10.501053817329446,3.2398399845608266,0.9689721075373466,197_cpu_act,4,DT,False
2.230913647389454,10.191094053006712,3.1916478849391225,0.9697851789944822,197_cpu_act,5,DT,True
2.26507196900993,10.323719046534325,3.212167600440332,0.9693822553469852,197_cpu_act,5,DT,False
1.713197509765625,6.21500797607422,2.4920800357865676,0.981620285731178,197_cpu_act,0,RF,True
1.713197509765625,6.21500797607422,2.4920800357865676,0.981620285731178,197_cpu_act,0,RF,False
1.6995843505859374,5.954833810424804,2.4389237258868293,0.9821918172595878,197_cpu_act,1,RF,True
1.70318408203125,5.979693184082031,2.4440645526497913,0.9821233402520761,197_cpu_act,1,RF,False
1.69779443359375,5.9814085019531245,2.444362308864559,0.982302128599073,197_cpu_act,2,RF,True
1.69779443359375,5.9814085019531245,2.444362308864559,0.982302128599073,197_cpu_act,2,RF,False
1.706447265625,6.000693806640625,2.4490904622103775,0.9821899905188702,197_cpu_act,3,RF,True
1.7075106201171877,6.01051965979004,2.4510762399142525,0.9821606364048627,197_cpu_act,3,RF,False
1.7026667480468751,6.002118645019531,2.4476596696909767,0.9822723191601094,197_cpu_act,4,RF,True
1.7037495117187502,6.008952981445313,2.449057980293458,0.9822526247412111,197_cpu_act,4,RF,False
1.7046884765624999,6.156165336914062,2.4786247210814873,0.981717019919025,197_cpu_act,5,RF,True
1.7046884765624999,6.156165336914062,2.4786247210814873,0.981717019919025,197_cpu_act,5,RF,False
2.2237483771953492,17.897736815685715,4.1628563943388786,0.9472246968666337,197_cpu_act,0,SVR,True
2.2237483771953492,17.897736815685715,4.1628563943388786,0.9472246968666337,197_cpu_act,0,SVR,False
2.215040393483371,16.983513220762873,4.1062474994186005,0.9493436217128105,197_cpu_act,1,SVR,True
2.215040393483371,16.983513220762873,4.1062474994186005,0.9493436217128105,197_cpu_act,1,SVR,False
2.1944210855793234,16.63920043032754,4.072590827912603,0.950880108504853,197_cpu_act,2,SVR,True
2.1944210855793234,16.63920043032754,4.072590827912603,0.950880108504853,197_cpu_act,2,SVR,False
2.2349908454396203,17.441272345230946,4.175385020420845,0.9483425953869923,197_cpu_act,3,SVR,True
2.2349908454396203,17.441272345230946,4.175385020420845,0.9483425953869923,197_cpu_act,3,SVR,False
2.2054805294441517,16.53461676318848,4.056627311907851,0.9508078788422083,197_cpu_act,4,SVR,True
2.2054805294441517,16.53461676318848,4.056627311907851,0.9508078788422083,197_cpu_act,4,SVR,False
2.2133908947855536,16.182503410926852,3.9942894621052614,0.9517154399386355,197_cpu_act,5,SVR,True
2.2133908947855536,16.182503410926852,3.9942894621052614,0.9517154399386355,197_cpu_act,5,SVR,False
0.5416874868282794,1.975128508447484,1.2866079982524183,0.9735069220806317,560_bodyfat,0,LR,True
0.5416874868282794,1.975128508447484,1.2866079982524183,0.9735069220806317,560_bodyfat,0,LR,False
0.5557135981118572,1.9994199039793352,1.2634980594742595,0.9728857140990476,560_bodyfat,1,LR,True
0.5557135981118572,1.9994199039793352,1.2634980594742595,0.9728857140990476,560_bodyfat,1,LR,False
0.5429524736401703,1.9737099915431675,1.1608554969131957,0.9735994317524739,560_bodyfat,2,LR,True
0.5429524736401703,1.9737099915431675,1.1608554969131957,0.9735994317524739,560_bodyfat,2,LR,False
0.5657638927543626,2.0143140126668144,1.2028490848645508,0.9672917825282518,560_bodyfat,3,LR,True
0.5657638927543626,2.0143140126668144,1.2028490848645508,0.9672917825282518,560_bodyfat,3,LR,False
0.5425034531919172,1.9773322197621388,1.2743075619871607,0.9690016227860244,560_bodyfat,4,LR,True
0.5425034531919172,1.9773322197621388,1.2743075619871607,0.9690016227860244,560_bodyfat,4,LR,False
0.5780344486822053,2.0324938715096215,1.2671328900901513,0.9680958072016554,560_bodyfat,5,LR,True
0.5780344486822053,2.0324938715096215,1.2671328900901513,0.9680958072016554,560_bodyfat,5,LR,False
2.653439133097886,11.846028505924675,3.421908461099584,0.8278010654777254,560_bodyfat,0,KNN,True
2.7549508635194035,12.314969800937629,3.4877205181284086,0.8190692752984086,560_bodyfat,0,KNN,False
2.8784391367561604,12.765947827100076,3.5681238351704394,0.8042000941251528,560_bodyfat,1,KNN,True
2.926507918103032,13.161661857574796,3.6268363133184636,0.7977879142375657,560_bodyfat,1,KNN,False
2.583888877289636,10.782561805844637,3.24821523118867,0.8425225685631561,560_bodyfat,2,KNN,True
2.618650785694497,11.166637369163151,3.3113398828035123,0.8368146216713387,560_bodyfat,2,KNN,False
2.824735442008922,12.480083712024367,3.5290557834003438,0.8166335469213284,560_bodyfat,3,KNN,True
2.879682492673713,13.16237148136409,3.620155861134335,0.8073726621877987,560_bodyfat,3,KNN,False
2.6931745599186607,11.617504772371396,3.3994721340731657,0.8335970789464031,560_bodyfat,4,KNN,True
2.792195797754974,12.085771540399517,3.460856536473524,0.8276955068600151,560_bodyfat,4,KNN,False
2.6067460221903667,10.423910794185932,3.2039425909876,0.8507077266810371,560_bodyfat,5,KNN,True
2.621137545994981,10.824947874587792,3.2677220035664782,0.8452393330368837,560_bodyfat,5,KNN,False
0.5366402098899165,2.5587910408986207,1.414757176044533,0.9663473481776035,560_bodyfat,0,DT,True
0.6213414539444306,2.754765511176486,1.5423772999165666,0.9626469425028759,560_bodyfat,0,DT,False
0.5819444847170008,2.40452519314833,1.5202425982728502,0.9654401961447576,560_bodyfat,1,DT,True
0.7273169622022536,3.5252307273952845,1.8104519184673857,0.951612846365111,560_bodyfat,1,DT,False
0.501455075305606,1.9275065583309525,1.2069964769659387,0.9739700968836521,560_bodyfat,2,DT,True
0.4730291043955185,1.7931655480264785,1.1691075329212897,0.9757336709719413,560_bodyfat,2,DT,False
0.5107143237477259,2.041785922013073,1.31932191579617,0.9677386938877826,560_bodyfat,3,DT,True
0.6513479420786932,3.30021626741685,1.6433037102972325,0.948588914773827,560_bodyfat,3,DT,False
0.4808947455405469,2.0333813068336988,1.3253452772582626,0.9702030460544171,560_bodyfat,4,DT,True
0.48287886779414646,2.0037979477095185,1.316303846035299,0.9705678260473092,560_bodyfat,4,DT,False
0.4634921732876034,1.888492184168294,1.2871247402578814,0.9714065554332987,560_bodyfat,5,DT,True
0.542098120818308,2.189450347043809,1.4015596866623807,0.9672716755322623,560_bodyfat,5,DT,False
0.49689686180864057,2.587150082024626,1.4638876209287743,0.9653759205661181,560_bodyfat,0,RF,True
0.5189031937163067,2.6774806615723055,1.505921565961537,0.9639423495223983,560_bodyfat,0,RF,False
0.4546031183961408,2.0831507925915322,1.4171652112820992,0.9704180769115354,560_bodyfat,1,RF,True
0.45481008535551876,2.0995136781786616,1.4219052378378763,0.9702519463344228,560_bodyfat,1,RF,False
0.39632648849996555,1.8158574796130718,1.1353789104161716,0.9759198158583787,560_bodyfat,2,RF,True
0.41290947536674627,1.879240899739268,1.1812254378139873,0.9749426185213923,560_bodyfat,2,RF,False
0.4332219171198678,2.0646195501609355,1.285092990167735,0.9682092396207997,560_bodyfat,3,RF,True
0.44374818829461626,2.1065666424427927,1.2951548562929898,0.9674937624250737,560_bodyfat,3,RF,False
0.41903623944124185,2.01547203314403,1.2785347453540623,0.9709280533852258,560_bodyfat,4,RF,True
0.421539249879839,2.0540952379021054,1.2859120721515214,0.9704036495163124,560_bodyfat,4,RF,False
0.481261701617929,2.388378537637298,1.4418979198024557,0.9640920063958929,560_bodyfat,5,RF,True
0.48101641105360043,2.36930262776745,1.4348534496666476,0.9643537602479519,560_bodyfat,5,RF,False
0.5495365416846483,1.689495625483938,1.1776910178381765,0.9775673239240676,560_bodyfat,0,SVR,True
0.5674687776790439,1.7211571218014334,1.190482396347114,0.9771462674688932,560_bodyfat,0,SVR,False
0.5399740186731984,1.7378992744973814,1.175018118344538,0.9763426553526995,560_bodyfat,1,SVR,True
0.5427450328709262,1.7235209113125596,1.1637618263233722,0.9765161016195659,560_bodyfat,1,SVR,False
0.5138806341022031,1.685105323015323,1.0302616423526019,0.9775674015655857,560_bodyfat,2,SVR,True
0.5447596153503265,1.787636212130429,1.057069267735888,0.9762388214980676,560_bodyfat,2,SVR,False
0.5351332052602428,1.6864420594017546,1.0791260617311358,0.9724303142522418,560_bodyfat,3,SVR,True
0.5599801331256018,1.907959458887939,1.1249426189405303,0.9686742345459737,560_bodyfat,3,SVR,False
0.539945809926616,1.7078924736272074,1.17501242066986,0.9731817829142517,560_bodyfat,4,SVR,True
0.5537736285689472,1.7078924736272074,1.17501242066986,0.9731817829142517,560_bodyfat,4,SVR,False
0.5362580880597565,1.7925841999932364,1.195377490665444,0.9718581237955846,560_bodyfat,5,SVR,True
0.5710450914320759,1.9908635876995602,1.2396541066956326,0.968522273252999,560_bodyfat,5,SVR,False
1.408759624780391,3.2470388808554262,1.746350114505155,0.8176059447709609,1096_FacultySalaries,0,LR,True
1.549974991737304,8.91347797223444,2.661700870089612,0.47539435600105484,1096_FacultySalaries,0,LR,False
1.415065299641236,3.2764668511484705,1.8043162887642026,0.8155644430634277,1096_FacultySalaries,1,LR,True
1.5984536769370383,10.922045230220451,2.849719282223206,0.5064282844382286,1096_FacultySalaries,1,LR,False
1.2933742223406748,2.7865113097425267,1.6180698252884917,0.8508487620735379,1096_FacultySalaries,2,LR,True
1.437862403342047,7.874477569064221,2.465434064349671,0.5593765409331335,1096_FacultySalaries,2,LR,False
1.3641810060049997,2.8835770367270173,1.692608490463459,0.8475067941248364,1096_FacultySalaries,3,LR,True
1.549685797126228,10.586092403297199,2.75706129981553,0.3638751118292746,1096_FacultySalaries,3,LR,False
1.2735937221848779,2.9942111934024536,1.7203505976442777,0.8161681257724074,1096_FacultySalaries,4,LR,True
1.4442397740907904,8.00987773056749,2.4877226694665557,0.3335928899563082,1096_FacultySalaries,4,LR,False
1.2854999387741524,3.1039887629993874,1.7481335757726124,0.8110410446961827,1096_FacultySalaries,5,LR,True
1.4412373529615135,7.685820507426029,2.480014058597966,0.6263946084705724,1096_FacultySalaries,5,LR,False
1.8132192973058103,5.669009504779309,2.3427789929312737,0.7067117361822642,1096_FacultySalaries,0,KNN,True
1.92703429613358,5.792129954848194,2.34231870858216,0.7064003404675366,1096_FacultySalaries,0,KNN,False
1.770833301544189,5.214120166324713,2.266791241405558,0.739145243935764,1096_FacultySalaries,1,KNN,True
1.9748184008476064,6.598923810680809,2.5492609034013456,0.6173880177104527,1096_FacultySalaries,1,KNN,False
1.6492735096532056,4.503687589566387,2.1118291624183465,0.7459893549329628,1096_FacultySalaries,2,KNN,True
1.762464953283979,5.666987322801009,2.3311477945009345,0.6909756793080135,1096_FacultySalaries,2,KNN,False
1.7978718085166732,5.215848953724185,2.2462641901851654,0.7334583215145563,1096_FacultySalaries,3,KNN,True
1.9537436448610743,6.595150888449146,2.557259529354617,0.6493713125419039,1096_FacultySalaries,3,KNN,False
1.7426388752766144,4.8651127528886216,2.1983519581957824,0.7168186072413005,1096_FacultySalaries,4,KNN,True
1.923404466732275,6.641613446478628,2.5377776145885047,0.6440018817328745,1096_FacultySalaries,4,KNN,False
1.9140128147907742,6.039776860987281,2.427183363374268,0.6726187986572255,1096_FacultySalaries,5,KNN,True
1.9759935048910284,6.5748108875448,2.5404850771549023,0.5967956679068778,1096_FacultySalaries,5,KNN,False
1.5789741002596327,4.907943070124856,2.0985650897380084,0.7303509091037738,1096_FacultySalaries,0,DT,True
1.579412108608799,4.835144490478149,2.095858156189488,0.7367393924251401,1096_FacultySalaries,0,DT,False
1.5133491173768645,4.274181853203584,2.0194638149755963,0.7485927261663026,1096_FacultySalaries,1,DT,True
1.52706263836778,4.358314331369829,2.0440476296987278,0.7448429859192407,1096_FacultySalaries,1,DT,False
1.5731610317978642,4.0637510912742165,1.9631289774410383,0.760767889896296,1096_FacultySalaries,2,DT,True
1.5731610317978642,4.0637510912742165,1.9631289774410383,0.760767889896296,1096_FacultySalaries,2,DT,False
1.8543939906778026,5.829955105344187,2.3949311077796134,0.7009179136132238,1096_FacultySalaries,3,DT,True
1.8681008074018688,5.708383337873629,2.3734769269272977,0.7054112362013845,1096_FacultySalaries,3,DT,False
1.7521153780130234,5.828210662814061,2.3716322698941648,0.6332796989460107,1096_FacultySalaries,4,DT,True
1.9846858150065305,7.395136041845833,2.7003036159314897,0.5807852239544704,1096_FacultySalaries,4,DT,False
1.8503775328308434,5.98317664614718,2.3719799351175834,0.6962194334177612,1096_FacultySalaries,5,DT,True
1.8503775328308434,5.98317664614718,2.3719799351175834,0.6962194334177612,1096_FacultySalaries,5,DT,False
1.562735680398098,4.197123034564365,1.9453538515202986,0.7676928084110385,1096_FacultySalaries,0,RF,True
1.6056855065857305,4.352036164576795,1.9961652656647242,0.7577303151799282,1096_FacultySalaries,0,RF,False
1.4928599071765372,3.9026149934703582,1.945304025369342,0.7784596872332653,1096_FacultySalaries,1,RF,True
1.5356686982136498,4.038009039333543,1.9888056771793106,0.7681720970539162,1096_FacultySalaries,1,RF,False
1.4602705331277248,3.358749176361352,1.783133349104438,0.8077149485979656,1096_FacultySalaries,2,RF,True
1.4891099849831544,3.4489412812410136,1.8140620517967987,0.8025753024671414,1096_FacultySalaries,2,RF,False
1.7580723814209034,4.869432915936015,2.196893179408354,0.7430464377372411,1096_FacultySalaries,3,RF,True
1.7601211006708883,4.983683766430132,2.2237185366157233,0.7369031219336188,1096_FacultySalaries,3,RF,False
1.6813105513312814,4.49878713903477,2.1187415867438535,0.7306616605428471,1096_FacultySalaries,4,RF,True
1.7092589282914756,4.74862593574931,2.1772214347428798,0.7115229141956679,1096_FacultySalaries,4,RF,False
1.7094783562680982,4.831906704998648,2.166043297167951,0.7259810098605062,1096_FacultySalaries,5,RF,True
1.7222857859092588,4.817015836038595,2.1667458049739614,0.72195382170255,1096_FacultySalaries,5,RF,False
0.8063716689556347,3.542835187752552,1.8067937287452194,0.8086019676570867,1096_FacultySalaries,0,SVR,True
1.5917787479314691,9.587817801620542,2.738946394060152,0.4524759381815334,1096_FacultySalaries,0,SVR,False
0.8386689677249419,3.2699767808824958,1.7393677979558608,0.8278764968587615,1096_FacultySalaries,1,SVR,True
1.5828989811132124,9.035565521075876,2.6750936498325335,0.5981155857053116,1096_FacultySalaries,1,SVR,False
0.7536700798547923,2.8631235095903214,1.644429316147089,0.8506590524811981,1096_FacultySalaries,2,SVR,True
1.4001855468419409,7.93244720261151,2.4133979566621013,0.5602548003347725,1096_FacultySalaries,2,SVR,False
0.7764262617321406,3.0201083226799232,1.6467595554157988,0.8388396840986745,1096_FacultySalaries,3,SVR,True
1.5828544879235353,8.71610443904409,2.622505772471063,0.48383423722464636,1096_FacultySalaries,3,SVR,False
0.7676991550403984,2.8074148199857323,1.6574414991850497,0.81854036471065,1096_FacultySalaries,4,SVR,True
1.353758769390974,7.9584929008534,2.407094324836625,0.32293669944248937,1096_FacultySalaries,4,SVR,False
0.7533878943788982,3.051628300430429,1.7261683839629034,0.8202878771309521,1096_FacultySalaries,5,SVR,True
1.4036114706146987,8.025365928748146,2.4711198907262526,0.6198477520855027,1096_FacultySalaries,5,SVR,False
0.40461429852280373,0.2851131835891174,0.5331596706374971,0.8537022319120883,1027_ESL,0,LR,True
0.40461429852280373,0.2851131835891174,0.5331596706374971,0.8537022319120883,1027_ESL,0,LR,False
0.40498574914768604,0.28310932510961195,0.5313951439470121,0.8588245891228318,1027_ESL,1,LR,True
0.40498574914768604,0.283109325109612,0.5313951439470121,0.8588245891228318,1027_ESL,1,LR,False
0.4047901435027106,0.28211179983600976,0.5306033557895812,0.8568287859289743,1027_ESL,2,LR,True
0.40479014350271064,0.2821117998360098,0.5306033557895813,0.8568287859289743,1027_ESL,2,LR,False
0.40827169202464464,0.28699510838255105,0.5351508264237395,0.8563175028290594,1027_ESL,3,LR,True
0.4082716920246447,0.2869951083825511,0.5351508264237395,0.8563175028290593,1027_ESL,3,LR,False
0.40554376114916396,0.2831829444701435,0.5281416205846277,0.8577985074115885,1027_ESL,4,LR,True
0.40554376114916396,0.2831829444701436,0.5281416205846277,0.8577985074115885,1027_ESL,4,LR,False
0.40817172111167505,0.28795160479427423,0.5351678527352405,0.8565112924635399,1027_ESL,5,LR,True
0.40817172111167505,0.2879516047942743,0.5351678527352406,0.8565112924635399,1027_ESL,5,LR,False
0.39549180327868855,0.29627099777373,0.5431185127783867,0.8484750056058985,1027_ESL,0,KNN,True
0.40017564402810313,0.3008849113415858,0.5478170837217068,0.8460571225301776,1027_ESL,0,KNN,False
0.403688524590164,0.3086672738312083,0.5550833923385553,0.8457740628549589,1027_ESL,1,KNN,True
0.411802450736877,0.31184525332811475,0.5577726199349241,0.8443797833438215,1027_ESL,1,KNN,False
0.40629657228017874,0.29699566454409965,0.5437503128158007,0.8501074592265178,1027_ESL,2,KNN,True
0.4169812882927637,0.32203545640207343,0.5670399840055248,0.8370357471723591,1027_ESL,2,KNN,False
0.4065573770491804,0.30524590163934423,0.5521046956205238,0.8480158827722113,1027_ESL,3,KNN,True
0.41320996853783737,0.311731113084814,0.5567991477363059,0.845151510086708,1027_ESL,3,KNN,False
0.3918032786885247,0.29164136814410035,0.5370277450524706,0.8542216526873787,1027_ESL,4,KNN,True
0.4004222553402881,0.30293064775926176,0.5472270123961993,0.8494124713174751,1027_ESL,4,KNN,False
0.4045081967213115,0.29633656741385084,0.543297273675648,0.8526848245382725,1027_ESL,5,KNN,True
0.415179902065148,0.3014976124577998,0.5478869181577345,0.8502977704755841,1027_ESL,5,KNN,False
0.43058697336361273,0.45978288882995033,0.6739442994006241,0.7599053657934134,1027_ESL,0,DT,True
0.4394142566218202,0.48169485430056747,0.6892098098389183,0.7483523101028735,1027_ESL,0,DT,False
0.38993689747842036,0.35233150227954685,0.5916901679846701,0.8242280076192883,1027_ESL,1,DT,True
0.4315183661173427,0.3805575604004549,0.6146058789775797,0.8102018582385131,1027_ESL,1,DT,False
0.43642580666146247,0.42899235664321356,0.6526290532746374,0.781967576391172,1027_ESL,2,DT,True
0.4539375146647834,0.4338584430263358,0.6559431378132927,0.7793622947463378,1027_ESL,2,DT,False
0.43569149965003384,0.4120805939600666,0.6395239465460133,0.7945264891811938,1027_ESL,3,DT,True
0.4525825204073757,0.44391029168931384,0.6624443495270305,0.7780885571406929,1027_ESL,3,DT,False
0.4250541864783668,0.415150690697792,0.6378400200484342,0.7937379435706071,1027_ESL,4,DT,True
0.4247112441332548,0.41859906749294407,0.6402107278191285,0.7920557763010028,1027_ESL,4,DT,False
0.4325293558900116,0.4304755439280607,0.6516744912956135,0.7856898857028258,1027_ESL,5,DT,True
0.44556831829085447,0.43165763008398306,0.6537836244700236,0.7851026303508649,1027_ESL,5,DT,False
0.40120440146576675,0.3266144260504886,0.5698048269964675,0.8317203080668654,1027_ESL,0,RF,True
0.40546027375417554,0.3294068507805304,0.5722012383314167,0.8301231849636603,1027_ESL,0,RF,False
0.3933693442377559,0.31059037963908326,0.5568628087958043,0.844553956318987,1027_ESL,1,RF,True
0.4093573777987992,0.32042291932854905,0.5659389353353671,0.8395673467023455,1027_ESL,1,RF,False
0.4031219367235306,0.3211516312305521,0.564197691096456,0.8379124832287551,1027_ESL,2,RF,True
0.40802015303172096,0.31711023731195204,0.5609805973009447,0.8398486215968418,1027_ESL,2,RF,False
0.4104415275366279,0.32845252037583683,0.5718259679464892,0.8365387425201277,1027_ESL,3,RF,True
0.4121486799412583,0.3261408376668159,0.5698580679810347,0.8374082334984865,1027_ESL,3,RF,False
0.4044658231258208,0.32069516453997093,0.5627173982612539,0.8399704128259433,1027_ESL,4,RF,True
0.4089224491808198,0.3274307536419431,0.567353077538167,0.8364674446081318,1027_ESL,4,RF,False
0.40398174050998176,0.33055574198669135,0.5716277638129873,0.8358048397366659,1027_ESL,5,RF,True
0.409082303801349,0.32976588841264853,0.5706497604143006,0.8365986527523488,1027_ESL,5,RF,False
0.40032028825365984,0.2820550583131992,0.5305243596429594,0.8553029026418075,1027_ESL,0,SVR,True
0.4031296610517748,0.28263201955004136,0.5310902816882764,0.8549820881507879,1027_ESL,0,SVR,False
0.40304268858659026,0.28279738828903733,0.5311403612342022,0.8589436596613239,1027_ESL,1,SVR,True
0.40315921420757705,0.28335192285784516,0.5316683305735772,0.8586676367801552,1027_ESL,1,SVR,False
0.4008933764470235,0.28310274061572266,0.5315588348925859,0.8563092237570281,1027_ESL,2,SVR,True
0.40356229540216615,0.2834049188314392,0.5318439884294757,0.8561651815569088,1027_ESL,2,SVR,False
0.4037368678415765,0.28527018525203546,0.5335633316385432,0.8574852173013063,1027_ESL,3,SVR,True
0.405118955700634,0.2853613151255116,0.5336498719911109,0.8574366033330217,1027_ESL,3,SVR,False
0.4033126499119415,0.282238097495789,0.5279845165470011,0.8583313073823794,1027_ESL,4,SVR,True
0.421490575949993,0.3081235515061734,0.5503738814648962,0.8463130123741742,1027_ESL,4,SVR,False
0.4001744498331876,0.28571853796115265,0.5327312639688908,0.8580123780657181,1027_ESL,5,SVR,True
0.40613331845783285,0.2865609055313083,0.5335978139894454,0.8575261907338507,1027_ESL,5,SVR,False
0.5092056819909556,0.3995136235447302,0.6315995685902711,0.3910988265203978,1028_SWD,0,LR,True
0.5092056819909557,0.3995136235447302,0.6315995685902711,0.3910988265203977,1028_SWD,0,LR,False
0.5101356908600524,0.39913945432721715,0.6310090765255505,0.3906329896938052,1028_SWD,1,LR,True
0.5101356908600524,0.39913945432721715,0.6310090765255505,0.3906329896938052,1028_SWD,1,LR,False
0.5105954235542445,0.40269161340658144,0.6342379287664364,0.3815052124537521,1028_SWD,2,LR,True
0.5105954235542445,0.40269161340658144,0.6342379287664364,0.3815052124537521,1028_SWD,2,LR,False
0.5101153242416953,0.4039211886959534,0.6351084415630106,0.38333160221423324,1028_SWD,3,LR,True
0.5101153242416953,0.4039211886959534,0.6351084415630106,0.38333160221423335,1028_SWD,3,LR,False
0.5100370257887692,0.3994590227987674,0.6318920691323633,0.38578032061854384,1028_SWD,4,LR,True
0.5100370257887693,0.39945902279876744,0.6318920691323634,0.3857803206185437,1028_SWD,4,LR,False
0.5102357328341153,0.39924407851256855,0.6312249580356791,0.391801332817354,1028_SWD,5,LR,True
0.5102357328341154,0.39924407851256855,0.6312249580356791,0.391801332817354,1028_SWD,5,LR,False
0.5088,0.41187755102040813,0.641703150330126,0.3710009088059286,1028_SWD,0,KNN,True
0.5161298701298702,0.4223693708888514,0.6496644990699177,0.3543845788245158,1028_SWD,0,KNN,False
0.5105714285714286,0.4129795918367347,0.6419566739082815,0.36886624896282016,1028_SWD,1,KNN,True
0.51284329004329,0.42143644134605174,0.6476987629275905,0.3567837326437633,1028_SWD,1,KNN,False
0.5048571428571429,0.41669387755102044,0.645434008102269,0.3610214048726088,1028_SWD,2,KNN,True
0.5133261183261184,0.418757325887196,0.6468801982214671,0.3579277682213913,1028_SWD,2,KNN,False
0.5096,0.4137283950617284,0.6425937683459211,0.3675154478622535,1028_SWD,3,KNN,True
0.5123636363636364,0.41426446280991736,0.6428586461093727,0.3671548982126772,1028_SWD,3,KNN,False
0.5117777777777778,0.41708641975308647,0.6449594241683042,0.35364162731080295,1028_SWD,4,KNN,True
0.5193376623376624,0.4192057682577163,0.6469503166468116,0.35120263430226895,1028_SWD,4,KNN,False
0.5111111111111111,0.4191604938271605,0.6471486982889226,0.361050007394299,1028_SWD,5,KNN,True
0.5223636363636364,0.432396694214876,0.6573445878991608,0.34042547610739576,1028_SWD,5,KNN,False
0.5061302619357704,0.40340215613495045,0.6350877085705389,0.38270268990417367,1028_SWD,0,DT,True
0.5089628477288685,0.40340215613495045,0.6350877085705389,0.38270268990417367,1028_SWD,0,DT,False
0.5096534475855865,0.41112417413397195,0.6405955141202871,0.3724519445571749,1028_SWD,1,DT,True
0.5147253741073454,0.41112417413397195,0.6405955141202871,0.3724519445571749,1028_SWD,1,DT,False
0.5064484215129124,0.41374449167488525,0.6428496732601697,0.3637500847338417,1028_SWD,2,DT,True
0.5085599575653876,0.41374449167488525,0.6428496732601697,0.3637500847338417,1028_SWD,2,DT,False
0.5012159590409591,0.40584494934868903,0.6366797104078199,0.3810297299073554,1028_SWD,3,DT,True
0.5084830881935629,0.40584494934868903,0.6366797104078199,0.3810297299073554,1028_SWD,3,DT,False
0.507138612879075,0.4065520795832478,0.6374291508873928,0.37209846687905007,1028_SWD,4,DT,True
0.507138612879075,0.4065520795832478,0.6374291508873928,0.37209846687905007,1028_SWD,4,DT,False
0.5057002564492535,0.4001507073288343,0.6321346681193682,0.39001422534275587,1028_SWD,5,DT,True
0.5121739844186116,0.4001507073288343,0.6321346681193682,0.39001422534275587,1028_SWD,5,DT,False
0.5026974753249503,0.3875221281724876,0.6224991622387949,0.40723430247590386,1028_SWD,0,RF,True
0.5031785674398012,0.38868955461013743,0.623430167104502,0.40558823458825,1028_SWD,0,RF,False
0.503742762984108,0.38761433177039484,0.6220370799227942,0.40792026228090045,1028_SWD,1,RF,True
0.504499520502079,0.3880354650812851,0.6224199357469224,0.4072558046530002,1028_SWD,1,RF,False
0.5077269946729339,0.3953223959509679,0.6282969808973705,0.3928436692294386,1028_SWD,2,RF,True
0.50815035876404,0.3954386000535424,0.6283636514531007,0.39267099440826503,1028_SWD,2,RF,False
0.4984848222647047,0.3840507162609068,0.6191557239621224,0.4136437681076882,1028_SWD,3,RF,True
0.4982145049941856,0.3835296990450056,0.618708637986911,0.41450412309708895,1028_SWD,3,RF,False
0.5014467404156022,0.38512510980230114,0.6204510675116283,0.4053237213118267,1028_SWD,4,RF,True
0.5020136886434623,0.3852662576110389,0.6205661953888431,0.4049161161005266,1028_SWD,4,RF,False
0.507258516015912,0.3946696370441503,0.6278305490938678,0.3981840250031046,1028_SWD,5,RF,True
0.5080612335391729,0.3948022514355926,0.6279452013373985,0.39798259951192366,1028_SWD,5,RF,False
0.48360798735441657,0.40176632069088325,0.6334487659778384,0.3875437808579269,1028_SWD,0,SVR,True
0.4994004194667002,0.40648950584632415,0.6372989338703698,0.37972967914225997,1028_SWD,0,SVR,False
0.46705135389143276,0.3972724766830255,0.6294767718536358,0.39397963306837425,1028_SWD,1,SVR,True
0.4964898230814653,0.4032504535294129,0.6339279133162709,0.3848969912728858,1028_SWD,1,SVR,False
0.4678109141114512,0.4012795062029525,0.6333551921038989,0.38498455237836493,1028_SWD,2,SVR,True
0.505638841054757,0.41066215402152983,0.6406903617836598,0.36913428702098305,1028_SWD,2,SVR,False
0.4689243877059522,0.4018786205750822,0.6333197862503617,0.3856577428757668,1028_SWD,3,SVR,True
0.49530002259699557,0.40394450269977067,0.6349767310340059,0.38268164597782683,1028_SWD,3,SVR,False
0.4651849465164884,0.4013138544797211,0.6333922491158968,0.3812644746397753,1028_SWD,4,SVR,True
0.4994653907155161,0.4071836374430026,0.6380547395504214,0.37236970003802494,1028_SWD,4,SVR,False
0.46462220754241906,0.39852663983658365,0.6304932760650327,0.3929567805739763,1028_SWD,5,SVR,True
0.4931525812194848,0.39966755068982124,0.6312839701150874,0.3913856816165928,1028_SWD,5,SVR,False
0.4885751217726937,0.39860963713191166,0.631077957012868,0.558690983161567,1029_LEV,0,LR,True
0.48857512177269374,0.39860963713191166,0.631077957012868,0.558690983161567,1029_LEV,0,LR,False
0.4877216571074393,0.400568695437105,0.6325261461598067,0.5595653625759951,1029_LEV,1,LR,True
0.4877216571074393,0.400568695437105,0.6325261461598067,0.5595653625759951,1029_LEV,1,LR,False
0.4908465315439411,0.4028061518879907,0.6332016330185182,0.5569630240403483,1029_LEV,2,LR,True
0.4908465315439411,0.40280615188799074,0.6332016330185182,0.5569630240403483,1029_LEV,2,LR,False
0.4877705404319703,0.3974127417877961,0.629904771255068,0.5631614405027561,1029_LEV,3,LR,True
0.48777054043197043,0.3974127417877961,0.629904771255068,0.5631614405027561,1029_LEV,3,LR,False
0.485566467369253,0.39545912543794426,0.628163893210113,0.5654804513464823,1029_LEV,4,LR,True
0.485566467369253,0.39545912543794426,0.628163893210113,0.5654804513464823,1029_LEV,4,LR,False
0.48820869375529624,0.3982866372772277,0.6303483827538117,0.5589654626951455,1029_LEV,5,LR,True
0.48820869375529624,0.3982866372772277,0.6303483827538117,0.5589654626951455,1029_LEV,5,LR,False
0.48536363636363633,0.42615702479338846,0.651982568187765,0.5273427382148845,1029_LEV,0,KNN,True
0.48789898989898994,0.4310135700438731,0.6556723869316985,0.5218894751014785,1029_LEV,0,KNN,False
0.487,0.43199173553719006,0.6568332095630265,0.5253846918283824,1029_LEV,1,KNN,True
0.489,0.43678512396694213,0.6606502222010319,0.5198227807772258,1029_LEV,1,KNN,False
0.494,0.43614876033057853,0.6585321494333691,0.5216776237224128,1029_LEV,2,KNN,True
0.49518181818181817,0.440404958677686,0.6620967070811952,0.5163604597436362,1029_LEV,2,KNN,False
0.4884545454545454,0.42098347107438017,0.6485357108861223,0.5367777526479895,1029_LEV,3,KNN,True
0.4884545454545454,0.42098347107438017,0.6485357108861223,0.5367777526479895,1029_LEV,3,KNN,False
0.48236363636363633,0.41942148760330583,0.647103749830752,0.5385994967749923,1029_LEV,4,KNN,True
0.48169696969696973,0.4187725742271197,0.6466015724853722,0.5392732472901698,1029_LEV,4,KNN,False
0.4950909090909091,0.44044628099173555,0.6630933407046214,0.5132056089712884,1029_LEV,5,KNN,True
0.49333333333333335,0.43883766962554843,0.6619130211460431,0.5149005683479606,1029_LEV,5,KNN,False
0.4939250388869816,0.43987821414774536,0.662541960301641,0.5123072208527497,1029_LEV,0,DT,True
0.5011793700819854,0.44520229823458496,0.6666475183882652,0.5065873075565561,1029_LEV,0,DT,False
0.4983784265674126,0.4463482181209548,0.6672273829421456,0.5099454923143814,1029_LEV,1,DT,True
0.5105452736351126,0.459106171199276,0.6771941111798485,0.49570646285717124,1029_LEV,1,DT,False
0.5006364269141591,0.4492563205918798,0.6681888333595677,0.5082801739276888,1029_LEV,2,DT,True
0.5009387818297749,0.4559194784340003,0.6737816349822532,0.4980796379142739,1029_LEV,2,DT,False
0.4911867786747376,0.4326788608395071,0.6576196610957038,0.522806515909819,1029_LEV,3,DT,True
0.5181908300270001,0.46925942914655805,0.6846906649811566,0.4836405672139663,1029_LEV,3,DT,False
0.48878769522643195,0.4310885533152193,0.6560058177560087,0.5257319130299153,1029_LEV,4,DT,True
0.5017081755777952,0.4374578036553602,0.6610803261000829,0.5187259538086667,1029_LEV,4,DT,False
0.4917809928911369,0.4434807486536715,0.6651252020746301,0.5109836119700385,1029_LEV,5,DT,True
0.5058513775859845,0.4517899300504353,0.6713346824747876,0.5011144353777621,1029_LEV,5,DT,False
0.4928429226611831,0.41811082534557,0.6459875600913548,0.53667409157044,1029_LEV,0,RF,True
0.49308767607670867,0.418724885220473,0.6464397080397933,0.5359615260979397,1029_LEV,0,RF,False
0.4957878744696541,0.4273003169220113,0.653321598644078,0.5302035702998835,1029_LEV,1,RF,True
0.49563639813416704,0.4273456560072244,0.6533578637704258,0.5301509620118652,1029_LEV,1,RF,False
0.4984770096855098,0.43021407121955785,0.6539245749145733,0.5283704909642779,1029_LEV,2,RF,True
0.49847577838507867,0.42996143910807827,0.6537030235474646,0.5287012899542991,1029_LEV,2,RF,False
0.49295209349221264,0.422220667124936,0.6495803758956352,0.5351790317689699,1029_LEV,3,RF,True
0.5009531783440756,0.42272412318207675,0.649960145096386,0.5346444405634204,1029_LEV,3,RF,False
0.48990822453945193,0.41241504596244233,0.6413581674864114,0.546867283561632,1029_LEV,4,RF,True
0.4920590224106905,0.41254674414047116,0.6414608796057556,0.5467305446399959,1029_LEV,4,RF,False
0.49290678408359173,0.4238946371938645,0.6506005284474289,0.531912674536028,1029_LEV,5,RF,True
0.4979543602934778,0.42469278487548806,0.6512287259909304,0.5309676634932619,1029_LEV,5,RF,False
0.44232762621096666,0.40259006891378557,0.6341853885816803,0.5542279748031669,1029_LEV,0,SVR,True
0.48433572299969246,0.40259006891378557,0.6341853885816803,0.5542279748031669,1029_LEV,0,SVR,False
0.4503805721337493,0.4019795182705555,0.6334965844838685,0.5579901994765786,1029_LEV,1,SVR,True
0.48947013867970673,0.40725842756504593,0.6377254142091704,0.5523697470367928,1029_LEV,1,SVR,False
0.4437302304287144,0.40481907717041093,0.6348018309499431,0.5547117104894395,1029_LEV,2,SVR,True
0.48599277734948876,0.4063704532181388,0.6360530956334598,0.5527795745095068,1029_LEV,2,SVR,False
0.4438548846056484,0.4031966177793435,0.6344907227157301,0.5569041000455078,1029_LEV,3,SVR,True
0.48849298507488914,0.40461507367086613,0.635508481385957,0.5554069490684269,1029_LEV,3,SVR,False
0.4452360351478092,0.3989982566978436,0.6309288754955277,0.5617193084324046,1029_LEV,4,SVR,True
0.48236228778359785,0.4009578105884618,0.6325088423785085,0.5593833971121428,1029_LEV,4,SVR,False
0.4470971275514289,0.40207709078494613,0.633055521420248,0.5546652211687165,1029_LEV,5,SVR,True
0.48328113569720954,0.3994563996583814,0.6311318285468932,0.5577911017825771,1029_LEV,5,SVR,False
1.25436903393156,2.464847283867957,1.5689550744632987,0.368322521654862,1030_ERA,0,LR,True
1.25436903393156,2.464847283867957,1.568955074463299,0.36832252165486196,1030_ERA,0,LR,False
1.2580460939363272,2.4765310397885907,1.5718861069204881,0.3696135138912492,1030_ERA,1,LR,True
1.2580460939363272,2.4765310397885907,1.5718861069204881,0.3696135138912492,1030_ERA,1,LR,False
1.2598725233384918,2.482394134095411,1.5754044648112522,0.36681211241175066,1030_ERA,2,LR,True
1.259872523338492,2.482394134095411,1.5754044648112522,0.36681211241175066,1030_ERA,2,LR,False
1.2593211728476439,2.4830342426050445,1.5752966316746464,0.3641208091114174,1030_ERA,3,LR,True
1.2593211728476439,2.4830342426050445,1.5752966316746464,0.3641208091114174,1030_ERA,3,LR,False
1.2511966926943128,2.4566290495664704,1.5656659290110029,0.3743566789416697,1030_ERA,4,LR,True
1.2511966926943128,2.4566290495664704,1.5656659290110029,0.3743566789416697,1030_ERA,4,LR,False
1.2545374653747798,2.4651582768315135,1.5692921040701895,0.3695689785780626,1030_ERA,5,LR,True
1.2545374653747798,2.4651582768315135,1.5692921040701895,0.3695689785780626,1030_ERA,5,LR,False
1.2724545454545455,2.543710743801653,1.5938755091686643,0.3472048561088752,1030_ERA,0,KNN,True
1.2726363636363636,2.5442727272727277,1.5940525951677147,0.3470641373425808,1030_ERA,0,KNN,False
1.2825454545454544,2.606280991735537,1.612843853464283,0.33635557413217665,1030_ERA,1,KNN,True
1.2825454545454544,2.6063801652892566,1.612875544306709,0.33633034847691834,1030_ERA,1,KNN,False
1.2850000000000001,2.614123966942149,1.6166322603170296,0.3334981380784058,1030_ERA,2,KNN,True
1.2913232323232324,2.63362218141006,1.622609499022758,0.32862124872371656,1030_ERA,2,KNN,False
1.2764444444444445,2.636280991735537,1.621947981257601,0.3239852171774807,1030_ERA,3,KNN,True
1.2804545454545453,2.636322314049586,1.6219607939894511,0.32397563055891543,1030_ERA,3,KNN,False
1.2855454545454545,2.6002561983471075,1.610517621398139,0.33777448835026735,1030_ERA,4,KNN,True
1.2855454545454545,2.6002561983471075,1.610517621398139,0.33777448835026735,1030_ERA,4,KNN,False
1.2795454545454545,2.60997520661157,1.6149246852286296,0.3308817921143862,1030_ERA,5,KNN,True
1.279818181818182,2.611206611570248,1.6152966301528442,0.3305703593984839,1030_ERA,5,KNN,False
1.257546866438272,2.503585723120274,1.581560372667587,0.35753659707354496,1030_ERA,0,DT,True
1.2763146467068553,2.553419617822705,1.597607997239452,0.3451080407821041,1030_ERA,0,DT,False
1.277099186819124,2.580815856017766,1.604617103405697,0.3430047453970818,1030_ERA,1,DT,True
1.292801231893822,2.6123281386367667,1.6144736235355883,0.3352534603248044,1030_ERA,1,DT,False
1.2599631818285997,2.504017316988325,1.5823034924822093,0.3615597163343717,1030_ERA,2,DT,True
1.2905431430508243,2.599960440458708,1.6119221417463663,0.3374377999623639,1030_ERA,2,DT,False
1.2704362846380972,2.559296545104541,1.598320023209758,0.34493337500952226,1030_ERA,3,DT,True
1.279735664088766,2.574455802942563,1.6030817796793546,0.3408232803837514,1030_ERA,3,DT,False
1.2559456368894248,2.499993507854947,1.5793048925028268,0.3633397335078749,1030_ERA,4,DT,True
1.2720124726932995,2.538831449804472,1.5916205680385116,0.3535120587757261,1030_ERA,4,DT,False
1.2620430531770246,2.5263402967117754,1.5889604102880617,0.35228101261194683,1030_ERA,5,DT,True
1.26378819928548,2.5369011043500898,1.5921771640444728,0.34966468210194157,1030_ERA,5,DT,False
1.254960332377816,2.4669042308057065,1.5702583821147635,0.3672515733723525,1030_ERA,0,RF,True
1.265274193534613,2.489315211994991,1.5772739445763249,0.3615740701545838,1030_ERA,0,RF,False
1.2712353800920142,2.507838042657204,1.5826102072042658,0.360949655737005,1030_ERA,1,RF,True
1.2773285751067611,2.5452273962086998,1.5939490810954002,0.3513158432551834,1030_ERA,1,RF,False
1.2590836474316478,2.4889221895623934,1.5773626055201895,0.36563363090741496,1030_ERA,2,RF,True
1.268766100496447,2.4929587416737364,1.5786564055932533,0.36458663090988014,1030_ERA,2,RF,False
1.2679669959278714,2.5399596585511572,1.5922654316636935,0.34977954342454787,1030_ERA,3,RF,True
1.2812469093674161,2.556930376016087,1.5978829445242853,0.34497997132742364,1030_ERA,3,RF,False
1.2545420754693395,2.4809412300005507,1.5730585785643152,0.36844476128060255,1030_ERA,4,RF,True
1.2670155445624667,2.483188769005634,1.5737426502403822,0.36788921991735324,1030_ERA,4,RF,False
1.2563665167389109,2.4819564472051923,1.5747790304865044,0.36371735693872526,1030_ERA,5,RF,True
1.2576795377851613,2.5006983840431034,1.5805757391073187,0.3590800665718942,1030_ERA,5,RF,False
1.2425242037486244,2.483126105846543,1.5747239054665751,0.3637242345166297,1030_ERA,0,SVR,True
1.2534188081757656,2.483126105846543,1.5747239054665751,0.3637242345166297,1030_ERA,0,SVR,False
1.2463523907670286,2.490589709702602,1.5763496873843867,0.36620927590064056,1030_ERA,1,SVR,True
1.25656640992201,2.490589709702602,1.5763496873843867,0.36620927590064056,1030_ERA,1,SVR,False
1.2554324480844992,2.5011183173835976,1.5813638328070936,0.36207051569281806,1030_ERA,2,SVR,True
1.2601695187967512,2.5011183173835976,1.5813638328070936,0.36207051569281806,1030_ERA,2,SVR,False
1.2461830761675434,2.4874449213077865,1.576712972584653,0.36273423860681553,1030_ERA,3,SVR,True
1.2559261792982106,2.4874449213077865,1.576712972584653,0.36273423860681553,1030_ERA,3,SVR,False
1.2424555002424549,2.469313736773445,1.5697692431151429,0.3710422021428148,1030_ERA,4,SVR,True
1.2503109806491275,2.469313736773445,1.5697692431151429,0.3710422021428148,1030_ERA,4,SVR,False
1.2502385611273141,2.482453072994638,1.5750458590765917,0.36454086164368543,1030_ERA,5,SVR,True
1.2619748055551212,2.501270092814466,1.5812377005361595,0.3589808286505582,1030_ERA,5,SVR,False
1.1315988931486314,2.043133895114314,1.4292777489699682,0.7932031990359905,529_pollen,0,LR,True
1.1315988931486314,2.043133895114314,1.4292777489699682,0.7932031990359905,529_pollen,0,LR,False
1.1301983029296663,2.040060321150135,1.4280231974113697,0.7935519201775678,529_pollen,1,LR,True
1.1301983029296663,2.040060321150135,1.4280231974113697,0.7935519201775678,529_pollen,1,LR,False
1.1301744964318465,2.03981524820133,1.4279668651818225,0.7927878744704762,529_pollen,2,LR,True
1.130136821159442,2.0396066578045193,1.4278930434545258,0.792808586501256,529_pollen,2,LR,False
1.131464333166848,2.042940701415189,1.4291276246364313,0.792426150442849,529_pollen,3,LR,True
1.131464333166848,2.042940701415189,1.4291276246364313,0.792426150442849,529_pollen,3,LR,False
1.130327512013255,2.041028555056334,1.428427980808467,0.7931652943649445,529_pollen,4,LR,True
1.1303651735888036,2.0411821937740693,1.4284830381421254,0.7931491237034944,529_pollen,4,LR,False
1.130832261417458,2.040053487450315,1.4278733519272517,0.7931344292129888,529_pollen,5,LR,True
1.130839328197307,2.040021569252125,1.4278615923531521,0.7931375167275138,529_pollen,5,LR,False
1.3384573211575093,2.9960395345271484,1.7304095151203045,0.6969363146177884,529_pollen,0,KNN,True
1.3484685902436935,3.0079790495201952,1.7339550236202181,0.6956724621676807,529_pollen,0,KNN,False
1.3457918349028435,2.9959335153037054,1.7303440694589205,0.6970153004969057,529_pollen,1,KNN,True
1.3459697378428592,3.005098868196102,1.7331160485886286,0.6960251292882778,529_pollen,1,KNN,False
1.3495838412369174,3.0242583042028754,1.7388514206294146,0.6933049274577623,529_pollen,2,KNN,True
1.3540752783098713,3.035225666214022,1.7419703594155878,0.6922140140421112,529_pollen,2,KNN,False
1.3547511111407775,3.074434699928734,1.7531265104776201,0.6879123841600759,529_pollen,3,KNN,True
1.3556097293055145,3.0793054816932517,1.7545422425998627,0.6873968895484072,529_pollen,3,KNN,False
1.3414922861471565,2.989101382151869,1.7276997881547784,0.6979040380618379,529_pollen,4,KNN,True
1.340098812843404,2.9922295538952195,1.7284369271607745,0.6976792187053156,529_pollen,4,KNN,False
1.3485184659070817,3.030906888439149,1.7408562667299903,0.6927678400522237,529_pollen,5,KNN,True
1.3533114293375805,3.047193175081431,1.7455761094583169,0.6911553312743666,529_pollen,5,KNN,False
1.4662318273082953,3.4765371499455258,1.86399261431509,0.6482658293121375,529_pollen,0,DT,True
1.4662318273082953,3.4765371499455258,1.86399261431509,0.6482658293121375,529_pollen,0,DT,False
1.4341207814996864,3.375705126909052,1.8370700501894761,0.6582871269362425,529_pollen,1,DT,True
1.4341207814996864,3.375705126909052,1.8370700501894761,0.6582871269362425,529_pollen,1,DT,False
1.478770657267083,3.5640642219078433,1.8877373980445378,0.6381648476295553,529_pollen,2,DT,True
1.478770657267083,3.5640642219078433,1.8877373980445378,0.6381648476295553,529_pollen,2,DT,False
1.501428351418228,3.6560968783709513,1.91173922336207,0.6289386068765193,529_pollen,3,DT,True
1.501428351418228,3.6560968783709513,1.91173922336207,0.6289386068765193,529_pollen,3,DT,False
1.4825440502266634,3.5542221831287795,1.8852102372737467,0.6392501605837474,529_pollen,4,DT,True
1.4825440502266634,3.5542221831287795,1.8852102372737467,0.6392501605837474,529_pollen,4,DT,False
1.4429563686749525,3.404895657502517,1.8450860459092995,0.6548034141314002,529_pollen,5,DT,True
1.4429563686749525,3.404895657502517,1.8450860459092995,0.6548034141314002,529_pollen,5,DT,False
1.2194214052924899,2.4074186497252454,1.5515234060250416,0.7563216087686375,529_pollen,0,RF,True
1.2194214052924899,2.4074186497252454,1.5515234060250416,0.7563216087686375,529_pollen,0,RF,False
1.2021531093325495,2.3428257391110683,1.5305458072315465,0.7627977085538155,529_pollen,1,RF,True
1.2029067483335543,2.345620131028153,1.5314778295383105,0.7624980071187742,529_pollen,1,RF,False
1.20622356798944,2.3689556234685663,1.538755075475377,0.7596131680807313,529_pollen,2,RF,True
1.20622356798944,2.3689556234685663,1.538755075475377,0.7596131680807313,529_pollen,2,RF,False
1.2158916517601173,2.3954436192773096,1.547688765393393,0.756562042919189,529_pollen,3,RF,True
1.2165738106157709,2.3981569101455715,1.5485720701696588,0.7562747694317158,529_pollen,3,RF,False
1.216237445272067,2.3784788324441717,1.541666886461136,0.7593490821747788,529_pollen,4,RF,True
1.2175585194491247,2.3792384223403618,1.5419120349162931,0.759271938729758,529_pollen,4,RF,False
1.2060354890428502,2.3619245207894823,1.5365344331997428,0.76062905322455,529_pollen,5,RF,True
1.2058079775302581,2.3642266332440376,1.537278288725631,0.7603968415653672,529_pollen,5,RF,False
1.132289511600342,2.0471828473270035,1.4306785230670667,0.792811930603377,529_pollen,0,SVR,True
1.1323808043994925,2.0473857826247546,1.4307492660878987,0.7927913716037205,529_pollen,0,SVR,False
1.1304491494243147,2.042385721231797,1.4288265323084643,0.7933255130410896,529_pollen,1,SVR,True
1.1304516980655526,2.042347816367948,1.4288115780097772,0.7933303736760853,529_pollen,1,SVR,False
1.130045794807383,2.0410506164949953,1.4283962575950546,0.7926699411222705,529_pollen,2,SVR,True
1.130039157213573,2.0410516038228304,1.4283965644422045,0.7926697875932238,529_pollen,2,SVR,False
1.132025381747836,2.0456648776624884,1.4300907545596302,0.7921397084390667,529_pollen,3,SVR,True
1.1322464449816274,2.045902853641871,1.4301727297195712,0.7921147595142766,529_pollen,3,SVR,False
1.130287302177303,2.0429955841314538,1.4291156221172998,0.7929963964085214,529_pollen,4,SVR,True
1.1302950077290974,2.04307740182233,1.4291448965666875,0.7929877833074019,529_pollen,4,SVR,False
1.1308303805573445,2.043113415662645,1.428920414522857,0.7928213730623088,529_pollen,5,SVR,True
1.1308656127030026,2.0432409371278073,1.4289638969181573,0.7928082533024601,529_pollen,5,SVR,False
1.0190345718278655,1.4727030129645442,1.213488742938944,0.6995074864564771,294_satellite_image,0,LR,True
1.0190345718278655,1.4727030129645442,1.213488742938944,0.6995074864564771,294_satellite_image,0,LR,False
1.0180621856499494,1.4695829675023249,1.2122217111006652,0.6998288442561519,294_satellite_image,1,LR,True
1.0180621856499494,1.4695829675023249,1.2122217111006652,0.6998288442561519,294_satellite_image,1,LR,False
1.018040292539915,1.4731813399826468,1.2135972325034206,0.698969207732662,294_satellite_image,2,LR,True
1.018040292539915,1.4731813399826468,1.2135972325034206,0.698969207732662,294_satellite_image,2,LR,False
1.017334283790284,1.4684290217052867,1.2117118250844618,0.7002471869045059,294_satellite_image,3,LR,True
1.017334283790284,1.4684290217052867,1.2117118250844618,0.7002471869045059,294_satellite_image,3,LR,False
1.0190233207377628,1.475807349715827,1.2145528001838144,0.6989357826033952,294_satellite_image,4,LR,True
1.0190233207377628,1.475807349715827,1.2145528001838144,0.6989357826033952,294_satellite_image,4,LR,False
1.019964069071199,1.474778317850648,1.214206864865825,0.6989885095991,294_satellite_image,5,LR,True
1.019964069071199,1.474778317850648,1.214206864865825,0.6989885095991,294_satellite_image,5,LR,False
0.249211750188358,0.4554130438031512,0.6746790082239185,0.9070982644209769,294_satellite_image,0,KNN,True
0.2654245089035865,0.4601464708774338,0.6783084719064805,0.9061038351445918,294_satellite_image,0,KNN,False
0.2519567585729937,0.46626957746314346,0.6825320158210042,0.9046451802263253,294_satellite_image,1,KNN,True
0.27027295545269303,0.47557435141466897,0.6893655232472631,0.9027867147762576,294_satellite_image,1,KNN,False
0.25034888742531386,0.4647323727677475,0.6808609438176239,0.9052288417614064,294_satellite_image,2,KNN,True
0.2741354793775065,0.4764393025328829,0.688928109863302,0.9028849292547232,294_satellite_image,2,KNN,False
0.24806575548814866,0.4547074314395841,0.6728112708995582,0.9072295077483865,294_satellite_image,3,KNN,True
0.2776510327700925,0.4697022163317429,0.6845067871588397,0.9041504880090176,294_satellite_image,3,KNN,False
0.2540808104701271,0.464544222640681,0.6813139162540318,0.9052471318929822,294_satellite_image,4,KNN,True
0.26979863346412747,0.4718518436922493,0.6864987352265071,0.9037807967268904,294_satellite_image,4,KNN,False
0.2555293439061168,0.46607416614874664,0.6824860380320706,0.9048717813702801,294_satellite_image,5,KNN,True
0.27224037519054817,0.4712450797596851,0.6861946579504156,0.903825634342253,294_satellite_image,5,KNN,False
0.35121036752223966,0.8309887871002409,0.9108106959035573,0.8303381837991157,294_satellite_image,0,DT,True
0.3821203974112608,0.8309887871002409,0.9108106959035573,0.8303381837991157,294_satellite_image,0,DT,False
0.3721862254915602,0.8757359048243898,0.9344267498395337,0.8212531915547714,294_satellite_image,1,DT,True
0.39393372661579884,0.8757359048243898,0.9344267498395337,0.8212531915547714,294_satellite_image,1,DT,False
0.38732654064047434,0.9282547753575776,0.961833354290806,0.8103714072862778,294_satellite_image,2,DT,True
0.40807746041859644,0.9282547753575776,0.961833354290806,0.8103714072862778,294_satellite_image,2,DT,False
0.3713999726352699,0.8472622138757563,0.9191121103432274,0.8271236872615503,294_satellite_image,3,DT,True
0.38031423387558283,0.8472622138757563,0.9191121103432274,0.8271236872615503,294_satellite_image,3,DT,False
0.3865249730710869,0.9281134590781625,0.9632829492187258,0.8106078917295624,294_satellite_image,4,DT,True
0.4506873201435882,0.9503367318184147,0.9746034486196749,0.8061318163578365,294_satellite_image,4,DT,False
0.3636381292728403,0.9155133082061251,0.9534778522548485,0.8135004264257777,294_satellite_image,5,DT,True
0.4292044715259122,0.9140598909787809,0.9528044893777191,0.8137904837265026,294_satellite_image,5,DT,False
0.3613284668175592,0.4836391035619757,0.6954232574185484,0.9012974792598187,294_satellite_image,0,RF,True
0.36137104274309,0.4836391035619757,0.6954232574185484,0.9012974792598187,294_satellite_image,0,RF,False
0.3601173997167673,0.48423594657654856,0.6953657845427521,0.9009950596638909,294_satellite_image,1,RF,True
0.3603606723606949,0.4843528923503211,0.6954492491635109,0.9009718761684615,294_satellite_image,1,RF,False
0.3643203646543541,0.4904590153926607,0.6997701922525182,0.8999465096892484,294_satellite_image,2,RF,True
0.3643203646543541,0.4904590153926607,0.6997701922525182,0.8999465096892484,294_satellite_image,2,RF,False
0.35894405767928533,0.4861854670490771,0.6963955549777696,0.9007930923387188,294_satellite_image,3,RF,True
0.3594389302709572,0.4885951195030905,0.6982145906637046,0.9002997489769008,294_satellite_image,3,RF,False
0.3612649317505079,0.49059830128142695,0.7004027732509217,0.8998737824690861,294_satellite_image,4,RF,True
0.36132133324211757,0.490767380367816,0.7005231040258822,0.8998398374765866,294_satellite_image,4,RF,False
0.3601756777988553,0.4796573707209756,0.6916254485385499,0.9022138255103732,294_satellite_image,5,RF,True
0.3607369661945091,0.4796573707209756,0.6916254485385499,0.9022138255103732,294_satellite_image,5,RF,False
0.4304682077836964,0.5441257370215296,0.737558569622271,0.8889599006543882,294_satellite_image,0,SVR,True
0.4304682077836964,0.5441257370215296,0.737558569622271,0.8889599006543882,294_satellite_image,0,SVR,False
0.4324538328062655,0.5450969670327961,0.7377413115758074,0.8884923961397776,294_satellite_image,1,SVR,True
0.4324538328062655,0.5450969670327961,0.7377413115758074,0.8884923961397776,294_satellite_image,1,SVR,False
0.4354050518358703,0.5524304190828386,0.7428047974541646,0.8872484090053644,294_satellite_image,2,SVR,True
0.4354050518358703,0.5524304190828386,0.7428047974541646,0.8872484090053644,294_satellite_image,2,SVR,False
0.43687930972882577,0.5554050675663259,0.7446389802155117,0.886648570239792,294_satellite_image,3,SVR,True
0.43687930972882577,0.5554050675663259,0.7446389802155117,0.886648570239792,294_satellite_image,3,SVR,False
0.4342315911394615,0.5489844876747823,0.7406049514057766,0.888016971776161,294_satellite_image,4,SVR,True
0.4342315911394615,0.5489844876747823,0.7406049514057766,0.888016971776161,294_satellite_image,4,SVR,False
0.43459888320203754,0.5545714371778253,0.7438614542945329,0.8869308102205526,294_satellite_image,5,SVR,True
0.43459888320203754,0.5545714371778253,0.7438614542945329,0.8869308102205526,294_satellite_image,5,SVR,False
2.5232215094319463,10.836645295428402,3.2912330376009775,0.7581288868147336,503_wind,0,LR,True
2.5232215094319463,10.836645295428402,3.2912330376009775,0.7581288868147336,503_wind,0,LR,False
2.519493837898459,10.811329900985227,3.2878621193388513,0.7586018519349857,503_wind,1,LR,True
2.519493837898459,10.811329900985227,3.2878621193388513,0.7586018519349857,503_wind,1,LR,False
2.5217198024806713,10.827397863327793,3.2900736756933395,0.758169057841562,503_wind,2,LR,True
2.5217198024806713,10.827397863327793,3.2900736756933395,0.758169057841562,503_wind,2,LR,False
2.520958931439068,10.815338832789806,3.288468074632981,0.7585362614495275,503_wind,3,LR,True
2.520958931439068,10.815338832789806,3.288468074632981,0.7585362614495275,503_wind,3,LR,False
2.5223748515680633,10.83491728799988,3.2909470262111498,0.7584134955817742,503_wind,4,LR,True
2.5223748515680633,10.83491728799988,3.2909470262111498,0.7584134955817742,503_wind,4,LR,False
2.521174303767515,10.831882271941073,3.2901362261427947,0.7583114645237108,503_wind,5,LR,True
2.521174303767515,10.831882271941073,3.2901362261427947,0.7583114645237108,503_wind,5,LR,False
2.5567938207120036,11.192633948855743,3.3445454428466075,0.7501628504166458,503_wind,0,KNN,True
2.5567122226616528,11.19373434466648,3.3449133070553447,0.7501624501124858,503_wind,0,KNN,False
2.5673027516706375,11.261830329682898,3.3555808092986306,0.7485538909564222,503_wind,1,KNN,True
2.568582839043766,11.261830329682898,3.3555808092986306,0.7485538909564222,503_wind,1,KNN,False
2.5675508223527674,11.273857512546831,3.357412319051205,0.7481117848241682,503_wind,2,KNN,True
2.5684206225376967,11.285447706273258,3.359114853913763,0.7478690687911422,503_wind,2,KNN,False
2.5677112161935205,11.25721926953429,3.3548995274276443,0.7488124071518012,503_wind,3,KNN,True
2.5677112161935205,11.25721926953429,3.3548995274276443,0.7488124071518012,503_wind,3,KNN,False
2.573260270823228,11.275359607617364,3.357676829130997,0.7485140125393859,503_wind,4,KNN,True
2.577885825046879,11.344706094059482,3.368010026082894,0.746959536113851,503_wind,4,KNN,False
2.5667356566839645,11.332371369921102,3.3645548804832828,0.7472986872856604,503_wind,5,KNN,True
2.5667474209382273,11.347276605537864,3.3668357854865008,0.7469470787851162,503_wind,5,KNN,False
2.8502787650420394,13.80769186042377,3.7154110079608196,0.6918637958905951,503_wind,0,DT,True
2.8502787650420394,13.80769186042377,3.7154110079608196,0.6918637958905951,503_wind,0,DT,False
2.8758558712506455,13.873885447386417,3.723992404555943,0.6903125812041062,503_wind,1,DT,True
2.8758558712506455,13.873885447386417,3.723992404555943,0.6903125812041062,503_wind,1,DT,False
2.857061547436355,13.751558791927158,3.7074031972706796,0.6930910692735314,503_wind,2,DT,True
2.857061547436355,13.751558791927158,3.7074031972706796,0.6930910692735314,503_wind,2,DT,False
2.872323563494203,13.909114852363267,3.729404857571889,0.6894685750634799,503_wind,3,DT,True
2.872323563494203,13.909114852363267,3.729404857571889,0.6894685750634799,503_wind,3,DT,False
2.8680951677830486,13.848980568865839,3.720336352462534,0.6912601863809106,503_wind,4,DT,True
2.8680951677830486,13.848980568865839,3.720336352462534,0.6912601863809106,503_wind,4,DT,False
2.847131757402963,13.710665106786932,3.701619085683898,0.6940834364769645,503_wind,5,DT,True
2.847131757402963,13.710665106786932,3.701619085683898,0.6940834364769645,503_wind,5,DT,False
2.394365259519636,9.944297448515094,3.153044514074463,0.778067882206515,503_wind,0,RF,True
2.394365259519636,9.944297448515094,3.153044514074463,0.778067882206515,503_wind,0,RF,False
2.385999797536668,9.817896794650355,3.1328214911973364,0.7808582247220606,503_wind,1,RF,True
2.385999797536668,9.817896794650355,3.1328214911973364,0.7808582247220606,503_wind,1,RF,False
2.3851753704414813,9.845497453336483,3.1373626257393368,0.7800632338722187,503_wind,2,RF,True
2.3851753704414813,9.845497453336483,3.1373626257393368,0.7800632338722187,503_wind,2,RF,False
2.396873548641648,9.944395359347702,3.153165712603224,0.7781123031708556,503_wind,3,RF,True
2.396873548641648,9.944395359347702,3.153165712603224,0.7781123031708556,503_wind,3,RF,False
2.388642801408088,9.852248640735695,3.1385874082125125,0.7802464503757205,503_wind,4,RF,True
2.3911612579279353,9.863909137490147,3.140469905710124,0.7799855100056483,503_wind,4,RF,False
2.3868206227021243,9.855039617424588,3.1375850081251655,0.7802008215048428,503_wind,5,RF,True
2.3868206227021243,9.855039617424588,3.1375850081251655,0.7802008215048428,503_wind,5,RF,False
2.2932726303288877,9.102909257369623,3.0165807021610056,0.796843166769772,503_wind,0,SVR,True
2.2932726303288877,9.102909257369623,3.0165807021610056,0.796843166769772,503_wind,0,SVR,False
2.294891069918693,9.108689995662704,3.0177105595266718,0.796707466998047,503_wind,1,SVR,True
2.294891069918693,9.108689995662704,3.0177105595266718,0.796707466998047,503_wind,1,SVR,False
2.301850361076747,9.17141623947103,3.0277234666888697,0.7951838699390523,503_wind,2,SVR,True
2.301850361076747,9.17141623947103,3.0277234666888697,0.7951838699390523,503_wind,2,SVR,False
2.3006953747405063,9.117342774945831,3.0190123401959097,0.7965886597075198,503_wind,3,SVR,True
2.3006953747405063,9.117342774945831,3.0190123401959097,0.7965886597075198,503_wind,3,SVR,False
2.2907127722359317,9.10664599582058,3.017277380495184,0.7969207213734899,503_wind,4,SVR,True
2.2907127722359317,9.10664599582058,3.017277380495184,0.7969207213734899,503_wind,4,SVR,False
2.2900400113585087,9.126105132816088,3.0200866035446587,0.7962660060829052,503_wind,5,SVR,True
2.2900400113585087,9.126105132816088,3.0200866035446587,0.7962660060829052,503_wind,5,SVR,False
3.643840326597278,19.8887974275544,4.4588744259869895,0.3709516392213933,225_puma8NH,0,LR,True
3.643840326597278,19.8887974275544,4.4588744259869895,0.3709516392213933,225_puma8NH,0,LR,False
3.6453817713563357,19.91063650786734,4.461874719797372,0.36998392510005673,225_puma8NH,1,LR,True
3.6453817713563357,19.91063650786734,4.461874719797372,0.36998392510005673,225_puma8NH,1,LR,False
3.6437972937684773,19.892556041172305,4.459987187070573,0.37045909559412105,225_puma8NH,2,LR,True
3.6437972937684773,19.892556041172305,4.459987187070573,0.37045909559412105,225_puma8NH,2,LR,False
3.645598263334838,19.91031442519529,4.461502507500212,0.3701822586457611,225_puma8NH,3,LR,True
3.645598263334838,19.91031442519529,4.461502507500212,0.3701822586457611,225_puma8NH,3,LR,False
3.6452549277164996,19.903500840510603,4.460868807832657,0.37007651846820494,225_puma8NH,4,LR,True
3.6452549277164996,19.903500840510603,4.460868807832657,0.37007651846820494,225_puma8NH,4,LR,False
3.6457512017026885,19.908638997479233,4.461605750263509,0.36968289889979083,225_puma8NH,5,LR,True
3.6457512017026885,19.908638997479233,4.461605750263509,0.36968289889979083,225_puma8NH,5,LR,False
2.9776836888961595,13.90964574227765,3.729273123162162,0.5599230434492368,225_puma8NH,0,KNN,True
2.991592629938962,13.957778292134154,3.7356772789441566,0.5584204684948894,225_puma8NH,0,KNN,False
2.967378677470025,13.838705609303348,3.719954104712725,0.5620886249189052,225_puma8NH,1,KNN,True
2.9875004979757627,13.97770151385502,3.7386580501343456,0.5576629298849838,225_puma8NH,1,KNN,False
2.9740596845998826,13.920429157245634,3.7301255058633136,0.5596319830383798,225_puma8NH,2,KNN,True
2.9913794342903532,13.968789337860029,3.7366214116946357,0.5580654007069297,225_puma8NH,2,KNN,False
2.950395151782875,13.777967694736244,3.7114158510908886,0.5641640756934403,225_puma8NH,3,KNN,True
2.9620100570197883,13.791960196957783,3.7132436910252085,0.5637341202259928,225_puma8NH,3,KNN,False
2.9634662918714603,13.831023120660895,3.718876715755196,0.5622445423703488,225_puma8NH,4,KNN,True
2.977874197793615,13.911029987338914,3.7295264572247397,0.5597409857443221,225_puma8NH,4,KNN,False
2.960356408263655,13.861701553261309,3.722852560237019,0.5610857689099568,225_puma8NH,5,KNN,True
2.976444442240902,13.973886782550297,3.7378520750950055,0.557562542593812,225_puma8NH,5,KNN,False
2.67550134192646,11.899680651408154,3.449487792268947,0.6233250744589475,225_puma8NH,0,DT,True
2.67550134192646,11.899680651408154,3.449487792268947,0.6233250744589475,225_puma8NH,0,DT,False
2.6934070166821584,12.241845527229014,3.4987137512314064,0.6126112783444655,225_puma8NH,1,DT,True
2.706060350907951,12.241845527229014,3.4987137512314064,0.6126112783444655,225_puma8NH,1,DT,False
2.7076105482782182,12.36214216385772,3.5133817033762247,0.6091081967873725,225_puma8NH,2,DT,True
2.7134174249802014,12.36214216385772,3.5133817033762247,0.6091081967873725,225_puma8NH,2,DT,False
2.691356622464733,12.18320387094414,3.4903496010313035,0.6143632868595094,225_puma8NH,3,DT,True
2.6988102293737426,12.18320387094414,3.4903496010313035,0.6143632868595094,225_puma8NH,3,DT,False
2.69027447289556,12.038262496331038,3.469108953222857,0.6189277751251598,225_puma8NH,4,DT,True
2.6932295280324654,12.038262496331038,3.469108953222857,0.6189277751251598,225_puma8NH,4,DT,False
2.6809588413053045,12.09376893462583,3.477471012247086,0.6171522775295194,225_puma8NH,5,DT,True
2.6859840809035824,12.09376893462583,3.477471012247086,0.6171522775295194,225_puma8NH,5,DT,False
2.467989996456831,10.313966091177468,3.211416293878552,0.6735461949979195,225_puma8NH,0,RF,True
2.471729677413458,10.322449825258824,3.2127512111379204,0.6732761874555574,225_puma8NH,0,RF,False
2.4652483544533617,10.310574431215812,3.210766218804621,0.6736803606178595,225_puma8NH,1,RF,True
2.4676866494944134,10.306202346362408,3.210078890655389,0.6738183172127493,225_puma8NH,1,RF,False
2.4740835456741914,10.359141393590818,3.216984070102301,0.6723932237206025,225_puma8NH,2,RF,True
2.47777041886982,10.366762294908552,3.2181167864262656,0.6721543838093553,225_puma8NH,2,RF,False
2.4736148118064514,10.369878288787028,3.2201831814785025,0.6718690387767098,225_puma8NH,3,RF,True
2.477809178120748,10.369878288787028,3.2201831814785025,0.6718690387767098,225_puma8NH,3,RF,False
2.4761137659991497,10.379855915949138,3.2215582912059055,0.6714403032829545,225_puma8NH,4,RF,True
2.4799130656846513,10.379855915949138,3.2215582912059055,0.6714403032829545,225_puma8NH,4,RF,False
2.468097249344104,10.300974780710154,3.209301217064202,0.6739712888035805,225_puma8NH,5,RF,True
2.471306111963833,10.300974780710154,3.209301217064202,0.6739712888035805,225_puma8NH,5,RF,False
2.511226918044288,10.687825877316019,3.2690951440290066,0.6617558266838228,225_puma8NH,0,SVR,True
2.511226918044288,10.687825877316019,3.2690951440290066,0.6617558266838228,225_puma8NH,0,SVR,False
2.5124699713249905,10.670605403856342,3.266508198889197,0.6623064607129497,225_puma8NH,1,SVR,True
2.5124699713249905,10.670605403856342,3.266508198889197,0.6623064607129497,225_puma8NH,1,SVR,False
2.518630675304373,10.68617853801504,3.2680859880165882,0.6619714790032765,225_puma8NH,2,SVR,True
2.518630675304373,10.68617853801504,3.2680859880165882,0.6619714790032765,225_puma8NH,2,SVR,False
2.509799998045284,10.716447343158887,3.273521375365269,0.6609176891908166,225_puma8NH,3,SVR,True
2.509799998045284,10.716447343158887,3.273521375365269,0.6609176891908166,225_puma8NH,3,SVR,False
2.5074797726963354,10.63991740179148,3.261558492747196,0.6632021783620325,225_puma8NH,4,SVR,True
2.5074797726963354,10.63991740179148,3.261558492747196,0.6632021783620325,225_puma8NH,4,SVR,False
2.507718306186755,10.643725993616421,3.2619992379150613,0.6630991953028373,225_puma8NH,5,SVR,True
2.507718306186755,10.643725993616421,3.2619992379150613,0.6630991953028373,225_puma8NH,5,SVR,False
6.173522647534828,98.69785305800798,9.932361723350695,0.7084122003379262,227_cpu_small,0,LR,True
6.173522647534828,98.69785305800798,9.932361723350695,0.7084122003379262,227_cpu_small,0,LR,False
6.17415970608992,97.50397381126801,9.857273402577574,0.7115862093242393,227_cpu_small,1,LR,True
6.17415970608992,97.50397381126801,9.857273402577574,0.7115862093242393,227_cpu_small,1,LR,False
6.1740818391490615,98.24414556051903,9.906853447608126,0.709723564801545,227_cpu_small,2,LR,True
6.1740818391490615,98.24414556051903,9.906853447608126,0.709723564801545,227_cpu_small,2,LR,False
6.171956593551673,98.96970546676067,9.945425790918193,0.7069603850013004,227_cpu_small,3,LR,True
6.171956593551673,98.96970546676067,9.945425790918193,0.7069603850013004,227_cpu_small,3,LR,False
6.178007809782394,97.51748851400788,9.867109394259028,0.7121286878771815,227_cpu_small,4,LR,True
6.178007809782394,97.51748851400788,9.867109394259028,0.7121286878771815,227_cpu_small,4,LR,False
6.174610551530592,97.2524473391492,9.859384662066212,0.7124209038590537,227_cpu_small,5,LR,True
6.174610551530592,97.2524473391492,9.859384662066212,0.7124209038590537,227_cpu_small,5,LR,False
2.2226911272321432,12.390245225694446,3.5119250387267886,0.963388487570098,227_cpu_small,0,KNN,True
2.2539469401041665,13.092900933159722,3.609104422884454,0.9613317398104153,227_cpu_small,0,KNN,False
2.2091796875000003,12.055704752604168,3.462786555292752,0.9635303976872505,227_cpu_small,1,KNN,True
2.2390543619791665,12.370513780381945,3.503219160601296,0.9626134963675751,227_cpu_small,1,KNN,False
2.1969970703125004,11.18081325954861,3.339000998006356,0.9669719689733258,227_cpu_small,2,KNN,True
2.2099853515624996,10.971812608506944,3.3063982669307537,0.9675980133921046,227_cpu_small,2,KNN,False
2.1994873046875,12.261759440104168,3.4954787704558945,0.9638960719391643,227_cpu_small,3,KNN,True
2.232357933407738,12.418320013552297,3.517369517423212,0.9634283571410516,227_cpu_small,3,KNN,False
2.1916748046875,11.95351833767361,3.4546954301881856,0.9647309714285494,227_cpu_small,4,KNN,True
2.2334391276041665,11.95351833767361,3.4546954301881856,0.9647309714285494,227_cpu_small,4,KNN,False
2.1970079210069446,12.3415478515625,3.499528749276175,0.9633258964143355,227_cpu_small,5,KNN,True
2.220833333333333,12.073551432291666,3.4655650980490464,0.9641553875854629,227_cpu_small,5,KNN,False
2.5440614245683197,13.080379175244568,3.616093484800315,0.9613387912190339,227_cpu_small,0,DT,True
2.5780915735100116,13.080379175244568,3.616093484800315,0.9613387912190339,227_cpu_small,0,DT,False
2.5813259694477964,13.30023089745589,3.646371240569854,0.9600312165532343,227_cpu_small,1,DT,True
2.586672719157888,13.30023089745589,3.646371240569854,0.9600312165532343,227_cpu_small,1,DT,False
2.5585693474194446,13.119453859955456,3.6215299446305402,0.9612004505013814,227_cpu_small,2,DT,True
2.575835278578178,13.119453859955456,3.6215299446305402,0.9612004505013814,227_cpu_small,2,DT,False
2.5425025723717236,12.929938517101016,3.594976403332395,0.9617277917834606,227_cpu_small,3,DT,True
2.5507675955388267,12.929938517101016,3.594976403332395,0.9617277917834606,227_cpu_small,3,DT,False
2.5297747549152376,13.162578607497963,3.62739354609156,0.9611158947177613,227_cpu_small,4,DT,True
2.573693924547049,13.162578607497963,3.62739354609156,0.9611158947177613,227_cpu_small,4,DT,False
2.505095169747686,12.800180195612496,3.5772595926809876,0.9620714674713384,227_cpu_small,5,DT,True
2.532653698408219,12.800180195612496,3.5772595926809876,0.9620714674713384,227_cpu_small,5,DT,False
1.9795539550781251,8.282137134277345,2.876677748694658,0.9755025506773869,227_cpu_small,0,RF,True
1.98138134765625,8.2914256315918,2.878279598601266,0.975475528108978,227_cpu_small,0,RF,False
1.9795651855468752,8.110775007324218,2.8474074171732484,0.9757274621261561,227_cpu_small,1,RF,True
1.9806912841796875,8.1134484095459,2.8478667760476184,0.9757196756721196,227_cpu_small,1,RF,False
1.967794677734375,7.9544249350585945,2.819161196248285,0.9764642781723234,227_cpu_small,2,RF,True
1.9689804687500003,7.960391692626954,2.8201832221247165,0.9764464052362571,227_cpu_small,2,RF,False
1.973468994140625,8.053451800292969,2.836223659805859,0.9760681843631847,227_cpu_small,3,RF,True
1.9744287109375,8.05493978515625,2.836497762570722,0.9760640785827848,227_cpu_small,3,RF,False
1.9744030761718752,8.084214929199218,2.841969137800283,0.9761117484995919,227_cpu_small,4,RF,True
1.9746229248046876,8.084363669799805,2.842136803406879,0.9761092629981708,227_cpu_small,4,RF,False
1.98016015625,8.279735345458985,2.874692114316119,0.9754165191955233,227_cpu_small,5,RF,True
1.98016015625,8.295669649414062,2.8773868617822664,0.9753685618417778,227_cpu_small,5,RF,False
2.3047658273123144,13.993410383777723,3.7211144799716234,0.9587672598883086,227_cpu_small,0,SVR,True
2.3047658273123144,13.993410383777723,3.7211144799716234,0.9587672598883086,227_cpu_small,0,SVR,False
2.289259736497901,12.657576066301738,3.556027428000676,0.962269699534434,227_cpu_small,1,SVR,True
2.289259736497901,12.657576066301738,3.556027428000676,0.962269699534434,227_cpu_small,1,SVR,False
2.248308033248712,12.220252930309725,3.4772368042114334,0.9638854111142839,227_cpu_small,2,SVR,True
2.248308033248712,12.220252930309725,3.4772368042114334,0.9638854111142839,227_cpu_small,2,SVR,False
2.2777644944252766,12.879547587350629,3.5857619091503015,0.9619204212385459,227_cpu_small,3,SVR,True
2.2777644944252766,12.879547587350629,3.5857619091503015,0.9619204212385459,227_cpu_small,3,SVR,False
2.2864238955505503,12.163574018527274,3.4869619019599005,0.9640349092393511,227_cpu_small,4,SVR,True
2.2864238955505503,12.163574018527274,3.4869619019599005,0.9640349092393511,227_cpu_small,4,SVR,False
2.2820066796270684,12.555250603731439,3.5336355019876624,0.9627098876049559,227_cpu_small,5,SVR,True
2.2820066796270684,12.555250603731439,3.5336355019876624,0.9627098876049559,227_cpu_small,5,SVR,False
26.599347353556677,930.5568956603079,30.50403185807387,0.46531579421530317,201_pol,0,LR,True
26.599347353556677,930.5568956603079,30.50403185807387,0.46531579421530317,201_pol,0,LR,False
26.61077755634461,931.1154310990869,30.513981735659748,0.4651324025928977,201_pol,1,LR,True
26.61077755634461,931.1154310990869,30.513981735659748,0.4651324025928977,201_pol,1,LR,False
26.59547026145226,930.3825555901991,30.501564893788107,0.46470802407053496,201_pol,2,LR,True
26.59547026145226,930.3825555901991,30.501564893788107,0.46470802407053496,201_pol,2,LR,False
26.59361058393062,930.2998059032833,30.500041850140175,0.46561410108668627,201_pol,3,LR,True
26.59361058393062,930.2998059032833,30.500041850140175,0.46561410108668627,201_pol,3,LR,False
26.61511143388685,931.902691615341,30.52623366448255,0.46451704538226835,201_pol,4,LR,True
26.61511143388685,931.902691615341,30.52623366448255,0.46451704538226835,201_pol,4,LR,False
26.609779880010755,930.6749625110645,30.506806828609875,0.4653398533274974,201_pol,5,LR,True
26.609779880010755,930.6749625110645,30.506806828609875,0.4653398533274974,201_pol,5,LR,False
3.363777777777778,81.73920000000001,9.03525142405633,0.9529749131691805,201_pol,0,KNN,True
3.3810666666666664,83.34062222222222,9.119027131712317,0.952040872632286,201_pol,0,KNN,False
3.309777777777778,80.6824,8.981840046920148,0.9536556702015633,201_pol,1,KNN,True
3.4124888888888885,81.28085925925927,9.0146747901363,0.9533136168806666,201_pol,1,KNN,False
3.340222222222222,81.39226666666667,9.014213277361751,0.9530313060905425,201_pol,2,KNN,True
3.4267111111111115,82.5298074074074,9.07909329008061,0.9523952920471556,201_pol,2,KNN,False
3.3164444444444445,80.60453333333334,8.974303007803348,0.9537078734103415,201_pol,3,KNN,True
3.5208,80.6032,8.974228504233738,0.9537086463219903,201_pol,3,KNN,False
3.2957777777777775,80.54506666666666,8.96380006568079,0.953660152790988,201_pol,4,KNN,True
3.380711111111111,80.9168,8.98235068799379,0.9534422035995134,201_pol,4,KNN,False
3.336222222222222,84.31777777777779,9.154664895404961,0.9515634230082126,201_pol,5,KNN,True
3.4704444444444444,83.84133333333332,9.136056453800112,0.9518419698782186,201_pol,5,KNN,False
2.0793333333333335,49.22,7.000235081090112,0.9717114190794651,201_pol,0,DT,True
2.0793333333333335,49.22,7.000235081090112,0.9717114190794651,201_pol,0,DT,False
2.031333333333333,48.39333333333333,6.939279543717924,0.972204174678608,201_pol,1,DT,True
2.031333333333333,48.39333333333333,6.939279543717924,0.972204174678608,201_pol,1,DT,False
1.9953333333333334,48.02,6.924675476898691,0.9722988189409585,201_pol,2,DT,True
1.9953333333333334,48.02,6.924675476898691,0.9722988189409585,201_pol,2,DT,False
2.024,48.733333333333334,6.974858282229823,0.9720071817323342,201_pol,3,DT,True
2.024,48.733333333333334,6.974858282229823,0.9720071817323342,201_pol,3,DT,False
2.0766666666666667,51.46,7.172433092671911,0.9704301910531636,201_pol,4,DT,True
2.0766666666666667,51.46,7.172433092671911,0.9704301910531636,201_pol,4,DT,False
2.0586666666666664,51.81333333333333,7.193694699400053,0.9702374430867131,201_pol,5,DT,True
2.0586666666666664,51.81333333333333,7.193694699400053,0.9702374430867131,201_pol,5,DT,False
1.7180866666666665,22.377789999999997,4.721818573564282,0.9871349094911188,201_pol,0,RF,True
1.719601333333333,22.41088872,4.725087154980318,0.9871149837805031,201_pol,0,RF,False
1.7106999999999999,21.574608826666665,4.642242389435495,0.9876070111981174,201_pol,1,RF,True
1.7106999999999999,21.574608826666665,4.642242389435495,0.9876070111981174,201_pol,1,RF,False
1.7302080000000002,22.596947093333334,4.752605878925175,0.9869893733320098,201_pol,2,RF,True
1.7302080000000002,22.596947093333334,4.752605878925175,0.9869893733320098,201_pol,2,RF,False
1.7106079999999997,22.07789936,4.695514915228745,0.9873204224986477,201_pol,3,RF,True
1.7106079999999997,22.07789936,4.695514915228745,0.9873204224986477,201_pol,3,RF,False
1.695973333333333,21.984071999999998,4.681224822764078,0.9873599554873831,201_pol,4,RF,True
1.6994213333333332,22.114515893333333,4.694616744665634,0.9872842917521439,201_pol,4,RF,False
1.7244866666666667,22.456251166666664,4.737263879505907,0.9871016208442375,201_pol,5,RF,True
1.7234906666666667,22.444795,4.736177758689847,0.9871077014355786,201_pol,5,RF,False
8.840330080477127,162.16324426856266,12.73355360250574,0.9067860678475245,201_pol,0,SVR,True
8.996615065620267,163.91612101523896,12.802552455874164,0.905813456326483,201_pol,0,SVR,False
8.915451365575912,163.47290866731413,12.784574978060753,0.9060964642406881,201_pol,1,SVR,True
9.00058615095556,163.47290866731413,12.784574978060753,0.9060964642406881,201_pol,1,SVR,False
8.894355933587592,163.55916922336093,12.788316888110144,0.9059306666007624,201_pol,2,SVR,True
9.003956606964598,163.55916922336093,12.788316888110144,0.9059306666007624,201_pol,2,SVR,False
8.879145257947973,163.4098439760293,12.778396219139193,0.9061486791037054,201_pol,3,SVR,True
8.991976281602238,163.4098439760293,12.778396219139193,0.9061486791037054,201_pol,3,SVR,False
8.862325794920014,161.68265142919654,12.710598105479074,0.9070408489845818,201_pol,4,SVR,True
8.953731783540803,161.68265142919654,12.710598105479074,0.9070408489845818,201_pol,4,SVR,False
8.938164274211385,164.74972910303174,12.833024795345874,0.9053590035894435,201_pol,5,SVR,True
9.014124598573995,164.74972910303174,12.833024795345874,0.9053590035894435,201_pol,5,SVR,False
50808.73892076002,4849636615.447975,69636.41545660244,0.6357031903861189,537_houses,0,LR,True
50808.73892076002,4849636615.447975,69636.41545660244,0.6357031903861189,537_houses,0,LR,False
50798.859282276455,4846840795.01529,69617.29935334,0.6358537903516482,537_houses,1,LR,True
50798.859282276455,4846840795.01529,69617.29935334,0.6358537903516482,537_houses,1,LR,False
50784.36145697917,4842810502.983261,69584.85794023916,0.6361451328337291,537_houses,2,LR,True
50784.36145697917,4842810502.983261,69584.85794023916,0.6361451328337291,537_houses,2,LR,False
50826.98648994409,4864594236.742745,69740.80106707301,0.6346032631360365,537_houses,3,LR,True
50826.98648994409,4864594236.742745,69740.80106707301,0.6346032631360365,537_houses,3,LR,False
50816.674980186224,4850262779.748897,69632.38331187966,0.6357041647669041,537_houses,4,LR,True
50816.674980186224,4850262779.748897,69632.38331187966,0.6357041647669041,537_houses,4,LR,False
50802.542784848134,4844988824.580461,69603.92287591146,0.6360654965658046,537_houses,5,LR,True
50802.542784848134,4844988824.580461,69603.92287591146,0.6360654965658046,537_houses,5,LR,False
41254.53603266888,3630873769.748777,60252.41370072745,0.727286727742327,537_houses,0,KNN,True
41410.25464675828,3632130573.574747,60262.74752074763,0.7271964403581934,537_houses,0,KNN,False
41186.246767718716,3622065478.638706,60179.19362524861,0.7278695058924834,537_houses,1,KNN,True
41325.51100736043,3630060716.4435945,60244.872635385895,0.7272676948637266,537_houses,1,KNN,False
41308.05933693245,3618471294.6766934,60142.90511413183,0.7281714093989674,537_houses,2,KNN,True
41394.58645710985,3630733445.638093,60243.127268278986,0.7272666019391052,537_houses,2,KNN,False
41211.48697397564,3614056151.6036444,60114.964683163664,0.7285723365414942,537_houses,3,KNN,True
41244.32596850286,3620715603.020689,60170.60312777836,0.7280677132876525,537_houses,3,KNN,False
41326.52812769165,3639435165.1092772,60323.40394032297,0.7265757710231958,537_houses,4,KNN,True
41386.30835339832,3636762739.4257565,60301.34131864156,0.7267731695767835,537_houses,4,KNN,False
41390.90566322136,3640582821.5120397,60335.57000486595,0.7264699982742013,537_houses,5,KNN,True
41463.12323036567,3642060944.40247,60348.04629383077,0.7263735595605723,537_houses,5,KNN,False
41120.05010882745,3989855268.376,63163.942882932155,0.700267444941705,537_houses,0,DT,True
41120.05010882745,3989855268.376,63163.942882932155,0.700267444941705,537_houses,0,DT,False
41147.89928132786,3959338855.081244,62921.117363606514,0.7025215825550434,537_houses,1,DT,True
41147.89928132786,3959338855.081244,62921.117363606514,0.7025215825550434,537_houses,1,DT,False
40710.48156743994,3884927096.706191,62303.506480211676,0.7083489177912516,537_houses,2,DT,True
40710.48156743994,3884927096.706191,62303.506480211676,0.7083489177912516,537_houses,2,DT,False
40588.338974703736,3849158880.598854,62037.93683635007,0.7108939193986376,537_houses,3,DT,True
40588.338974703736,3849158880.598854,62037.93683635007,0.7108939193986376,537_houses,3,DT,False
41066.54167063128,3914838539.0841513,62559.25547808361,0.7058763661663492,537_houses,4,DT,True
41066.54167063128,3914838539.0841513,62559.25547808361,0.7058763661663492,537_houses,4,DT,False
41708.9820075622,4047536042.793722,63610.10790947726,0.6958925488596694,537_houses,5,DT,True
41708.9820075622,4047536042.793722,63610.10790947726,0.6958925488596694,537_houses,5,DT,False
31793.029282364347,2426796632.7214346,49254.41833498683,0.8177735994549393,537_houses,0,RF,True
31793.029282364347,2426796632.7214346,49254.41833498683,0.8177735994549393,537_houses,0,RF,False
31787.150406976743,2408867829.427495,49074.24869516498,0.8190777559426387,537_houses,1,RF,True
31787.150406976743,2408867829.427495,49074.24869516498,0.8190777559426387,537_houses,1,RF,False
31809.923467151162,2393163046.7342854,48914.51628697203,0.8201811250498567,537_houses,2,RF,True
31809.923467151162,2393163046.7342854,48914.51628697203,0.8201811250498567,537_houses,2,RF,False
31688.31589496124,2391536805.7510276,48896.36583146322,0.8203724148664204,537_houses,3,RF,True
31688.31589496124,2391536805.7510276,48896.36583146322,0.8203724148664204,537_houses,3,RF,False
31678.352809593023,2379434957.074805,48773.68543758237,0.8212652539374872,537_houses,4,RF,True
31678.352809593023,2379434957.074805,48773.68543758237,0.8212652539374872,537_houses,4,RF,False
31810.427188565893,2414162015.8206973,49132.8352898903,0.8186162549002595,537_houses,5,RF,True
31810.427188565893,2414162015.8206973,49132.8352898903,0.8186162549002595,537_houses,5,RF,False
36011.75868860303,3001015580.9983253,54776.92266878596,0.7746239836236893,537_houses,0,SVR,True
36011.75868860303,3001015580.9983253,54776.92266878596,0.7746239836236893,537_houses,0,SVR,False
36026.088879261806,3006300897.6821365,54821.307280593945,0.7740641641141777,537_houses,1,SVR,True
36142.42503576758,3024411173.1912403,54982.91355561762,0.7727071979777629,537_houses,1,SVR,False
36174.24429684674,3034869933.5853434,55073.899406205914,0.7719759685846519,537_houses,2,SVR,True
36270.4407199953,3044525695.751974,55159.99605220126,0.7712303505015202,537_houses,2,SVR,False
36180.3762539015,3026533430.9918547,55006.98972902221,0.772696245678145,537_houses,3,SVR,True
36180.3762539015,3026533430.9918547,55006.98972902221,0.772696245678145,537_houses,3,SVR,False
36117.528137983194,3011827167.182213,54876.93139182663,0.7736807403624197,537_houses,4,SVR,True
36288.79982218593,3034943431.5798826,55082.36226968477,0.7719150048901531,537_houses,4,SVR,False
36074.62982267507,3010794912.2704,54867.97385464644,0.7738297551232525,537_houses,5,SVR,True
36074.62982267507,3010794912.2704,54867.97385464644,0.7738297551232525,537_houses,5,SVR,False
24364.010245065154,1733092108.4656408,41599.719552486655,0.3800122536900664,218_house_8L,0,LR,True
24364.010245065154,1733092108.4656408,41599.719552486655,0.3800122536900664,218_house_8L,0,LR,False
24354.865056643896,1729857863.8800411,41586.82375732111,0.38007845637471493,218_house_8L,1,LR,True
24354.865056643896,1729857863.8800411,41586.82375732111,0.38007845637471493,218_house_8L,1,LR,False
24372.211542461748,1742587232.343674,41737.09434257846,0.3759762381070031,218_house_8L,2,LR,True
24372.211542461748,1742587232.343674,41737.09434257846,0.3759762381070031,218_house_8L,2,LR,False
24381.71843522911,1741953557.4087422,41723.73418719458,0.37617659430098704,218_house_8L,3,LR,True
24381.71843522911,1741953557.4087422,41723.73418719458,0.37617659430098704,218_house_8L,3,LR,False
24363.261814783345,1731715667.7100346,41598.07736592043,0.3798014065970683,218_house_8L,4,LR,True
24363.261814783345,1731715667.7100346,41598.07736592043,0.3798014065970683,218_house_8L,4,LR,False
24340.94898541974,1728663612.4891355,41571.011142182026,0.3808138528262904,218_house_8L,5,LR,True
24340.94898541974,1728663612.4891355,41571.011142182026,0.3808138528262904,218_house_8L,5,LR,False
16470.289932328906,1022010526.1261086,31935.129143261423,0.6346487245854142,218_house_8L,0,KNN,True
16518.21084927576,1025038330.7470536,31985.464675514842,0.6334915680819035,218_house_8L,0,KNN,False
16466.458367913685,1029836130.0461661,32088.532454697128,0.6303886605324034,218_house_8L,1,KNN,True
16466.458367913685,1029836130.0461661,32088.532454697128,0.6303886605324034,218_house_8L,1,KNN,False
16545.31813393769,1033640382.9800149,32132.668774980866,0.6300068475245639,218_house_8L,2,KNN,True
16545.31813393769,1033640382.9800149,32132.668774980866,0.6300068475245639,218_house_8L,2,KNN,False
16480.894830503064,1033620815.5826504,32140.290108894806,0.629728784731246,218_house_8L,3,KNN,True
16480.894830503064,1033620815.5826504,32140.290108894806,0.629728784731246,218_house_8L,3,KNN,False
16592.73368472293,1040347785.6277426,32226.326026713017,0.6277235990631093,218_house_8L,4,KNN,True
16627.906327584125,1040284360.0142069,32223.001465634785,0.6277880085697012,218_house_8L,4,KNN,False
16492.454210291115,1029349459.7562672,32065.506560725546,0.6309586864665251,218_house_8L,5,KNN,True
16492.454210291115,1029349459.7562672,32065.506560725546,0.6309586864665251,218_house_8L,5,KNN,False
18018.277445623695,1245715896.391054,35287.08619938633,0.5532616259449057,218_house_8L,0,DT,True
19257.255157154486,1245715896.391054,35287.08619938633,0.5532616259449057,218_house_8L,0,DT,False
18211.187940979195,1238333197.930265,35180.635654081874,0.5562895361514055,218_house_8L,1,DT,True
19109.207314234714,1238333197.930265,35180.635654081874,0.5562895361514055,218_house_8L,1,DT,False
18072.229153585467,1234786823.7142553,35134.52000794539,0.5578188309855786,218_house_8L,2,DT,True
19155.483773414806,1234786823.7142553,35134.52000794539,0.5578188309855786,218_house_8L,2,DT,False
18045.747426965834,1262449955.2795627,35519.11651681612,0.5472312137429194,218_house_8L,3,DT,True
19346.86553312862,1262449955.2795627,35519.11651681612,0.5472312137429194,218_house_8L,3,DT,False
18109.351195614025,1220545632.294589,34924.80851930515,0.5624688432723693,218_house_8L,4,DT,True
18627.291640534506,1240812236.7011518,35217.35324635363,0.5547215857169319,218_house_8L,4,DT,False
18043.84977627545,1222923462.9966617,34957.55840386065,0.561713640346725,218_house_8L,5,DT,True
19134.59745779654,1222923462.9966617,34957.55840386065,0.561713640346725,218_house_8L,5,DT,False
15649.016245874298,876311215.0493176,29579.885285609245,0.6863913893401088,218_house_8L,0,RF,True
15649.016245874298,876311215.0493176,29579.885285609245,0.6863913893401088,218_house_8L,0,RF,False
15770.452690045646,909053456.9819813,30144.918048731368,0.6742506851898473,218_house_8L,1,RF,True
15769.971965282653,908724442.9285152,30139.610643135147,0.6743600928526954,218_house_8L,1,RF,False
15693.6529200316,888681267.6088651,29806.299697211576,0.6817807250819676,218_house_8L,2,RF,True
15703.083871883777,889106167.8235607,29813.356866829014,0.6816304644205642,218_house_8L,2,RF,False
15665.139903265448,890581670.940265,29839.7126566345,0.6805066677380236,218_house_8L,3,RF,True
15665.139903265448,890581670.940265,29839.7126566345,0.6805066677380236,218_house_8L,3,RF,False
15679.566585103581,887707786.2452002,29771.906108662457,0.6819965303807355,218_house_8L,4,RF,True
15678.701645760182,888446557.7349823,29784.948047508755,0.6817101682996932,218_house_8L,4,RF,False
15614.542813992277,876278164.7253987,29587.248559994467,0.6859218440646646,218_house_8L,5,RF,True
15619.321135182585,875939284.4490329,29581.42479347612,0.6860375372982561,218_house_8L,5,RF,False
15558.097900600835,949253955.5505315,30790.991546614583,0.6601158512188444,218_house_8L,0,SVR,True
15558.097900600835,949253955.5505315,30790.991546614583,0.6601158512188444,218_house_8L,0,SVR,False
15573.262062085132,957099260.2514006,30935.77363083131,0.6563719150346244,218_house_8L,1,SVR,True
15573.262062085132,957099260.2514006,30935.77363083131,0.6563719150346244,218_house_8L,1,SVR,False
15601.081550319284,952633063.1841481,30853.272633088607,0.6589618900209908,218_house_8L,2,SVR,True
15601.081550319284,952633063.1841481,30853.272633088607,0.6589618900209908,218_house_8L,2,SVR,False
15551.567944868071,951850021.8324417,30841.010030408524,0.6590566995135048,218_house_8L,3,SVR,True
15551.567944868071,951850021.8324417,30841.010030408524,0.6590566995135048,218_house_8L,3,SVR,False
15504.182790850813,939632947.8972552,30616.914055454807,0.6639047215613714,218_house_8L,4,SVR,True
15504.182790850813,939632947.8972552,30616.914055454807,0.6639047215613714,218_house_8L,4,SVR,False
15566.540852397215,950750638.1964355,30816.61621500414,0.6594367564747432,218_house_8L,5,SVR,True
15566.540852397215,950750638.1964355,30816.61621500414,0.6594367564747432,218_house_8L,5,SVR,False
25475.398407045443,2077088201.3703797,45550.52612214224,0.2564576930840914,574_house_16H,0,LR,True
25475.398407045443,2077088201.3703797,45550.52612214224,0.2564576930840914,574_house_16H,0,LR,False
25455.20805386635,2070081485.5584857,45486.19526555861,0.25850559037507476,574_house_16H,1,LR,True
25455.20805386635,2070081485.5584857,45486.19526555861,0.25850559037507476,574_house_16H,1,LR,False
25516.43633576677,2101308965.7157557,45837.970224328994,0.2474080898816496,574_house_16H,2,LR,True
25516.43633576677,2101308965.7157557,45837.970224328994,0.2474080898816496,574_house_16H,2,LR,False
25488.839006584934,2090617930.361296,45701.49162553753,0.2516439484531375,574_house_16H,3,LR,True
25488.839006584934,2090617930.361296,45701.49162553753,0.2516439484531375,574_house_16H,3,LR,False
25490.10427012661,2076553121.350123,45554.7473794498,0.2558646428255368,574_house_16H,4,LR,True
25490.10427012661,2076553121.350123,45554.7473794498,0.2558646428255368,574_house_16H,4,LR,False
25454.440692445623,2073431386.4451792,45533.01835292376,0.25672284742795676,574_house_16H,5,LR,True
25454.440692445623,2073431386.4451792,45533.01835292376,0.25672284742795676,574_house_16H,5,LR,False
17353.439746393004,1270682116.9133077,35604.39616305733,0.5459520992994222,574_house_16H,0,KNN,True
17378.344527614627,1276710246.0352392,35692.362380262144,0.5437030425160718,574_house_16H,0,KNN,False
17389.251795518387,1279579683.0727975,35765.11488632527,0.5412606641665272,574_house_16H,1,KNN,True
17450.199153135996,1283038278.581745,35812.497185189335,0.540110570888189,574_house_16H,1,KNN,False
17348.911923838103,1273743976.7553482,35684.43194874206,0.5438634501278015,574_house_16H,2,KNN,True
17361.38583695097,1277676081.0576553,35737.410073276274,0.5424624583218283,574_house_16H,2,KNN,False
17343.406976187438,1274626277.0070837,35693.589593895435,0.5431818946625403,574_house_16H,3,KNN,True
17404.03341222214,1277221389.1658843,35729.195529056524,0.5422563258500959,574_house_16H,3,KNN,False
17392.4202315465,1272679516.9759855,35654.634438160676,0.5444743556672637,574_house_16H,4,KNN,True
17404.060534366537,1277048437.2370367,35719.279625913834,0.542755009008207,574_house_16H,4,KNN,False
17374.193612742594,1275319918.5273304,35705.134363123856,0.54302067403675,574_house_16H,5,KNN,True
17400.86742557244,1276414988.3887494,35720.3742268698,0.542631059163636,574_house_16H,5,KNN,False
19920.357877247745,1676203333.4518387,40922.72234877852,0.3998609502760849,574_house_16H,0,DT,True
21533.242322170838,1688613367.210728,41075.80949526094,0.395367458915047,574_house_16H,0,DT,False
19735.147662143292,1645625890.2440343,40564.012573450615,0.4098378467695275,574_house_16H,1,DT,True
21210.805277018615,1637418529.251502,40460.907972841014,0.41284729867459813,574_house_16H,1,DT,False
20096.31600772929,1719325394.3253717,41444.34030749687,0.38426361764086303,574_house_16H,2,DT,True
21049.88027734079,1723403571.3950438,41461.58944234149,0.3827629893977155,574_house_16H,2,DT,False
19864.26759681655,1678715169.6730614,40963.4636722354,0.3988548066273857,574_house_16H,3,DT,True
21394.162908719125,1683327959.3704019,41008.15282439852,0.3975529372618952,574_house_16H,3,DT,False
19635.45939957029,1638455489.1610367,40456.0924569886,0.41211949565005374,574_house_16H,4,DT,True
21964.740865449112,1697958266.1022737,41191.94137888921,0.3910865247419788,574_house_16H,4,DT,False
20034.371215759216,1694701327.5730255,41156.260466103064,0.392770537075915,574_house_16H,5,DT,True
22055.233953521132,1694701327.5730255,41156.260466103064,0.392770537075915,574_house_16H,5,DT,False
16008.601498507724,1021125511.7253336,31927.06159167501,0.634754854163192,574_house_16H,0,RF,True
16008.601498507724,1021125511.7253336,31927.06159167501,0.634754854163192,574_house_16H,0,RF,False
15918.337764044943,1010224672.777384,31780.928163978395,0.6375632083111941,574_house_16H,1,RF,True
15917.93335639045,1010452652.3651416,31784.522562723367,0.6374789320333464,574_house_16H,1,RF,False
15999.727732882726,1032025069.2422384,32113.094855594813,0.6304420734009568,574_house_16H,2,RF,True
15999.727732882726,1032025069.2422384,32113.094855594813,0.6304420734009568,574_house_16H,2,RF,False
15919.538990695222,1019650423.7842444,31926.6153614356,0.6343921917368809,574_house_16H,3,RF,True
15921.171406952246,1020209180.8572052,31935.109519220267,0.6341987259961789,574_house_16H,3,RF,False
15905.776977001404,1006961940.0059514,31717.41706096274,0.6391403326803491,574_house_16H,4,RF,True
15919.068986130616,1008923676.0567229,31747.914471066186,0.6384887944429013,574_house_16H,4,RF,False
16003.104369206461,1026631653.4162474,32036.535116675244,0.6320933590567901,574_house_16H,5,RF,True
16003.104369206461,1026631653.4162474,32036.535116675244,0.6320933590567901,574_house_16H,5,RF,False
16493.464768240498,1207622030.8695018,34716.884910150526,0.5682719412977505,574_house_16H,0,SVR,True
16493.464768240498,1207622030.8695018,34716.884910150526,0.5682719412977505,574_house_16H,0,SVR,False
16578.27712606483,1216371422.4256864,34871.543014947674,0.564001048054347,574_house_16H,1,SVR,True
16911.124448779945,1233068192.6068962,35105.00411839667,0.5578787236097309,574_house_16H,1,SVR,False
16538.74835518797,1209532687.0148911,34774.157700560616,0.5668907968428136,574_house_16H,2,SVR,True
16538.74835518797,1209532687.0148911,34774.157700560616,0.5668907968428136,574_house_16H,2,SVR,False
16552.904780331188,1215054423.651793,34839.62960133451,0.5648539597262565,574_house_16H,3,SVR,True
16552.904780331188,1215054423.651793,34839.62960133451,0.5648539597262565,574_house_16H,3,SVR,False
16518.95340219106,1207432841.7332048,34733.019900755746,0.5675536538588025,574_house_16H,4,SVR,True
16518.95340219106,1207432841.7332048,34733.019900755746,0.5675536538588025,574_house_16H,4,SVR,False
16521.91421242877,1213651223.3648033,34830.81201862095,0.5653432712337567,574_house_16H,5,SVR,True
16521.91421242877,1213651223.3648033,34830.81201862095,0.5653432712337567,574_house_16H,5,SVR,False
2.0385055119994173,6.923667994611522,2.6312108968824415,0.7226574022252482,564_fried,0,LR,True
2.038700899905382,6.924833553039308,2.631431929226348,0.7226103666046935,564_fried,0,LR,False
2.0386601542244986,6.924036756120609,2.6312996408883023,0.722631926807876,564_fried,1,LR,True
2.0386601542244986,6.924036756120609,2.6312996408883023,0.722631926807876,564_fried,1,LR,False
2.038413995497097,6.9228866313908926,2.6311238230026666,0.7227259333894066,564_fried,2,LR,True
2.038413995497097,6.9228866313908926,2.6311238230026666,0.7227259333894066,564_fried,2,LR,False
2.038643769151424,6.924095662711073,2.631358945142546,0.7226840881219865,564_fried,3,LR,True
2.0389471048123777,6.9254766617724,2.6316215806945435,0.7226290926601613,564_fried,3,LR,False
2.039050140814707,6.927203311406399,2.6318513423058056,0.7224778046587349,564_fried,4,LR,True
2.039050140814707,6.927203311406399,2.6318513423058056,0.7224778046587349,564_fried,4,LR,False
2.038656215476,6.924463303576934,2.6314018043228105,0.7226864473329031,564_fried,5,LR,True
2.038656215476,6.924463303576934,2.6314018043228105,0.7226864473329031,564_fried,5,LR,False
1.4610707394035278,3.442674624754475,1.855425029198681,0.8621071383646896,564_fried,0,KNN,True
1.4610707394035278,3.442674624754475,1.855425029198681,0.8621071383646896,564_fried,0,KNN,False
1.4629882401320051,3.4442058237470996,1.8558163156137732,0.8620448575632612,564_fried,1,KNN,True
1.4629882401320051,3.4442058237470996,1.8558163156137732,0.8620448575632612,564_fried,1,KNN,False
1.4659255621953138,3.4554821535126985,1.8588487116468664,0.8616074432385141,564_fried,2,KNN,True
1.4659255621953138,3.4554821535126985,1.8588487116468664,0.8616074432385141,564_fried,2,KNN,False
1.4589923624231829,3.4336858403077533,1.853000941177556,0.8624813919797204,564_fried,3,KNN,True
1.4589923624231829,3.4336858403077533,1.853000941177556,0.8624813919797204,564_fried,3,KNN,False
1.4623971008313867,3.4401887510551665,1.8546903497779126,0.8621997312827144,564_fried,4,KNN,True
1.4623971008313867,3.4401887510551665,1.8546903497779126,0.8621997312827144,564_fried,4,KNN,False
1.4639642417362893,3.450484391730265,1.8574369106087385,0.8618331596358683,564_fried,5,KNN,True
1.4639642417362893,3.450484391730265,1.8574369106087385,0.8618331596358683,564_fried,5,KNN,False
1.5462515638129848,3.87754033229807,1.9691329494369065,0.8446970330331971,564_fried,0,DT,True
1.5462515638129848,3.87754033229807,1.9691329494369065,0.8446970330331971,564_fried,0,DT,False
1.5556105598706416,3.9256773667164566,1.9812754824417793,0.8427722824204473,564_fried,1,DT,True
1.5556105598706416,3.9256773667164566,1.9812754824417793,0.8427722824204473,564_fried,1,DT,False
1.5405611809679676,3.873783315088362,1.9681602142539796,0.8448470295759068,564_fried,2,DT,True
1.5405611809679676,3.873783315088362,1.9681602142539796,0.8448470295759068,564_fried,2,DT,False
1.5462567914833323,3.884067973817043,1.970775818269313,0.8444256971584945,564_fried,3,DT,True
1.5462567914833323,3.884067973817043,1.970775818269313,0.8444256971584945,564_fried,3,DT,False
1.5465578568973966,3.8878750231130885,1.9716750282808366,0.8442612658274766,564_fried,4,DT,True
1.5465578568973966,3.8878750231130885,1.9716750282808366,0.8442612658274766,564_fried,4,DT,False
1.5471243414517377,3.894671722985978,1.9734899828776638,0.8440126602096731,564_fried,5,DT,True
1.5471243414517377,3.894671722985978,1.9734899828776638,0.8440126602096731,564_fried,5,DT,False
1.012673828610458,1.6513492221813975,1.2849632062126153,0.9338528025730856,564_fried,0,RF,True
1.012673828610458,1.6513492221813975,1.2849632062126153,0.9338528025730856,564_fried,0,RF,False
1.0133888910896118,1.6524520396428117,1.2853398352338357,0.9338213904760382,564_fried,1,RF,True
1.0133888910896118,1.6524520396428117,1.2853398352338357,0.9338213904760382,564_fried,1,RF,False
1.0134778562033826,1.6570472129611724,1.287251741772458,0.9336293334807872,564_fried,2,RF,True
1.0134778562033826,1.6570472129611724,1.287251741772458,0.9336293334807872,564_fried,2,RF,False
1.0124279695789946,1.651825974963984,1.285215238377051,0.9338400310871005,564_fried,3,RF,True
1.0124279695789946,1.651825974963984,1.285215238377051,0.9338400310871005,564_fried,3,RF,False
1.0162059433812929,1.6612499597586834,1.2888873918938992,0.9334339245109885,564_fried,4,RF,True
1.0162059433812929,1.6612499597586834,1.2888873918938992,0.9334339245109885,564_fried,4,RF,False
1.0129245667316154,1.6542786263135099,1.2861103030449637,0.9337544413668162,564_fried,5,RF,True
1.0129245667316154,1.6542786263135099,1.2861103030449637,0.9337544413668162,564_fried,5,RF,False
0.8420322931022758,1.1217970286451133,1.0591343580849975,0.9550696979347592,564_fried,0,SVR,True
0.8420322931022758,1.1217970286451133,1.0591343580849975,0.9550696979347592,564_fried,0,SVR,False
0.8394938151691281,1.1164167472928903,1.0565832059196771,0.9552828179384516,564_fried,1,SVR,True
0.8394938151691281,1.1164167472928903,1.0565832059196771,0.9552828179384516,564_fried,1,SVR,False
0.8428359344569689,1.1251640457865644,1.060730761116882,0.9549338427629745,564_fried,2,SVR,True
0.8428359344569689,1.1251640457865644,1.060730761116882,0.9549338427629745,564_fried,2,SVR,False
0.8402290290001986,1.1171217303933192,1.0569381121146537,0.9552581892247733,564_fried,3,SVR,True
0.8402290290001986,1.1171217303933192,1.0569381121146537,0.9552581892247733,564_fried,3,SVR,False
0.8433998580746579,1.1242399839500403,1.060294762797778,0.9549557789217166,564_fried,4,SVR,True
0.8433998580746579,1.1242399839500403,1.060294762797778,0.9549557789217166,564_fried,4,SVR,False
0.8419216206146576,1.124148098693782,1.0602239871259476,0.9549777079659377,564_fried,5,SVR,True
0.8419216206146576,1.124148098693782,1.0602239871259476,0.9549777079659377,564_fried,5,SVR,False
9.219925759004873,139.13103233225866,11.794650035005796,0.4420840012515269,1199_BNG_echoMonths,0,LR,True
9.219925759004873,139.13103233225866,11.794650035005796,0.4420840012515269,1199_BNG_echoMonths,0,LR,False
9.223892557419724,139.23300025447077,11.798727860463089,0.4416493238155854,1199_BNG_echoMonths,1,LR,True
9.223892557419724,139.23300025447077,11.798727860463089,0.4416493238155854,1199_BNG_echoMonths,1,LR,False
9.222183437254127,139.18632990974,11.797080196217793,0.441975308000799,1199_BNG_echoMonths,2,LR,True
9.222183437254127,139.18632990974,11.797080196217793,0.441975308000799,1199_BNG_echoMonths,2,LR,False
9.225671940039716,139.25358044099005,11.800352481360516,0.4417209791457024,1199_BNG_echoMonths,3,LR,True
9.225671940039716,139.25358044099005,11.800352481360516,0.4417209791457024,1199_BNG_echoMonths,3,LR,False
9.220885967312263,139.15828277489027,11.796481131929347,0.4421127570646568,1199_BNG_echoMonths,4,LR,True
9.220885967312263,139.15828277489027,11.796481131929347,0.4421127570646568,1199_BNG_echoMonths,4,LR,False
9.219832439115383,139.114397678996,11.79420743392236,0.4423178067870177,1199_BNG_echoMonths,5,LR,True
9.219832439115383,139.114397678996,11.79420743392236,0.4423178067870177,1199_BNG_echoMonths,5,LR,False
9.01067253133422,139.82384020221835,11.824048285129386,0.43932155649870647,1199_BNG_echoMonths,0,KNN,True
9.01067253133422,139.82384020221835,11.824048285129386,0.43932155649870647,1199_BNG_echoMonths,0,KNN,False
9.040223673001012,140.54014722410426,11.853519722038687,0.4363379495697639,1199_BNG_echoMonths,1,KNN,True
9.040223673001012,140.54014722410426,11.853519722038687,0.4363379495697639,1199_BNG_echoMonths,1,KNN,False
9.055320267282093,140.93856590960203,11.871448911294207,0.4348963176265247,1199_BNG_echoMonths,2,KNN,True
9.055320267282093,140.93856590960203,11.871448911294207,0.4348963176265247,1199_BNG_echoMonths,2,KNN,False
9.032355423588845,140.7030050264283,11.860796274222976,0.4359446306686513,1199_BNG_echoMonths,3,KNN,True
9.032355423588845,140.7030050264283,11.860796274222976,0.4359446306686513,1199_BNG_echoMonths,3,KNN,False
9.029167026204227,140.66293612108734,11.860134185114095,0.43607029345305226,1199_BNG_echoMonths,4,KNN,True
9.029167026204227,140.66293612108734,11.860134185114095,0.43607029345305226,1199_BNG_echoMonths,4,KNN,False
9.060556080666323,140.7652927095587,11.863913569131677,0.4356969601053291,1199_BNG_echoMonths,5,KNN,True
9.060556080666323,140.7652927095587,11.863913569131677,0.4356969601053291,1199_BNG_echoMonths,5,KNN,False
9.10044874920456,137.74164721764305,11.735207718671624,0.4476611954667897,1199_BNG_echoMonths,0,DT,True
9.152278283359196,137.74164721764305,11.735207718671624,0.4476611954667897,1199_BNG_echoMonths,0,DT,False
9.144772723176418,138.6350511203163,11.77363981532304,0.4440465040717607,1199_BNG_echoMonths,1,DT,True
9.16333594954991,138.6350511203163,11.77363981532304,0.4440465040717607,1199_BNG_echoMonths,1,DT,False
9.171409558369794,139.3909224417104,11.80613387015572,0.4410696123604124,1199_BNG_echoMonths,2,DT,True
9.17712487156555,139.3909224417104,11.80613387015572,0.4410696123604124,1199_BNG_echoMonths,2,DT,False
9.174921975280734,139.51345343138928,11.811306126815392,0.4406868133702613,1199_BNG_echoMonths,3,DT,True
9.174921975280734,139.51345343138928,11.811306126815392,0.4406868133702613,1199_BNG_echoMonths,3,DT,False
9.16161661733345,138.7472786792105,11.778888098405407,0.44374433278578684,1199_BNG_echoMonths,4,DT,True
9.16161661733345,138.7472786792105,11.778888098405407,0.44374433278578684,1199_BNG_echoMonths,4,DT,False
9.160663173647771,138.34210751230376,11.760722055163113,0.4454146247315505,1199_BNG_echoMonths,5,DT,True
9.160663173647771,138.34210751230376,11.760722055163113,0.4454146247315505,1199_BNG_echoMonths,5,DT,False
8.801502323903968,130.612904415615,11.427934430482434,0.47626004064171157,1199_BNG_echoMonths,0,RF,True
8.80860292224332,130.612904415615,11.427934430482434,0.47626004064171157,1199_BNG_echoMonths,0,RF,False
8.823459991832076,131.39761327977988,11.461877378210822,0.4730663195802223,1199_BNG_echoMonths,1,RF,True
8.834045408436783,131.43499762741232,11.463493113689072,0.4729124051798834,1199_BNG_echoMonths,1,RF,False
8.829688530374245,131.36178423166442,11.460966513840248,0.4733035685486086,1199_BNG_echoMonths,2,RF,True
8.833809637526475,131.36178423166442,11.460966513840248,0.4733035685486086,1199_BNG_echoMonths,2,RF,False
8.824419570967923,131.336518214931,11.459869889205514,0.4734770453371786,1199_BNG_echoMonths,3,RF,True
8.824419570967923,131.336518214931,11.459869889205514,0.4734770453371786,1199_BNG_echoMonths,3,RF,False
8.815177038527036,131.39620573348876,11.46277993125751,0.4732252891697021,1199_BNG_echoMonths,4,RF,True
8.831534154005235,131.48002460658782,11.46643510787716,0.472888637091319,1199_BNG_echoMonths,4,RF,False
8.83857757978091,131.2975643468028,11.457597442819822,0.473669948019092,1199_BNG_echoMonths,5,RF,True
8.83857757978091,131.2975643468028,11.457597442819822,0.473669948019092,1199_BNG_echoMonths,5,RF,False
8.794296475429455,140.24527021728053,11.841783970774696,0.4376565134602476,1199_BNG_echoMonths,0,SVR,True
8.835636577280612,140.24527021728053,11.841783970774696,0.4376565134602476,1199_BNG_echoMonths,0,SVR,False
8.832038487107617,140.5424545462272,11.85371219834969,0.43643601894034956,1199_BNG_echoMonths,1,SVR,True
8.850783936034965,140.5424545462272,11.85371219834969,0.43643601894034956,1199_BNG_echoMonths,1,SVR,False
8.803448191114796,140.47197127932128,11.851069986315325,0.4368520848867731,1199_BNG_echoMonths,2,SVR,True
8.844318948542409,140.47197127932128,11.851069986315325,0.4368520848867731,1199_BNG_echoMonths,2,SVR,False
8.809752815274717,140.30479685510866,11.844760332610283,0.4375214280421224,1199_BNG_echoMonths,3,SVR,True
8.841600818205006,140.30479685510866,11.844760332610283,0.4375214280421224,1199_BNG_echoMonths,3,SVR,False
8.812213005055614,140.43656280063178,11.850474387138298,0.43699341978095646,1199_BNG_echoMonths,4,SVR,True
8.845882969767768,140.43656280063178,11.850474387138298,0.43699341978095646,1199_BNG_echoMonths,4,SVR,False
8.802833580900728,140.38442615636967,11.847609382381275,0.4372567913677796,1199_BNG_echoMonths,5,SVR,True
8.842941180553549,140.38442615636967,11.847609382381275,0.4372567913677796,1199_BNG_echoMonths,5,SVR,False
