test_mae,test_mse,test_rmse,test_r2,ds,iteration,alg,leak,perc
9.818039777528345,183.71993134630583,13.5543325673493,0.4669637603530882,197_cpu_act,0,LR,True,1
9.818039777528345,183.71993134630583,13.5543325673493,0.4669637603530882,197_cpu_act,0,LR,False,1
10.1317431311937,196.82367062362,14.029385967447755,0.4774318959384456,197_cpu_act,1,LR,True,1
10.1317431311937,196.82367062362,14.029385967447755,0.4774318959384456,197_cpu_act,1,LR,False,1
9.98519911808986,187.7340178527517,13.701606396797116,0.4557473223430285,197_cpu_act,2,LR,True,1
9.98519911808986,187.7340178527517,13.701606396797116,0.4557473223430285,197_cpu_act,2,LR,False,1
10.054464511640806,194.326039524367,13.940087500599375,0.4742003261049299,197_cpu_act,3,LR,True,1
10.054464511640806,194.326039524367,13.940087500599375,0.4742003261049299,197_cpu_act,3,LR,False,1
9.901714292327728,178.36544073921644,13.355352512727489,0.4354823937639784,197_cpu_act,4,LR,True,1
9.901714292327728,178.36544073921644,13.355352512727489,0.4354823937639784,197_cpu_act,4,LR,False,1
9.759077312815087,181.95155559118632,13.488941974491045,0.4665765799883566,197_cpu_act,5,LR,True,1
9.759077312815087,181.95155559118632,13.488941974491045,0.4665765799883566,197_cpu_act,5,LR,False,1
9.818039777528345,183.71993134630583,13.5543325673493,0.4669637603530882,197_cpu_act,0,LR,True,5
9.818039777528345,183.71993134630583,13.5543325673493,0.4669637603530882,197_cpu_act,0,LR,False,5
10.1317431311937,196.82367062362,14.029385967447755,0.4774318959384456,197_cpu_act,1,LR,True,5
10.1317431311937,196.82367062362,14.029385967447755,0.4774318959384456,197_cpu_act,1,LR,False,5
9.98519911808986,187.7340178527517,13.701606396797116,0.4557473223430285,197_cpu_act,2,LR,True,5
9.98519911808986,187.7340178527517,13.701606396797116,0.4557473223430285,197_cpu_act,2,LR,False,5
10.054464511640806,194.326039524367,13.940087500599375,0.4742003261049299,197_cpu_act,3,LR,True,5
10.054464511640806,194.326039524367,13.940087500599375,0.4742003261049299,197_cpu_act,3,LR,False,5
9.901714292327728,178.36544073921644,13.355352512727489,0.4354823937639784,197_cpu_act,4,LR,True,5
9.901714292327728,178.36544073921644,13.355352512727489,0.4354823937639784,197_cpu_act,4,LR,False,5
9.759077312815087,181.95155559118632,13.488941974491045,0.4665765799883566,197_cpu_act,5,LR,True,5
9.759077312815087,181.95155559118632,13.488941974491045,0.4665765799883566,197_cpu_act,5,LR,False,5
8.126108091912993,145.77934054238617,12.07391156760667,0.5770427795640336,197_cpu_act,0,LR,True,10
8.126108091912993,145.77934054238617,12.07391156760667,0.5770427795640336,197_cpu_act,0,LR,False,10
8.422665034425366,143.51405538157212,11.9797351966382,0.6189692652854473,197_cpu_act,1,LR,True,10
8.422665034425366,143.51405538157215,11.979735196638202,0.6189692652854472,197_cpu_act,1,LR,False,10
8.302213800021676,144.46025326636502,12.01916192029898,0.5812006766035822,197_cpu_act,2,LR,True,10
8.302213800021676,144.46025326636502,12.01916192029898,0.5812006766035822,197_cpu_act,2,LR,False,10
8.423771505423591,158.60874584878343,12.593996420865912,0.5708427596820389,197_cpu_act,3,LR,True,10
8.423771505423591,158.60874584878337,12.593996420865912,0.570842759682039,197_cpu_act,3,LR,False,10
8.159182670276028,127.926501587995,11.310459830970402,0.5951190872440933,197_cpu_act,4,LR,True,10
8.159182670276028,127.926501587995,11.310459830970402,0.5951190872440933,197_cpu_act,4,LR,False,10
7.997809066559689,131.69353934576347,11.475780554967209,0.6139169136366653,197_cpu_act,5,LR,True,10
7.9978090665596895,131.69353934576347,11.475780554967209,0.6139169136366653,197_cpu_act,5,LR,False,10
6.17178736082114,113.46158660993858,10.651834894042368,0.6708079682604882,197_cpu_act,0,LR,True,20
6.17178736082114,113.46158660993854,10.651834894042366,0.6708079682604883,197_cpu_act,0,LR,False,20
6.460661729336,111.68267636984434,10.568002477755403,0.7034817801019815,197_cpu_act,1,LR,True,20
6.460661729335997,111.68267636984436,10.568002477755403,0.7034817801019815,197_cpu_act,1,LR,False,20
6.456773732455336,109.79940911310491,10.478521322834863,0.6816846350040191,197_cpu_act,2,LR,True,20
6.4567737324553365,109.79940911310491,10.478521322834863,0.6816846350040191,197_cpu_act,2,LR,False,20
6.46470782285517,126.17860123939052,11.23292487464376,0.6585909559697041,197_cpu_act,3,LR,True,20
6.464707822855172,126.1786012393905,11.23292487464376,0.6585909559697042,197_cpu_act,3,LR,False,20
6.28602060166961,91.95034120552488,9.589074053605222,0.7089818167981259,197_cpu_act,4,LR,True,20
6.2860206016696125,91.95034120552488,9.589074053605222,0.7089818167981259,197_cpu_act,4,LR,False,20
6.300574925687422,101.76525162678392,10.08787646766077,0.701657024119809,197_cpu_act,5,LR,True,20
6.3005749256874255,101.76525162678396,10.08787646766077,0.7016570241198089,197_cpu_act,5,LR,False,20
5.859304453935327,63.39751067724222,7.962255376288946,0.8160614885563333,197_cpu_act,0,KNN,True,1
5.859304453935327,63.39751067724222,7.962255376288946,0.8160614885563333,197_cpu_act,0,KNN,False,1
5.86418547895058,63.57903599755949,7.973646342643966,0.831197252881032,197_cpu_act,1,KNN,True,1
5.86418547895058,63.57903599755949,7.973646342643966,0.831197252881032,197_cpu_act,1,KNN,False,1
5.920439292251373,65.0418547895058,8.064853054427328,0.8114395886592612,197_cpu_act,2,KNN,True,1
5.920439292251373,65.0418547895058,8.064853054427328,0.8114395886592612,197_cpu_act,2,KNN,False,1
5.982184258694326,68.78008541793777,8.293375996416524,0.8138975786685964,197_cpu_act,3,KNN,True,1
5.982184258694326,68.78008541793777,8.293375996416524,0.8138975786685964,197_cpu_act,3,KNN,False,1
5.949725442342892,64.71306894447834,8.044443358273979,0.7951864070678605,197_cpu_act,4,KNN,True,1
5.949725442342892,64.71306894447834,8.044443358273979,0.7951864070678605,197_cpu_act,4,KNN,False,1
5.742159853569251,61.82386821232459,7.862815539762114,0.8187523095748418,197_cpu_act,5,KNN,True,1
5.742159853569251,61.82386821232459,7.862815539762114,0.8187523095748418,197_cpu_act,5,KNN,False,1
5.859304453935327,63.39751067724222,7.962255376288946,0.8160614885563333,197_cpu_act,0,KNN,True,5
5.859304453935327,63.39751067724222,7.962255376288946,0.8160614885563333,197_cpu_act,0,KNN,False,5
5.86418547895058,63.57903599755949,7.973646342643966,0.831197252881032,197_cpu_act,1,KNN,True,5
5.86418547895058,63.57903599755949,7.973646342643966,0.831197252881032,197_cpu_act,1,KNN,False,5
5.920439292251373,65.0418547895058,8.064853054427328,0.8114395886592612,197_cpu_act,2,KNN,True,5
5.920439292251373,65.0418547895058,8.064853054427328,0.8114395886592612,197_cpu_act,2,KNN,False,5
5.982184258694326,68.78008541793777,8.293375996416524,0.8138975786685964,197_cpu_act,3,KNN,True,5
5.982184258694326,68.78008541793777,8.293375996416524,0.8138975786685964,197_cpu_act,3,KNN,False,5
5.949725442342892,64.71306894447834,8.044443358273979,0.7951864070678605,197_cpu_act,4,KNN,True,5
5.949725442342892,64.71306894447834,8.044443358273979,0.7951864070678605,197_cpu_act,4,KNN,False,5
5.742159853569251,61.82386821232459,7.862815539762114,0.8187523095748418,197_cpu_act,5,KNN,True,5
5.742159853569251,61.82386821232459,7.862815539762114,0.8187523095748418,197_cpu_act,5,KNN,False,5
5.4236729713239775,55.54516168395365,7.452862650281007,0.8388439191239132,197_cpu_act,0,KNN,True,10
5.42477120195241,55.568224527150704,7.454409737004715,0.838777005691477,197_cpu_act,0,KNN,False,10
5.38987187309335,55.55519219035998,7.453535549681103,0.8525006094962657,197_cpu_act,1,KNN,True,10
5.38987187309335,55.55519219035998,7.453535549681103,0.8525006094962657,197_cpu_act,1,KNN,False,10
5.307260524710189,56.65984136668701,7.527273169394546,0.8357395706321817,197_cpu_act,2,KNN,True,10
5.306650396583283,56.65679072605248,7.527070527506201,0.8357484146304773,197_cpu_act,2,KNN,False,10
5.5045759609518,59.75248322147652,7.729973041445651,0.8383241058729372,197_cpu_act,3,KNN,True,10
5.5045759609518,59.75248322147652,7.729973041445651,0.8383241058729372,197_cpu_act,3,KNN,False,10
5.553386211104332,60.41654667480171,7.77280815888323,0.8087846829264884,197_cpu_act,4,KNN,True,10
5.553386211104332,60.41654667480171,7.77280815888323,0.8087846829264884,197_cpu_act,4,KNN,False,10
5.164002440512507,52.58579621720561,7.251606457689607,0.8458353644129223,197_cpu_act,5,KNN,True,10
5.162416107382551,52.5726418547895,7.250699404525711,0.8458739287712498,197_cpu_act,5,KNN,False,10
2.851616839536302,15.573032336790726,3.946268153178485,0.9548171472965794,197_cpu_act,0,KNN,True,20
2.851616839536302,15.573032336790726,3.946268153178485,0.9548171472965794,197_cpu_act,0,KNN,False,20
2.944356314826114,15.868724832214768,3.9835568067011127,0.957868434100579,197_cpu_act,1,KNN,True,20
2.944356314826114,15.868724832214768,3.9835568067011127,0.957868434100579,197_cpu_act,1,KNN,False,20
2.921781574130568,15.9460158633313,3.993246281326923,0.9537715011331316,197_cpu_act,2,KNN,True,20
2.921781574130568,15.9460158633313,3.993246281326923,0.9537715011331316,197_cpu_act,2,KNN,False,20
2.8488102501525323,15.805198291641243,3.9755752151910353,0.957234922669487,197_cpu_act,3,KNN,True,20
2.8491763270286765,15.806735814521048,3.975768581610485,0.9572307625011904,197_cpu_act,3,KNN,False,20
2.938987187309335,15.932568639414276,3.99156218032668,0.9495742254091504,197_cpu_act,4,KNN,True,20
2.938987187309335,15.932568639414276,3.99156218032668,0.9495742254091504,197_cpu_act,4,KNN,False,20
2.867602196461257,15.898474679682732,3.9872891392125966,0.9533907874046466,197_cpu_act,5,KNN,True,20
2.867602196461257,15.898474679682732,3.9872891392125966,0.9533907874046466,197_cpu_act,5,KNN,False,20
7.202789357147901,103.45984572091044,10.171521308089092,0.6998265418814471,197_cpu_act,0,DT,True,1
7.202789357147901,103.45984572091044,10.171521308089092,0.6998265418814471,197_cpu_act,0,DT,False,1
7.242529314120224,107.45544934063936,10.366072030457794,0.7147050948948126,197_cpu_act,1,DT,True,1
7.242529314120224,107.45544934063936,10.366072030457794,0.7147050948948126,197_cpu_act,1,DT,False,1
7.177574992779296,105.703219771005,10.281207116433606,0.6935597444973685,197_cpu_act,2,DT,True,1
7.177574992779296,105.703219771005,10.281207116433606,0.6935597444973685,197_cpu_act,2,DT,False,1
7.342902026582445,111.5787930304784,10.56308634019804,0.69809453672484,197_cpu_act,3,DT,True,1
7.342902026582445,111.5787930304784,10.56308634019804,0.69809453672484,197_cpu_act,3,DT,False,1
7.299529093710748,106.08182369457724,10.299603084322095,0.6642563888552222,197_cpu_act,4,DT,True,1
7.299529093710748,106.08182369457724,10.299603084322095,0.6642563888552222,197_cpu_act,4,DT,False,1
6.972510822510823,98.35637997642893,9.917478508997585,0.7116507390303793,197_cpu_act,5,DT,True,1
6.972510822510823,98.35637997642893,9.917478508997585,0.7116507390303793,197_cpu_act,5,DT,False,1
7.202789357147901,103.45984572091044,10.171521308089092,0.6998265418814471,197_cpu_act,0,DT,True,5
7.202789357147901,103.45984572091044,10.171521308089092,0.6998265418814471,197_cpu_act,0,DT,False,5
7.242529314120224,107.45544934063936,10.366072030457794,0.7147050948948126,197_cpu_act,1,DT,True,5
7.242529314120224,107.45544934063936,10.366072030457794,0.7147050948948126,197_cpu_act,1,DT,False,5
7.177574992779296,105.703219771005,10.281207116433606,0.6935597444973685,197_cpu_act,2,DT,True,5
7.177574992779296,105.703219771005,10.281207116433606,0.6935597444973685,197_cpu_act,2,DT,False,5
7.342902026582445,111.5787930304784,10.56308634019804,0.69809453672484,197_cpu_act,3,DT,True,5
7.342902026582445,111.5787930304784,10.56308634019804,0.69809453672484,197_cpu_act,3,DT,False,5
7.299529093710748,106.08182369457724,10.299603084322095,0.6642563888552222,197_cpu_act,4,DT,True,5
7.299529093710748,106.08182369457724,10.299603084322095,0.6642563888552222,197_cpu_act,4,DT,False,5
6.972510822510823,98.35637997642893,9.917478508997585,0.7116507390303793,197_cpu_act,5,DT,True,5
6.972510822510823,98.35637997642893,9.917478508997585,0.7116507390303793,197_cpu_act,5,DT,False,5
6.964104128533659,98.5622754389533,9.927853516191368,0.7140361185309183,197_cpu_act,0,DT,True,10
6.964104128533659,98.5622754389533,9.927853516191368,0.7140361185309183,197_cpu_act,0,DT,False,10
6.926011795810454,102.8396529048878,10.140988753809356,0.7269600639466667,197_cpu_act,1,DT,True,10
6.926011795810454,102.8396529048878,10.140988753809356,0.7269600639466667,197_cpu_act,1,DT,False,10
6.85600976205003,95.8461799200054,9.790106226185976,0.7221359204831496,197_cpu_act,2,DT,True,10
6.85600976205003,95.8461799200054,9.790106226185976,0.7221359204831496,197_cpu_act,2,DT,False,10
6.8482306284319705,99.3285582333401,9.966371367420548,0.7312407351305646,197_cpu_act,3,DT,True,10
6.8482306284319705,99.3285582333401,9.966371367420548,0.7312407351305646,197_cpu_act,3,DT,False,10
6.734594264795607,96.02637109348518,9.799304622955916,0.6960813881850402,197_cpu_act,4,DT,True,10
6.734594264795607,96.02637109348518,9.799304622955916,0.6960813881850402,197_cpu_act,4,DT,False,10
6.767073418751271,96.22259304453937,9.809311547939506,0.717906315791383,197_cpu_act,5,DT,True,10
6.767073418751271,96.22259304453937,9.809311547939506,0.717906315791383,197_cpu_act,5,DT,False,10
3.7583892617449663,32.03101484645109,5.659594936605543,0.9070667424012728,197_cpu_act,0,DT,True,20
3.7583892617449663,32.03101484645109,5.659594936605543,0.9070667424012728,197_cpu_act,0,DT,False,20
3.671039251576164,30.55086095857908,5.527283325339771,0.9188872688026328,197_cpu_act,1,DT,True,20
3.671039251576164,30.55086095857908,5.527283325339771,0.9188872688026328,197_cpu_act,1,DT,False,20
3.523083180801301,25.232831672428983,5.023229207634167,0.926848440364396,197_cpu_act,2,DT,True,20
3.523083180801301,25.232831672428983,5.023229207634167,0.926848440364396,197_cpu_act,2,DT,False,20
3.721984950172869,27.90671818859738,5.282680966005555,0.9244911111297248,197_cpu_act,3,DT,True,20
3.721984950172869,27.90671818859738,5.282680966005555,0.9244911111297248,197_cpu_act,3,DT,False,20
3.786353467561521,28.11522947596773,5.302379605042224,0.9110167195126376,197_cpu_act,4,DT,True,20
3.786353467561521,28.11522947596773,5.302379605042224,0.9110167195126376,197_cpu_act,4,DT,False,20
3.520744356314826,25.155430140329468,5.0155189303131404,0.9262523723211932,197_cpu_act,5,DT,True,20
3.520744356314826,25.155430140329468,5.0155189303131404,0.9262523723211932,197_cpu_act,5,DT,False,20
6.274639998360345,75.95978596643437,8.715491148893124,0.7796139026439574,197_cpu_act,0,RF,True,1
6.274639998360345,75.95978596643437,8.715491148893124,0.7796139026439574,197_cpu_act,0,RF,False,1
6.340614152264518,78.33848072569188,8.850902819808377,0.7920108327510547,197_cpu_act,1,RF,True,1
6.340614152264518,78.33848072569188,8.850902819808377,0.7920108327510547,197_cpu_act,1,RF,False,1
6.346383430206434,78.96118674601799,8.88601073294524,0.7710865733923642,197_cpu_act,2,RF,True,1
6.346383430206434,78.96118674601799,8.88601073294524,0.7710865733923642,197_cpu_act,2,RF,False,1
6.401215649647258,83.0130035342419,9.111147212850964,0.7753867145433099,197_cpu_act,3,RF,True,1
6.401215649647258,83.0130035342419,9.111147212850964,0.7753867145433099,197_cpu_act,3,RF,False,1
6.327083775394871,76.56941901870876,8.75039536356551,0.7576616582439744,197_cpu_act,4,RF,True,1
6.327083775394871,76.56941901870876,8.75039536356551,0.7576616582439744,197_cpu_act,4,RF,False,1
6.056183016013608,72.08561800951398,8.490324964894688,0.788668160778558,197_cpu_act,5,RF,True,1
6.056183016013608,72.08561800951398,8.490324964894688,0.788668160778558,197_cpu_act,5,RF,False,1
6.274639998360345,75.95978596643437,8.715491148893124,0.7796139026439574,197_cpu_act,0,RF,True,5
6.274639998360345,75.95978596643437,8.715491148893124,0.7796139026439574,197_cpu_act,0,RF,False,5
6.340614152264518,78.33848072569188,8.850902819808377,0.7920108327510547,197_cpu_act,1,RF,True,5
6.340614152264518,78.33848072569188,8.850902819808377,0.7920108327510547,197_cpu_act,1,RF,False,5
6.346383430206434,78.96118674601799,8.88601073294524,0.7710865733923642,197_cpu_act,2,RF,True,5
6.346383430206434,78.96118674601799,8.88601073294524,0.7710865733923642,197_cpu_act,2,RF,False,5
6.401215649647258,83.0130035342419,9.111147212850964,0.7753867145433099,197_cpu_act,3,RF,True,5
6.401215649647258,83.0130035342419,9.111147212850964,0.7753867145433099,197_cpu_act,3,RF,False,5
6.327083775394871,76.56941901870876,8.75039536356551,0.7576616582439744,197_cpu_act,4,RF,True,5
6.327083775394871,76.56941901870876,8.75039536356551,0.7576616582439744,197_cpu_act,4,RF,False,5
6.056183016013608,72.08561800951398,8.490324964894688,0.788668160778558,197_cpu_act,5,RF,True,5
6.056183016013608,72.08561800951398,8.490324964894688,0.788668160778558,197_cpu_act,5,RF,False,5
5.632611965774717,60.96076817772119,7.807737711893323,0.823131336935953,197_cpu_act,0,RF,True,10
5.632611965774717,60.96076817772119,7.807737711893323,0.823131336935953,197_cpu_act,0,RF,False,10
5.585561765788276,61.44759596892759,7.838851699638639,0.8368562397861843,197_cpu_act,1,RF,True,10
5.585561765788276,61.44759596892759,7.838851699638639,0.8368562397861843,197_cpu_act,1,RF,False,10
5.50576288048268,59.561527114335206,7.717611490243287,0.827327401884399,197_cpu_act,2,RF,True,10
5.50576288048268,59.561527114335206,7.717611490243287,0.827327401884399,197_cpu_act,2,RF,False,10
5.681094402800779,64.99905294090088,8.062199013972608,0.8241281460607928,197_cpu_act,3,RF,True,10
5.681094402800779,64.99905294090088,8.062199013972608,0.8241281460607928,197_cpu_act,3,RF,False,10
5.569120723710565,61.37611350737216,7.834290874570088,0.8057477023931453,197_cpu_act,4,RF,True,10
5.569120723710565,61.37611350737216,7.834290874570088,0.8057477023931453,197_cpu_act,4,RF,False,10
5.41416545535002,57.95678690167661,7.612935498326293,0.8300893477852965,197_cpu_act,5,RF,True,10
5.41416545535002,57.95678690167661,7.612935498326293,0.8300893477852965,197_cpu_act,5,RF,False,10
2.7049754240742647,14.438468953641992,3.799798541191624,0.9581089153424466,197_cpu_act,0,RF,True,20
2.7049754240742647,14.438468953641992,3.799798541191624,0.9581089153424466,197_cpu_act,0,RF,False,20
2.718164991235461,14.51247621015943,3.809524407345283,0.9614692828644396,197_cpu_act,1,RF,True,20
2.718164991235461,14.51247621015943,3.809524407345283,0.9614692828644396,197_cpu_act,1,RF,False,20
2.739451986306013,14.18384776942738,3.7661449480108153,0.9588801368218488,197_cpu_act,2,RF,True,20
2.739451986306013,14.18384776942738,3.7661449480108153,0.9588801368218488,197_cpu_act,2,RF,False,20
2.6528009456985964,13.823062210684176,3.717937897636831,0.9625981076936544,197_cpu_act,3,RF,True,20
2.6528009456985964,13.823062210684176,3.717937897636831,0.9625981076936544,197_cpu_act,3,RF,False,20
2.756322503559081,13.685068949187553,3.699333581766796,0.956687448351245,197_cpu_act,4,RF,True,20
2.756322503559081,13.685068949187553,3.699333581766796,0.956687448351245,197_cpu_act,4,RF,False,20
2.649697463610215,13.988788737144072,3.7401589187017272,0.958989372166988,197_cpu_act,5,RF,True,20
2.649697463610215,13.988788737144072,3.7401589187017272,0.958989372166988,197_cpu_act,5,RF,False,20
8.56794871571246,242.0493883660927,15.557936507329392,0.2977294578871978,197_cpu_act,0,SVR,True,1
8.56794871571246,242.0493883660927,15.557936507329392,0.2977294578871978,197_cpu_act,0,SVR,False,1
8.876433662623265,262.8121441150797,16.211481860554258,0.3022320768664298,197_cpu_act,1,SVR,True,1
8.876433662623265,262.8121441150797,16.211481860554258,0.3022320768664298,197_cpu_act,1,SVR,False,1
8.617494411097628,244.59305183699968,15.639470957708246,0.2909094210992174,197_cpu_act,2,SVR,True,1
8.617494411097628,244.59305183699968,15.639470957708246,0.2909094210992174,197_cpu_act,2,SVR,False,1
8.86242915258041,261.258005792837,16.163477527835308,0.2930984721112222,197_cpu_act,3,SVR,True,1
8.86242915258041,261.258005792837,16.163477527835308,0.2930984721112222,197_cpu_act,3,SVR,False,1
8.424380466333103,224.25402618611665,14.975113561710195,0.2902473398057617,197_cpu_act,4,SVR,True,1
8.424380466333103,224.25402618611665,14.975113561710195,0.2902473398057617,197_cpu_act,4,SVR,False,1
8.374543814751807,234.68915127288827,15.319567594187776,0.3119669172112421,197_cpu_act,5,SVR,True,1
8.374543814751807,234.68915127288827,15.319567594187776,0.3119669172112421,197_cpu_act,5,SVR,False,1
8.56794871571246,242.0493883660927,15.557936507329392,0.2977294578871978,197_cpu_act,0,SVR,True,5
8.56794871571246,242.0493883660927,15.557936507329392,0.2977294578871978,197_cpu_act,0,SVR,False,5
8.876433662623265,262.8121441150797,16.211481860554258,0.3022320768664298,197_cpu_act,1,SVR,True,5
8.876433662623265,262.8121441150797,16.211481860554258,0.3022320768664298,197_cpu_act,1,SVR,False,5
8.617494411097628,244.59305183699968,15.639470957708246,0.2909094210992174,197_cpu_act,2,SVR,True,5
8.617494411097628,244.59305183699968,15.639470957708246,0.2909094210992174,197_cpu_act,2,SVR,False,5
8.86242915258041,261.258005792837,16.163477527835308,0.2930984721112222,197_cpu_act,3,SVR,True,5
8.86242915258041,261.258005792837,16.163477527835308,0.2930984721112222,197_cpu_act,3,SVR,False,5
8.424380466333103,224.25402618611665,14.975113561710195,0.2902473398057617,197_cpu_act,4,SVR,True,5
8.424380466333103,224.25402618611665,14.975113561710195,0.2902473398057617,197_cpu_act,4,SVR,False,5
8.374543814751807,234.68915127288827,15.319567594187776,0.3119669172112421,197_cpu_act,5,SVR,True,5
8.374543814751807,234.68915127288827,15.319567594187776,0.3119669172112421,197_cpu_act,5,SVR,False,5
7.73638699728771,248.50354618855576,15.763995248304148,0.2790036724453963,197_cpu_act,0,SVR,True,10
7.73638699728771,248.50354618855576,15.763995248304148,0.2790036724453963,197_cpu_act,0,SVR,False,10
7.582224407492644,177.44609514738443,13.32088942778914,0.5288794827344969,197_cpu_act,1,SVR,True,10
7.582224407492644,177.44609514738443,13.32088942778914,0.5288794827344969,197_cpu_act,1,SVR,False,10
7.555577233734907,187.79836203778677,13.703954248237505,0.4555607845200087,197_cpu_act,2,SVR,True,10
7.555577233734906,187.7983620377867,13.703954248237505,0.4555607845200089,197_cpu_act,2,SVR,False,10
8.120158887180658,291.92881874934227,17.085924579879844,0.2101106054820307,197_cpu_act,3,SVR,True,10
8.120158887180658,291.9288187493423,17.085924579879848,0.2101106054820306,197_cpu_act,3,SVR,False,10
7.326568910305292,170.0489456572782,13.040281655596178,0.4618036804239519,197_cpu_act,4,SVR,True,10
7.326568910305292,170.04894565727818,13.040281655596177,0.461803680423952,197_cpu_act,4,SVR,False,10
7.2105564032139,190.57532665276324,13.80490226885954,0.4412944578426164,197_cpu_act,5,SVR,True,10
7.210556403213898,190.57532665276335,13.804902268859545,0.4412944578426161,197_cpu_act,5,SVR,False,10
5.00861424635852,256.9414589058255,16.029393591331694,0.2545223152386801,197_cpu_act,0,SVR,True,20
5.008614246358521,256.9414589058257,16.029393591331697,0.2545223152386794,197_cpu_act,0,SVR,False,20
4.932505890004371,166.62465432618632,12.908317253855603,0.5576104773106603,197_cpu_act,1,SVR,True,20
4.932505890004371,166.62465432618643,12.90831725385561,0.55761047731066,197_cpu_act,1,SVR,False,20
4.770917953947805,169.7897313317019,13.030338880155876,0.507768933020883,197_cpu_act,2,SVR,True,20
4.770917953947805,169.78973133170186,13.030338880155876,0.5077689330208831,197_cpu_act,2,SVR,False,20
5.249686094453033,294.6348422524984,17.164930592708448,0.2027887546431293,197_cpu_act,3,SVR,True,20
5.249686094453033,294.63484225249846,17.16493059270845,0.2027887546431291,197_cpu_act,3,SVR,False,20
4.422404958430582,147.03804556144866,12.125924523987797,0.5346320163706355,197_cpu_act,4,SVR,True,20
4.422404958430583,147.03804556144863,12.125924523987797,0.5346320163706356,197_cpu_act,4,SVR,False,20
4.609795193609568,187.08915895047545,13.678053916784926,0.4515147799082695,197_cpu_act,5,SVR,True,20
4.609795193609567,187.08915895047545,13.678053916784926,0.4515147799082695,197_cpu_act,5,SVR,False,20
0.2895427197711851,0.4112864775784851,0.6413162071696653,0.9943131974767576,560_bodyfat,0,LR,True,1
0.2895427197711851,0.4112864775784851,0.6413162071696653,0.9943131974767576,560_bodyfat,0,LR,False,1
0.4998370145264039,6.07215119475004,2.4641735317850566,0.9174438723882604,560_bodyfat,1,LR,True,1
0.4998370145264039,6.07215119475004,2.4641735317850566,0.9174438723882604,560_bodyfat,1,LR,False,1
0.2834099427982738,0.3914398264812391,0.6256515216006744,0.9939864714613345,560_bodyfat,2,LR,True,1
0.2834099427982738,0.3914398264812391,0.6256515216006744,0.9939864714613345,560_bodyfat,2,LR,False,1
0.3383843585419026,0.4715676485364126,0.6867078334607903,0.9942377337130222,560_bodyfat,3,LR,True,1
0.3383843585419026,0.4715676485364126,0.6867078334607903,0.9942377337130222,560_bodyfat,3,LR,False,1
0.5222767979800506,1.7981235301379013,1.340941285119487,0.9797649817079068,560_bodyfat,4,LR,True,1
0.5222767979800506,1.7981235301379013,1.340941285119487,0.9797649817079068,560_bodyfat,4,LR,False,1
0.5697879176516987,6.535879377009791,2.556536598018849,0.8800725749002655,560_bodyfat,5,LR,True,1
0.5697879176516987,6.535879377009791,2.556536598018849,0.8800725749002655,560_bodyfat,5,LR,False,1
0.2895427197711851,0.4112864775784851,0.6413162071696653,0.9943131974767576,560_bodyfat,0,LR,True,5
0.2895427197711851,0.4112864775784851,0.6413162071696653,0.9943131974767576,560_bodyfat,0,LR,False,5
0.4998370145264039,6.07215119475004,2.4641735317850566,0.9174438723882604,560_bodyfat,1,LR,True,5
0.4998370145264039,6.07215119475004,2.4641735317850566,0.9174438723882604,560_bodyfat,1,LR,False,5
0.2834099427982738,0.3914398264812391,0.6256515216006744,0.9939864714613345,560_bodyfat,2,LR,True,5
0.2834099427982738,0.3914398264812391,0.6256515216006744,0.9939864714613345,560_bodyfat,2,LR,False,5
0.3383843585419026,0.4715676485364126,0.6867078334607903,0.9942377337130222,560_bodyfat,3,LR,True,5
0.3383843585419026,0.4715676485364126,0.6867078334607903,0.9942377337130222,560_bodyfat,3,LR,False,5
0.5222767979800506,1.7981235301379013,1.340941285119487,0.9797649817079068,560_bodyfat,4,LR,True,5
0.5222767979800506,1.7981235301379013,1.340941285119487,0.9797649817079068,560_bodyfat,4,LR,False,5
0.5697879176516987,6.535879377009791,2.556536598018849,0.8800725749002655,560_bodyfat,5,LR,True,5
0.5697879176516987,6.535879377009791,2.556536598018849,0.8800725749002655,560_bodyfat,5,LR,False,5
0.3842367611405642,0.495141836153496,0.7036631553190035,0.993153740770232,560_bodyfat,0,LR,True,10
0.3842367611405637,0.4951418361534955,0.7036631553190031,0.993153740770232,560_bodyfat,0,LR,False,10
0.4854065072535444,5.916849197374628,2.432457439992451,0.919555336859825,560_bodyfat,1,LR,True,10
0.4854065072535449,5.916849197374628,2.432457439992451,0.919555336859825,560_bodyfat,1,LR,False,10
0.3886759699551377,0.4680827520907822,0.6841657343734646,0.9928090378195332,560_bodyfat,2,LR,True,10
0.3886759699551385,0.4680827520907833,0.6841657343734655,0.9928090378195332,560_bodyfat,2,LR,False,10
0.516821810554713,0.67257543956684,0.8201069683686635,0.9917815422815928,560_bodyfat,3,LR,True,10
0.5168218105547132,0.6725754395668397,0.8201069683686634,0.9917815422815928,560_bodyfat,3,LR,False,10
0.5458919290499791,1.6959172480025808,1.3022738759579648,0.9809151507335112,560_bodyfat,4,LR,True,10
0.5458919290499792,1.6959172480025826,1.3022738759579655,0.9809151507335112,560_bodyfat,4,LR,False,10
0.5826441396181509,6.303236290167815,2.5106246812631743,0.8843413633467524,560_bodyfat,5,LR,True,10
0.582644139618151,6.303236290167819,2.5106246812631747,0.8843413633467524,560_bodyfat,5,LR,False,10
0.3984973961703915,0.5488805899894282,0.7408647582315062,0.9924107022859392,560_bodyfat,0,LR,True,20
0.3984973961703917,0.5488805899894286,0.7408647582315065,0.9924107022859392,560_bodyfat,0,LR,False,20
0.4844348478007794,5.941695430650531,2.4375593183860227,0.9192175309094774,560_bodyfat,1,LR,True,20
0.4844348478007812,5.941695430650529,2.4375593183860222,0.9192175309094776,560_bodyfat,1,LR,False,20
0.4033928703248448,0.5182365313750449,0.7198864711710069,0.9920385460027984,560_bodyfat,2,LR,True,20
0.4033928703248459,0.5182365313750438,0.7198864711710061,0.9920385460027984,560_bodyfat,2,LR,False,20
0.5227659768460088,0.697501511376901,0.8351655592616957,0.99147696103285,560_bodyfat,3,LR,True,20
0.5227659768460099,0.6975015113769045,0.8351655592616979,0.99147696103285,560_bodyfat,3,LR,False,20
0.5771182071948812,1.705673237513171,1.3060142562442307,0.9808053625999956,560_bodyfat,4,LR,True,20
0.5771182071948806,1.7056732375131691,1.3060142562442298,0.9808053625999958,560_bodyfat,4,LR,False,20
0.5826617605923323,6.320265651859367,2.5140138527580485,0.8840288900924351,560_bodyfat,5,LR,True,20
0.5826617605923321,6.320265651859371,2.5140138527580493,0.884028890092435,560_bodyfat,5,LR,False,20
0.4184314113037261,1.5995686188868712,1.264740534215169,0.9778829809539528,560_bodyfat,0,KNN,True,1
0.4184314113037261,1.5995686188868712,1.264740534215169,0.9778829809539528,560_bodyfat,0,KNN,False,1
0.532156797717599,4.670203397893299,2.1610653386451086,0.9365045606863994,560_bodyfat,1,KNN,True,1
0.532156797717599,4.670203397893299,2.1610653386451086,0.9365045606863994,560_bodyfat,1,KNN,False,1
0.3207843581835423,1.110729239572654,1.053911400247978,0.982936325000592,560_bodyfat,2,KNN,True,1
0.3207843581835423,1.110729239572654,1.053911400247978,0.982936325000592,560_bodyfat,2,KNN,False,1
0.5054902027635012,3.2843377092738004,1.8122741815944408,0.9598674155957564,560_bodyfat,3,KNN,True,1
0.5054902027635012,3.2843377092738004,1.8122741815944408,0.9598674155957564,560_bodyfat,3,KNN,False,1
0.6878430499750025,5.160690318272577,2.2717152810756405,0.9419246446421484,560_bodyfat,4,KNN,True,1
0.6878430499750025,5.160690318272577,2.2717152810756405,0.9419246446421484,560_bodyfat,4,KNN,False,1
0.5568627986253479,4.84639988761074,2.20145403940458,0.9110729825325036,560_bodyfat,5,KNN,True,1
0.5568627986253479,4.84639988761074,2.20145403940458,0.9110729825325036,560_bodyfat,5,KNN,False,1
0.4184314113037261,1.5995686188868712,1.264740534215169,0.9778829809539528,560_bodyfat,0,KNN,True,5
0.4184314113037261,1.5995686188868712,1.264740534215169,0.9778829809539528,560_bodyfat,0,KNN,False,5
0.532156797717599,4.670203397893299,2.1610653386451086,0.9365045606863994,560_bodyfat,1,KNN,True,5
0.532156797717599,4.670203397893299,2.1610653386451086,0.9365045606863994,560_bodyfat,1,KNN,False,5
0.3207843581835423,1.110729239572654,1.053911400247978,0.982936325000592,560_bodyfat,2,KNN,True,5
0.3207843581835423,1.110729239572654,1.053911400247978,0.982936325000592,560_bodyfat,2,KNN,False,5
0.5054902027635012,3.2843377092738004,1.8122741815944408,0.9598674155957564,560_bodyfat,3,KNN,True,5
0.5054902027635012,3.2843377092738004,1.8122741815944408,0.9598674155957564,560_bodyfat,3,KNN,False,5
0.6878430499750025,5.160690318272577,2.2717152810756405,0.9419246446421484,560_bodyfat,4,KNN,True,5
0.6878430499750025,5.160690318272577,2.2717152810756405,0.9419246446421484,560_bodyfat,4,KNN,False,5
0.5568627986253479,4.84639988761074,2.20145403940458,0.9110729825325036,560_bodyfat,5,KNN,True,5
0.5568627986253479,4.84639988761074,2.20145403940458,0.9110729825325036,560_bodyfat,5,KNN,False,5
0.641568571212245,1.098650966126475,1.048165524202392,0.984809101619106,560_bodyfat,0,KNN,True,10
0.641568571212245,1.098650966126475,1.048165524202392,0.984809101619106,560_bodyfat,0,KNN,False,10
0.8666665469898897,2.802430653067521,1.6740461920351903,0.9618985405340824,560_bodyfat,1,KNN,True,10
0.8666665469898897,2.802430653067521,1.6740461920351903,0.9618985405340824,560_bodyfat,1,KNN,False,10
0.7411765264529798,1.427403935879667,1.1947401122753296,0.9780713823072692,560_bodyfat,2,KNN,True,10
0.7411765264529798,1.427403935879667,1.1947401122753296,0.9780713823072692,560_bodyfat,2,KNN,False,10
0.8909803977199633,3.581255383959289,1.892420509284152,0.9562392644446792,560_bodyfat,3,KNN,True,10
0.8909803977199633,3.581255383959289,1.892420509284152,0.9562392644446792,560_bodyfat,3,KNN,False,10
0.9694117819561676,5.316659294024083,2.305788215345044,0.9401694620729684,560_bodyfat,4,KNN,True,10
0.9694117819561676,5.316659294024083,2.305788215345044,0.9401694620729684,560_bodyfat,4,KNN,False,10
0.7827451021063561,2.647482084095061,1.6271085040940143,0.9514211185628612,560_bodyfat,5,KNN,True,10
0.7827451021063561,2.647482084095061,1.6271085040940143,0.9514211185628612,560_bodyfat,5,KNN,False,10
0.9756863054107218,2.408549056165578,1.5519500817247884,0.9666973178145848,560_bodyfat,0,KNN,True,20
0.9756863054107218,2.408549056165578,1.5519500817247884,0.9666973178145848,560_bodyfat,0,KNN,False,20
1.14039207907284,2.8231522871132766,1.6802238800568443,0.9616168120642636,560_bodyfat,1,KNN,True,20
1.14039207907284,2.8231522871132766,1.6802238800568443,0.9616168120642636,560_bodyfat,1,KNN,False,20
0.9972549810129052,2.40334903400492,1.550273857744147,0.9630783404584008,560_bodyfat,2,KNN,True,20
0.9972549810129052,2.40334903400492,1.550273857744147,0.9630783404584008,560_bodyfat,2,KNN,False,20
1.172156936748355,4.194235832364272,2.047983357443188,0.948749020821345,560_bodyfat,3,KNN,True,20
1.172156936748355,4.194235832364272,2.047983357443188,0.948749020821345,560_bodyfat,3,KNN,False,20
1.1827450455403792,5.817192503774326,2.4118856738606675,0.9345367574865824,560_bodyfat,4,KNN,True,20
1.1827450455403792,5.817192503774326,2.4118856738606675,0.9345367574865824,560_bodyfat,4,KNN,False,20
1.0925489170878548,2.938195707031606,1.7141165966851863,0.9460867887459994,560_bodyfat,5,KNN,True,20
1.0925489170878548,2.938195707031606,1.7141165966851863,0.9460867887459994,560_bodyfat,5,KNN,False,20
0.9509804868230632,12.90019561968622,3.591684231622571,0.8216307391571103,560_bodyfat,0,DT,True,1
0.9509804868230632,12.90019561968622,3.591684231622571,0.8216307391571103,560_bodyfat,0,DT,False,1
0.4558823494350206,5.572989900954039,2.360718090106068,0.9242304002838592,560_bodyfat,1,DT,True,1
0.4558823494350206,5.572989900954039,2.360718090106068,0.9242304002838592,560_bodyfat,1,DT,False,1
0.532352980445413,6.403676152696955,2.53054858730216,0.9016229655454816,560_bodyfat,2,DT,True,1
0.532352980445413,6.403676152696955,2.53054858730216,0.9016229655454816,560_bodyfat,2,DT,False,1
0.5754902830310896,7.034657073862673,2.6522927956510896,0.9140408223020016,560_bodyfat,3,DT,True,1
0.5754902830310896,7.034657073862673,2.6522927956510896,0.9140408223020016,560_bodyfat,3,DT,False,1
0.8382353373602324,8.464068741097503,2.909307261376409,0.9047503784189368,560_bodyfat,4,DT,True,1
0.8382353373602324,8.464068741097503,2.909307261376409,0.9047503784189368,560_bodyfat,4,DT,False,1
0.8480392869781045,10.1838725164362,3.1912180302254813,0.813135228178138,560_bodyfat,5,DT,True,1
0.8480392869781045,10.1838725164362,3.1912180302254813,0.813135228178138,560_bodyfat,5,DT,False,1
0.9509804868230632,12.90019561968622,3.591684231622571,0.8216307391571103,560_bodyfat,0,DT,True,5
0.9509804868230632,12.90019561968622,3.591684231622571,0.8216307391571103,560_bodyfat,0,DT,False,5
0.4558823494350206,5.572989900954039,2.360718090106068,0.9242304002838592,560_bodyfat,1,DT,True,5
0.4558823494350206,5.572989900954039,2.360718090106068,0.9242304002838592,560_bodyfat,1,DT,False,5
0.532352980445413,6.403676152696955,2.53054858730216,0.9016229655454816,560_bodyfat,2,DT,True,5
0.532352980445413,6.403676152696955,2.53054858730216,0.9016229655454816,560_bodyfat,2,DT,False,5
0.5754902830310896,7.034657073862673,2.6522927956510896,0.9140408223020016,560_bodyfat,3,DT,True,5
0.5754902830310896,7.034657073862673,2.6522927956510896,0.9140408223020016,560_bodyfat,3,DT,False,5
0.8382353373602324,8.464068741097503,2.909307261376409,0.9047503784189368,560_bodyfat,4,DT,True,5
0.8382353373602324,8.464068741097503,2.909307261376409,0.9047503784189368,560_bodyfat,4,DT,False,5
0.8480392869781045,10.1838725164362,3.1912180302254813,0.813135228178138,560_bodyfat,5,DT,True,5
0.8480392869781045,10.1838725164362,3.1912180302254813,0.813135228178138,560_bodyfat,5,DT,False,5
0.9176471385301326,11.865097634325084,3.444575102146139,0.8359428990647536,560_bodyfat,0,DT,True,10
0.9176471385301326,11.865097634325084,3.444575102146139,0.8359428990647536,560_bodyfat,0,DT,False,10
0.4862745006879169,5.596078202070242,2.36560313706045,0.9239164949359596,560_bodyfat,1,DT,True,10
0.4862745006879169,5.596078202070242,2.36560313706045,0.9239164949359596,560_bodyfat,1,DT,False,10
0.160784304141998,0.1149019353999429,0.3389718799545811,0.9982348089771887,560_bodyfat,2,DT,True,10
0.160784304141998,0.1149019353999429,0.3389718799545811,0.9982348089771887,560_bodyfat,2,DT,False,10
0.6921569179086124,7.748039487764228,2.783530040751173,0.9053237284850146,560_bodyfat,3,DT,True,10
0.6921569179086124,7.748039487764228,2.783530040751173,0.9053237284850146,560_bodyfat,3,DT,False,10
0.5901961572030011,3.116667037618339,1.765408461976531,0.9649268732322668,560_bodyfat,4,DT,True,10
0.5901961572030011,3.116667037618339,1.765408461976531,0.9649268732322668,560_bodyfat,4,DT,False,10
0.4823529860552618,4.46274488673538,2.1125209790047954,0.918112701861392,560_bodyfat,5,DT,True,10
0.4823529860552618,4.46274488673538,2.1125209790047954,0.918112701861392,560_bodyfat,5,DT,False,10
0.5490196931595894,2.861568893825532,1.6916172421164108,0.9604334737634714,560_bodyfat,0,DT,True,20
0.5490196931595894,2.861568893825532,1.6916172421164108,0.9604334737634714,560_bodyfat,0,DT,False,20
0.6980391448619316,6.903529140201703,2.627456781795222,0.9061405728561878,560_bodyfat,1,DT,True,20
0.6980391448619316,6.903529140201703,2.627456781795222,0.9061405728561878,560_bodyfat,1,DT,False,20
0.2196079644502375,0.1874510241960761,0.432956145811647,0.9971202672611568,560_bodyfat,2,DT,True,20
0.2196079644502375,0.1874510241960761,0.432956145811647,0.9971202672611568,560_bodyfat,2,DT,False,20
0.6470589217017678,7.083921762915473,2.661563781485514,0.9134388381375904,560_bodyfat,3,DT,True,20
0.6470589217017678,7.083921762915473,2.661563781485514,0.9134388381375904,560_bodyfat,3,DT,False,20
0.6019608986143969,3.119020004226228,1.766074744801654,0.964900394338268,560_bodyfat,4,DT,True,20
0.6019608986143969,3.119020004226228,1.766074744801654,0.964900394338268,560_bodyfat,4,DT,False,20
0.533333395041671,4.488627256693214,2.118638066469404,0.9176377839803428,560_bodyfat,5,DT,True,20
0.533333395041671,4.488627256693214,2.118638066469404,0.9176377839803428,560_bodyfat,5,DT,False,20
0.7088075973878499,6.908069244818238,2.628320613018556,0.904483060460776,560_bodyfat,0,RF,True,1
0.7088075973878499,6.908069244818238,2.628320613018556,0.904483060460776,560_bodyfat,0,RF,False,1
0.4801241873837759,5.076684334499255,2.253149869515842,0.930978102105593,560_bodyfat,1,RF,True,1
0.4801241873837759,5.076684334499255,2.253149869515842,0.930978102105593,560_bodyfat,1,RF,False,1
0.386000662860416,3.3150238279103417,1.8207206891531555,0.9490726567741036,560_bodyfat,2,RF,True,1
0.386000662860416,3.3150238279103417,1.8207206891531555,0.9490726567741036,560_bodyfat,2,RF,False,1
0.503064484354717,4.5475727507643855,2.132503868874424,0.944431461253464,560_bodyfat,3,RF,True,1
0.503064484354717,4.5475727507643855,2.132503868874424,0.944431461253464,560_bodyfat,3,RF,False,1
0.7147790554840915,6.179186459128771,2.485796946479895,0.9304630916980798,560_bodyfat,4,RF,True,1
0.7147790554840915,6.179186459128771,2.485796946479895,0.9304630916980798,560_bodyfat,4,RF,False,1
0.6986758270359394,7.20764890751092,2.684706484424493,0.8677462167460982,560_bodyfat,5,RF,True,1
0.6986758270359394,7.20764890751092,2.684706484424493,0.8677462167460982,560_bodyfat,5,RF,False,1
0.7088075973878499,6.908069244818238,2.628320613018556,0.904483060460776,560_bodyfat,0,RF,True,5
0.7088075973878499,6.908069244818238,2.628320613018556,0.904483060460776,560_bodyfat,0,RF,False,5
0.4801241873837759,5.076684334499255,2.253149869515842,0.930978102105593,560_bodyfat,1,RF,True,5
0.4801241873837759,5.076684334499255,2.253149869515842,0.930978102105593,560_bodyfat,1,RF,False,5
0.386000662860416,3.3150238279103417,1.8207206891531555,0.9490726567741036,560_bodyfat,2,RF,True,5
0.386000662860416,3.3150238279103417,1.8207206891531555,0.9490726567741036,560_bodyfat,2,RF,False,5
0.503064484354717,4.5475727507643855,2.132503868874424,0.944431461253464,560_bodyfat,3,RF,True,5
0.503064484354717,4.5475727507643855,2.132503868874424,0.944431461253464,560_bodyfat,3,RF,False,5
0.7147790554840915,6.179186459128771,2.485796946479895,0.9304630916980798,560_bodyfat,4,RF,True,5
0.7147790554840915,6.179186459128771,2.485796946479895,0.9304630916980798,560_bodyfat,4,RF,False,5
0.6986758270359394,7.20764890751092,2.684706484424493,0.8677462167460982,560_bodyfat,5,RF,True,5
0.6986758270359394,7.20764890751092,2.684706484424493,0.8677462167460982,560_bodyfat,5,RF,False,5
0.428588332755893,2.004554905897221,1.4158230489355728,0.9722832903139672,560_bodyfat,0,RF,True,10
0.428588332755893,2.004554905897221,1.4158230489355728,0.9722832903139672,560_bodyfat,0,RF,False,10
0.5382548532415837,5.10058238841893,2.258446897409574,0.9306531874706,560_bodyfat,1,RF,True,10
0.5382548532415837,5.10058238841893,2.258446897409574,0.9306531874706,560_bodyfat,1,RF,False,10
0.3417059911816726,1.218167106925968,1.103706078141263,0.9812858013753638,560_bodyfat,2,RF,True,10
0.3417059911816726,1.218167106925968,1.103706078141263,0.9812858013753638,560_bodyfat,2,RF,False,10
0.4882550602450091,2.81752928299576,1.67854975588922,0.9655715271173324,560_bodyfat,3,RF,True,10
0.4882550602450091,2.81752928299576,1.67854975588922,0.9655715271173324,560_bodyfat,3,RF,False,10
0.6036079205718689,4.332437269735672,2.0814507608242074,0.9512453143885372,560_bodyfat,4,RF,True,10
0.6036079205718689,4.332437269735672,2.0814507608242074,0.9512453143885372,560_bodyfat,4,RF,False,10
0.6520589377833346,6.357871498001665,2.521482004298596,0.8833388571165502,560_bodyfat,5,RF,True,10
0.6520589377833346,6.357871498001665,2.521482004298596,0.8833388571165502,560_bodyfat,5,RF,False,10
0.4209804858880883,1.3969166643734976,1.1819122913200868,0.9806850221322864,560_bodyfat,0,RF,True,20
0.4209804858880883,1.3969166643734976,1.1819122913200868,0.9806850221322864,560_bodyfat,0,RF,False,20
0.5666077710600461,4.944400954454888,2.2236008981952877,0.9327766086403606,560_bodyfat,1,RF,True,20
0.5666077710600461,4.944400954454888,2.2236008981952877,0.9327766086403606,560_bodyfat,1,RF,False,20
0.353941312712781,0.8946036136068536,0.94583487650163,0.986256573814734,560_bodyfat,2,RF,True,20
0.353941312712781,0.8946036136068536,0.94583487650163,0.986256573814734,560_bodyfat,2,RF,False,20
0.4519609318878133,2.262643033847776,1.5042084409574945,0.9723518953985252,560_bodyfat,3,RF,True,20
0.4519609318878133,2.262643033847776,1.5042084409574945,0.9723518953985252,560_bodyfat,3,RF,False,20
0.6096471813613293,4.256215949532183,2.063059851175477,0.952103064027377,560_bodyfat,4,RF,True,20
0.6096471813613293,4.256215949532183,2.063059851175477,0.952103064027377,560_bodyfat,4,RF,False,20
0.6573726502937426,6.269175228733173,2.5038321087351627,0.8849663527565003,560_bodyfat,5,RF,True,20
0.6573726502937426,6.269175228733173,2.5038321087351627,0.8849663527565003,560_bodyfat,5,RF,False,20
0.7447564642674109,0.8423156965720267,0.9177775855685444,0.9883534147370108,560_bodyfat,0,SVR,True,1
0.7447564642674109,0.8423156965720267,0.9177775855685444,0.9883534147370108,560_bodyfat,0,SVR,False,1
0.8605578517760565,5.6666870977428765,2.380480434228115,0.9229565061585532,560_bodyfat,1,SVR,True,1
0.8605578517760565,5.6666870977428765,2.380480434228115,0.9229565061585532,560_bodyfat,1,SVR,False,1
0.6138444349693332,0.5636719941236498,0.7507809228554291,0.9913405397361336,560_bodyfat,2,SVR,True,1
0.6138444349693332,0.5636719941236498,0.7507809228554291,0.9913405397361336,560_bodyfat,2,SVR,False,1
0.5651984613899255,0.5632293668319368,0.7504860870342213,0.9931176839581672,560_bodyfat,3,SVR,True,1
0.5651984613899255,0.5632293668319368,0.7504860870342213,0.9931176839581672,560_bodyfat,3,SVR,False,1
0.6909977385254831,2.069009708749681,1.4384052658238156,0.976716588932098,560_bodyfat,4,SVR,True,1
0.6909977385254831,2.069009708749681,1.4384052658238156,0.976716588932098,560_bodyfat,4,SVR,False,1
0.973534543665615,6.045775352316426,2.458815843514196,0.8890655367225478,560_bodyfat,5,SVR,True,1
0.973534543665615,6.045775352316426,2.458815843514196,0.8890655367225478,560_bodyfat,5,SVR,False,1
0.7447564642674109,0.8423156965720267,0.9177775855685444,0.9883534147370108,560_bodyfat,0,SVR,True,5
0.7447564642674109,0.8423156965720267,0.9177775855685444,0.9883534147370108,560_bodyfat,0,SVR,False,5
0.8605578517760565,5.6666870977428765,2.380480434228115,0.9229565061585532,560_bodyfat,1,SVR,True,5
0.8605578517760565,5.6666870977428765,2.380480434228115,0.9229565061585532,560_bodyfat,1,SVR,False,5
0.6138444349693332,0.5636719941236498,0.7507809228554291,0.9913405397361336,560_bodyfat,2,SVR,True,5
0.6138444349693332,0.5636719941236498,0.7507809228554291,0.9913405397361336,560_bodyfat,2,SVR,False,5
0.5651984613899255,0.5632293668319368,0.7504860870342213,0.9931176839581672,560_bodyfat,3,SVR,True,5
0.5651984613899255,0.5632293668319368,0.7504860870342213,0.9931176839581672,560_bodyfat,3,SVR,False,5
0.6909977385254831,2.069009708749681,1.4384052658238156,0.976716588932098,560_bodyfat,4,SVR,True,5
0.6909977385254831,2.069009708749681,1.4384052658238156,0.976716588932098,560_bodyfat,4,SVR,False,5
0.973534543665615,6.045775352316426,2.458815843514196,0.8890655367225478,560_bodyfat,5,SVR,True,5
0.973534543665615,6.045775352316426,2.458815843514196,0.8890655367225478,560_bodyfat,5,SVR,False,5
0.4064775727637161,0.483266834504578,0.6951739598867164,0.993317934812638,560_bodyfat,0,SVR,True,10
0.4064775727637147,0.4832668345045772,0.6951739598867158,0.993317934812638,560_bodyfat,0,SVR,False,10
0.7774329159969771,5.401654386191857,2.324145947696026,0.9265598542397092,560_bodyfat,1,SVR,True,10
0.7774329159969771,5.401654386191857,2.324145947696026,0.9265598542397092,560_bodyfat,1,SVR,False,10
0.4194963979472772,0.4420160783949755,0.6648428975291648,0.9932094893719132,560_bodyfat,2,SVR,True,10
0.4194963979472775,0.4420160783949757,0.6648428975291649,0.9932094893719132,560_bodyfat,2,SVR,False,10
0.4017241019343231,0.4638613168354769,0.6810736500816024,0.9943319003410648,560_bodyfat,3,SVR,True,10
0.4017241019343232,0.4638613168354762,0.6810736500816019,0.9943319003410648,560_bodyfat,3,SVR,False,10
0.6806798262918473,2.0331746557591144,1.425894335411679,0.9771198554155228,560_bodyfat,4,SVR,True,10
0.6806798262918474,2.0331746557591157,1.4258943354116795,0.9771198554155228,560_bodyfat,4,SVR,False,10
0.7731092601784663,5.6968586150535305,2.3868092959123337,0.895467840599411,560_bodyfat,5,SVR,True,10
0.7731092601784681,5.696858615053533,2.386809295912334,0.895467840599411,560_bodyfat,5,SVR,False,10
0.357650827499316,0.5173323896513135,0.7192582218169726,0.992846914986981,560_bodyfat,0,SVR,True,20
0.357650827499316,0.5173323896513142,0.7192582218169732,0.992846914986981,560_bodyfat,0,SVR,False,20
0.805740473434474,5.52039631687742,2.349552365212876,0.924945455377076,560_bodyfat,1,SVR,True,20
0.8057404734344761,5.520396316877425,2.349552365212877,0.9249454553770758,560_bodyfat,1,SVR,False,20
0.3901071642838198,0.448337336897705,0.6695799705021835,0.9931123784858082,560_bodyfat,2,SVR,True,20
0.3901071642838208,0.4483373368977045,0.6695799705021832,0.9931123784858082,560_bodyfat,2,SVR,False,20
0.3650850155508758,0.4983482077321329,0.7059378214348151,0.993910491770368,560_bodyfat,3,SVR,True,20
0.365085015550876,0.4983482077321325,0.7059378214348149,0.993910491770368,560_bodyfat,3,SVR,False,20
0.6797383409794989,2.030936168249664,1.425109177659615,0.977145046029483,560_bodyfat,4,SVR,True,20
0.6797383409794978,2.0309361682496614,1.425109177659614,0.977145046029483,560_bodyfat,4,SVR,False,20
0.7737640990019263,5.709336308879095,2.389421751989191,0.8952388862987936,560_bodyfat,5,SVR,True,20
0.7737640990019267,5.709336308879095,2.389421751989191,0.8952388862987936,560_bodyfat,5,SVR,False,20
0.9499366353995832,1.8325330734716168,1.3537108529784403,0.9441566517171478,1096_FacultySalaries,0,LR,True,1
0.9499366353995832,1.8325330734716168,1.3537108529784403,0.9441566517171478,1096_FacultySalaries,0,LR,False,1
1.7019378726171923,4.665749520951463,2.16003461105406,0.7297473560082284,1096_FacultySalaries,1,LR,True,1
1.7019378726171923,4.665749520951463,2.16003461105406,0.7297473560082284,1096_FacultySalaries,1,LR,False,1
0.6871745839676912,0.757725162330716,0.8704741020448087,0.9466799943177864,1096_FacultySalaries,2,LR,True,1
0.6871745839676912,0.757725162330716,0.8704741020448087,0.9466799943177864,1096_FacultySalaries,2,LR,False,1
1.2277925007601929,2.8305177683022658,1.6824142677421234,0.8426756084067748,1096_FacultySalaries,3,LR,True,1
1.2277925007601929,2.8305177683022658,1.6824142677421234,0.8426756084067748,1096_FacultySalaries,3,LR,False,1
1.3879419492170526,3.270827903961891,1.8085430334835528,0.9050771875491932,1096_FacultySalaries,4,LR,True,1
1.3879419492170526,3.270827903961891,1.8085430334835528,0.9050771875491932,1096_FacultySalaries,4,LR,False,1
1.386149745861092,2.7673588433262504,1.6635380498582684,0.7669377609661643,1096_FacultySalaries,5,LR,True,1
1.386149745861092,2.7673588433262504,1.6635380498582684,0.7669377609661643,1096_FacultySalaries,5,LR,False,1
0.9499366353995832,1.8325330734716168,1.3537108529784403,0.9441566517171478,1096_FacultySalaries,0,LR,True,5
0.9499366353995832,1.8325330734716168,1.3537108529784403,0.9441566517171478,1096_FacultySalaries,0,LR,False,5
1.7019378726171923,4.665749520951463,2.16003461105406,0.7297473560082284,1096_FacultySalaries,1,LR,True,5
1.7019378726171923,4.665749520951463,2.16003461105406,0.7297473560082284,1096_FacultySalaries,1,LR,False,5
0.6871745839676912,0.757725162330716,0.8704741020448087,0.9466799943177864,1096_FacultySalaries,2,LR,True,5
0.6871745839676912,0.757725162330716,0.8704741020448087,0.9466799943177864,1096_FacultySalaries,2,LR,False,5
1.2277925007601929,2.8305177683022658,1.6824142677421234,0.8426756084067748,1096_FacultySalaries,3,LR,True,5
1.2277925007601929,2.8305177683022658,1.6824142677421234,0.8426756084067748,1096_FacultySalaries,3,LR,False,5
1.3879419492170526,3.270827903961891,1.8085430334835528,0.9050771875491932,1096_FacultySalaries,4,LR,True,5
1.3879419492170526,3.270827903961891,1.8085430334835528,0.9050771875491932,1096_FacultySalaries,4,LR,False,5
1.386149745861092,2.7673588433262504,1.6635380498582684,0.7669377609661643,1096_FacultySalaries,5,LR,True,5
1.386149745861092,2.7673588433262504,1.6635380498582684,0.7669377609661643,1096_FacultySalaries,5,LR,False,5
0.9499366353995832,1.8325330734716168,1.3537108529784403,0.9441566517171478,1096_FacultySalaries,0,LR,True,10
0.9499366353995832,1.8325330734716168,1.3537108529784403,0.9441566517171478,1096_FacultySalaries,0,LR,False,10
1.7019378726171923,4.665749520951463,2.16003461105406,0.7297473560082284,1096_FacultySalaries,1,LR,True,10
1.7019378726171923,4.665749520951463,2.16003461105406,0.7297473560082284,1096_FacultySalaries,1,LR,False,10
0.6871745839676912,0.757725162330716,0.8704741020448087,0.9466799943177864,1096_FacultySalaries,2,LR,True,10
0.6871745839676912,0.757725162330716,0.8704741020448087,0.9466799943177864,1096_FacultySalaries,2,LR,False,10
1.2277925007601929,2.8305177683022658,1.6824142677421234,0.8426756084067748,1096_FacultySalaries,3,LR,True,10
1.2277925007601929,2.8305177683022658,1.6824142677421234,0.8426756084067748,1096_FacultySalaries,3,LR,False,10
1.3879419492170526,3.270827903961891,1.8085430334835528,0.9050771875491932,1096_FacultySalaries,4,LR,True,10
1.3879419492170526,3.270827903961891,1.8085430334835528,0.9050771875491932,1096_FacultySalaries,4,LR,False,10
1.386149745861092,2.7673588433262504,1.6635380498582684,0.7669377609661643,1096_FacultySalaries,5,LR,True,10
1.386149745861092,2.7673588433262504,1.6635380498582684,0.7669377609661643,1096_FacultySalaries,5,LR,False,10
0.9499366353995832,1.8325330734716168,1.3537108529784403,0.9441566517171478,1096_FacultySalaries,0,LR,True,20
0.9499366353995832,1.8325330734716168,1.3537108529784403,0.9441566517171478,1096_FacultySalaries,0,LR,False,20
1.7019378726171923,4.665749520951463,2.16003461105406,0.7297473560082284,1096_FacultySalaries,1,LR,True,20
1.7019378726171923,4.665749520951463,2.16003461105406,0.7297473560082284,1096_FacultySalaries,1,LR,False,20
0.6871745839676912,0.757725162330716,0.8704741020448087,0.9466799943177864,1096_FacultySalaries,2,LR,True,20
0.6871745839676912,0.757725162330716,0.8704741020448087,0.9466799943177864,1096_FacultySalaries,2,LR,False,20
1.2277925007601929,2.8305177683022658,1.6824142677421234,0.8426756084067748,1096_FacultySalaries,3,LR,True,20
1.2277925007601929,2.8305177683022658,1.6824142677421234,0.8426756084067748,1096_FacultySalaries,3,LR,False,20
1.3879419492170526,3.270827903961891,1.8085430334835528,0.9050771875491932,1096_FacultySalaries,4,LR,True,20
1.3879419492170526,3.270827903961891,1.8085430334835528,0.9050771875491932,1096_FacultySalaries,4,LR,False,20
1.386149745861092,2.7673588433262504,1.6635380498582684,0.7669377609661643,1096_FacultySalaries,5,LR,True,20
1.386149745861092,2.7673588433262504,1.6635380498582684,0.7669377609661643,1096_FacultySalaries,5,LR,False,20
1.719999694824217,5.457200775147528,2.336065233495745,0.8337010294942793,1096_FacultySalaries,0,KNN,True,1
1.719999694824217,5.457200775147528,2.336065233495745,0.8337010294942793,1096_FacultySalaries,0,KNN,False,1
1.685199890136719,4.403758841822159,2.0985134838313906,0.7449225542090645,1096_FacultySalaries,1,KNN,True,1
1.685199890136719,4.403758841822159,2.0985134838313906,0.7449225542090645,1096_FacultySalaries,1,KNN,False,1
1.1356005859375018,2.4152866270032285,1.554119244782468,0.8300398309594765,1096_FacultySalaries,2,KNN,True,1
1.1356005859375018,2.4152866270032285,1.554119244782468,0.8300398309594765,1096_FacultySalaries,2,KNN,False,1
1.4220001983642567,2.9012407769789545,1.7033029022986357,0.8387447182932052,1096_FacultySalaries,3,KNN,True,1
1.4220001983642567,2.9012407769789545,1.7033029022986357,0.8387447182932052,1096_FacultySalaries,3,KNN,False,1
1.9539996337890613,6.577800982667131,2.5647223987533487,0.8091054047019286,1096_FacultySalaries,4,KNN,True,1
1.9539996337890613,6.577800982667131,2.5647223987533487,0.8091054047019286,1096_FacultySalaries,4,KNN,False,1
1.4539999389648428,3.0773204174817046,1.75422929444292,0.7408333261685822,1096_FacultySalaries,5,KNN,True,1
1.4539999389648428,3.0773204174817046,1.75422929444292,0.7408333261685822,1096_FacultySalaries,5,KNN,False,1
1.719999694824217,5.457200775147528,2.336065233495745,0.8337010294942793,1096_FacultySalaries,0,KNN,True,5
1.719999694824217,5.457200775147528,2.336065233495745,0.8337010294942793,1096_FacultySalaries,0,KNN,False,5
1.685199890136719,4.403758841822159,2.0985134838313906,0.7449225542090645,1096_FacultySalaries,1,KNN,True,5
1.685199890136719,4.403758841822159,2.0985134838313906,0.7449225542090645,1096_FacultySalaries,1,KNN,False,5
1.1356005859375018,2.4152866270032285,1.554119244782468,0.8300398309594765,1096_FacultySalaries,2,KNN,True,5
1.1356005859375018,2.4152866270032285,1.554119244782468,0.8300398309594765,1096_FacultySalaries,2,KNN,False,5
1.4220001983642567,2.9012407769789545,1.7033029022986357,0.8387447182932052,1096_FacultySalaries,3,KNN,True,5
1.4220001983642567,2.9012407769789545,1.7033029022986357,0.8387447182932052,1096_FacultySalaries,3,KNN,False,5
1.9539996337890613,6.577800982667131,2.5647223987533487,0.8091054047019286,1096_FacultySalaries,4,KNN,True,5
1.9539996337890613,6.577800982667131,2.5647223987533487,0.8091054047019286,1096_FacultySalaries,4,KNN,False,5
1.4539999389648428,3.0773204174817046,1.75422929444292,0.7408333261685822,1096_FacultySalaries,5,KNN,True,5
1.4539999389648428,3.0773204174817046,1.75422929444292,0.7408333261685822,1096_FacultySalaries,5,KNN,False,5
1.719999694824217,5.457200775147528,2.336065233495745,0.8337010294942793,1096_FacultySalaries,0,KNN,True,10
1.719999694824217,5.457200775147528,2.336065233495745,0.8337010294942793,1096_FacultySalaries,0,KNN,False,10
1.685199890136719,4.403758841822159,2.0985134838313906,0.7449225542090645,1096_FacultySalaries,1,KNN,True,10
1.685199890136719,4.403758841822159,2.0985134838313906,0.7449225542090645,1096_FacultySalaries,1,KNN,False,10
1.1356005859375018,2.4152866270032285,1.554119244782468,0.8300398309594765,1096_FacultySalaries,2,KNN,True,10
1.1356005859375018,2.4152866270032285,1.554119244782468,0.8300398309594765,1096_FacultySalaries,2,KNN,False,10
1.4220001983642567,2.9012407769789545,1.7033029022986357,0.8387447182932052,1096_FacultySalaries,3,KNN,True,10
1.4220001983642567,2.9012407769789545,1.7033029022986357,0.8387447182932052,1096_FacultySalaries,3,KNN,False,10
1.9539996337890613,6.577800982667131,2.5647223987533487,0.8091054047019286,1096_FacultySalaries,4,KNN,True,10
1.9539996337890613,6.577800982667131,2.5647223987533487,0.8091054047019286,1096_FacultySalaries,4,KNN,False,10
1.4539999389648428,3.0773204174817046,1.75422929444292,0.7408333261685822,1096_FacultySalaries,5,KNN,True,10
1.4539999389648428,3.0773204174817046,1.75422929444292,0.7408333261685822,1096_FacultySalaries,5,KNN,False,10
1.719999694824217,5.457200775147528,2.336065233495745,0.8337010294942793,1096_FacultySalaries,0,KNN,True,20
1.719999694824217,5.457200775147528,2.336065233495745,0.8337010294942793,1096_FacultySalaries,0,KNN,False,20
1.685199890136719,4.403758841822159,2.0985134838313906,0.7449225542090645,1096_FacultySalaries,1,KNN,True,20
1.685199890136719,4.403758841822159,2.0985134838313906,0.7449225542090645,1096_FacultySalaries,1,KNN,False,20
1.1356005859375018,2.4152866270032285,1.554119244782468,0.8300398309594765,1096_FacultySalaries,2,KNN,True,20
1.1356005859375018,2.4152866270032285,1.554119244782468,0.8300398309594765,1096_FacultySalaries,2,KNN,False,20
1.4220001983642567,2.9012407769789545,1.7033029022986357,0.8387447182932052,1096_FacultySalaries,3,KNN,True,20
1.4220001983642567,2.9012407769789545,1.7033029022986357,0.8387447182932052,1096_FacultySalaries,3,KNN,False,20
1.9539996337890613,6.577800982667131,2.5647223987533487,0.8091054047019286,1096_FacultySalaries,4,KNN,True,20
1.9539996337890613,6.577800982667131,2.5647223987533487,0.8091054047019286,1096_FacultySalaries,4,KNN,False,20
1.4539999389648428,3.0773204174817046,1.75422929444292,0.7408333261685822,1096_FacultySalaries,5,KNN,True,20
1.4539999389648428,3.0773204174817046,1.75422929444292,0.7408333261685822,1096_FacultySalaries,5,KNN,False,20
2.240000534057617,10.644003845217233,3.262514957087129,0.675641972056506,1096_FacultySalaries,0,DT,True,1
2.240000534057617,10.644003845217233,3.262514957087129,0.675641972056506,1096_FacultySalaries,0,DT,False,1
2.3050003051757826,8.939253189088785,2.9898583894707764,0.4822146369378041,1096_FacultySalaries,1,DT,True,1
2.3050003051757826,8.939253189088785,2.9898583894707764,0.4822146369378041,1096_FacultySalaries,1,DT,False,1
2.0900011062622093,6.086506153109456,2.467084545188805,0.5717015102542171,1096_FacultySalaries,2,DT,True,1
2.0900011062622093,6.086506153109456,2.467084545188805,0.5717015102542171,1096_FacultySalaries,2,DT,False,1
2.001000213623048,6.931812390749114,2.6328335288713403,0.6147195473473082,1096_FacultySalaries,3,DT,True,1
2.001000213623048,6.931812390749114,2.6328335288713403,0.6147195473473082,1096_FacultySalaries,3,DT,False,1
1.6710002899169922,5.874810544434877,2.4238008466940677,0.8295069151091873,1096_FacultySalaries,4,DT,True,1
1.6710002899169922,5.874810544434877,2.4238008466940677,0.8295069151091873,1096_FacultySalaries,4,DT,False,1
2.1459999084472656,6.137561795656808,2.477410300224169,0.4831050198806229,1096_FacultySalaries,5,DT,True,1
2.1459999084472656,6.137561795656808,2.477410300224169,0.4831050198806229,1096_FacultySalaries,5,DT,False,1
2.240000534057617,10.644003845217233,3.262514957087129,0.675641972056506,1096_FacultySalaries,0,DT,True,5
2.240000534057617,10.644003845217233,3.262514957087129,0.675641972056506,1096_FacultySalaries,0,DT,False,5
2.3050003051757826,8.939253189088785,2.9898583894707764,0.4822146369378041,1096_FacultySalaries,1,DT,True,5
2.3050003051757826,8.939253189088785,2.9898583894707764,0.4822146369378041,1096_FacultySalaries,1,DT,False,5
2.0900011062622093,6.086506153109456,2.467084545188805,0.5717015102542171,1096_FacultySalaries,2,DT,True,5
2.0900011062622093,6.086506153109456,2.467084545188805,0.5717015102542171,1096_FacultySalaries,2,DT,False,5
2.001000213623048,6.931812390749114,2.6328335288713403,0.6147195473473082,1096_FacultySalaries,3,DT,True,5
2.001000213623048,6.931812390749114,2.6328335288713403,0.6147195473473082,1096_FacultySalaries,3,DT,False,5
1.6710002899169922,5.874810544434877,2.4238008466940677,0.8295069151091873,1096_FacultySalaries,4,DT,True,5
1.6710002899169922,5.874810544434877,2.4238008466940677,0.8295069151091873,1096_FacultySalaries,4,DT,False,5
2.1459999084472656,6.137561795656808,2.477410300224169,0.4831050198806229,1096_FacultySalaries,5,DT,True,5
2.1459999084472656,6.137561795656808,2.477410300224169,0.4831050198806229,1096_FacultySalaries,5,DT,False,5
2.240000534057617,10.644003845217233,3.262514957087129,0.675641972056506,1096_FacultySalaries,0,DT,True,10
2.240000534057617,10.644003845217233,3.262514957087129,0.675641972056506,1096_FacultySalaries,0,DT,False,10
2.3050003051757826,8.939253189088785,2.9898583894707764,0.4822146369378041,1096_FacultySalaries,1,DT,True,10
2.3050003051757826,8.939253189088785,2.9898583894707764,0.4822146369378041,1096_FacultySalaries,1,DT,False,10
2.0900011062622093,6.086506153109456,2.467084545188805,0.5717015102542171,1096_FacultySalaries,2,DT,True,10
2.0900011062622093,6.086506153109456,2.467084545188805,0.5717015102542171,1096_FacultySalaries,2,DT,False,10
2.001000213623048,6.931812390749114,2.6328335288713403,0.6147195473473082,1096_FacultySalaries,3,DT,True,10
2.001000213623048,6.931812390749114,2.6328335288713403,0.6147195473473082,1096_FacultySalaries,3,DT,False,10
1.6710002899169922,5.874810544434877,2.4238008466940677,0.8295069151091873,1096_FacultySalaries,4,DT,True,10
1.6710002899169922,5.874810544434877,2.4238008466940677,0.8295069151091873,1096_FacultySalaries,4,DT,False,10
2.1459999084472656,6.137561795656808,2.477410300224169,0.4831050198806229,1096_FacultySalaries,5,DT,True,10
2.1459999084472656,6.137561795656808,2.477410300224169,0.4831050198806229,1096_FacultySalaries,5,DT,False,10
2.240000534057617,10.644003845217233,3.262514957087129,0.675641972056506,1096_FacultySalaries,0,DT,True,20
2.240000534057617,10.644003845217233,3.262514957087129,0.675641972056506,1096_FacultySalaries,0,DT,False,20
2.3050003051757826,8.939253189088785,2.9898583894707764,0.4822146369378041,1096_FacultySalaries,1,DT,True,20
2.3050003051757826,8.939253189088785,2.9898583894707764,0.4822146369378041,1096_FacultySalaries,1,DT,False,20
2.0900011062622093,6.086506153109456,2.467084545188805,0.5717015102542171,1096_FacultySalaries,2,DT,True,20
2.0900011062622093,6.086506153109456,2.467084545188805,0.5717015102542171,1096_FacultySalaries,2,DT,False,20
2.001000213623048,6.931812390749114,2.6328335288713403,0.6147195473473082,1096_FacultySalaries,3,DT,True,20
2.001000213623048,6.931812390749114,2.6328335288713403,0.6147195473473082,1096_FacultySalaries,3,DT,False,20
1.6710002899169922,5.874810544434877,2.4238008466940677,0.8295069151091873,1096_FacultySalaries,4,DT,True,20
1.6710002899169922,5.874810544434877,2.4238008466940677,0.8295069151091873,1096_FacultySalaries,4,DT,False,20
2.1459999084472656,6.137561795656808,2.477410300224169,0.4831050198806229,1096_FacultySalaries,5,DT,True,20
2.1459999084472656,6.137561795656808,2.477410300224169,0.4831050198806229,1096_FacultySalaries,5,DT,False,20
1.810683327992757,6.752879412894802,2.598630295539325,0.7942174128120982,1096_FacultySalaries,0,RF,True,1
1.810683327992757,6.752879412894802,2.598630295539325,0.7942174128120982,1096_FacultySalaries,0,RF,False,1
1.857593358866375,5.9429347169868265,2.4378135115276613,0.6557693864353314,1096_FacultySalaries,1,RF,True,1
1.857593358866375,5.9429347169868265,2.4378135115276613,0.6557693864353314,1096_FacultySalaries,1,RF,False,1
1.85452085323334,4.177620067041337,2.0439227155255497,0.7060270177281616,1096_FacultySalaries,2,RF,True,1
1.85452085323334,4.177620067041337,2.0439227155255497,0.7060270177281616,1096_FacultySalaries,2,RF,False,1
1.8950936317443847,5.089872927913009,2.256074672503773,0.7170972849426642,1096_FacultySalaries,3,RF,True,1
1.8950936317443847,5.089872927913009,2.256074672503773,0.7170972849426642,1096_FacultySalaries,3,RF,False,1
1.600731659980046,3.791343675098231,1.947137302579926,0.8899712809188218,1096_FacultySalaries,4,RF,True,1
1.600731659980046,3.791343675098231,1.947137302579926,0.8899712809188218,1096_FacultySalaries,4,RF,False,1
1.6794997177124005,4.019704201590136,2.0049199988004847,0.6614673721351332,1096_FacultySalaries,5,RF,True,1
1.6794997177124005,4.019704201590136,2.0049199988004847,0.6614673721351332,1096_FacultySalaries,5,RF,False,1
1.810683327992757,6.752879412894802,2.598630295539325,0.7942174128120982,1096_FacultySalaries,0,RF,True,5
1.810683327992757,6.752879412894802,2.598630295539325,0.7942174128120982,1096_FacultySalaries,0,RF,False,5
1.857593358866375,5.9429347169868265,2.4378135115276613,0.6557693864353314,1096_FacultySalaries,1,RF,True,5
1.857593358866375,5.9429347169868265,2.4378135115276613,0.6557693864353314,1096_FacultySalaries,1,RF,False,5
1.85452085323334,4.177620067041337,2.0439227155255497,0.7060270177281616,1096_FacultySalaries,2,RF,True,5
1.85452085323334,4.177620067041337,2.0439227155255497,0.7060270177281616,1096_FacultySalaries,2,RF,False,5
1.8950936317443847,5.089872927913009,2.256074672503773,0.7170972849426642,1096_FacultySalaries,3,RF,True,5
1.8950936317443847,5.089872927913009,2.256074672503773,0.7170972849426642,1096_FacultySalaries,3,RF,False,5
1.600731659980046,3.791343675098231,1.947137302579926,0.8899712809188218,1096_FacultySalaries,4,RF,True,5
1.600731659980046,3.791343675098231,1.947137302579926,0.8899712809188218,1096_FacultySalaries,4,RF,False,5
1.6794997177124005,4.019704201590136,2.0049199988004847,0.6614673721351332,1096_FacultySalaries,5,RF,True,5
1.6794997177124005,4.019704201590136,2.0049199988004847,0.6614673721351332,1096_FacultySalaries,5,RF,False,5
1.810683327992757,6.752879412894802,2.598630295539325,0.7942174128120982,1096_FacultySalaries,0,RF,True,10
1.810683327992757,6.752879412894802,2.598630295539325,0.7942174128120982,1096_FacultySalaries,0,RF,False,10
1.857593358866375,5.9429347169868265,2.4378135115276613,0.6557693864353314,1096_FacultySalaries,1,RF,True,10
1.857593358866375,5.9429347169868265,2.4378135115276613,0.6557693864353314,1096_FacultySalaries,1,RF,False,10
1.85452085323334,4.177620067041337,2.0439227155255497,0.7060270177281616,1096_FacultySalaries,2,RF,True,10
1.85452085323334,4.177620067041337,2.0439227155255497,0.7060270177281616,1096_FacultySalaries,2,RF,False,10
1.8950936317443847,5.089872927913009,2.256074672503773,0.7170972849426642,1096_FacultySalaries,3,RF,True,10
1.8950936317443847,5.089872927913009,2.256074672503773,0.7170972849426642,1096_FacultySalaries,3,RF,False,10
1.600731659980046,3.791343675098231,1.947137302579926,0.8899712809188218,1096_FacultySalaries,4,RF,True,10
1.600731659980046,3.791343675098231,1.947137302579926,0.8899712809188218,1096_FacultySalaries,4,RF,False,10
1.6794997177124005,4.019704201590136,2.0049199988004847,0.6614673721351332,1096_FacultySalaries,5,RF,True,10
1.6794997177124005,4.019704201590136,2.0049199988004847,0.6614673721351332,1096_FacultySalaries,5,RF,False,10
1.810683327992757,6.752879412894802,2.598630295539325,0.7942174128120982,1096_FacultySalaries,0,RF,True,20
1.810683327992757,6.752879412894802,2.598630295539325,0.7942174128120982,1096_FacultySalaries,0,RF,False,20
1.857593358866375,5.9429347169868265,2.4378135115276613,0.6557693864353314,1096_FacultySalaries,1,RF,True,20
1.857593358866375,5.9429347169868265,2.4378135115276613,0.6557693864353314,1096_FacultySalaries,1,RF,False,20
1.85452085323334,4.177620067041337,2.0439227155255497,0.7060270177281616,1096_FacultySalaries,2,RF,True,20
1.85452085323334,4.177620067041337,2.0439227155255497,0.7060270177281616,1096_FacultySalaries,2,RF,False,20
1.8950936317443847,5.089872927913009,2.256074672503773,0.7170972849426642,1096_FacultySalaries,3,RF,True,20
1.8950936317443847,5.089872927913009,2.256074672503773,0.7170972849426642,1096_FacultySalaries,3,RF,False,20
1.600731659980046,3.791343675098231,1.947137302579926,0.8899712809188218,1096_FacultySalaries,4,RF,True,20
1.600731659980046,3.791343675098231,1.947137302579926,0.8899712809188218,1096_FacultySalaries,4,RF,False,20
1.6794997177124005,4.019704201590136,2.0049199988004847,0.6614673721351332,1096_FacultySalaries,5,RF,True,20
1.6794997177124005,4.019704201590136,2.0049199988004847,0.6614673721351332,1096_FacultySalaries,5,RF,False,20
0.945458206111182,1.852056378690527,1.3609027807637573,0.9435617119865888,1096_FacultySalaries,0,SVR,True,1
0.945458206111182,1.852056378690527,1.3609027807637573,0.9435617119865888,1096_FacultySalaries,0,SVR,False,1
1.6970068875266977,4.663300280815985,2.159467591980946,0.7298892225227962,1096_FacultySalaries,1,SVR,True,1
1.6970068875266977,4.663300280815985,2.159467591980946,0.7298892225227962,1096_FacultySalaries,1,SVR,False,1
0.6825365520931136,0.7551900821142015,0.8690167329310762,0.946858384185603,1096_FacultySalaries,2,SVR,True,1
0.6825365520931136,0.7551900821142015,0.8690167329310762,0.946858384185603,1096_FacultySalaries,2,SVR,False,1
1.2294213186673928,2.7740665700146785,1.665552932216409,0.8458132500512681,1096_FacultySalaries,3,SVR,True,1
1.2294213186673928,2.7740665700146785,1.665552932216409,0.8458132500512681,1096_FacultySalaries,3,SVR,False,1
1.2984156024944007,3.0121285115126986,1.735548475702335,0.9125849117803726,1096_FacultySalaries,4,SVR,True,1
1.2984156024944007,3.0121285115126986,1.735548475702335,0.9125849117803726,1096_FacultySalaries,4,SVR,False,1
1.3795195763510637,2.733895191432236,1.6534494825764214,0.7697560126198941,1096_FacultySalaries,5,SVR,True,1
1.3795195763510637,2.733895191432236,1.6534494825764214,0.7697560126198941,1096_FacultySalaries,5,SVR,False,1
0.945458206111182,1.852056378690527,1.3609027807637573,0.9435617119865888,1096_FacultySalaries,0,SVR,True,5
0.945458206111182,1.852056378690527,1.3609027807637573,0.9435617119865888,1096_FacultySalaries,0,SVR,False,5
1.6970068875266977,4.663300280815985,2.159467591980946,0.7298892225227962,1096_FacultySalaries,1,SVR,True,5
1.6970068875266977,4.663300280815985,2.159467591980946,0.7298892225227962,1096_FacultySalaries,1,SVR,False,5
0.6825365520931136,0.7551900821142015,0.8690167329310762,0.946858384185603,1096_FacultySalaries,2,SVR,True,5
0.6825365520931136,0.7551900821142015,0.8690167329310762,0.946858384185603,1096_FacultySalaries,2,SVR,False,5
1.2294213186673928,2.7740665700146785,1.665552932216409,0.8458132500512681,1096_FacultySalaries,3,SVR,True,5
1.2294213186673928,2.7740665700146785,1.665552932216409,0.8458132500512681,1096_FacultySalaries,3,SVR,False,5
1.2984156024944007,3.0121285115126986,1.735548475702335,0.9125849117803726,1096_FacultySalaries,4,SVR,True,5
1.2984156024944007,3.0121285115126986,1.735548475702335,0.9125849117803726,1096_FacultySalaries,4,SVR,False,5
1.3795195763510637,2.733895191432236,1.6534494825764214,0.7697560126198941,1096_FacultySalaries,5,SVR,True,5
1.3795195763510637,2.733895191432236,1.6534494825764214,0.7697560126198941,1096_FacultySalaries,5,SVR,False,5
0.945458206111182,1.852056378690527,1.3609027807637573,0.9435617119865888,1096_FacultySalaries,0,SVR,True,10
0.945458206111182,1.852056378690527,1.3609027807637573,0.9435617119865888,1096_FacultySalaries,0,SVR,False,10
1.6970068875266977,4.663300280815985,2.159467591980946,0.7298892225227962,1096_FacultySalaries,1,SVR,True,10
1.6970068875266977,4.663300280815985,2.159467591980946,0.7298892225227962,1096_FacultySalaries,1,SVR,False,10
0.6825365520931136,0.7551900821142015,0.8690167329310762,0.946858384185603,1096_FacultySalaries,2,SVR,True,10
0.6825365520931136,0.7551900821142015,0.8690167329310762,0.946858384185603,1096_FacultySalaries,2,SVR,False,10
1.2294213186673928,2.7740665700146785,1.665552932216409,0.8458132500512681,1096_FacultySalaries,3,SVR,True,10
1.2294213186673928,2.7740665700146785,1.665552932216409,0.8458132500512681,1096_FacultySalaries,3,SVR,False,10
1.2984156024944007,3.0121285115126986,1.735548475702335,0.9125849117803726,1096_FacultySalaries,4,SVR,True,10
1.2984156024944007,3.0121285115126986,1.735548475702335,0.9125849117803726,1096_FacultySalaries,4,SVR,False,10
1.3795195763510637,2.733895191432236,1.6534494825764214,0.7697560126198941,1096_FacultySalaries,5,SVR,True,10
1.3795195763510637,2.733895191432236,1.6534494825764214,0.7697560126198941,1096_FacultySalaries,5,SVR,False,10
0.945458206111182,1.852056378690527,1.3609027807637573,0.9435617119865888,1096_FacultySalaries,0,SVR,True,20
0.945458206111182,1.852056378690527,1.3609027807637573,0.9435617119865888,1096_FacultySalaries,0,SVR,False,20
1.6970068875266977,4.663300280815985,2.159467591980946,0.7298892225227962,1096_FacultySalaries,1,SVR,True,20
1.6970068875266977,4.663300280815985,2.159467591980946,0.7298892225227962,1096_FacultySalaries,1,SVR,False,20
0.6825365520931136,0.7551900821142015,0.8690167329310762,0.946858384185603,1096_FacultySalaries,2,SVR,True,20
0.6825365520931136,0.7551900821142015,0.8690167329310762,0.946858384185603,1096_FacultySalaries,2,SVR,False,20
1.2294213186673928,2.7740665700146785,1.665552932216409,0.8458132500512681,1096_FacultySalaries,3,SVR,True,20
1.2294213186673928,2.7740665700146785,1.665552932216409,0.8458132500512681,1096_FacultySalaries,3,SVR,False,20
1.2984156024944007,3.0121285115126986,1.735548475702335,0.9125849117803726,1096_FacultySalaries,4,SVR,True,20
1.2984156024944007,3.0121285115126986,1.735548475702335,0.9125849117803726,1096_FacultySalaries,4,SVR,False,20
1.3795195763510637,2.733895191432236,1.6534494825764214,0.7697560126198941,1096_FacultySalaries,5,SVR,True,20
1.3795195763510637,2.733895191432236,1.6534494825764214,0.7697560126198941,1096_FacultySalaries,5,SVR,False,20
0.5701582766085571,0.6066193986866822,0.7788577525368046,0.732274587335743,1027_ESL,0,LR,True,1
0.5701582766085571,0.6066193986866822,0.7788577525368046,0.732274587335743,1027_ESL,0,LR,False,1
0.5995123376425023,0.7418401170140968,0.8613014089237848,0.6116308267209929,1027_ESL,1,LR,True,1
0.5995123376425023,0.7418401170140968,0.8613014089237848,0.6116308267209929,1027_ESL,1,LR,False,1
0.5799737672303301,0.6622930210324742,0.8138138737036094,0.6591467673760312,1027_ESL,2,LR,True,1
0.5799737672303301,0.6622930210324742,0.8138138737036094,0.6591467673760312,1027_ESL,2,LR,False,1
0.5191698593894283,0.5604416964151401,0.7486265400152068,0.6703728304016776,1027_ESL,3,LR,True,1
0.5191698593894283,0.5604416964151401,0.7486265400152068,0.6703728304016776,1027_ESL,3,LR,False,1
0.5851683725284292,0.6645284704529448,0.8151861569316207,0.6630520336713963,1027_ESL,4,LR,True,1
0.5851683725284292,0.6645284704529448,0.8151861569316207,0.6630520336713963,1027_ESL,4,LR,False,1
0.5308952273400054,0.597276253333733,0.7728364984482378,0.7322641242932475,1027_ESL,5,LR,True,1
0.5308952273400054,0.597276253333733,0.7728364984482378,0.7322641242932475,1027_ESL,5,LR,False,1
0.5701582766085571,0.6066193986866822,0.7788577525368046,0.732274587335743,1027_ESL,0,LR,True,5
0.5701582766085571,0.6066193986866822,0.7788577525368046,0.732274587335743,1027_ESL,0,LR,False,5
0.5995123376425023,0.7418401170140968,0.8613014089237848,0.6116308267209929,1027_ESL,1,LR,True,5
0.5995123376425023,0.7418401170140968,0.8613014089237848,0.6116308267209929,1027_ESL,1,LR,False,5
0.5799737672303301,0.6622930210324742,0.8138138737036094,0.6591467673760312,1027_ESL,2,LR,True,5
0.5799737672303301,0.6622930210324742,0.8138138737036094,0.6591467673760312,1027_ESL,2,LR,False,5
0.5191698593894283,0.5604416964151401,0.7486265400152068,0.6703728304016776,1027_ESL,3,LR,True,5
0.5191698593894283,0.5604416964151401,0.7486265400152068,0.6703728304016776,1027_ESL,3,LR,False,5
0.5851683725284292,0.6645284704529448,0.8151861569316207,0.6630520336713963,1027_ESL,4,LR,True,5
0.5851683725284292,0.6645284704529448,0.8151861569316207,0.6630520336713963,1027_ESL,4,LR,False,5
0.5308952273400054,0.597276253333733,0.7728364984482378,0.7322641242932475,1027_ESL,5,LR,True,5
0.5308952273400054,0.597276253333733,0.7728364984482378,0.7322641242932475,1027_ESL,5,LR,False,5
0.5701582766085571,0.6066193986866822,0.7788577525368046,0.732274587335743,1027_ESL,0,LR,True,10
0.5701582766085571,0.6066193986866822,0.7788577525368046,0.732274587335743,1027_ESL,0,LR,False,10
0.5995123376425023,0.7418401170140968,0.8613014089237848,0.6116308267209929,1027_ESL,1,LR,True,10
0.5995123376425023,0.7418401170140968,0.8613014089237848,0.6116308267209929,1027_ESL,1,LR,False,10
0.5799737672303301,0.6622930210324742,0.8138138737036094,0.6591467673760312,1027_ESL,2,LR,True,10
0.5799737672303301,0.6622930210324742,0.8138138737036094,0.6591467673760312,1027_ESL,2,LR,False,10
0.5191698593894283,0.5604416964151401,0.7486265400152068,0.6703728304016776,1027_ESL,3,LR,True,10
0.5191698593894283,0.5604416964151401,0.7486265400152068,0.6703728304016776,1027_ESL,3,LR,False,10
0.5851683725284292,0.6645284704529448,0.8151861569316207,0.6630520336713963,1027_ESL,4,LR,True,10
0.5851683725284292,0.6645284704529448,0.8151861569316207,0.6630520336713963,1027_ESL,4,LR,False,10
0.5308952273400054,0.597276253333733,0.7728364984482378,0.7322641242932475,1027_ESL,5,LR,True,10
0.5308952273400054,0.597276253333733,0.7728364984482378,0.7322641242932475,1027_ESL,5,LR,False,10
0.5701582766085571,0.6066193986866822,0.7788577525368046,0.732274587335743,1027_ESL,0,LR,True,20
0.5701582766085571,0.6066193986866822,0.7788577525368046,0.732274587335743,1027_ESL,0,LR,False,20
0.5995123376425023,0.7418401170140968,0.8613014089237848,0.6116308267209929,1027_ESL,1,LR,True,20
0.5995123376425023,0.7418401170140968,0.8613014089237848,0.6116308267209929,1027_ESL,1,LR,False,20
0.5799737672303301,0.6622930210324742,0.8138138737036094,0.6591467673760312,1027_ESL,2,LR,True,20
0.5799737672303301,0.6622930210324742,0.8138138737036094,0.6591467673760312,1027_ESL,2,LR,False,20
0.5191698593894283,0.5604416964151401,0.7486265400152068,0.6703728304016776,1027_ESL,3,LR,True,20
0.5191698593894283,0.5604416964151401,0.7486265400152068,0.6703728304016776,1027_ESL,3,LR,False,20
0.5851683725284292,0.6645284704529448,0.8151861569316207,0.6630520336713963,1027_ESL,4,LR,True,20
0.5851683725284292,0.6645284704529448,0.8151861569316207,0.6630520336713963,1027_ESL,4,LR,False,20
0.5308952273400054,0.597276253333733,0.7728364984482378,0.7322641242932475,1027_ESL,5,LR,True,20
0.5308952273400054,0.597276253333733,0.7728364984482378,0.7322641242932475,1027_ESL,5,LR,False,20
0.6612244897959185,0.742857142857143,0.8618916073713347,0.672147419695786,1027_ESL,0,KNN,True,1
0.6612244897959185,0.742857142857143,0.8618916073713347,0.672147419695786,1027_ESL,0,KNN,False,1
0.5489795918367347,0.7204081632653061,0.8487686158578828,0.6228509130553285,1027_ESL,1,KNN,True,1
0.5489795918367347,0.7204081632653061,0.8487686158578828,0.6228509130553285,1027_ESL,1,KNN,False,1
0.6897959183673469,0.8367346938775507,0.9147320339189782,0.5693692728149619,1027_ESL,2,KNN,True,1
0.6897959183673469,0.8367346938775507,0.9147320339189782,0.5693692728149619,1027_ESL,2,KNN,False,1
0.6795918367346941,0.7775510204081632,0.881788534972055,0.5426786698511851,1027_ESL,3,KNN,True,1
0.6795918367346941,0.7775510204081632,0.881788534972055,0.5426786698511851,1027_ESL,3,KNN,False,1
0.5979591836734695,0.7155102040816328,0.8458783624621408,0.6372018372841982,1027_ESL,4,KNN,True,1
0.5979591836734695,0.7155102040816328,0.8458783624621408,0.6372018372841982,1027_ESL,4,KNN,False,1
0.6183673469387755,0.6787755102040816,0.823878334588355,0.695731155192532,1027_ESL,5,KNN,True,1
0.6183673469387755,0.6787755102040816,0.823878334588355,0.695731155192532,1027_ESL,5,KNN,False,1
0.6612244897959185,0.742857142857143,0.8618916073713347,0.672147419695786,1027_ESL,0,KNN,True,5
0.6612244897959185,0.742857142857143,0.8618916073713347,0.672147419695786,1027_ESL,0,KNN,False,5
0.5489795918367347,0.7204081632653061,0.8487686158578828,0.6228509130553285,1027_ESL,1,KNN,True,5
0.5489795918367347,0.7204081632653061,0.8487686158578828,0.6228509130553285,1027_ESL,1,KNN,False,5
0.6897959183673469,0.8367346938775507,0.9147320339189782,0.5693692728149619,1027_ESL,2,KNN,True,5
0.6897959183673469,0.8367346938775507,0.9147320339189782,0.5693692728149619,1027_ESL,2,KNN,False,5
0.6795918367346941,0.7775510204081632,0.881788534972055,0.5426786698511851,1027_ESL,3,KNN,True,5
0.6795918367346941,0.7775510204081632,0.881788534972055,0.5426786698511851,1027_ESL,3,KNN,False,5
0.5979591836734695,0.7155102040816328,0.8458783624621408,0.6372018372841982,1027_ESL,4,KNN,True,5
0.5979591836734695,0.7155102040816328,0.8458783624621408,0.6372018372841982,1027_ESL,4,KNN,False,5
0.6183673469387755,0.6787755102040816,0.823878334588355,0.695731155192532,1027_ESL,5,KNN,True,5
0.6183673469387755,0.6787755102040816,0.823878334588355,0.695731155192532,1027_ESL,5,KNN,False,5
0.6612244897959185,0.742857142857143,0.8618916073713347,0.672147419695786,1027_ESL,0,KNN,True,10
0.6612244897959185,0.742857142857143,0.8618916073713347,0.672147419695786,1027_ESL,0,KNN,False,10
0.5489795918367347,0.7204081632653061,0.8487686158578828,0.6228509130553285,1027_ESL,1,KNN,True,10
0.5489795918367347,0.7204081632653061,0.8487686158578828,0.6228509130553285,1027_ESL,1,KNN,False,10
0.6897959183673469,0.8367346938775507,0.9147320339189782,0.5693692728149619,1027_ESL,2,KNN,True,10
0.6897959183673469,0.8367346938775507,0.9147320339189782,0.5693692728149619,1027_ESL,2,KNN,False,10
0.6795918367346941,0.7775510204081632,0.881788534972055,0.5426786698511851,1027_ESL,3,KNN,True,10
0.6795918367346941,0.7775510204081632,0.881788534972055,0.5426786698511851,1027_ESL,3,KNN,False,10
0.5979591836734695,0.7155102040816328,0.8458783624621408,0.6372018372841982,1027_ESL,4,KNN,True,10
0.5979591836734695,0.7155102040816328,0.8458783624621408,0.6372018372841982,1027_ESL,4,KNN,False,10
0.6183673469387755,0.6787755102040816,0.823878334588355,0.695731155192532,1027_ESL,5,KNN,True,10
0.6183673469387755,0.6787755102040816,0.823878334588355,0.695731155192532,1027_ESL,5,KNN,False,10
0.6612244897959185,0.742857142857143,0.8618916073713347,0.672147419695786,1027_ESL,0,KNN,True,20
0.6612244897959185,0.742857142857143,0.8618916073713347,0.672147419695786,1027_ESL,0,KNN,False,20
0.5489795918367347,0.7204081632653061,0.8487686158578828,0.6228509130553285,1027_ESL,1,KNN,True,20
0.5489795918367347,0.7204081632653061,0.8487686158578828,0.6228509130553285,1027_ESL,1,KNN,False,20
0.6897959183673469,0.8367346938775507,0.9147320339189782,0.5693692728149619,1027_ESL,2,KNN,True,20
0.6897959183673469,0.8367346938775507,0.9147320339189782,0.5693692728149619,1027_ESL,2,KNN,False,20
0.6795918367346941,0.7775510204081632,0.881788534972055,0.5426786698511851,1027_ESL,3,KNN,True,20
0.6795918367346941,0.7775510204081632,0.881788534972055,0.5426786698511851,1027_ESL,3,KNN,False,20
0.5979591836734695,0.7155102040816328,0.8458783624621408,0.6372018372841982,1027_ESL,4,KNN,True,20
0.5979591836734695,0.7155102040816328,0.8458783624621408,0.6372018372841982,1027_ESL,4,KNN,False,20
0.6183673469387755,0.6787755102040816,0.823878334588355,0.695731155192532,1027_ESL,5,KNN,True,20
0.6183673469387755,0.6787755102040816,0.823878334588355,0.695731155192532,1027_ESL,5,KNN,False,20
0.5845558735310288,0.618238087881897,0.7862811760953565,0.727146794907507,1027_ESL,0,DT,True,1
0.5845558735310288,0.618238087881897,0.7862811760953565,0.727146794907507,1027_ESL,0,DT,False,1
0.5874892743705566,0.744189072795687,0.8626639396634631,0.6104010981123043,1027_ESL,1,DT,True,1
0.5874892743705566,0.744189072795687,0.8626639396634631,0.6104010981123043,1027_ESL,1,DT,False,1
0.6002589190148144,0.6996098275555166,0.8364268213989294,0.6399414402313284,1027_ESL,2,DT,True,1
0.6002589190148144,0.6996098275555166,0.8364268213989294,0.6399414402313284,1027_ESL,2,DT,False,1
0.532218429681363,0.5759681803449291,0.7589256751124771,0.6612408350766918,1027_ESL,3,DT,True,1
0.532218429681363,0.5759681803449291,0.7589256751124771,0.6612408350766918,1027_ESL,3,DT,False,1
0.5809172211646245,0.6734328307090257,0.8206295331689115,0.6585370938108082,1027_ESL,4,DT,True,1
0.5809172211646245,0.6734328307090257,0.8206295331689115,0.6585370938108082,1027_ESL,4,DT,False,1
0.524003494125836,0.583959983007614,0.7641727442192727,0.7382332939647549,1027_ESL,5,DT,True,1
0.524003494125836,0.583959983007614,0.7641727442192727,0.7382332939647549,1027_ESL,5,DT,False,1
0.5845558735310288,0.618238087881897,0.7862811760953565,0.727146794907507,1027_ESL,0,DT,True,5
0.5845558735310288,0.618238087881897,0.7862811760953565,0.727146794907507,1027_ESL,0,DT,False,5
0.5874892743705566,0.744189072795687,0.8626639396634631,0.6104010981123043,1027_ESL,1,DT,True,5
0.5874892743705566,0.744189072795687,0.8626639396634631,0.6104010981123043,1027_ESL,1,DT,False,5
0.6002589190148144,0.6996098275555166,0.8364268213989294,0.6399414402313284,1027_ESL,2,DT,True,5
0.6002589190148144,0.6996098275555166,0.8364268213989294,0.6399414402313284,1027_ESL,2,DT,False,5
0.532218429681363,0.5759681803449291,0.7589256751124771,0.6612408350766918,1027_ESL,3,DT,True,5
0.532218429681363,0.5759681803449291,0.7589256751124771,0.6612408350766918,1027_ESL,3,DT,False,5
0.5809172211646245,0.6734328307090257,0.8206295331689115,0.6585370938108082,1027_ESL,4,DT,True,5
0.5809172211646245,0.6734328307090257,0.8206295331689115,0.6585370938108082,1027_ESL,4,DT,False,5
0.524003494125836,0.583959983007614,0.7641727442192727,0.7382332939647549,1027_ESL,5,DT,True,5
0.524003494125836,0.583959983007614,0.7641727442192727,0.7382332939647549,1027_ESL,5,DT,False,5
0.5845558735310288,0.618238087881897,0.7862811760953565,0.727146794907507,1027_ESL,0,DT,True,10
0.5845558735310288,0.618238087881897,0.7862811760953565,0.727146794907507,1027_ESL,0,DT,False,10
0.5874892743705566,0.744189072795687,0.8626639396634631,0.6104010981123043,1027_ESL,1,DT,True,10
0.5874892743705566,0.744189072795687,0.8626639396634631,0.6104010981123043,1027_ESL,1,DT,False,10
0.6002589190148144,0.6996098275555166,0.8364268213989294,0.6399414402313284,1027_ESL,2,DT,True,10
0.6002589190148144,0.6996098275555166,0.8364268213989294,0.6399414402313284,1027_ESL,2,DT,False,10
0.532218429681363,0.5759681803449291,0.7589256751124771,0.6612408350766918,1027_ESL,3,DT,True,10
0.532218429681363,0.5759681803449291,0.7589256751124771,0.6612408350766918,1027_ESL,3,DT,False,10
0.5809172211646245,0.6734328307090257,0.8206295331689115,0.6585370938108082,1027_ESL,4,DT,True,10
0.5809172211646245,0.6734328307090257,0.8206295331689115,0.6585370938108082,1027_ESL,4,DT,False,10
0.524003494125836,0.583959983007614,0.7641727442192727,0.7382332939647549,1027_ESL,5,DT,True,10
0.524003494125836,0.583959983007614,0.7641727442192727,0.7382332939647549,1027_ESL,5,DT,False,10
0.5845558735310288,0.618238087881897,0.7862811760953565,0.727146794907507,1027_ESL,0,DT,True,20
0.5845558735310288,0.618238087881897,0.7862811760953565,0.727146794907507,1027_ESL,0,DT,False,20
0.5874892743705566,0.744189072795687,0.8626639396634631,0.6104010981123043,1027_ESL,1,DT,True,20
0.5874892743705566,0.744189072795687,0.8626639396634631,0.6104010981123043,1027_ESL,1,DT,False,20
0.6002589190148144,0.6996098275555166,0.8364268213989294,0.6399414402313284,1027_ESL,2,DT,True,20
0.6002589190148144,0.6996098275555166,0.8364268213989294,0.6399414402313284,1027_ESL,2,DT,False,20
0.532218429681363,0.5759681803449291,0.7589256751124771,0.6612408350766918,1027_ESL,3,DT,True,20
0.532218429681363,0.5759681803449291,0.7589256751124771,0.6612408350766918,1027_ESL,3,DT,False,20
0.5809172211646245,0.6734328307090257,0.8206295331689115,0.6585370938108082,1027_ESL,4,DT,True,20
0.5809172211646245,0.6734328307090257,0.8206295331689115,0.6585370938108082,1027_ESL,4,DT,False,20
0.524003494125836,0.583959983007614,0.7641727442192727,0.7382332939647549,1027_ESL,5,DT,True,20
0.524003494125836,0.583959983007614,0.7641727442192727,0.7382332939647549,1027_ESL,5,DT,False,20
0.5841507687941005,0.6207202178197961,0.7878579934352359,0.7260513316510582,1027_ESL,0,RF,True,1
0.5841507687941005,0.6207202178197961,0.7878579934352359,0.7260513316510582,1027_ESL,0,RF,False,1
0.5841363612127167,0.7406374047512098,0.8606029309450496,0.6122604723232152,1027_ESL,1,RF,True,1
0.5841363612127167,0.7406374047512098,0.8606029309450496,0.6122604723232152,1027_ESL,1,RF,False,1
0.5999263531712277,0.6926083220194165,0.8322309307033814,0.6435448087093685,1027_ESL,2,RF,True,1
0.5999263531712277,0.6926083220194165,0.8322309307033814,0.6435448087093685,1027_ESL,2,RF,False,1
0.5326127869176139,0.5757237235859896,0.7587646035405115,0.6613846137963229,1027_ESL,3,RF,True,1
0.5326127869176139,0.5757237235859896,0.7587646035405115,0.6613846137963229,1027_ESL,3,RF,False,1
0.5806790727200857,0.6725331661758744,0.8200811948678463,0.6589932670950267,1027_ESL,4,RF,True,1
0.5806790727200857,0.6725331661758744,0.8200811948678463,0.6589932670950267,1027_ESL,4,RF,False,1
0.5219358630495252,0.585806641716806,0.7653800635741735,0.7374055081891153,1027_ESL,5,RF,True,1
0.5219358630495252,0.585806641716806,0.7653800635741735,0.7374055081891153,1027_ESL,5,RF,False,1
0.5841507687941005,0.6207202178197961,0.7878579934352359,0.7260513316510582,1027_ESL,0,RF,True,5
0.5841507687941005,0.6207202178197961,0.7878579934352359,0.7260513316510582,1027_ESL,0,RF,False,5
0.5841363612127167,0.7406374047512098,0.8606029309450496,0.6122604723232152,1027_ESL,1,RF,True,5
0.5841363612127167,0.7406374047512098,0.8606029309450496,0.6122604723232152,1027_ESL,1,RF,False,5
0.5999263531712277,0.6926083220194165,0.8322309307033814,0.6435448087093685,1027_ESL,2,RF,True,5
0.5999263531712277,0.6926083220194165,0.8322309307033814,0.6435448087093685,1027_ESL,2,RF,False,5
0.5326127869176139,0.5757237235859896,0.7587646035405115,0.6613846137963229,1027_ESL,3,RF,True,5
0.5326127869176139,0.5757237235859896,0.7587646035405115,0.6613846137963229,1027_ESL,3,RF,False,5
0.5806790727200857,0.6725331661758744,0.8200811948678463,0.6589932670950267,1027_ESL,4,RF,True,5
0.5806790727200857,0.6725331661758744,0.8200811948678463,0.6589932670950267,1027_ESL,4,RF,False,5
0.5219358630495252,0.585806641716806,0.7653800635741735,0.7374055081891153,1027_ESL,5,RF,True,5
0.5219358630495252,0.585806641716806,0.7653800635741735,0.7374055081891153,1027_ESL,5,RF,False,5
0.5841507687941005,0.6207202178197961,0.7878579934352359,0.7260513316510582,1027_ESL,0,RF,True,10
0.5841507687941005,0.6207202178197961,0.7878579934352359,0.7260513316510582,1027_ESL,0,RF,False,10
0.5841363612127167,0.7406374047512098,0.8606029309450496,0.6122604723232152,1027_ESL,1,RF,True,10
0.5841363612127167,0.7406374047512098,0.8606029309450496,0.6122604723232152,1027_ESL,1,RF,False,10
0.5999263531712277,0.6926083220194165,0.8322309307033814,0.6435448087093685,1027_ESL,2,RF,True,10
0.5999263531712277,0.6926083220194165,0.8322309307033814,0.6435448087093685,1027_ESL,2,RF,False,10
0.5326127869176139,0.5757237235859896,0.7587646035405115,0.6613846137963229,1027_ESL,3,RF,True,10
0.5326127869176139,0.5757237235859896,0.7587646035405115,0.6613846137963229,1027_ESL,3,RF,False,10
0.5806790727200857,0.6725331661758744,0.8200811948678463,0.6589932670950267,1027_ESL,4,RF,True,10
0.5806790727200857,0.6725331661758744,0.8200811948678463,0.6589932670950267,1027_ESL,4,RF,False,10
0.5219358630495252,0.585806641716806,0.7653800635741735,0.7374055081891153,1027_ESL,5,RF,True,10
0.5219358630495252,0.585806641716806,0.7653800635741735,0.7374055081891153,1027_ESL,5,RF,False,10
0.5841507687941005,0.6207202178197961,0.7878579934352359,0.7260513316510582,1027_ESL,0,RF,True,20
0.5841507687941005,0.6207202178197961,0.7878579934352359,0.7260513316510582,1027_ESL,0,RF,False,20
0.5841363612127167,0.7406374047512098,0.8606029309450496,0.6122604723232152,1027_ESL,1,RF,True,20
0.5841363612127167,0.7406374047512098,0.8606029309450496,0.6122604723232152,1027_ESL,1,RF,False,20
0.5999263531712277,0.6926083220194165,0.8322309307033814,0.6435448087093685,1027_ESL,2,RF,True,20
0.5999263531712277,0.6926083220194165,0.8322309307033814,0.6435448087093685,1027_ESL,2,RF,False,20
0.5326127869176139,0.5757237235859896,0.7587646035405115,0.6613846137963229,1027_ESL,3,RF,True,20
0.5326127869176139,0.5757237235859896,0.7587646035405115,0.6613846137963229,1027_ESL,3,RF,False,20
0.5806790727200857,0.6725331661758744,0.8200811948678463,0.6589932670950267,1027_ESL,4,RF,True,20
0.5806790727200857,0.6725331661758744,0.8200811948678463,0.6589932670950267,1027_ESL,4,RF,False,20
0.5219358630495252,0.585806641716806,0.7653800635741735,0.7374055081891153,1027_ESL,5,RF,True,20
0.5219358630495252,0.585806641716806,0.7653800635741735,0.7374055081891153,1027_ESL,5,RF,False,20
0.5848076555342683,0.6065496661851814,0.7788129853727283,0.7323053630787886,1027_ESL,0,SVR,True,1
0.5848076555342683,0.6065496661851814,0.7788129853727283,0.7323053630787886,1027_ESL,0,SVR,False,1
0.6064263053465268,0.7434449688427255,0.8622325491668275,0.6107906524521376,1027_ESL,1,SVR,True,1
0.6064263053465268,0.7434449688427255,0.8622325491668275,0.6107906524521376,1027_ESL,1,SVR,False,1
0.5873546831032749,0.6632322244339969,0.8143907074825921,0.6586634004895715,1027_ESL,2,SVR,True,1
0.5873546831032749,0.6632322244339969,0.8143907074825921,0.6586634004895715,1027_ESL,2,SVR,False,1
0.5400288976025484,0.5537030173897143,0.7441122344040005,0.6743362251815288,1027_ESL,3,SVR,True,1
0.5400288976025484,0.5537030173897143,0.7441122344040005,0.6743362251815288,1027_ESL,3,SVR,False,1
0.5784174975004357,0.6543971447782629,0.8089481718739854,0.6681891041417857,1027_ESL,4,SVR,True,1
0.5784174975004357,0.6543971447782629,0.8089481718739854,0.6681891041417857,1027_ESL,4,SVR,False,1
0.5319013296147908,0.6000298256131263,0.774615921352722,0.7310298041919036,1027_ESL,5,SVR,True,1
0.5319013296147908,0.6000298256131263,0.774615921352722,0.7310298041919036,1027_ESL,5,SVR,False,1
0.5848076555342683,0.6065496661851814,0.7788129853727283,0.7323053630787886,1027_ESL,0,SVR,True,5
0.5848076555342683,0.6065496661851814,0.7788129853727283,0.7323053630787886,1027_ESL,0,SVR,False,5
0.6064263053465268,0.7434449688427255,0.8622325491668275,0.6107906524521376,1027_ESL,1,SVR,True,5
0.6064263053465268,0.7434449688427255,0.8622325491668275,0.6107906524521376,1027_ESL,1,SVR,False,5
0.5873546831032749,0.6632322244339969,0.8143907074825921,0.6586634004895715,1027_ESL,2,SVR,True,5
0.5873546831032749,0.6632322244339969,0.8143907074825921,0.6586634004895715,1027_ESL,2,SVR,False,5
0.5400288976025484,0.5537030173897143,0.7441122344040005,0.6743362251815288,1027_ESL,3,SVR,True,5
0.5400288976025484,0.5537030173897143,0.7441122344040005,0.6743362251815288,1027_ESL,3,SVR,False,5
0.5784174975004357,0.6543971447782629,0.8089481718739854,0.6681891041417857,1027_ESL,4,SVR,True,5
0.5784174975004357,0.6543971447782629,0.8089481718739854,0.6681891041417857,1027_ESL,4,SVR,False,5
0.5319013296147908,0.6000298256131263,0.774615921352722,0.7310298041919036,1027_ESL,5,SVR,True,5
0.5319013296147908,0.6000298256131263,0.774615921352722,0.7310298041919036,1027_ESL,5,SVR,False,5
0.5848076555342683,0.6065496661851814,0.7788129853727283,0.7323053630787886,1027_ESL,0,SVR,True,10
0.5848076555342683,0.6065496661851814,0.7788129853727283,0.7323053630787886,1027_ESL,0,SVR,False,10
0.6064263053465268,0.7434449688427255,0.8622325491668275,0.6107906524521376,1027_ESL,1,SVR,True,10
0.6064263053465268,0.7434449688427255,0.8622325491668275,0.6107906524521376,1027_ESL,1,SVR,False,10
0.5873546831032749,0.6632322244339969,0.8143907074825921,0.6586634004895715,1027_ESL,2,SVR,True,10
0.5873546831032749,0.6632322244339969,0.8143907074825921,0.6586634004895715,1027_ESL,2,SVR,False,10
0.5400288976025484,0.5537030173897143,0.7441122344040005,0.6743362251815288,1027_ESL,3,SVR,True,10
0.5400288976025484,0.5537030173897143,0.7441122344040005,0.6743362251815288,1027_ESL,3,SVR,False,10
0.5784174975004357,0.6543971447782629,0.8089481718739854,0.6681891041417857,1027_ESL,4,SVR,True,10
0.5784174975004357,0.6543971447782629,0.8089481718739854,0.6681891041417857,1027_ESL,4,SVR,False,10
0.5319013296147908,0.6000298256131263,0.774615921352722,0.7310298041919036,1027_ESL,5,SVR,True,10
0.5319013296147908,0.6000298256131263,0.774615921352722,0.7310298041919036,1027_ESL,5,SVR,False,10
0.5848076555342683,0.6065496661851814,0.7788129853727283,0.7323053630787886,1027_ESL,0,SVR,True,20
0.5848076555342683,0.6065496661851814,0.7788129853727283,0.7323053630787886,1027_ESL,0,SVR,False,20
0.6064263053465268,0.7434449688427255,0.8622325491668275,0.6107906524521376,1027_ESL,1,SVR,True,20
0.6064263053465268,0.7434449688427255,0.8622325491668275,0.6107906524521376,1027_ESL,1,SVR,False,20
0.5873546831032749,0.6632322244339969,0.8143907074825921,0.6586634004895715,1027_ESL,2,SVR,True,20
0.5873546831032749,0.6632322244339969,0.8143907074825921,0.6586634004895715,1027_ESL,2,SVR,False,20
0.5400288976025484,0.5537030173897143,0.7441122344040005,0.6743362251815288,1027_ESL,3,SVR,True,20
0.5400288976025484,0.5537030173897143,0.7441122344040005,0.6743362251815288,1027_ESL,3,SVR,False,20
0.5784174975004357,0.6543971447782629,0.8089481718739854,0.6681891041417857,1027_ESL,4,SVR,True,20
0.5784174975004357,0.6543971447782629,0.8089481718739854,0.6681891041417857,1027_ESL,4,SVR,False,20
0.5319013296147908,0.6000298256131263,0.774615921352722,0.7310298041919036,1027_ESL,5,SVR,True,20
0.5319013296147908,0.6000298256131263,0.774615921352722,0.7310298041919036,1027_ESL,5,SVR,False,20
0.5648596942420345,0.4624105085818293,0.6800077268545037,0.2416702741473014,1028_SWD,0,LR,True,1
0.5648596942420345,0.4624105085818293,0.6800077268545037,0.2416702741473014,1028_SWD,0,LR,False,1
0.6178454196150703,0.5519465834225287,0.7429310758223328,0.1359295786113596,1028_SWD,1,LR,True,1
0.6178454196150703,0.5519465834225287,0.7429310758223328,0.1359295786113596,1028_SWD,1,LR,False,1
0.5812553297771752,0.4584886651081816,0.6771179107867268,0.2269622911681306,1028_SWD,2,LR,True,1
0.5812553297771752,0.4584886651081816,0.6771179107867268,0.2269622911681306,1028_SWD,2,LR,False,1
0.5957396745488709,0.5299121388799298,0.7279506431619728,0.2690615002173455,1028_SWD,3,LR,True,1
0.5957396745488709,0.5299121388799298,0.7279506431619728,0.2690615002173455,1028_SWD,3,LR,False,1
0.6064624657783331,0.5266791372193513,0.725726627056877,0.2487817184148462,1028_SWD,4,LR,True,1
0.6064624657783331,0.5266791372193513,0.725726627056877,0.2487817184148462,1028_SWD,4,LR,False,1
0.5739998762368944,0.4840514864016145,0.6957380875024843,0.2838415647261214,1028_SWD,5,LR,True,1
0.5739998762368944,0.4840514864016145,0.6957380875024843,0.2838415647261214,1028_SWD,5,LR,False,1
0.5648596942420345,0.4624105085818293,0.6800077268545037,0.2416702741473014,1028_SWD,0,LR,True,5
0.5648596942420345,0.4624105085818293,0.6800077268545037,0.2416702741473014,1028_SWD,0,LR,False,5
0.6178454196150703,0.5519465834225287,0.7429310758223328,0.1359295786113596,1028_SWD,1,LR,True,5
0.6178454196150703,0.5519465834225287,0.7429310758223328,0.1359295786113596,1028_SWD,1,LR,False,5
0.5812553297771752,0.4584886651081816,0.6771179107867268,0.2269622911681306,1028_SWD,2,LR,True,5
0.5812553297771752,0.4584886651081816,0.6771179107867268,0.2269622911681306,1028_SWD,2,LR,False,5
0.5957396745488709,0.5299121388799298,0.7279506431619728,0.2690615002173455,1028_SWD,3,LR,True,5
0.5957396745488709,0.5299121388799298,0.7279506431619728,0.2690615002173455,1028_SWD,3,LR,False,5
0.6064624657783331,0.5266791372193513,0.725726627056877,0.2487817184148462,1028_SWD,4,LR,True,5
0.6064624657783331,0.5266791372193513,0.725726627056877,0.2487817184148462,1028_SWD,4,LR,False,5
0.5739998762368944,0.4840514864016145,0.6957380875024843,0.2838415647261214,1028_SWD,5,LR,True,5
0.5739998762368944,0.4840514864016145,0.6957380875024843,0.2838415647261214,1028_SWD,5,LR,False,5
0.5648596942420345,0.4624105085818293,0.6800077268545037,0.2416702741473014,1028_SWD,0,LR,True,10
0.5648596942420345,0.4624105085818293,0.6800077268545037,0.2416702741473014,1028_SWD,0,LR,False,10
0.6178454196150703,0.5519465834225287,0.7429310758223328,0.1359295786113596,1028_SWD,1,LR,True,10
0.6178454196150703,0.5519465834225287,0.7429310758223328,0.1359295786113596,1028_SWD,1,LR,False,10
0.5812553297771752,0.4584886651081816,0.6771179107867268,0.2269622911681306,1028_SWD,2,LR,True,10
0.5812553297771752,0.4584886651081816,0.6771179107867268,0.2269622911681306,1028_SWD,2,LR,False,10
0.5957396745488709,0.5299121388799298,0.7279506431619728,0.2690615002173455,1028_SWD,3,LR,True,10
0.5957396745488709,0.5299121388799298,0.7279506431619728,0.2690615002173455,1028_SWD,3,LR,False,10
0.6064624657783331,0.5266791372193513,0.725726627056877,0.2487817184148462,1028_SWD,4,LR,True,10
0.6064624657783331,0.5266791372193513,0.725726627056877,0.2487817184148462,1028_SWD,4,LR,False,10
0.5739998762368944,0.4840514864016145,0.6957380875024843,0.2838415647261214,1028_SWD,5,LR,True,10
0.5739998762368944,0.4840514864016145,0.6957380875024843,0.2838415647261214,1028_SWD,5,LR,False,10
0.5182225563562295,0.4005521727053807,0.6328919123399988,0.3431148002043694,1028_SWD,0,LR,True,20
0.5360965340504101,0.4326023245812693,0.6577251132359698,0.2905541805071225,1028_SWD,0,LR,False,20
0.5699370694754198,0.4865362167703611,0.6975214812250309,0.2383292759260127,1028_SWD,1,LR,True,20
0.5900849686579971,0.5189174510636926,0.7203592513903688,0.1876365683320533,1028_SWD,1,LR,False,20
0.5508547840471474,0.435374356377754,0.6598290357189156,0.2659343173533062,1028_SWD,2,LR,True,20
0.5508547840471474,0.4353743563777541,0.6598290357189157,0.2659343173533061,1028_SWD,2,LR,False,20
0.5694706186900776,0.4934053495941813,0.7024281810933993,0.3194174287469479,1028_SWD,3,LR,True,20
0.5694706186900776,0.4934053495941813,0.7024281810933993,0.3194174287469479,1028_SWD,3,LR,False,20
0.573495196754779,0.4867133439024937,0.6976484386153915,0.3057861305056429,1028_SWD,4,LR,True,20
0.5734951967547791,0.4867133439024936,0.6976484386153915,0.3057861305056431,1028_SWD,4,LR,False,20
0.5554434764266047,0.4497773198426829,0.6706543967220993,0.334550495868201,1028_SWD,5,LR,True,20
0.5554434764266047,0.4497773198426829,0.6706543967220993,0.334550495868201,1028_SWD,5,LR,False,20
0.5059999999999999,0.502,0.708519583356734,0.1767455208888526,1028_SWD,0,KNN,True,1
0.5059999999999999,0.502,0.708519583356734,0.1767455208888526,1028_SWD,0,KNN,False,1
0.623,0.6549999999999998,0.8093207028119321,-0.0254001800320926,1028_SWD,1,KNN,True,1
0.623,0.6549999999999998,0.8093207028119321,-0.0254001800320926,1028_SWD,1,KNN,False,1
0.6040000000000001,0.5156000000000001,0.7180529228406497,0.1306693643567693,1028_SWD,2,KNN,True,1
0.6040000000000001,0.5156000000000001,0.7180529228406497,0.1306693643567693,1028_SWD,2,KNN,False,1
0.5820000000000001,0.5676000000000001,0.7533923280734945,0.2170764509121002,1028_SWD,3,KNN,True,1
0.5820000000000001,0.5676000000000001,0.7533923280734945,0.2170764509121002,1028_SWD,3,KNN,False,1
0.654,0.6712000000000002,0.8192679659305618,0.0426472685779486,1028_SWD,4,KNN,True,1
0.654,0.6712000000000002,0.8192679659305618,0.0426472685779486,1028_SWD,4,KNN,False,1
0.6850000000000002,0.6362000000000001,0.7976214641043708,0.0587364994821717,1028_SWD,5,KNN,True,1
0.6850000000000002,0.6362000000000001,0.7976214641043708,0.0587364994821717,1028_SWD,5,KNN,False,1
0.5059999999999999,0.502,0.708519583356734,0.1767455208888526,1028_SWD,0,KNN,True,5
0.5059999999999999,0.502,0.708519583356734,0.1767455208888526,1028_SWD,0,KNN,False,5
0.623,0.6549999999999998,0.8093207028119321,-0.0254001800320926,1028_SWD,1,KNN,True,5
0.623,0.6549999999999998,0.8093207028119321,-0.0254001800320926,1028_SWD,1,KNN,False,5
0.6040000000000001,0.5156000000000001,0.7180529228406497,0.1306693643567693,1028_SWD,2,KNN,True,5
0.6040000000000001,0.5156000000000001,0.7180529228406497,0.1306693643567693,1028_SWD,2,KNN,False,5
0.5820000000000001,0.5676000000000001,0.7533923280734945,0.2170764509121002,1028_SWD,3,KNN,True,5
0.5820000000000001,0.5676000000000001,0.7533923280734945,0.2170764509121002,1028_SWD,3,KNN,False,5
0.654,0.6712000000000002,0.8192679659305618,0.0426472685779486,1028_SWD,4,KNN,True,5
0.654,0.6712000000000002,0.8192679659305618,0.0426472685779486,1028_SWD,4,KNN,False,5
0.6850000000000002,0.6362000000000001,0.7976214641043708,0.0587364994821717,1028_SWD,5,KNN,True,5
0.6850000000000002,0.6362000000000001,0.7976214641043708,0.0587364994821717,1028_SWD,5,KNN,False,5
0.5059999999999999,0.502,0.708519583356734,0.1767455208888526,1028_SWD,0,KNN,True,10
0.5059999999999999,0.502,0.708519583356734,0.1767455208888526,1028_SWD,0,KNN,False,10
0.623,0.6549999999999998,0.8093207028119321,-0.0254001800320926,1028_SWD,1,KNN,True,10
0.623,0.6549999999999998,0.8093207028119321,-0.0254001800320926,1028_SWD,1,KNN,False,10
0.6040000000000001,0.5156000000000001,0.7180529228406497,0.1306693643567693,1028_SWD,2,KNN,True,10
0.6040000000000001,0.5156000000000001,0.7180529228406497,0.1306693643567693,1028_SWD,2,KNN,False,10
0.5820000000000001,0.5676000000000001,0.7533923280734945,0.2170764509121002,1028_SWD,3,KNN,True,10
0.5820000000000001,0.5676000000000001,0.7533923280734945,0.2170764509121002,1028_SWD,3,KNN,False,10
0.654,0.6712000000000002,0.8192679659305618,0.0426472685779486,1028_SWD,4,KNN,True,10
0.654,0.6712000000000002,0.8192679659305618,0.0426472685779486,1028_SWD,4,KNN,False,10
0.6850000000000002,0.6362000000000001,0.7976214641043708,0.0587364994821717,1028_SWD,5,KNN,True,10
0.6850000000000002,0.6362000000000001,0.7976214641043708,0.0587364994821717,1028_SWD,5,KNN,False,10
0.489,0.4122,0.6420280367709809,0.3240129555983765,1028_SWD,0,KNN,True,20
0.602,0.5312,0.7288346863315439,0.1288590053708335,1028_SWD,0,KNN,False,20
0.571,0.5841999999999998,0.7643297717608545,0.0854369691988572,1028_SWD,1,KNN,True,20
0.59,0.5364,0.7323933369440222,0.1602676998943288,1028_SWD,1,KNN,False,20
0.5660000000000001,0.4587999999999999,0.6773477688750439,0.2264373630079243,1028_SWD,2,KNN,True,20
0.5660000000000001,0.4587999999999999,0.6773477688750439,0.2264373630079243,1028_SWD,2,KNN,False,20
0.554,0.5784,0.7605261336732617,0.2021793854960514,1028_SWD,3,KNN,True,20
0.554,0.5784,0.7605261336732617,0.2021793854960514,1028_SWD,3,KNN,False,20
0.607,0.5701999999999999,0.7551158851461145,0.1867066039081444,1028_SWD,4,KNN,True,20
0.607,0.5701999999999999,0.7551158851461145,0.1867066039081444,1028_SWD,4,KNN,False,20
0.5770000000000001,0.5594000000000001,0.7479304780526063,0.1723627755585144,1028_SWD,5,KNN,True,20
0.5770000000000001,0.5594000000000001,0.7479304780526063,0.1723627755585144,1028_SWD,5,KNN,False,20
0.5400548199121534,0.4615405494753464,0.6793677571649588,0.2430969628545833,1028_SWD,0,DT,True,1
0.5400548199121534,0.4615405494753464,0.6793677571649588,0.2430969628545833,1028_SWD,0,DT,False,1
0.5920121620903512,0.539596236773462,0.7345721453835982,0.1552640025463393,1028_SWD,1,DT,True,1
0.5920121620903512,0.539596236773462,0.7345721453835982,0.1552640025463393,1028_SWD,1,DT,False,1
0.5626120420171872,0.46450079042329,0.6815429483336248,0.2168255093183441,1028_SWD,2,DT,True,1
0.5626120420171872,0.46450079042329,0.6815429483336248,0.2168255093183441,1028_SWD,2,DT,False,1
0.5726619156413535,0.5249434860512524,0.7245298379302625,0.2759150507931274,1028_SWD,3,DT,True,1
0.5726619156413535,0.5249434860512524,0.7245298379302625,0.2759150507931274,1028_SWD,3,DT,False,1
0.5809123243499772,0.5151598449977439,0.7177463653671428,0.265212031097213,1028_SWD,4,DT,True,1
0.5809123243499772,0.5151598449977439,0.7177463653671428,0.265212031097213,1028_SWD,4,DT,False,1
0.5639864049529553,0.4833456119819239,0.69523061783981,0.2848859121439209,1028_SWD,5,DT,True,1
0.5639864049529553,0.4833456119819239,0.69523061783981,0.2848859121439209,1028_SWD,5,DT,False,1
0.5400548199121534,0.4615405494753464,0.6793677571649588,0.2430969628545833,1028_SWD,0,DT,True,5
0.5400548199121534,0.4615405494753464,0.6793677571649588,0.2430969628545833,1028_SWD,0,DT,False,5
0.5920121620903512,0.539596236773462,0.7345721453835982,0.1552640025463393,1028_SWD,1,DT,True,5
0.5920121620903512,0.539596236773462,0.7345721453835982,0.1552640025463393,1028_SWD,1,DT,False,5
0.5626120420171872,0.46450079042329,0.6815429483336248,0.2168255093183441,1028_SWD,2,DT,True,5
0.5626120420171872,0.46450079042329,0.6815429483336248,0.2168255093183441,1028_SWD,2,DT,False,5
0.5726619156413535,0.5249434860512524,0.7245298379302625,0.2759150507931274,1028_SWD,3,DT,True,5
0.5726619156413535,0.5249434860512524,0.7245298379302625,0.2759150507931274,1028_SWD,3,DT,False,5
0.5809123243499772,0.5151598449977439,0.7177463653671428,0.265212031097213,1028_SWD,4,DT,True,5
0.5809123243499772,0.5151598449977439,0.7177463653671428,0.265212031097213,1028_SWD,4,DT,False,5
0.5639864049529553,0.4833456119819239,0.69523061783981,0.2848859121439209,1028_SWD,5,DT,True,5
0.5639864049529553,0.4833456119819239,0.69523061783981,0.2848859121439209,1028_SWD,5,DT,False,5
0.5400548199121534,0.4615405494753464,0.6793677571649588,0.2430969628545833,1028_SWD,0,DT,True,10
0.5400548199121534,0.4615405494753464,0.6793677571649588,0.2430969628545833,1028_SWD,0,DT,False,10
0.5920121620903512,0.539596236773462,0.7345721453835982,0.1552640025463393,1028_SWD,1,DT,True,10
0.5920121620903512,0.539596236773462,0.7345721453835982,0.1552640025463393,1028_SWD,1,DT,False,10
0.5626120420171872,0.46450079042329,0.6815429483336248,0.2168255093183441,1028_SWD,2,DT,True,10
0.5626120420171872,0.46450079042329,0.6815429483336248,0.2168255093183441,1028_SWD,2,DT,False,10
0.5726619156413535,0.5249434860512524,0.7245298379302625,0.2759150507931274,1028_SWD,3,DT,True,10
0.5726619156413535,0.5249434860512524,0.7245298379302625,0.2759150507931274,1028_SWD,3,DT,False,10
0.5809123243499772,0.5151598449977439,0.7177463653671428,0.265212031097213,1028_SWD,4,DT,True,10
0.5809123243499772,0.5151598449977439,0.7177463653671428,0.265212031097213,1028_SWD,4,DT,False,10
0.5639864049529553,0.4833456119819239,0.69523061783981,0.2848859121439209,1028_SWD,5,DT,True,10
0.5639864049529553,0.4833456119819239,0.69523061783981,0.2848859121439209,1028_SWD,5,DT,False,10
0.4978417243768569,0.3792316177829892,0.615817844644818,0.3780794263736802,1028_SWD,0,DT,True,20
0.5061520458341202,0.4139256523607816,0.6433705404825291,0.3211829734561411,1028_SWD,0,DT,False,20
0.5556200586167922,0.4689783117884754,0.6848199119392451,0.2658161139861837,1028_SWD,1,DT,True,20
0.5615798013770303,0.4791068613569609,0.692175455615815,0.2499599055113912,1028_SWD,1,DT,False,20
0.548650111457556,0.4350543938300855,0.6595865324808303,0.2664737922271361,1028_SWD,2,DT,True,20
0.548650111457556,0.4350543938300855,0.6595865324808303,0.2664737922271361,1028_SWD,2,DT,False,20
0.5567477072457012,0.4750697487189139,0.6892530367861385,0.344708784828561,1028_SWD,3,DT,True,20
0.5567477072457012,0.4750697487189139,0.6892530367861385,0.344708784828561,1028_SWD,3,DT,False,20
0.5561553336180133,0.4746452491774438,0.6889450262375394,0.3229992166917075,1028_SWD,4,DT,True,20
0.5561553336180133,0.4746452491774438,0.6889450262375394,0.3229992166917075,1028_SWD,4,DT,False,20
0.5311894024191762,0.4248139608675458,0.6517775394009415,0.371484005226297,1028_SWD,5,DT,True,20
0.5311894024191762,0.4248139608675458,0.6517775394009415,0.371484005226297,1028_SWD,5,DT,False,20
0.5415220119343784,0.4613123383977601,0.6791997779724019,0.2434712174199333,1028_SWD,0,RF,True,1
0.5415220119343784,0.4613123383977601,0.6791997779724019,0.2434712174199333,1028_SWD,0,RF,False,1
0.5924402112460231,0.5392842423391162,0.7343597499448865,0.1557524287282434,1028_SWD,1,RF,True,1
0.5924402112460231,0.5392842423391162,0.7343597499448865,0.1557524287282434,1028_SWD,1,RF,False,1
0.5624639259548289,0.4645187553671875,0.681556127818676,0.21679521941125,1028_SWD,2,RF,True,1
0.5624639259548289,0.4645187553671875,0.681556127818676,0.21679521941125,1028_SWD,2,RF,False,1
0.5727486736791967,0.5250227314032613,0.7245845232981872,0.2758057430900908,1028_SWD,3,RF,True,1
0.5727486736791967,0.5250227314032613,0.7245845232981872,0.2758057430900908,1028_SWD,3,RF,False,1
0.5808220917139262,0.5153134386462396,0.7178533545552598,0.2649929558604484,1028_SWD,4,RF,True,1
0.5808220917139262,0.5153134386462396,0.7178533545552598,0.2649929558604484,1028_SWD,4,RF,False,1
0.5636867700425048,0.4833580325002355,0.6952395504430365,0.2848675358777399,1028_SWD,5,RF,True,1
0.5636867700425048,0.4833580325002355,0.6952395504430365,0.2848675358777399,1028_SWD,5,RF,False,1
0.5415220119343784,0.4613123383977601,0.6791997779724019,0.2434712174199333,1028_SWD,0,RF,True,5
0.5415220119343784,0.4613123383977601,0.6791997779724019,0.2434712174199333,1028_SWD,0,RF,False,5
0.5924402112460231,0.5392842423391162,0.7343597499448865,0.1557524287282434,1028_SWD,1,RF,True,5
0.5924402112460231,0.5392842423391162,0.7343597499448865,0.1557524287282434,1028_SWD,1,RF,False,5
0.5624639259548289,0.4645187553671875,0.681556127818676,0.21679521941125,1028_SWD,2,RF,True,5
0.5624639259548289,0.4645187553671875,0.681556127818676,0.21679521941125,1028_SWD,2,RF,False,5
0.5727486736791967,0.5250227314032613,0.7245845232981872,0.2758057430900908,1028_SWD,3,RF,True,5
0.5727486736791967,0.5250227314032613,0.7245845232981872,0.2758057430900908,1028_SWD,3,RF,False,5
0.5808220917139262,0.5153134386462396,0.7178533545552598,0.2649929558604484,1028_SWD,4,RF,True,5
0.5808220917139262,0.5153134386462396,0.7178533545552598,0.2649929558604484,1028_SWD,4,RF,False,5
0.5636867700425048,0.4833580325002355,0.6952395504430365,0.2848675358777399,1028_SWD,5,RF,True,5
0.5636867700425048,0.4833580325002355,0.6952395504430365,0.2848675358777399,1028_SWD,5,RF,False,5
0.5415220119343784,0.4613123383977601,0.6791997779724019,0.2434712174199333,1028_SWD,0,RF,True,10
0.5415220119343784,0.4613123383977601,0.6791997779724019,0.2434712174199333,1028_SWD,0,RF,False,10
0.5924402112460231,0.5392842423391162,0.7343597499448865,0.1557524287282434,1028_SWD,1,RF,True,10
0.5924402112460231,0.5392842423391162,0.7343597499448865,0.1557524287282434,1028_SWD,1,RF,False,10
0.5624639259548289,0.4645187553671875,0.681556127818676,0.21679521941125,1028_SWD,2,RF,True,10
0.5624639259548289,0.4645187553671875,0.681556127818676,0.21679521941125,1028_SWD,2,RF,False,10
0.5727486736791967,0.5250227314032613,0.7245845232981872,0.2758057430900908,1028_SWD,3,RF,True,10
0.5727486736791967,0.5250227314032613,0.7245845232981872,0.2758057430900908,1028_SWD,3,RF,False,10
0.5808220917139262,0.5153134386462396,0.7178533545552598,0.2649929558604484,1028_SWD,4,RF,True,10
0.5808220917139262,0.5153134386462396,0.7178533545552598,0.2649929558604484,1028_SWD,4,RF,False,10
0.5636867700425048,0.4833580325002355,0.6952395504430365,0.2848675358777399,1028_SWD,5,RF,True,10
0.5636867700425048,0.4833580325002355,0.6952395504430365,0.2848675358777399,1028_SWD,5,RF,False,10
0.4986472817288234,0.3788078771537785,0.6154737014314897,0.3787743394632799,1028_SWD,0,RF,True,20
0.5064938157163806,0.4143054287788081,0.6436656187639729,0.3205601594378122,1028_SWD,0,RF,False,20
0.5553282983527016,0.467637900769247,0.6838405521532392,0.267914522689136,1028_SWD,1,RF,True,20
0.5598687724739874,0.4773900319416101,0.6909341733780506,0.2526475958802235,1028_SWD,1,RF,False,20
0.5488718125632337,0.4357712766926387,0.6601297423178558,0.2652650873501284,1028_SWD,2,RF,True,20
0.5488718125632337,0.4357712766926387,0.6601297423178558,0.2652650873501284,1028_SWD,2,RF,False,20
0.5561597165294756,0.4747966434311814,0.6890548914500074,0.3450854947671553,1028_SWD,3,RF,True,20
0.5561597165294756,0.4747966434311814,0.6890548914500074,0.3450854947671553,1028_SWD,3,RF,False,20
0.5564825114682564,0.4754027434164047,0.6894945564806184,0.3219187798938743,1028_SWD,4,RF,True,20
0.5564825114682564,0.4754027434164047,0.6894945564806184,0.3219187798938743,1028_SWD,4,RF,False,20
0.5302724701433411,0.4239146535322109,0.6510872856477931,0.3728145383455971,1028_SWD,5,RF,True,20
0.5302724701433411,0.4239146535322109,0.6510872856477931,0.3728145383455971,1028_SWD,5,RF,False,20
0.5389036721767914,0.4838816556464166,0.6956160260132142,0.2064586845206567,1028_SWD,0,SVR,True,1
0.5389036721767914,0.4838816556464166,0.6956160260132142,0.2064586845206567,1028_SWD,0,SVR,False,1
0.6089498030704147,0.5898294854062874,0.7680035712197486,0.0766240297345897,1028_SWD,1,SVR,True,1
0.6089498030704147,0.5898294854062874,0.7680035712197486,0.0766240297345897,1028_SWD,1,SVR,False,1
0.5764764647759346,0.4947497074996111,0.7033844663479647,0.1658241316816536,1028_SWD,2,SVR,True,1
0.5764764647759346,0.4947497074996111,0.7033844663479647,0.1658241316816536,1028_SWD,2,SVR,False,1
0.5576981444180099,0.535051806846258,0.7314723554901156,0.2619720585589047,1028_SWD,3,SVR,True,1
0.5576981444180099,0.535051806846258,0.7314723554901156,0.2619720585589047,1028_SWD,3,SVR,False,1
0.5889309797075686,0.5612242948976811,0.7491490471846581,0.1995089218404206,1028_SWD,4,SVR,True,1
0.5889309797075686,0.5612242948976811,0.7491490471846581,0.1995089218404206,1028_SWD,4,SVR,False,1
0.541158414990327,0.4998659746409573,0.7070120045946584,0.2604438901598501,1028_SWD,5,SVR,True,1
0.541158414990327,0.4998659746409573,0.7070120045946584,0.2604438901598501,1028_SWD,5,SVR,False,1
0.5389036721767914,0.4838816556464166,0.6956160260132142,0.2064586845206567,1028_SWD,0,SVR,True,5
0.5389036721767914,0.4838816556464166,0.6956160260132142,0.2064586845206567,1028_SWD,0,SVR,False,5
0.6089498030704147,0.5898294854062874,0.7680035712197486,0.0766240297345897,1028_SWD,1,SVR,True,5
0.6089498030704147,0.5898294854062874,0.7680035712197486,0.0766240297345897,1028_SWD,1,SVR,False,5
0.5764764647759346,0.4947497074996111,0.7033844663479647,0.1658241316816536,1028_SWD,2,SVR,True,5
0.5764764647759346,0.4947497074996111,0.7033844663479647,0.1658241316816536,1028_SWD,2,SVR,False,5
0.5576981444180099,0.535051806846258,0.7314723554901156,0.2619720585589047,1028_SWD,3,SVR,True,5
0.5576981444180099,0.535051806846258,0.7314723554901156,0.2619720585589047,1028_SWD,3,SVR,False,5
0.5889309797075686,0.5612242948976811,0.7491490471846581,0.1995089218404206,1028_SWD,4,SVR,True,5
0.5889309797075686,0.5612242948976811,0.7491490471846581,0.1995089218404206,1028_SWD,4,SVR,False,5
0.541158414990327,0.4998659746409573,0.7070120045946584,0.2604438901598501,1028_SWD,5,SVR,True,5
0.541158414990327,0.4998659746409573,0.7070120045946584,0.2604438901598501,1028_SWD,5,SVR,False,5
0.5389036721767914,0.4838816556464166,0.6956160260132142,0.2064586845206567,1028_SWD,0,SVR,True,10
0.5389036721767914,0.4838816556464166,0.6956160260132142,0.2064586845206567,1028_SWD,0,SVR,False,10
0.6089498030704147,0.5898294854062874,0.7680035712197486,0.0766240297345897,1028_SWD,1,SVR,True,10
0.6089498030704147,0.5898294854062874,0.7680035712197486,0.0766240297345897,1028_SWD,1,SVR,False,10
0.5764764647759346,0.4947497074996111,0.7033844663479647,0.1658241316816536,1028_SWD,2,SVR,True,10
0.5764764647759346,0.4947497074996111,0.7033844663479647,0.1658241316816536,1028_SWD,2,SVR,False,10
0.5576981444180099,0.535051806846258,0.7314723554901156,0.2619720585589047,1028_SWD,3,SVR,True,10
0.5576981444180099,0.535051806846258,0.7314723554901156,0.2619720585589047,1028_SWD,3,SVR,False,10
0.5889309797075686,0.5612242948976811,0.7491490471846581,0.1995089218404206,1028_SWD,4,SVR,True,10
0.5889309797075686,0.5612242948976811,0.7491490471846581,0.1995089218404206,1028_SWD,4,SVR,False,10
0.541158414990327,0.4998659746409573,0.7070120045946584,0.2604438901598501,1028_SWD,5,SVR,True,10
0.541158414990327,0.4998659746409573,0.7070120045946584,0.2604438901598501,1028_SWD,5,SVR,False,10
0.5089964937614592,0.4191281494083215,0.6474010730670142,0.3126511427849264,1028_SWD,0,SVR,True,20
0.5307294764180299,0.4580871041487945,0.676821323651076,0.2487604376224107,1028_SWD,0,SVR,False,20
0.5776998030703121,0.5222020023215318,0.7226354560368123,0.1824946149715756,1028_SWD,1,SVR,True,20
0.5967459013787765,0.5624144566740245,0.7499429689476557,0.1195421601126773,1028_SWD,1,SVR,False,20
0.5724184849039647,0.4728045309214603,0.6876078322135811,0.202824935219254,1028_SWD,2,SVR,True,20
0.5724184849036883,0.4728045309210377,0.6876078322132738,0.2028249352199665,1028_SWD,2,SVR,False,20
0.5558007161895232,0.485432155147266,0.6967296140880378,0.3304153175664456,1028_SWD,3,SVR,True,20
0.5558007161895232,0.4854321551472661,0.6967296140880378,0.3304153175664455,1028_SWD,3,SVR,False,20
0.5720258164231304,0.4969675727592043,0.7049592702838968,0.291160215719292,1028_SWD,4,SVR,True,20
0.5720258164231304,0.4969675727592043,0.7049592702838968,0.291160215719292,1028_SWD,4,SVR,False,20
0.5481656767521206,0.4560748828416008,0.6753331643282454,0.3252331959733676,1028_SWD,5,SVR,True,20
0.5481656767520303,0.4560748828414566,0.6753331643281385,0.325233195973581,1028_SWD,5,SVR,False,20
0.6167796513933683,0.6016360563016276,0.7756520201105827,0.3347677396045693,1029_LEV,0,LR,True,1
0.6167796513933683,0.6016360563016276,0.7756520201105827,0.3347677396045693,1029_LEV,0,LR,False,1
0.6083201110970199,0.5524482237953232,0.7432686081056586,0.4087510648344367,1029_LEV,1,LR,True,1
0.6083201110970199,0.5524482237953232,0.7432686081056586,0.4087510648344367,1029_LEV,1,LR,False,1
0.6618423697516965,0.6977396291452451,0.8353081043215402,0.2959947238974422,1029_LEV,2,LR,True,1
0.6618423697516965,0.6977396291452451,0.8353081043215402,0.2959947238974422,1029_LEV,2,LR,False,1
0.6367916761354689,0.6360031874711839,0.7974980799169261,0.3495403467350013,1029_LEV,3,LR,True,1
0.6367916761354689,0.6360031874711839,0.7974980799169261,0.3495403467350013,1029_LEV,3,LR,False,1
0.6060372164151429,0.5499397780579913,0.7415792459730729,0.3259715920357995,1029_LEV,4,LR,True,1
0.6060372164151429,0.5499397780579913,0.7415792459730729,0.3259715920357995,1029_LEV,4,LR,False,1
0.6415158679873889,0.6271617398042314,0.7919354391642234,0.3340641450407673,1029_LEV,5,LR,True,1
0.6415158679873889,0.6271617398042314,0.7919354391642234,0.3340641450407673,1029_LEV,5,LR,False,1
0.6167796513933683,0.6016360563016276,0.7756520201105827,0.3347677396045693,1029_LEV,0,LR,True,5
0.6167796513933683,0.6016360563016276,0.7756520201105827,0.3347677396045693,1029_LEV,0,LR,False,5
0.6083201110970199,0.5524482237953232,0.7432686081056586,0.4087510648344367,1029_LEV,1,LR,True,5
0.6083201110970199,0.5524482237953232,0.7432686081056586,0.4087510648344367,1029_LEV,1,LR,False,5
0.6618423697516965,0.6977396291452451,0.8353081043215402,0.2959947238974422,1029_LEV,2,LR,True,5
0.6618423697516965,0.6977396291452451,0.8353081043215402,0.2959947238974422,1029_LEV,2,LR,False,5
0.6367916761354689,0.6360031874711839,0.7974980799169261,0.3495403467350013,1029_LEV,3,LR,True,5
0.6367916761354689,0.6360031874711839,0.7974980799169261,0.3495403467350013,1029_LEV,3,LR,False,5
0.6060372164151429,0.5499397780579913,0.7415792459730729,0.3259715920357995,1029_LEV,4,LR,True,5
0.6060372164151429,0.5499397780579913,0.7415792459730729,0.3259715920357995,1029_LEV,4,LR,False,5
0.6415158679873889,0.6271617398042314,0.7919354391642234,0.3340641450407673,1029_LEV,5,LR,True,5
0.6415158679873889,0.6271617398042314,0.7919354391642234,0.3340641450407673,1029_LEV,5,LR,False,5
0.6167796513933683,0.6016360563016276,0.7756520201105827,0.3347677396045693,1029_LEV,0,LR,True,10
0.6167796513933683,0.6016360563016276,0.7756520201105827,0.3347677396045693,1029_LEV,0,LR,False,10
0.6083201110970199,0.5524482237953232,0.7432686081056586,0.4087510648344367,1029_LEV,1,LR,True,10
0.6083201110970199,0.5524482237953232,0.7432686081056586,0.4087510648344367,1029_LEV,1,LR,False,10
0.6618423697516965,0.6977396291452451,0.8353081043215402,0.2959947238974422,1029_LEV,2,LR,True,10
0.6618423697516965,0.6977396291452451,0.8353081043215402,0.2959947238974422,1029_LEV,2,LR,False,10
0.6367916761354689,0.6360031874711839,0.7974980799169261,0.3495403467350013,1029_LEV,3,LR,True,10
0.6367916761354689,0.6360031874711839,0.7974980799169261,0.3495403467350013,1029_LEV,3,LR,False,10
0.6060372164151429,0.5499397780579913,0.7415792459730729,0.3259715920357995,1029_LEV,4,LR,True,10
0.6060372164151429,0.5499397780579913,0.7415792459730729,0.3259715920357995,1029_LEV,4,LR,False,10
0.6415158679873889,0.6271617398042314,0.7919354391642234,0.3340641450407673,1029_LEV,5,LR,True,10
0.6415158679873889,0.6271617398042314,0.7919354391642234,0.3340641450407673,1029_LEV,5,LR,False,10
0.6167796513933683,0.6016360563016276,0.7756520201105827,0.3347677396045693,1029_LEV,0,LR,True,20
0.6167796513933683,0.6016360563016276,0.7756520201105827,0.3347677396045693,1029_LEV,0,LR,False,20
0.6083201110970199,0.5524482237953232,0.7432686081056586,0.4087510648344367,1029_LEV,1,LR,True,20
0.6083201110970199,0.5524482237953232,0.7432686081056586,0.4087510648344367,1029_LEV,1,LR,False,20
0.6618423697516965,0.6977396291452451,0.8353081043215402,0.2959947238974422,1029_LEV,2,LR,True,20
0.6618423697516965,0.6977396291452451,0.8353081043215402,0.2959947238974422,1029_LEV,2,LR,False,20
0.6367916761354689,0.6360031874711839,0.7974980799169261,0.3495403467350013,1029_LEV,3,LR,True,20
0.6367916761354689,0.6360031874711839,0.7974980799169261,0.3495403467350013,1029_LEV,3,LR,False,20
0.6060372164151429,0.5499397780579913,0.7415792459730729,0.3259715920357995,1029_LEV,4,LR,True,20
0.6060372164151429,0.5499397780579913,0.7415792459730729,0.3259715920357995,1029_LEV,4,LR,False,20
0.6415158679873889,0.6271617398042314,0.7919354391642234,0.3340641450407673,1029_LEV,5,LR,True,20
0.6415158679873889,0.6271617398042314,0.7919354391642234,0.3340641450407673,1029_LEV,5,LR,False,20
0.722,0.8708000000000001,0.9331666517830564,0.0371517027863776,1029_LEV,0,KNN,True,1
0.722,0.8708000000000001,0.9331666517830564,0.0371517027863776,1029_LEV,0,KNN,False,1
0.584,0.56,0.7483314773547883,0.4006688963210703,1029_LEV,1,KNN,True,1
0.584,0.56,0.7483314773547883,0.4006688963210703,1029_LEV,1,KNN,False,1
0.8269999999999998,0.9486,0.9739609848448756,0.0428816466552317,1029_LEV,2,KNN,True,1
0.8269999999999998,0.9486,0.9739609848448756,0.0428816466552317,1029_LEV,2,KNN,False,1
0.7490000000000001,0.9138,0.955928867646542,0.0654291631510315,1029_LEV,3,KNN,True,1
0.7490000000000001,0.9138,0.955928867646542,0.0654291631510315,1029_LEV,3,KNN,False,1
0.675,0.685,0.8276472678623424,0.1604363279813704,1029_LEV,4,KNN,True,1
0.675,0.685,0.8276472678623424,0.1604363279813704,1029_LEV,4,KNN,False,1
0.758,0.9296,0.964157663455516,0.0129277162804278,1029_LEV,5,KNN,True,1
0.758,0.9296,0.964157663455516,0.0129277162804278,1029_LEV,5,KNN,False,1
0.722,0.8708000000000001,0.9331666517830564,0.0371517027863776,1029_LEV,0,KNN,True,5
0.722,0.8708000000000001,0.9331666517830564,0.0371517027863776,1029_LEV,0,KNN,False,5
0.584,0.56,0.7483314773547883,0.4006688963210703,1029_LEV,1,KNN,True,5
0.584,0.56,0.7483314773547883,0.4006688963210703,1029_LEV,1,KNN,False,5
0.8269999999999998,0.9486,0.9739609848448756,0.0428816466552317,1029_LEV,2,KNN,True,5
0.8269999999999998,0.9486,0.9739609848448756,0.0428816466552317,1029_LEV,2,KNN,False,5
0.7490000000000001,0.9138,0.955928867646542,0.0654291631510315,1029_LEV,3,KNN,True,5
0.7490000000000001,0.9138,0.955928867646542,0.0654291631510315,1029_LEV,3,KNN,False,5
0.675,0.685,0.8276472678623424,0.1604363279813704,1029_LEV,4,KNN,True,5
0.675,0.685,0.8276472678623424,0.1604363279813704,1029_LEV,4,KNN,False,5
0.758,0.9296,0.964157663455516,0.0129277162804278,1029_LEV,5,KNN,True,5
0.758,0.9296,0.964157663455516,0.0129277162804278,1029_LEV,5,KNN,False,5
0.722,0.8708000000000001,0.9331666517830564,0.0371517027863776,1029_LEV,0,KNN,True,10
0.722,0.8708000000000001,0.9331666517830564,0.0371517027863776,1029_LEV,0,KNN,False,10
0.584,0.56,0.7483314773547883,0.4006688963210703,1029_LEV,1,KNN,True,10
0.584,0.56,0.7483314773547883,0.4006688963210703,1029_LEV,1,KNN,False,10
0.8269999999999998,0.9486,0.9739609848448756,0.0428816466552317,1029_LEV,2,KNN,True,10
0.8269999999999998,0.9486,0.9739609848448756,0.0428816466552317,1029_LEV,2,KNN,False,10
0.7490000000000001,0.9138,0.955928867646542,0.0654291631510315,1029_LEV,3,KNN,True,10
0.7490000000000001,0.9138,0.955928867646542,0.0654291631510315,1029_LEV,3,KNN,False,10
0.675,0.685,0.8276472678623424,0.1604363279813704,1029_LEV,4,KNN,True,10
0.675,0.685,0.8276472678623424,0.1604363279813704,1029_LEV,4,KNN,False,10
0.758,0.9296,0.964157663455516,0.0129277162804278,1029_LEV,5,KNN,True,10
0.758,0.9296,0.964157663455516,0.0129277162804278,1029_LEV,5,KNN,False,10
0.722,0.8708000000000001,0.9331666517830564,0.0371517027863776,1029_LEV,0,KNN,True,20
0.722,0.8708000000000001,0.9331666517830564,0.0371517027863776,1029_LEV,0,KNN,False,20
0.584,0.56,0.7483314773547883,0.4006688963210703,1029_LEV,1,KNN,True,20
0.584,0.56,0.7483314773547883,0.4006688963210703,1029_LEV,1,KNN,False,20
0.8269999999999998,0.9486,0.9739609848448756,0.0428816466552317,1029_LEV,2,KNN,True,20
0.8269999999999998,0.9486,0.9739609848448756,0.0428816466552317,1029_LEV,2,KNN,False,20
0.7490000000000001,0.9138,0.955928867646542,0.0654291631510315,1029_LEV,3,KNN,True,20
0.7490000000000001,0.9138,0.955928867646542,0.0654291631510315,1029_LEV,3,KNN,False,20
0.675,0.685,0.8276472678623424,0.1604363279813704,1029_LEV,4,KNN,True,20
0.675,0.685,0.8276472678623424,0.1604363279813704,1029_LEV,4,KNN,False,20
0.758,0.9296,0.964157663455516,0.0129277162804278,1029_LEV,5,KNN,True,20
0.758,0.9296,0.964157663455516,0.0129277162804278,1029_LEV,5,KNN,False,20
0.6276237969064006,0.6023568316774877,0.7761165065101293,0.3339707743504118,1029_LEV,0,DT,True,1
0.6276237969064006,0.6023568316774877,0.7761165065101293,0.3339707743504118,1029_LEV,0,DT,False,1
0.6246180025648111,0.5665351223897038,0.752685274460517,0.3936747854023237,1029_LEV,1,DT,True,1
0.6246180025648111,0.5665351223897038,0.752685274460517,0.3936747854023237,1029_LEV,1,DT,False,1
0.6679083297196303,0.6968551847700405,0.83477852438239,0.29688711051353,1029_LEV,2,DT,True,1
0.6679083297196303,0.6968551847700405,0.83477852438239,0.29688711051353,1029_LEV,2,DT,False,1
0.6401602513393436,0.6284656361870529,0.7927582457389218,0.3572492279030932,1029_LEV,3,DT,True,1
0.6401602513393436,0.6284656361870529,0.7927582457389218,0.3572492279030932,1029_LEV,3,DT,False,1
0.6069549371111178,0.5451184469282002,0.7383213710358113,0.3318808102363033,1029_LEV,4,DT,True,1
0.6069549371111178,0.5451184469282002,0.7383213710358113,0.3318808102363033,1029_LEV,4,DT,False,1
0.6570727944790096,0.6339323471972741,0.7961986857545509,0.3268749465665641,1029_LEV,5,DT,True,1
0.6570727944790096,0.6339323471972741,0.7961986857545509,0.3268749465665641,1029_LEV,5,DT,False,1
0.6276237969064006,0.6023568316774877,0.7761165065101293,0.3339707743504118,1029_LEV,0,DT,True,5
0.6276237969064006,0.6023568316774877,0.7761165065101293,0.3339707743504118,1029_LEV,0,DT,False,5
0.6246180025648111,0.5665351223897038,0.752685274460517,0.3936747854023237,1029_LEV,1,DT,True,5
0.6246180025648111,0.5665351223897038,0.752685274460517,0.3936747854023237,1029_LEV,1,DT,False,5
0.6679083297196303,0.6968551847700405,0.83477852438239,0.29688711051353,1029_LEV,2,DT,True,5
0.6679083297196303,0.6968551847700405,0.83477852438239,0.29688711051353,1029_LEV,2,DT,False,5
0.6401602513393436,0.6284656361870529,0.7927582457389218,0.3572492279030932,1029_LEV,3,DT,True,5
0.6401602513393436,0.6284656361870529,0.7927582457389218,0.3572492279030932,1029_LEV,3,DT,False,5
0.6069549371111178,0.5451184469282002,0.7383213710358113,0.3318808102363033,1029_LEV,4,DT,True,5
0.6069549371111178,0.5451184469282002,0.7383213710358113,0.3318808102363033,1029_LEV,4,DT,False,5
0.6570727944790096,0.6339323471972741,0.7961986857545509,0.3268749465665641,1029_LEV,5,DT,True,5
0.6570727944790096,0.6339323471972741,0.7961986857545509,0.3268749465665641,1029_LEV,5,DT,False,5
0.6276237969064006,0.6023568316774877,0.7761165065101293,0.3339707743504118,1029_LEV,0,DT,True,10
0.6276237969064006,0.6023568316774877,0.7761165065101293,0.3339707743504118,1029_LEV,0,DT,False,10
0.6246180025648111,0.5665351223897038,0.752685274460517,0.3936747854023237,1029_LEV,1,DT,True,10
0.6246180025648111,0.5665351223897038,0.752685274460517,0.3936747854023237,1029_LEV,1,DT,False,10
0.6679083297196303,0.6968551847700405,0.83477852438239,0.29688711051353,1029_LEV,2,DT,True,10
0.6679083297196303,0.6968551847700405,0.83477852438239,0.29688711051353,1029_LEV,2,DT,False,10
0.6401602513393436,0.6284656361870529,0.7927582457389218,0.3572492279030932,1029_LEV,3,DT,True,10
0.6401602513393436,0.6284656361870529,0.7927582457389218,0.3572492279030932,1029_LEV,3,DT,False,10
0.6069549371111178,0.5451184469282002,0.7383213710358113,0.3318808102363033,1029_LEV,4,DT,True,10
0.6069549371111178,0.5451184469282002,0.7383213710358113,0.3318808102363033,1029_LEV,4,DT,False,10
0.6570727944790096,0.6339323471972741,0.7961986857545509,0.3268749465665641,1029_LEV,5,DT,True,10
0.6570727944790096,0.6339323471972741,0.7961986857545509,0.3268749465665641,1029_LEV,5,DT,False,10
0.6276237969064006,0.6023568316774877,0.7761165065101293,0.3339707743504118,1029_LEV,0,DT,True,20
0.6276237969064006,0.6023568316774877,0.7761165065101293,0.3339707743504118,1029_LEV,0,DT,False,20
0.6246180025648111,0.5665351223897038,0.752685274460517,0.3936747854023237,1029_LEV,1,DT,True,20
0.6246180025648111,0.5665351223897038,0.752685274460517,0.3936747854023237,1029_LEV,1,DT,False,20
0.6679083297196303,0.6968551847700405,0.83477852438239,0.29688711051353,1029_LEV,2,DT,True,20
0.6679083297196303,0.6968551847700405,0.83477852438239,0.29688711051353,1029_LEV,2,DT,False,20
0.6401602513393436,0.6284656361870529,0.7927582457389218,0.3572492279030932,1029_LEV,3,DT,True,20
0.6401602513393436,0.6284656361870529,0.7927582457389218,0.3572492279030932,1029_LEV,3,DT,False,20
0.6069549371111178,0.5451184469282002,0.7383213710358113,0.3318808102363033,1029_LEV,4,DT,True,20
0.6069549371111178,0.5451184469282002,0.7383213710358113,0.3318808102363033,1029_LEV,4,DT,False,20
0.6570727944790096,0.6339323471972741,0.7961986857545509,0.3268749465665641,1029_LEV,5,DT,True,20
0.6570727944790096,0.6339323471972741,0.7961986857545509,0.3268749465665641,1029_LEV,5,DT,False,20
0.6250173174153264,0.6021654927615926,0.7759932298426273,0.3341823388306142,1029_LEV,0,RF,True,1
0.6250173174153264,0.6021654927615926,0.7759932298426273,0.3341823388306142,1029_LEV,0,RF,False,1
0.6236273527586556,0.565975388585103,0.7523133579733268,0.3942738316146055,1029_LEV,1,RF,True,1
0.6236273527586556,0.565975388585103,0.7523133579733268,0.3942738316146055,1029_LEV,1,RF,False,1
0.6659766682005036,0.6961809205652568,0.8343745685034131,0.2975674295578078,1029_LEV,2,RF,True,1
0.6659766682005036,0.6961809205652568,0.8343745685034131,0.2975674295578078,1029_LEV,2,RF,False,1
0.6401611304059898,0.6299541450951633,0.793696506918837,0.3557268849222331,1029_LEV,3,RF,True,1
0.6401611304059898,0.6299541450951633,0.793696506918837,0.3557268849222331,1029_LEV,3,RF,False,1
0.6076214998802832,0.5448678296854789,0.7381516305512567,0.3321879768531943,1029_LEV,4,RF,True,1
0.6076214998802832,0.5448678296854789,0.7381516305512567,0.3321879768531943,1029_LEV,4,RF,False,1
0.6583467683492435,0.634621464853601,0.7966313230432263,0.3261432243862908,1029_LEV,5,RF,True,1
0.6583467683492435,0.634621464853601,0.7966313230432263,0.3261432243862908,1029_LEV,5,RF,False,1
0.6250173174153264,0.6021654927615926,0.7759932298426273,0.3341823388306142,1029_LEV,0,RF,True,5
0.6250173174153264,0.6021654927615926,0.7759932298426273,0.3341823388306142,1029_LEV,0,RF,False,5
0.6236273527586556,0.565975388585103,0.7523133579733268,0.3942738316146055,1029_LEV,1,RF,True,5
0.6236273527586556,0.565975388585103,0.7523133579733268,0.3942738316146055,1029_LEV,1,RF,False,5
0.6659766682005036,0.6961809205652568,0.8343745685034131,0.2975674295578078,1029_LEV,2,RF,True,5
0.6659766682005036,0.6961809205652568,0.8343745685034131,0.2975674295578078,1029_LEV,2,RF,False,5
0.6401611304059898,0.6299541450951633,0.793696506918837,0.3557268849222331,1029_LEV,3,RF,True,5
0.6401611304059898,0.6299541450951633,0.793696506918837,0.3557268849222331,1029_LEV,3,RF,False,5
0.6076214998802832,0.5448678296854789,0.7381516305512567,0.3321879768531943,1029_LEV,4,RF,True,5
0.6076214998802832,0.5448678296854789,0.7381516305512567,0.3321879768531943,1029_LEV,4,RF,False,5
0.6583467683492435,0.634621464853601,0.7966313230432263,0.3261432243862908,1029_LEV,5,RF,True,5
0.6583467683492435,0.634621464853601,0.7966313230432263,0.3261432243862908,1029_LEV,5,RF,False,5
0.6250173174153264,0.6021654927615926,0.7759932298426273,0.3341823388306142,1029_LEV,0,RF,True,10
0.6250173174153264,0.6021654927615926,0.7759932298426273,0.3341823388306142,1029_LEV,0,RF,False,10
0.6236273527586556,0.565975388585103,0.7523133579733268,0.3942738316146055,1029_LEV,1,RF,True,10
0.6236273527586556,0.565975388585103,0.7523133579733268,0.3942738316146055,1029_LEV,1,RF,False,10
0.6659766682005036,0.6961809205652568,0.8343745685034131,0.2975674295578078,1029_LEV,2,RF,True,10
0.6659766682005036,0.6961809205652568,0.8343745685034131,0.2975674295578078,1029_LEV,2,RF,False,10
0.6401611304059898,0.6299541450951633,0.793696506918837,0.3557268849222331,1029_LEV,3,RF,True,10
0.6401611304059898,0.6299541450951633,0.793696506918837,0.3557268849222331,1029_LEV,3,RF,False,10
0.6076214998802832,0.5448678296854789,0.7381516305512567,0.3321879768531943,1029_LEV,4,RF,True,10
0.6076214998802832,0.5448678296854789,0.7381516305512567,0.3321879768531943,1029_LEV,4,RF,False,10
0.6583467683492435,0.634621464853601,0.7966313230432263,0.3261432243862908,1029_LEV,5,RF,True,10
0.6583467683492435,0.634621464853601,0.7966313230432263,0.3261432243862908,1029_LEV,5,RF,False,10
0.6250173174153264,0.6021654927615926,0.7759932298426273,0.3341823388306142,1029_LEV,0,RF,True,20
0.6250173174153264,0.6021654927615926,0.7759932298426273,0.3341823388306142,1029_LEV,0,RF,False,20
0.6236273527586556,0.565975388585103,0.7523133579733268,0.3942738316146055,1029_LEV,1,RF,True,20
0.6236273527586556,0.565975388585103,0.7523133579733268,0.3942738316146055,1029_LEV,1,RF,False,20
0.6659766682005036,0.6961809205652568,0.8343745685034131,0.2975674295578078,1029_LEV,2,RF,True,20
0.6659766682005036,0.6961809205652568,0.8343745685034131,0.2975674295578078,1029_LEV,2,RF,False,20
0.6401611304059898,0.6299541450951633,0.793696506918837,0.3557268849222331,1029_LEV,3,RF,True,20
0.6401611304059898,0.6299541450951633,0.793696506918837,0.3557268849222331,1029_LEV,3,RF,False,20
0.6076214998802832,0.5448678296854789,0.7381516305512567,0.3321879768531943,1029_LEV,4,RF,True,20
0.6076214998802832,0.5448678296854789,0.7381516305512567,0.3321879768531943,1029_LEV,4,RF,False,20
0.6583467683492435,0.634621464853601,0.7966313230432263,0.3261432243862908,1029_LEV,5,RF,True,20
0.6583467683492435,0.634621464853601,0.7966313230432263,0.3261432243862908,1029_LEV,5,RF,False,20
0.6083655899141501,0.6112017945228021,0.7817939591240151,0.3241908508151238,1029_LEV,0,SVR,True,1
0.6083655899141501,0.6112017945228021,0.7817939591240151,0.3241908508151238,1029_LEV,0,SVR,False,1
0.579268491291875,0.5624380326129316,0.7499586872707933,0.3980596306483676,1029_LEV,1,SVR,True,1
0.579268491291875,0.5624380326129316,0.7499586872707933,0.3980596306483676,1029_LEV,1,SVR,False,1
0.641038316960882,0.7352199625866922,0.8574496851633291,0.2581778200114094,1029_LEV,2,SVR,True,1
0.641038316960882,0.7352199625866922,0.8574496851633291,0.2581778200114094,1029_LEV,2,SVR,False,1
0.6294511573365071,0.6467985025556038,0.8042378395447479,0.3384996522148715,1029_LEV,3,SVR,True,1
0.6294511573365071,0.6467985025556038,0.8042378395447479,0.3384996522148715,1029_LEV,3,SVR,False,1
0.6025669456687401,0.574377527396462,0.7578769869817014,0.2960196992321831,1029_LEV,4,SVR,True,1
0.6025669456687401,0.574377527396462,0.7578769869817014,0.2960196992321831,1029_LEV,4,SVR,False,1
0.613023981247244,0.6361428210571165,0.797585619891129,0.3245278107221826,1029_LEV,5,SVR,True,1
0.613023981247244,0.6361428210571165,0.797585619891129,0.3245278107221826,1029_LEV,5,SVR,False,1
0.6083655899141501,0.6112017945228021,0.7817939591240151,0.3241908508151238,1029_LEV,0,SVR,True,5
0.6083655899141501,0.6112017945228021,0.7817939591240151,0.3241908508151238,1029_LEV,0,SVR,False,5
0.579268491291875,0.5624380326129316,0.7499586872707933,0.3980596306483676,1029_LEV,1,SVR,True,5
0.579268491291875,0.5624380326129316,0.7499586872707933,0.3980596306483676,1029_LEV,1,SVR,False,5
0.641038316960882,0.7352199625866922,0.8574496851633291,0.2581778200114094,1029_LEV,2,SVR,True,5
0.641038316960882,0.7352199625866922,0.8574496851633291,0.2581778200114094,1029_LEV,2,SVR,False,5
0.6294511573365071,0.6467985025556038,0.8042378395447479,0.3384996522148715,1029_LEV,3,SVR,True,5
0.6294511573365071,0.6467985025556038,0.8042378395447479,0.3384996522148715,1029_LEV,3,SVR,False,5
0.6025669456687401,0.574377527396462,0.7578769869817014,0.2960196992321831,1029_LEV,4,SVR,True,5
0.6025669456687401,0.574377527396462,0.7578769869817014,0.2960196992321831,1029_LEV,4,SVR,False,5
0.613023981247244,0.6361428210571165,0.797585619891129,0.3245278107221826,1029_LEV,5,SVR,True,5
0.613023981247244,0.6361428210571165,0.797585619891129,0.3245278107221826,1029_LEV,5,SVR,False,5
0.6083655899141501,0.6112017945228021,0.7817939591240151,0.3241908508151238,1029_LEV,0,SVR,True,10
0.6083655899141501,0.6112017945228021,0.7817939591240151,0.3241908508151238,1029_LEV,0,SVR,False,10
0.579268491291875,0.5624380326129316,0.7499586872707933,0.3980596306483676,1029_LEV,1,SVR,True,10
0.579268491291875,0.5624380326129316,0.7499586872707933,0.3980596306483676,1029_LEV,1,SVR,False,10
0.641038316960882,0.7352199625866922,0.8574496851633291,0.2581778200114094,1029_LEV,2,SVR,True,10
0.641038316960882,0.7352199625866922,0.8574496851633291,0.2581778200114094,1029_LEV,2,SVR,False,10
0.6294511573365071,0.6467985025556038,0.8042378395447479,0.3384996522148715,1029_LEV,3,SVR,True,10
0.6294511573365071,0.6467985025556038,0.8042378395447479,0.3384996522148715,1029_LEV,3,SVR,False,10
0.6025669456687401,0.574377527396462,0.7578769869817014,0.2960196992321831,1029_LEV,4,SVR,True,10
0.6025669456687401,0.574377527396462,0.7578769869817014,0.2960196992321831,1029_LEV,4,SVR,False,10
0.613023981247244,0.6361428210571165,0.797585619891129,0.3245278107221826,1029_LEV,5,SVR,True,10
0.613023981247244,0.6361428210571165,0.797585619891129,0.3245278107221826,1029_LEV,5,SVR,False,10
0.6083655899141501,0.6112017945228021,0.7817939591240151,0.3241908508151238,1029_LEV,0,SVR,True,20
0.6083655899141501,0.6112017945228021,0.7817939591240151,0.3241908508151238,1029_LEV,0,SVR,False,20
0.579268491291875,0.5624380326129316,0.7499586872707933,0.3980596306483676,1029_LEV,1,SVR,True,20
0.579268491291875,0.5624380326129316,0.7499586872707933,0.3980596306483676,1029_LEV,1,SVR,False,20
0.641038316960882,0.7352199625866922,0.8574496851633291,0.2581778200114094,1029_LEV,2,SVR,True,20
0.641038316960882,0.7352199625866922,0.8574496851633291,0.2581778200114094,1029_LEV,2,SVR,False,20
0.6294511573365071,0.6467985025556038,0.8042378395447479,0.3384996522148715,1029_LEV,3,SVR,True,20
0.6294511573365071,0.6467985025556038,0.8042378395447479,0.3384996522148715,1029_LEV,3,SVR,False,20
0.6025669456687401,0.574377527396462,0.7578769869817014,0.2960196992321831,1029_LEV,4,SVR,True,20
0.6025669456687401,0.574377527396462,0.7578769869817014,0.2960196992321831,1029_LEV,4,SVR,False,20
0.613023981247244,0.6361428210571165,0.797585619891129,0.3245278107221826,1029_LEV,5,SVR,True,20
0.613023981247244,0.6361428210571165,0.797585619891129,0.3245278107221826,1029_LEV,5,SVR,False,20
1.4935753321810337,3.295319441040236,1.8153014738715536,0.179840354155097,1030_ERA,0,LR,True,1
1.4935753321810337,3.295319441040236,1.8153014738715536,0.179840354155097,1030_ERA,0,LR,False,1
1.4953748601792125,3.3956939979920207,1.8427408927985565,0.1286613127730824,1030_ERA,1,LR,True,1
1.4953748601792125,3.3956939979920207,1.8427408927985565,0.1286613127730824,1030_ERA,1,LR,False,1
1.404515661103256,3.0137505484825717,1.7360157108973904,0.2212530882473975,1030_ERA,2,LR,True,1
1.404515661103256,3.0137505484825717,1.7360157108973904,0.2212530882473975,1030_ERA,2,LR,False,1
1.535974635299355,3.520589741300007,1.876323463931528,0.1601195814899398,1030_ERA,3,LR,True,1
1.535974635299355,3.520589741300007,1.876323463931528,0.1601195814899398,1030_ERA,3,LR,False,1
1.378801576607301,2.9977199105338537,1.731392477323918,0.1945726885370767,1030_ERA,4,LR,True,1
1.378801576607301,2.9977199105338537,1.731392477323918,0.1945726885370767,1030_ERA,4,LR,False,1
1.5572463745087213,3.429215744790385,1.851814176636086,0.1334017980868855,1030_ERA,5,LR,True,1
1.5572463745087213,3.429215744790385,1.851814176636086,0.1334017980868855,1030_ERA,5,LR,False,1
1.4935753321810337,3.295319441040236,1.8153014738715536,0.179840354155097,1030_ERA,0,LR,True,5
1.4935753321810337,3.295319441040236,1.8153014738715536,0.179840354155097,1030_ERA,0,LR,False,5
1.4953748601792125,3.3956939979920207,1.8427408927985565,0.1286613127730824,1030_ERA,1,LR,True,5
1.4953748601792125,3.3956939979920207,1.8427408927985565,0.1286613127730824,1030_ERA,1,LR,False,5
1.404515661103256,3.0137505484825717,1.7360157108973904,0.2212530882473975,1030_ERA,2,LR,True,5
1.404515661103256,3.0137505484825717,1.7360157108973904,0.2212530882473975,1030_ERA,2,LR,False,5
1.535974635299355,3.520589741300007,1.876323463931528,0.1601195814899398,1030_ERA,3,LR,True,5
1.535974635299355,3.520589741300007,1.876323463931528,0.1601195814899398,1030_ERA,3,LR,False,5
1.378801576607301,2.9977199105338537,1.731392477323918,0.1945726885370767,1030_ERA,4,LR,True,5
1.378801576607301,2.9977199105338537,1.731392477323918,0.1945726885370767,1030_ERA,4,LR,False,5
1.5572463745087213,3.429215744790385,1.851814176636086,0.1334017980868855,1030_ERA,5,LR,True,5
1.5572463745087213,3.429215744790385,1.851814176636086,0.1334017980868855,1030_ERA,5,LR,False,5
1.4935753321810337,3.295319441040236,1.8153014738715536,0.179840354155097,1030_ERA,0,LR,True,10
1.4935753321810337,3.295319441040236,1.8153014738715536,0.179840354155097,1030_ERA,0,LR,False,10
1.4953748601792125,3.3956939979920207,1.8427408927985565,0.1286613127730824,1030_ERA,1,LR,True,10
1.4953748601792125,3.3956939979920207,1.8427408927985565,0.1286613127730824,1030_ERA,1,LR,False,10
1.404515661103256,3.0137505484825717,1.7360157108973904,0.2212530882473975,1030_ERA,2,LR,True,10
1.404515661103256,3.0137505484825717,1.7360157108973904,0.2212530882473975,1030_ERA,2,LR,False,10
1.535974635299355,3.520589741300007,1.876323463931528,0.1601195814899398,1030_ERA,3,LR,True,10
1.535974635299355,3.520589741300007,1.876323463931528,0.1601195814899398,1030_ERA,3,LR,False,10
1.378801576607301,2.9977199105338537,1.731392477323918,0.1945726885370767,1030_ERA,4,LR,True,10
1.378801576607301,2.9977199105338537,1.731392477323918,0.1945726885370767,1030_ERA,4,LR,False,10
1.5572463745087213,3.429215744790385,1.851814176636086,0.1334017980868855,1030_ERA,5,LR,True,10
1.5572463745087213,3.429215744790385,1.851814176636086,0.1334017980868855,1030_ERA,5,LR,False,10
1.4935753321810337,3.295319441040236,1.8153014738715536,0.179840354155097,1030_ERA,0,LR,True,20
1.4935753321810337,3.295319441040236,1.8153014738715536,0.179840354155097,1030_ERA,0,LR,False,20
1.4953748601792125,3.3956939979920207,1.8427408927985565,0.1286613127730824,1030_ERA,1,LR,True,20
1.4953748601792125,3.3956939979920207,1.8427408927985565,0.1286613127730824,1030_ERA,1,LR,False,20
1.404515661103256,3.0137505484825717,1.7360157108973904,0.2212530882473975,1030_ERA,2,LR,True,20
1.404515661103256,3.0137505484825717,1.7360157108973904,0.2212530882473975,1030_ERA,2,LR,False,20
1.535974635299355,3.520589741300007,1.876323463931528,0.1601195814899398,1030_ERA,3,LR,True,20
1.535974635299355,3.520589741300007,1.876323463931528,0.1601195814899398,1030_ERA,3,LR,False,20
1.378801576607301,2.9977199105338537,1.731392477323918,0.1945726885370767,1030_ERA,4,LR,True,20
1.378801576607301,2.9977199105338537,1.731392477323918,0.1945726885370767,1030_ERA,4,LR,False,20
1.5572463745087213,3.429215744790385,1.851814176636086,0.1334017980868855,1030_ERA,5,LR,True,20
1.5572463745087213,3.429215744790385,1.851814176636086,0.1334017980868855,1030_ERA,5,LR,False,20
1.485,3.3042,1.817745856823775,0.177630105278877,1030_ERA,0,KNN,True,1
1.485,3.3042,1.817745856823775,0.177630105278877,1030_ERA,0,KNN,False,1
1.489,3.4126,1.8473223865909276,0.1243232146981089,1030_ERA,1,KNN,True,1
1.489,3.4126,1.8473223865909276,0.1243232146981089,1030_ERA,1,KNN,False,1
1.4,3.0264000000000006,1.739655138238611,0.2179844961240309,1030_ERA,2,KNN,True,1
1.4,3.0264000000000006,1.739655138238611,0.2179844961240309,1030_ERA,2,KNN,False,1
1.5079999999999998,3.2424,1.8006665432555802,0.226485200183693,1030_ERA,3,KNN,True,1
1.5079999999999998,3.2424,1.8006665432555802,0.226485200183693,1030_ERA,3,KNN,False,1
1.4269999999999998,3.0478000000000005,1.7457949478675898,0.18111717133722,1030_ERA,4,KNN,True,1
1.4269999999999998,3.0478000000000005,1.7457949478675898,0.18111717133722,1030_ERA,4,KNN,False,1
1.449,3.2754000000000003,1.809806619503863,0.1722726238912335,1030_ERA,5,KNN,True,1
1.449,3.2754000000000003,1.809806619503863,0.1722726238912335,1030_ERA,5,KNN,False,1
1.485,3.3042,1.817745856823775,0.177630105278877,1030_ERA,0,KNN,True,5
1.485,3.3042,1.817745856823775,0.177630105278877,1030_ERA,0,KNN,False,5
1.489,3.4126,1.8473223865909276,0.1243232146981089,1030_ERA,1,KNN,True,5
1.489,3.4126,1.8473223865909276,0.1243232146981089,1030_ERA,1,KNN,False,5
1.4,3.0264000000000006,1.739655138238611,0.2179844961240309,1030_ERA,2,KNN,True,5
1.4,3.0264000000000006,1.739655138238611,0.2179844961240309,1030_ERA,2,KNN,False,5
1.5079999999999998,3.2424,1.8006665432555802,0.226485200183693,1030_ERA,3,KNN,True,5
1.5079999999999998,3.2424,1.8006665432555802,0.226485200183693,1030_ERA,3,KNN,False,5
1.4269999999999998,3.0478000000000005,1.7457949478675898,0.18111717133722,1030_ERA,4,KNN,True,5
1.4269999999999998,3.0478000000000005,1.7457949478675898,0.18111717133722,1030_ERA,4,KNN,False,5
1.449,3.2754000000000003,1.809806619503863,0.1722726238912335,1030_ERA,5,KNN,True,5
1.449,3.2754000000000003,1.809806619503863,0.1722726238912335,1030_ERA,5,KNN,False,5
1.485,3.3042,1.817745856823775,0.177630105278877,1030_ERA,0,KNN,True,10
1.485,3.3042,1.817745856823775,0.177630105278877,1030_ERA,0,KNN,False,10
1.489,3.4126,1.8473223865909276,0.1243232146981089,1030_ERA,1,KNN,True,10
1.489,3.4126,1.8473223865909276,0.1243232146981089,1030_ERA,1,KNN,False,10
1.4,3.0264000000000006,1.739655138238611,0.2179844961240309,1030_ERA,2,KNN,True,10
1.4,3.0264000000000006,1.739655138238611,0.2179844961240309,1030_ERA,2,KNN,False,10
1.5079999999999998,3.2424,1.8006665432555802,0.226485200183693,1030_ERA,3,KNN,True,10
1.5079999999999998,3.2424,1.8006665432555802,0.226485200183693,1030_ERA,3,KNN,False,10
1.4269999999999998,3.0478000000000005,1.7457949478675898,0.18111717133722,1030_ERA,4,KNN,True,10
1.4269999999999998,3.0478000000000005,1.7457949478675898,0.18111717133722,1030_ERA,4,KNN,False,10
1.449,3.2754000000000003,1.809806619503863,0.1722726238912335,1030_ERA,5,KNN,True,10
1.449,3.2754000000000003,1.809806619503863,0.1722726238912335,1030_ERA,5,KNN,False,10
1.485,3.3042,1.817745856823775,0.177630105278877,1030_ERA,0,KNN,True,20
1.485,3.3042,1.817745856823775,0.177630105278877,1030_ERA,0,KNN,False,20
1.489,3.4126,1.8473223865909276,0.1243232146981089,1030_ERA,1,KNN,True,20
1.489,3.4126,1.8473223865909276,0.1243232146981089,1030_ERA,1,KNN,False,20
1.4,3.0264000000000006,1.739655138238611,0.2179844961240309,1030_ERA,2,KNN,True,20
1.4,3.0264000000000006,1.739655138238611,0.2179844961240309,1030_ERA,2,KNN,False,20
1.5079999999999998,3.2424,1.8006665432555802,0.226485200183693,1030_ERA,3,KNN,True,20
1.5079999999999998,3.2424,1.8006665432555802,0.226485200183693,1030_ERA,3,KNN,False,20
1.4269999999999998,3.0478000000000005,1.7457949478675898,0.18111717133722,1030_ERA,4,KNN,True,20
1.4269999999999998,3.0478000000000005,1.7457949478675898,0.18111717133722,1030_ERA,4,KNN,False,20
1.449,3.2754000000000003,1.809806619503863,0.1722726238912335,1030_ERA,5,KNN,True,20
1.449,3.2754000000000003,1.809806619503863,0.1722726238912335,1030_ERA,5,KNN,False,20
1.377920809990802,2.9155495787950074,1.7074980464981526,0.2743598449948959,1030_ERA,0,DT,True,1
1.377920809990802,2.9155495787950074,1.7074980464981526,0.2743598449948959,1030_ERA,0,DT,False,1
1.4151347249044546,3.023314127125959,1.7387679911724736,0.2242143832270254,1030_ERA,1,DT,True,1
1.4151347249044546,3.023314127125959,1.7387679911724736,0.2242143832270254,1030_ERA,1,DT,False,1
1.2919830342685932,2.606365202818007,1.6144241087205082,0.3265206194268716,1030_ERA,2,DT,True,1
1.2919830342685932,2.606365202818007,1.6144241087205082,0.3265206194268716,1030_ERA,2,DT,False,1
1.437825762353579,3.0334115469672565,1.741669184135511,0.2763419918847608,1030_ERA,3,DT,True,1
1.437825762353579,3.0334115469672565,1.741669184135511,0.2763419918847608,1030_ERA,3,DT,False,1
1.2754451886904286,2.497971377732606,1.5804971932061778,0.328845111977053,1030_ERA,4,DT,True,1
1.2754451886904286,2.497971377732606,1.5804971932061778,0.328845111977053,1030_ERA,4,DT,False,1
1.44699497879909,3.1205851642510334,1.7665178075103103,0.2113959302895977,1030_ERA,5,DT,True,1
1.44699497879909,3.1205851642510334,1.7665178075103103,0.2113959302895977,1030_ERA,5,DT,False,1
1.377920809990802,2.9155495787950074,1.7074980464981526,0.2743598449948959,1030_ERA,0,DT,True,5
1.377920809990802,2.9155495787950074,1.7074980464981526,0.2743598449948959,1030_ERA,0,DT,False,5
1.4151347249044546,3.023314127125959,1.7387679911724736,0.2242143832270254,1030_ERA,1,DT,True,5
1.4151347249044546,3.023314127125959,1.7387679911724736,0.2242143832270254,1030_ERA,1,DT,False,5
1.2919830342685932,2.606365202818007,1.6144241087205082,0.3265206194268716,1030_ERA,2,DT,True,5
1.2919830342685932,2.606365202818007,1.6144241087205082,0.3265206194268716,1030_ERA,2,DT,False,5
1.437825762353579,3.0334115469672565,1.741669184135511,0.2763419918847608,1030_ERA,3,DT,True,5
1.437825762353579,3.0334115469672565,1.741669184135511,0.2763419918847608,1030_ERA,3,DT,False,5
1.2754451886904286,2.497971377732606,1.5804971932061778,0.328845111977053,1030_ERA,4,DT,True,5
1.2754451886904286,2.497971377732606,1.5804971932061778,0.328845111977053,1030_ERA,4,DT,False,5
1.44699497879909,3.1205851642510334,1.7665178075103103,0.2113959302895977,1030_ERA,5,DT,True,5
1.44699497879909,3.1205851642510334,1.7665178075103103,0.2113959302895977,1030_ERA,5,DT,False,5
1.377920809990802,2.9155495787950074,1.7074980464981526,0.2743598449948959,1030_ERA,0,DT,True,10
1.377920809990802,2.9155495787950074,1.7074980464981526,0.2743598449948959,1030_ERA,0,DT,False,10
1.4151347249044546,3.023314127125959,1.7387679911724736,0.2242143832270254,1030_ERA,1,DT,True,10
1.4151347249044546,3.023314127125959,1.7387679911724736,0.2242143832270254,1030_ERA,1,DT,False,10
1.2919830342685932,2.606365202818007,1.6144241087205082,0.3265206194268716,1030_ERA,2,DT,True,10
1.2919830342685932,2.606365202818007,1.6144241087205082,0.3265206194268716,1030_ERA,2,DT,False,10
1.437825762353579,3.0334115469672565,1.741669184135511,0.2763419918847608,1030_ERA,3,DT,True,10
1.437825762353579,3.0334115469672565,1.741669184135511,0.2763419918847608,1030_ERA,3,DT,False,10
1.2754451886904286,2.497971377732606,1.5804971932061778,0.328845111977053,1030_ERA,4,DT,True,10
1.2754451886904286,2.497971377732606,1.5804971932061778,0.328845111977053,1030_ERA,4,DT,False,10
1.44699497879909,3.1205851642510334,1.7665178075103103,0.2113959302895977,1030_ERA,5,DT,True,10
1.44699497879909,3.1205851642510334,1.7665178075103103,0.2113959302895977,1030_ERA,5,DT,False,10
1.377920809990802,2.9155495787950074,1.7074980464981526,0.2743598449948959,1030_ERA,0,DT,True,20
1.377920809990802,2.9155495787950074,1.7074980464981526,0.2743598449948959,1030_ERA,0,DT,False,20
1.4151347249044546,3.023314127125959,1.7387679911724736,0.2242143832270254,1030_ERA,1,DT,True,20
1.4151347249044546,3.023314127125959,1.7387679911724736,0.2242143832270254,1030_ERA,1,DT,False,20
1.2919830342685932,2.606365202818007,1.6144241087205082,0.3265206194268716,1030_ERA,2,DT,True,20
1.2919830342685932,2.606365202818007,1.6144241087205082,0.3265206194268716,1030_ERA,2,DT,False,20
1.437825762353579,3.0334115469672565,1.741669184135511,0.2763419918847608,1030_ERA,3,DT,True,20
1.437825762353579,3.0334115469672565,1.741669184135511,0.2763419918847608,1030_ERA,3,DT,False,20
1.2754451886904286,2.497971377732606,1.5804971932061778,0.328845111977053,1030_ERA,4,DT,True,20
1.2754451886904286,2.497971377732606,1.5804971932061778,0.328845111977053,1030_ERA,4,DT,False,20
1.44699497879909,3.1205851642510334,1.7665178075103103,0.2113959302895977,1030_ERA,5,DT,True,20
1.44699497879909,3.1205851642510334,1.7665178075103103,0.2113959302895977,1030_ERA,5,DT,False,20
1.3779192240890878,2.90701899262026,1.7049982383041515,0.2764829904626148,1030_ERA,0,RF,True,1
1.3779192240890878,2.90701899262026,1.7049982383041515,0.2764829904626148,1030_ERA,0,RF,False,1
1.4127845077182486,3.012553100717872,1.7356707927247816,0.2269756740350846,1030_ERA,1,RF,True,1
1.4127845077182486,3.012553100717872,1.7356707927247816,0.2269756740350846,1030_ERA,1,RF,False,1
1.2914091476269356,2.602378687901454,1.6131889808393354,0.3275507266404511,1030_ERA,2,RF,True,1
1.2914091476269356,2.602378687901454,1.6131889808393354,0.3275507266404511,1030_ERA,2,RF,False,1
1.439153525367878,3.039571261219729,1.7434366238036096,0.2748725155286891,1030_ERA,3,RF,True,1
1.439153525367878,3.039571261219729,1.7434366238036096,0.2748725155286891,1030_ERA,3,RF,False,1
1.2745793875125555,2.4907465116502903,1.578209907347654,0.3307862888174613,1030_ERA,4,RF,True,1
1.2745793875125555,2.4907465116502903,1.578209907347654,0.3307862888174613,1030_ERA,4,RF,False,1
1.446779543409771,3.1272162377492747,1.7683936885629497,0.2097201895960995,1030_ERA,5,RF,True,1
1.446779543409771,3.1272162377492747,1.7683936885629497,0.2097201895960995,1030_ERA,5,RF,False,1
1.3779192240890878,2.90701899262026,1.7049982383041515,0.2764829904626148,1030_ERA,0,RF,True,5
1.3779192240890878,2.90701899262026,1.7049982383041515,0.2764829904626148,1030_ERA,0,RF,False,5
1.4127845077182486,3.012553100717872,1.7356707927247816,0.2269756740350846,1030_ERA,1,RF,True,5
1.4127845077182486,3.012553100717872,1.7356707927247816,0.2269756740350846,1030_ERA,1,RF,False,5
1.2914091476269356,2.602378687901454,1.6131889808393354,0.3275507266404511,1030_ERA,2,RF,True,5
1.2914091476269356,2.602378687901454,1.6131889808393354,0.3275507266404511,1030_ERA,2,RF,False,5
1.439153525367878,3.039571261219729,1.7434366238036096,0.2748725155286891,1030_ERA,3,RF,True,5
1.439153525367878,3.039571261219729,1.7434366238036096,0.2748725155286891,1030_ERA,3,RF,False,5
1.2745793875125555,2.4907465116502903,1.578209907347654,0.3307862888174613,1030_ERA,4,RF,True,5
1.2745793875125555,2.4907465116502903,1.578209907347654,0.3307862888174613,1030_ERA,4,RF,False,5
1.446779543409771,3.1272162377492747,1.7683936885629497,0.2097201895960995,1030_ERA,5,RF,True,5
1.446779543409771,3.1272162377492747,1.7683936885629497,0.2097201895960995,1030_ERA,5,RF,False,5
1.3779192240890878,2.90701899262026,1.7049982383041515,0.2764829904626148,1030_ERA,0,RF,True,10
1.3779192240890878,2.90701899262026,1.7049982383041515,0.2764829904626148,1030_ERA,0,RF,False,10
1.4127845077182486,3.012553100717872,1.7356707927247816,0.2269756740350846,1030_ERA,1,RF,True,10
1.4127845077182486,3.012553100717872,1.7356707927247816,0.2269756740350846,1030_ERA,1,RF,False,10
1.2914091476269356,2.602378687901454,1.6131889808393354,0.3275507266404511,1030_ERA,2,RF,True,10
1.2914091476269356,2.602378687901454,1.6131889808393354,0.3275507266404511,1030_ERA,2,RF,False,10
1.439153525367878,3.039571261219729,1.7434366238036096,0.2748725155286891,1030_ERA,3,RF,True,10
1.439153525367878,3.039571261219729,1.7434366238036096,0.2748725155286891,1030_ERA,3,RF,False,10
1.2745793875125555,2.4907465116502903,1.578209907347654,0.3307862888174613,1030_ERA,4,RF,True,10
1.2745793875125555,2.4907465116502903,1.578209907347654,0.3307862888174613,1030_ERA,4,RF,False,10
1.446779543409771,3.1272162377492747,1.7683936885629497,0.2097201895960995,1030_ERA,5,RF,True,10
1.446779543409771,3.1272162377492747,1.7683936885629497,0.2097201895960995,1030_ERA,5,RF,False,10
1.3779192240890878,2.90701899262026,1.7049982383041515,0.2764829904626148,1030_ERA,0,RF,True,20
1.3779192240890878,2.90701899262026,1.7049982383041515,0.2764829904626148,1030_ERA,0,RF,False,20
1.4127845077182486,3.012553100717872,1.7356707927247816,0.2269756740350846,1030_ERA,1,RF,True,20
1.4127845077182486,3.012553100717872,1.7356707927247816,0.2269756740350846,1030_ERA,1,RF,False,20
1.2914091476269356,2.602378687901454,1.6131889808393354,0.3275507266404511,1030_ERA,2,RF,True,20
1.2914091476269356,2.602378687901454,1.6131889808393354,0.3275507266404511,1030_ERA,2,RF,False,20
1.439153525367878,3.039571261219729,1.7434366238036096,0.2748725155286891,1030_ERA,3,RF,True,20
1.439153525367878,3.039571261219729,1.7434366238036096,0.2748725155286891,1030_ERA,3,RF,False,20
1.2745793875125555,2.4907465116502903,1.578209907347654,0.3307862888174613,1030_ERA,4,RF,True,20
1.2745793875125555,2.4907465116502903,1.578209907347654,0.3307862888174613,1030_ERA,4,RF,False,20
1.446779543409771,3.1272162377492747,1.7683936885629497,0.2097201895960995,1030_ERA,5,RF,True,20
1.446779543409771,3.1272162377492747,1.7683936885629497,0.2097201895960995,1030_ERA,5,RF,False,20
1.4805792330660492,3.3211860191185134,1.8224121430451767,0.1734025189480791,1030_ERA,0,SVR,True,1
1.4805792330660492,3.3211860191185134,1.8224121430451767,0.1734025189480791,1030_ERA,0,SVR,False,1
1.5020675499678726,3.476380346235905,1.8645053891678365,0.1079571100983025,1030_ERA,1,SVR,True,1
1.5020675499678726,3.476380346235905,1.8645053891678365,0.1079571100983025,1030_ERA,1,SVR,False,1
1.4053663282722926,3.0925652583270797,1.7585690939872336,0.2008875301480415,1030_ERA,2,SVR,True,1
1.4053663282722926,3.0925652583270797,1.7585690939872336,0.2008875301480415,1030_ERA,2,SVR,False,1
1.5268204767360951,3.536031546154618,1.880433871784546,0.1564357471108018,1030_ERA,3,SVR,True,1
1.5268204767360951,3.536031546154618,1.880433871784546,0.1564357471108018,1030_ERA,3,SVR,False,1
1.3701025612374462,2.998111370534064,1.7315055213697887,0.1944675110738967,1030_ERA,4,SVR,True,1
1.3701025612374462,2.998111370534064,1.7315055213697887,0.1944675110738967,1030_ERA,4,SVR,False,1
1.563281940802859,3.50813882185234,1.8730026219555436,0.1134571221722121,1030_ERA,5,SVR,True,1
1.563281940802859,3.50813882185234,1.8730026219555436,0.1134571221722121,1030_ERA,5,SVR,False,1
1.4805792330660492,3.3211860191185134,1.8224121430451767,0.1734025189480791,1030_ERA,0,SVR,True,5
1.4805792330660492,3.3211860191185134,1.8224121430451767,0.1734025189480791,1030_ERA,0,SVR,False,5
1.5020675499678726,3.476380346235905,1.8645053891678365,0.1079571100983025,1030_ERA,1,SVR,True,5
1.5020675499678726,3.476380346235905,1.8645053891678365,0.1079571100983025,1030_ERA,1,SVR,False,5
1.4053663282722926,3.0925652583270797,1.7585690939872336,0.2008875301480415,1030_ERA,2,SVR,True,5
1.4053663282722926,3.0925652583270797,1.7585690939872336,0.2008875301480415,1030_ERA,2,SVR,False,5
1.5268204767360951,3.536031546154618,1.880433871784546,0.1564357471108018,1030_ERA,3,SVR,True,5
1.5268204767360951,3.536031546154618,1.880433871784546,0.1564357471108018,1030_ERA,3,SVR,False,5
1.3701025612374462,2.998111370534064,1.7315055213697887,0.1944675110738967,1030_ERA,4,SVR,True,5
1.3701025612374462,2.998111370534064,1.7315055213697887,0.1944675110738967,1030_ERA,4,SVR,False,5
1.563281940802859,3.50813882185234,1.8730026219555436,0.1134571221722121,1030_ERA,5,SVR,True,5
1.563281940802859,3.50813882185234,1.8730026219555436,0.1134571221722121,1030_ERA,5,SVR,False,5
1.4805792330660492,3.3211860191185134,1.8224121430451767,0.1734025189480791,1030_ERA,0,SVR,True,10
1.4805792330660492,3.3211860191185134,1.8224121430451767,0.1734025189480791,1030_ERA,0,SVR,False,10
1.5020675499678726,3.476380346235905,1.8645053891678365,0.1079571100983025,1030_ERA,1,SVR,True,10
1.5020675499678726,3.476380346235905,1.8645053891678365,0.1079571100983025,1030_ERA,1,SVR,False,10
1.4053663282722926,3.0925652583270797,1.7585690939872336,0.2008875301480415,1030_ERA,2,SVR,True,10
1.4053663282722926,3.0925652583270797,1.7585690939872336,0.2008875301480415,1030_ERA,2,SVR,False,10
1.5268204767360951,3.536031546154618,1.880433871784546,0.1564357471108018,1030_ERA,3,SVR,True,10
1.5268204767360951,3.536031546154618,1.880433871784546,0.1564357471108018,1030_ERA,3,SVR,False,10
1.3701025612374462,2.998111370534064,1.7315055213697887,0.1944675110738967,1030_ERA,4,SVR,True,10
1.3701025612374462,2.998111370534064,1.7315055213697887,0.1944675110738967,1030_ERA,4,SVR,False,10
1.563281940802859,3.50813882185234,1.8730026219555436,0.1134571221722121,1030_ERA,5,SVR,True,10
1.563281940802859,3.50813882185234,1.8730026219555436,0.1134571221722121,1030_ERA,5,SVR,False,10
1.4805792330660492,3.3211860191185134,1.8224121430451767,0.1734025189480791,1030_ERA,0,SVR,True,20
1.4805792330660492,3.3211860191185134,1.8224121430451767,0.1734025189480791,1030_ERA,0,SVR,False,20
1.5020675499678726,3.476380346235905,1.8645053891678365,0.1079571100983025,1030_ERA,1,SVR,True,20
1.5020675499678726,3.476380346235905,1.8645053891678365,0.1079571100983025,1030_ERA,1,SVR,False,20
1.4053663282722926,3.0925652583270797,1.7585690939872336,0.2008875301480415,1030_ERA,2,SVR,True,20
1.4053663282722926,3.0925652583270797,1.7585690939872336,0.2008875301480415,1030_ERA,2,SVR,False,20
1.5268204767360951,3.536031546154618,1.880433871784546,0.1564357471108018,1030_ERA,3,SVR,True,20
1.5268204767360951,3.536031546154618,1.880433871784546,0.1564357471108018,1030_ERA,3,SVR,False,20
1.3701025612374462,2.998111370534064,1.7315055213697887,0.1944675110738967,1030_ERA,4,SVR,True,20
1.3701025612374462,2.998111370534064,1.7315055213697887,0.1944675110738967,1030_ERA,4,SVR,False,20
1.563281940802859,3.50813882185234,1.8730026219555436,0.1134571221722121,1030_ERA,5,SVR,True,20
1.563281940802859,3.50813882185234,1.8730026219555436,0.1134571221722121,1030_ERA,5,SVR,False,20
2.138232671394698,7.217536081406011,2.6865472416106906,0.2743220847255828,529_pollen,0,LR,True,1
2.138232671394698,7.217536081406011,2.6865472416106906,0.2743220847255828,529_pollen,0,LR,False,1
2.140777856727663,7.121403035739109,2.6685957048116355,0.3016740046116003,529_pollen,1,LR,True,1
2.140777856727663,7.121403035739109,2.6685957048116355,0.3016740046116003,529_pollen,1,LR,False,1
2.086931219822523,6.769682009378308,2.601861258672012,0.3557272598108093,529_pollen,2,LR,True,1
2.086931219822523,6.769682009378308,2.601861258672012,0.3557272598108093,529_pollen,2,LR,False,1
2.086654017903313,6.742878292314918,2.59670527636752,0.3555519912036591,529_pollen,3,LR,True,1
2.086654017903313,6.742878292314918,2.59670527636752,0.3555519912036591,529_pollen,3,LR,False,1
2.0696258647266976,6.688421142976127,2.5861982025699666,0.3187039753528875,529_pollen,4,LR,True,1
2.0696258647266976,6.688421142976127,2.5861982025699666,0.3187039753528875,529_pollen,4,LR,False,1
2.0568238883213468,6.612716814897206,2.571520331418207,0.3564134164322226,529_pollen,5,LR,True,1
2.0568238883213468,6.612716814897206,2.571520331418207,0.3564134164322226,529_pollen,5,LR,False,1
2.138232671394698,7.217536081406011,2.6865472416106906,0.2743220847255828,529_pollen,0,LR,True,5
2.138232671394698,7.217536081406011,2.6865472416106906,0.2743220847255828,529_pollen,0,LR,False,5
2.140777856727663,7.121403035739109,2.6685957048116355,0.3016740046116003,529_pollen,1,LR,True,5
2.140777856727663,7.121403035739109,2.6685957048116355,0.3016740046116003,529_pollen,1,LR,False,5
2.086931219822523,6.769682009378308,2.601861258672012,0.3557272598108093,529_pollen,2,LR,True,5
2.086931219822523,6.769682009378308,2.601861258672012,0.3557272598108093,529_pollen,2,LR,False,5
2.086654017903313,6.742878292314918,2.59670527636752,0.3555519912036591,529_pollen,3,LR,True,5
2.086654017903313,6.742878292314918,2.59670527636752,0.3555519912036591,529_pollen,3,LR,False,5
2.0696258647266976,6.688421142976127,2.5861982025699666,0.3187039753528875,529_pollen,4,LR,True,5
2.0696258647266976,6.688421142976127,2.5861982025699666,0.3187039753528875,529_pollen,4,LR,False,5
2.0568238883213468,6.612716814897206,2.571520331418207,0.3564134164322226,529_pollen,5,LR,True,5
2.0568238883213468,6.612716814897206,2.571520331418207,0.3564134164322226,529_pollen,5,LR,False,5
2.138232671394698,7.217536081406011,2.6865472416106906,0.2743220847255828,529_pollen,0,LR,True,10
2.138232671394698,7.217536081406011,2.6865472416106906,0.2743220847255828,529_pollen,0,LR,False,10
2.140777856727663,7.121403035739109,2.6685957048116355,0.3016740046116003,529_pollen,1,LR,True,10
2.140777856727663,7.121403035739109,2.6685957048116355,0.3016740046116003,529_pollen,1,LR,False,10
2.086931219822523,6.769682009378308,2.601861258672012,0.3557272598108093,529_pollen,2,LR,True,10
2.086931219822523,6.769682009378308,2.601861258672012,0.3557272598108093,529_pollen,2,LR,False,10
2.086654017903313,6.742878292314918,2.59670527636752,0.3555519912036591,529_pollen,3,LR,True,10
2.086654017903313,6.742878292314918,2.59670527636752,0.3555519912036591,529_pollen,3,LR,False,10
2.0696258647266976,6.688421142976127,2.5861982025699666,0.3187039753528875,529_pollen,4,LR,True,10
2.0696258647266976,6.688421142976127,2.5861982025699666,0.3187039753528875,529_pollen,4,LR,False,10
2.0568238883213468,6.612716814897206,2.571520331418207,0.3564134164322226,529_pollen,5,LR,True,10
2.0568238883213468,6.612716814897206,2.571520331418207,0.3564134164322226,529_pollen,5,LR,False,10
2.138232671394698,7.217536081406011,2.6865472416106906,0.2743220847255828,529_pollen,0,LR,True,20
2.138232671394698,7.217536081406011,2.6865472416106906,0.2743220847255828,529_pollen,0,LR,False,20
2.140777856727663,7.121403035739109,2.6685957048116355,0.3016740046116003,529_pollen,1,LR,True,20
2.140777856727663,7.121403035739109,2.6685957048116355,0.3016740046116003,529_pollen,1,LR,False,20
2.086931219822523,6.769682009378308,2.601861258672012,0.3557272598108093,529_pollen,2,LR,True,20
2.086931219822523,6.769682009378308,2.601861258672012,0.3557272598108093,529_pollen,2,LR,False,20
2.086654017903313,6.742878292314918,2.59670527636752,0.3555519912036591,529_pollen,3,LR,True,20
2.086654017903313,6.742878292314918,2.59670527636752,0.3555519912036591,529_pollen,3,LR,False,20
2.0696258647266976,6.688421142976127,2.5861982025699666,0.3187039753528875,529_pollen,4,LR,True,20
2.0696258647266976,6.688421142976127,2.5861982025699666,0.3187039753528875,529_pollen,4,LR,False,20
2.0568238883213468,6.612716814897206,2.571520331418207,0.3564134164322226,529_pollen,5,LR,True,20
2.0568238883213468,6.612716814897206,2.571520331418207,0.3564134164322226,529_pollen,5,LR,False,20
2.310603867685785,8.433086508161047,2.903977704487596,0.1521061249230394,529_pollen,0,KNN,True,1
2.310603867685785,8.433086508161047,2.903977704487596,0.1521061249230394,529_pollen,0,KNN,False,1
2.3104539209167627,8.27043511139422,2.8758364194429102,0.1889997234428229,529_pollen,1,KNN,True,1
2.3104539209167627,8.27043511139422,2.8758364194429102,0.1889997234428229,529_pollen,1,KNN,False,1
2.310004622906495,8.245498712691862,2.8714976428149583,0.2152733256166211,529_pollen,2,KNN,True,1
2.310004622906495,8.245498712691862,2.8714976428149583,0.2152733256166211,529_pollen,2,KNN,False,1
2.2849537923866765,8.070672936739523,2.840892982275032,0.2286485268974524,529_pollen,3,KNN,True,1
2.2849537923866765,8.070672936739523,2.840892982275032,0.2286485268974524,529_pollen,3,KNN,False,1
2.2220471421173205,7.649079172557021,2.765696869245981,0.2208494170635805,529_pollen,4,KNN,True,1
2.2220471421173205,7.649079172557021,2.765696869245981,0.2208494170635805,529_pollen,4,KNN,False,1
2.2039597086936187,7.615860988002259,2.7596849436126325,0.2587818151907832,529_pollen,5,KNN,True,1
2.2039597086936187,7.615860988002259,2.7596849436126325,0.2587818151907832,529_pollen,5,KNN,False,1
2.310603867685785,8.433086508161047,2.903977704487596,0.1521061249230394,529_pollen,0,KNN,True,5
2.310603867685785,8.433086508161047,2.903977704487596,0.1521061249230394,529_pollen,0,KNN,False,5
2.3104539209167627,8.27043511139422,2.8758364194429102,0.1889997234428229,529_pollen,1,KNN,True,5
2.3104539209167627,8.27043511139422,2.8758364194429102,0.1889997234428229,529_pollen,1,KNN,False,5
2.310004622906495,8.245498712691862,2.8714976428149583,0.2152733256166211,529_pollen,2,KNN,True,5
2.310004622906495,8.245498712691862,2.8714976428149583,0.2152733256166211,529_pollen,2,KNN,False,5
2.2849537923866765,8.070672936739523,2.840892982275032,0.2286485268974524,529_pollen,3,KNN,True,5
2.2849537923866765,8.070672936739523,2.840892982275032,0.2286485268974524,529_pollen,3,KNN,False,5
2.2220471421173205,7.649079172557021,2.765696869245981,0.2208494170635805,529_pollen,4,KNN,True,5
2.2220471421173205,7.649079172557021,2.765696869245981,0.2208494170635805,529_pollen,4,KNN,False,5
2.2039597086936187,7.615860988002259,2.7596849436126325,0.2587818151907832,529_pollen,5,KNN,True,5
2.2039597086936187,7.615860988002259,2.7596849436126325,0.2587818151907832,529_pollen,5,KNN,False,5
2.310603867685785,8.433086508161047,2.903977704487596,0.1521061249230394,529_pollen,0,KNN,True,10
2.310603867685785,8.433086508161047,2.903977704487596,0.1521061249230394,529_pollen,0,KNN,False,10
2.3104539209167627,8.27043511139422,2.8758364194429102,0.1889997234428229,529_pollen,1,KNN,True,10
2.3104539209167627,8.27043511139422,2.8758364194429102,0.1889997234428229,529_pollen,1,KNN,False,10
2.310004622906495,8.245498712691862,2.8714976428149583,0.2152733256166211,529_pollen,2,KNN,True,10
2.310004622906495,8.245498712691862,2.8714976428149583,0.2152733256166211,529_pollen,2,KNN,False,10
2.2849537923866765,8.070672936739523,2.840892982275032,0.2286485268974524,529_pollen,3,KNN,True,10
2.2849537923866765,8.070672936739523,2.840892982275032,0.2286485268974524,529_pollen,3,KNN,False,10
2.2220471421173205,7.649079172557021,2.765696869245981,0.2208494170635805,529_pollen,4,KNN,True,10
2.2220471421173205,7.649079172557021,2.765696869245981,0.2208494170635805,529_pollen,4,KNN,False,10
2.2039597086936187,7.615860988002259,2.7596849436126325,0.2587818151907832,529_pollen,5,KNN,True,10
2.2039597086936187,7.615860988002259,2.7596849436126325,0.2587818151907832,529_pollen,5,KNN,False,10
2.310603867685785,8.433086508161047,2.903977704487596,0.1521061249230394,529_pollen,0,KNN,True,20
2.310603867685785,8.433086508161047,2.903977704487596,0.1521061249230394,529_pollen,0,KNN,False,20
2.3104539209167627,8.27043511139422,2.8758364194429102,0.1889997234428229,529_pollen,1,KNN,True,20
2.3104539209167627,8.27043511139422,2.8758364194429102,0.1889997234428229,529_pollen,1,KNN,False,20
2.310004622906495,8.245498712691862,2.8714976428149583,0.2152733256166211,529_pollen,2,KNN,True,20
2.310004622906495,8.245498712691862,2.8714976428149583,0.2152733256166211,529_pollen,2,KNN,False,20
2.2849537923866765,8.070672936739523,2.840892982275032,0.2286485268974524,529_pollen,3,KNN,True,20
2.2849537923866765,8.070672936739523,2.840892982275032,0.2286485268974524,529_pollen,3,KNN,False,20
2.2220471421173205,7.649079172557021,2.765696869245981,0.2208494170635805,529_pollen,4,KNN,True,20
2.2220471421173205,7.649079172557021,2.765696869245981,0.2208494170635805,529_pollen,4,KNN,False,20
2.2039597086936187,7.615860988002259,2.7596849436126325,0.2587818151907832,529_pollen,5,KNN,True,20
2.2039597086936187,7.615860988002259,2.7596849436126325,0.2587818151907832,529_pollen,5,KNN,False,20
2.9096655795060387,13.76999412634482,3.710794271627682,-0.3844864117395967,529_pollen,0,DT,True,1
2.9096655795060387,13.76999412634482,3.710794271627682,-0.3844864117395967,529_pollen,0,DT,False,1
2.8642255781696164,12.792292832117768,3.5766314923567077,-0.2544144153135101,529_pollen,1,DT,True,1
2.8642255781696164,12.792292832117768,3.5766314923567077,-0.2544144153135101,529_pollen,1,DT,False,1
3.0048666842572103,14.040603435116257,3.747079320633105,-0.3362485913696331,529_pollen,2,DT,True,1
3.0048666842572103,14.040603435116257,3.747079320633105,-0.3362485913696331,529_pollen,2,DT,False,1
2.945047275829673,13.534298306652884,3.678899061764658,-0.2935353740729778,529_pollen,3,DT,True,1
2.945047275829673,13.534298306652884,3.678899061764658,-0.2935353740729778,529_pollen,3,DT,False,1
2.844706098317447,12.46982170668056,3.531263471716683,-0.2702011095311287,529_pollen,4,DT,True,1
2.844706098317447,12.46982170668056,3.531263471716683,-0.2702011095311287,529_pollen,4,DT,False,1
2.947588440332586,13.451817431273174,3.6676719361569368,-0.3092061047990235,529_pollen,5,DT,True,1
2.947588440332586,13.451817431273174,3.6676719361569368,-0.3092061047990235,529_pollen,5,DT,False,1
2.9096655795060387,13.76999412634482,3.710794271627682,-0.3844864117395967,529_pollen,0,DT,True,5
2.9096655795060387,13.76999412634482,3.710794271627682,-0.3844864117395967,529_pollen,0,DT,False,5
2.8642255781696164,12.792292832117768,3.5766314923567077,-0.2544144153135101,529_pollen,1,DT,True,5
2.8642255781696164,12.792292832117768,3.5766314923567077,-0.2544144153135101,529_pollen,1,DT,False,5
3.0048666842572103,14.040603435116257,3.747079320633105,-0.3362485913696331,529_pollen,2,DT,True,5
3.0048666842572103,14.040603435116257,3.747079320633105,-0.3362485913696331,529_pollen,2,DT,False,5
2.945047275829673,13.534298306652884,3.678899061764658,-0.2935353740729778,529_pollen,3,DT,True,5
2.945047275829673,13.534298306652884,3.678899061764658,-0.2935353740729778,529_pollen,3,DT,False,5
2.844706098317447,12.46982170668056,3.531263471716683,-0.2702011095311287,529_pollen,4,DT,True,5
2.844706098317447,12.46982170668056,3.531263471716683,-0.2702011095311287,529_pollen,4,DT,False,5
2.947588440332586,13.451817431273174,3.6676719361569368,-0.3092061047990235,529_pollen,5,DT,True,5
2.947588440332586,13.451817431273174,3.6676719361569368,-0.3092061047990235,529_pollen,5,DT,False,5
2.9096655795060387,13.76999412634482,3.710794271627682,-0.3844864117395967,529_pollen,0,DT,True,10
2.9096655795060387,13.76999412634482,3.710794271627682,-0.3844864117395967,529_pollen,0,DT,False,10
2.8642255781696164,12.792292832117768,3.5766314923567077,-0.2544144153135101,529_pollen,1,DT,True,10
2.8642255781696164,12.792292832117768,3.5766314923567077,-0.2544144153135101,529_pollen,1,DT,False,10
3.0048666842572103,14.040603435116257,3.747079320633105,-0.3362485913696331,529_pollen,2,DT,True,10
3.0048666842572103,14.040603435116257,3.747079320633105,-0.3362485913696331,529_pollen,2,DT,False,10
2.945047275829673,13.534298306652884,3.678899061764658,-0.2935353740729778,529_pollen,3,DT,True,10
2.945047275829673,13.534298306652884,3.678899061764658,-0.2935353740729778,529_pollen,3,DT,False,10
2.844706098317447,12.46982170668056,3.531263471716683,-0.2702011095311287,529_pollen,4,DT,True,10
2.844706098317447,12.46982170668056,3.531263471716683,-0.2702011095311287,529_pollen,4,DT,False,10
2.947588440332586,13.451817431273174,3.6676719361569368,-0.3092061047990235,529_pollen,5,DT,True,10
2.947588440332586,13.451817431273174,3.6676719361569368,-0.3092061047990235,529_pollen,5,DT,False,10
2.9096655795060387,13.76999412634482,3.710794271627682,-0.3844864117395967,529_pollen,0,DT,True,20
2.9096655795060387,13.76999412634482,3.710794271627682,-0.3844864117395967,529_pollen,0,DT,False,20
2.8642255781696164,12.792292832117768,3.5766314923567077,-0.2544144153135101,529_pollen,1,DT,True,20
2.8642255781696164,12.792292832117768,3.5766314923567077,-0.2544144153135101,529_pollen,1,DT,False,20
3.0048666842572103,14.040603435116257,3.747079320633105,-0.3362485913696331,529_pollen,2,DT,True,20
3.0048666842572103,14.040603435116257,3.747079320633105,-0.3362485913696331,529_pollen,2,DT,False,20
2.945047275829673,13.534298306652884,3.678899061764658,-0.2935353740729778,529_pollen,3,DT,True,20
2.945047275829673,13.534298306652884,3.678899061764658,-0.2935353740729778,529_pollen,3,DT,False,20
2.844706098317447,12.46982170668056,3.531263471716683,-0.2702011095311287,529_pollen,4,DT,True,20
2.844706098317447,12.46982170668056,3.531263471716683,-0.2702011095311287,529_pollen,4,DT,False,20
2.947588440332586,13.451817431273174,3.6676719361569368,-0.3092061047990235,529_pollen,5,DT,True,20
2.947588440332586,13.451817431273174,3.6676719361569368,-0.3092061047990235,529_pollen,5,DT,False,20
2.501664847282023,10.167706686978802,3.188684162311909,-0.0222990378582443,529_pollen,0,RF,True,1
2.501664847282023,10.167706686978802,3.188684162311909,-0.0222990378582443,529_pollen,0,RF,False,1
2.484474728076845,9.781968015611833,3.127613789394693,0.0407785492440324,529_pollen,1,RF,True,1
2.484474728076845,9.781968015611833,3.127613789394693,0.0407785492440324,529_pollen,1,RF,False,1
2.539890832259818,10.210965708162046,3.195460171581246,0.0282192209823501,529_pollen,2,RF,True,1
2.539890832259818,10.210965708162046,3.195460171581246,0.0282192209823501,529_pollen,2,RF,False,1
2.552274408449654,10.101808060021018,3.178334164310137,0.0345235658571596,529_pollen,3,RF,True,1
2.552274408449654,10.101808060021018,3.178334164310137,0.0345235658571596,529_pollen,3,RF,False,1
2.4452568049576517,9.291248600988224,3.0481549502917704,0.0535747375135172,529_pollen,4,RF,True,1
2.4452568049576517,9.291248600988224,3.0481549502917704,0.0535747375135172,529_pollen,4,RF,False,1
2.5074196028526754,9.865864515847957,3.140997375969607,0.0397988881978377,529_pollen,5,RF,True,1
2.5074196028526754,9.865864515847957,3.140997375969607,0.0397988881978377,529_pollen,5,RF,False,1
2.501664847282023,10.167706686978802,3.188684162311909,-0.0222990378582443,529_pollen,0,RF,True,5
2.501664847282023,10.167706686978802,3.188684162311909,-0.0222990378582443,529_pollen,0,RF,False,5
2.484474728076845,9.781968015611833,3.127613789394693,0.0407785492440324,529_pollen,1,RF,True,5
2.484474728076845,9.781968015611833,3.127613789394693,0.0407785492440324,529_pollen,1,RF,False,5
2.539890832259818,10.210965708162046,3.195460171581246,0.0282192209823501,529_pollen,2,RF,True,5
2.539890832259818,10.210965708162046,3.195460171581246,0.0282192209823501,529_pollen,2,RF,False,5
2.552274408449654,10.101808060021018,3.178334164310137,0.0345235658571596,529_pollen,3,RF,True,5
2.552274408449654,10.101808060021018,3.178334164310137,0.0345235658571596,529_pollen,3,RF,False,5
2.4452568049576517,9.291248600988224,3.0481549502917704,0.0535747375135172,529_pollen,4,RF,True,5
2.4452568049576517,9.291248600988224,3.0481549502917704,0.0535747375135172,529_pollen,4,RF,False,5
2.5074196028526754,9.865864515847957,3.140997375969607,0.0397988881978377,529_pollen,5,RF,True,5
2.5074196028526754,9.865864515847957,3.140997375969607,0.0397988881978377,529_pollen,5,RF,False,5
2.501664847282023,10.167706686978802,3.188684162311909,-0.0222990378582443,529_pollen,0,RF,True,10
2.501664847282023,10.167706686978802,3.188684162311909,-0.0222990378582443,529_pollen,0,RF,False,10
2.484474728076845,9.781968015611833,3.127613789394693,0.0407785492440324,529_pollen,1,RF,True,10
2.484474728076845,9.781968015611833,3.127613789394693,0.0407785492440324,529_pollen,1,RF,False,10
2.539890832259818,10.210965708162046,3.195460171581246,0.0282192209823501,529_pollen,2,RF,True,10
2.539890832259818,10.210965708162046,3.195460171581246,0.0282192209823501,529_pollen,2,RF,False,10
2.552274408449654,10.101808060021018,3.178334164310137,0.0345235658571596,529_pollen,3,RF,True,10
2.552274408449654,10.101808060021018,3.178334164310137,0.0345235658571596,529_pollen,3,RF,False,10
2.4452568049576517,9.291248600988224,3.0481549502917704,0.0535747375135172,529_pollen,4,RF,True,10
2.4452568049576517,9.291248600988224,3.0481549502917704,0.0535747375135172,529_pollen,4,RF,False,10
2.5074196028526754,9.865864515847957,3.140997375969607,0.0397988881978377,529_pollen,5,RF,True,10
2.5074196028526754,9.865864515847957,3.140997375969607,0.0397988881978377,529_pollen,5,RF,False,10
2.501664847282023,10.167706686978802,3.188684162311909,-0.0222990378582443,529_pollen,0,RF,True,20
2.501664847282023,10.167706686978802,3.188684162311909,-0.0222990378582443,529_pollen,0,RF,False,20
2.484474728076845,9.781968015611833,3.127613789394693,0.0407785492440324,529_pollen,1,RF,True,20
2.484474728076845,9.781968015611833,3.127613789394693,0.0407785492440324,529_pollen,1,RF,False,20
2.539890832259818,10.210965708162046,3.195460171581246,0.0282192209823501,529_pollen,2,RF,True,20
2.539890832259818,10.210965708162046,3.195460171581246,0.0282192209823501,529_pollen,2,RF,False,20
2.552274408449654,10.101808060021018,3.178334164310137,0.0345235658571596,529_pollen,3,RF,True,20
2.552274408449654,10.101808060021018,3.178334164310137,0.0345235658571596,529_pollen,3,RF,False,20
2.4452568049576517,9.291248600988224,3.0481549502917704,0.0535747375135172,529_pollen,4,RF,True,20
2.4452568049576517,9.291248600988224,3.0481549502917704,0.0535747375135172,529_pollen,4,RF,False,20
2.5074196028526754,9.865864515847957,3.140997375969607,0.0397988881978377,529_pollen,5,RF,True,20
2.5074196028526754,9.865864515847957,3.140997375969607,0.0397988881978377,529_pollen,5,RF,False,20
2.1365539255746726,7.208099617609151,2.684790423405364,0.2752708618842185,529_pollen,0,SVR,True,1
2.1365539255746726,7.208099617609151,2.684790423405364,0.2752708618842185,529_pollen,0,SVR,False,1
2.139267939112774,7.120989285317772,2.6685181815602776,0.3017145770484323,529_pollen,1,SVR,True,1
2.139267939112774,7.120989285317772,2.6685181815602776,0.3017145770484323,529_pollen,1,SVR,False,1
2.090590197952232,6.792777396348845,2.606295723119087,0.3535292646570305,529_pollen,2,SVR,True,1
2.090590197952232,6.792777396348845,2.606295723119087,0.3535292646570305,529_pollen,2,SVR,False,1
2.0875727354779268,6.755708831766291,2.5991746443373693,0.3543257173124866,529_pollen,3,SVR,True,1
2.0875727354779268,6.755708831766291,2.5991746443373693,0.3543257173124866,529_pollen,3,SVR,False,1
2.069563905627826,6.688721019102236,2.5862561781660838,0.3186734293677833,529_pollen,4,SVR,True,1
2.069563905627826,6.688721019102236,2.5862561781660838,0.3186734293677833,529_pollen,4,SVR,False,1
2.062790393602087,6.647183645026742,2.578213266009378,0.3530589117603294,529_pollen,5,SVR,True,1
2.062790393602087,6.647183645026742,2.578213266009378,0.3530589117603294,529_pollen,5,SVR,False,1
2.1365539255746726,7.208099617609151,2.684790423405364,0.2752708618842185,529_pollen,0,SVR,True,5
2.1365539255746726,7.208099617609151,2.684790423405364,0.2752708618842185,529_pollen,0,SVR,False,5
2.139267939112774,7.120989285317772,2.6685181815602776,0.3017145770484323,529_pollen,1,SVR,True,5
2.139267939112774,7.120989285317772,2.6685181815602776,0.3017145770484323,529_pollen,1,SVR,False,5
2.090590197952232,6.792777396348845,2.606295723119087,0.3535292646570305,529_pollen,2,SVR,True,5
2.090590197952232,6.792777396348845,2.606295723119087,0.3535292646570305,529_pollen,2,SVR,False,5
2.0875727354779268,6.755708831766291,2.5991746443373693,0.3543257173124866,529_pollen,3,SVR,True,5
2.0875727354779268,6.755708831766291,2.5991746443373693,0.3543257173124866,529_pollen,3,SVR,False,5
2.069563905627826,6.688721019102236,2.5862561781660838,0.3186734293677833,529_pollen,4,SVR,True,5
2.069563905627826,6.688721019102236,2.5862561781660838,0.3186734293677833,529_pollen,4,SVR,False,5
2.062790393602087,6.647183645026742,2.578213266009378,0.3530589117603294,529_pollen,5,SVR,True,5
2.062790393602087,6.647183645026742,2.578213266009378,0.3530589117603294,529_pollen,5,SVR,False,5
2.1365539255746726,7.208099617609151,2.684790423405364,0.2752708618842185,529_pollen,0,SVR,True,10
2.1365539255746726,7.208099617609151,2.684790423405364,0.2752708618842185,529_pollen,0,SVR,False,10
2.139267939112774,7.120989285317772,2.6685181815602776,0.3017145770484323,529_pollen,1,SVR,True,10
2.139267939112774,7.120989285317772,2.6685181815602776,0.3017145770484323,529_pollen,1,SVR,False,10
2.090590197952232,6.792777396348845,2.606295723119087,0.3535292646570305,529_pollen,2,SVR,True,10
2.090590197952232,6.792777396348845,2.606295723119087,0.3535292646570305,529_pollen,2,SVR,False,10
2.0875727354779268,6.755708831766291,2.5991746443373693,0.3543257173124866,529_pollen,3,SVR,True,10
2.0875727354779268,6.755708831766291,2.5991746443373693,0.3543257173124866,529_pollen,3,SVR,False,10
2.069563905627826,6.688721019102236,2.5862561781660838,0.3186734293677833,529_pollen,4,SVR,True,10
2.069563905627826,6.688721019102236,2.5862561781660838,0.3186734293677833,529_pollen,4,SVR,False,10
2.062790393602087,6.647183645026742,2.578213266009378,0.3530589117603294,529_pollen,5,SVR,True,10
2.062790393602087,6.647183645026742,2.578213266009378,0.3530589117603294,529_pollen,5,SVR,False,10
2.1365539255746726,7.208099617609151,2.684790423405364,0.2752708618842185,529_pollen,0,SVR,True,20
2.1365539255746726,7.208099617609151,2.684790423405364,0.2752708618842185,529_pollen,0,SVR,False,20
2.139267939112774,7.120989285317772,2.6685181815602776,0.3017145770484323,529_pollen,1,SVR,True,20
2.139267939112774,7.120989285317772,2.6685181815602776,0.3017145770484323,529_pollen,1,SVR,False,20
2.090590197952232,6.792777396348845,2.606295723119087,0.3535292646570305,529_pollen,2,SVR,True,20
2.090590197952232,6.792777396348845,2.606295723119087,0.3535292646570305,529_pollen,2,SVR,False,20
2.0875727354779268,6.755708831766291,2.5991746443373693,0.3543257173124866,529_pollen,3,SVR,True,20
2.0875727354779268,6.755708831766291,2.5991746443373693,0.3543257173124866,529_pollen,3,SVR,False,20
2.069563905627826,6.688721019102236,2.5862561781660838,0.3186734293677833,529_pollen,4,SVR,True,20
2.069563905627826,6.688721019102236,2.5862561781660838,0.3186734293677833,529_pollen,4,SVR,False,20
2.062790393602087,6.647183645026742,2.578213266009378,0.3530589117603294,529_pollen,5,SVR,True,20
2.062790393602087,6.647183645026742,2.578213266009378,0.3530589117603294,529_pollen,5,SVR,False,20
1.2538298949555773,2.521517339339285,1.5879286316894992,0.4732903471471632,294_satellite_image,0,LR,True,1
1.2538298949555773,2.521517339339285,1.5879286316894992,0.4732903471471632,294_satellite_image,0,LR,False,1
1.219260368775866,2.4030337430560804,1.5501721656177678,0.501716740065651,294_satellite_image,1,LR,True,1
1.219260368775866,2.4030337430560804,1.5501721656177678,0.501716740065651,294_satellite_image,1,LR,False,1
1.2004813536782208,2.342397405186857,1.530489269869886,0.5079478570648865,294_satellite_image,2,LR,True,1
1.2004813536782208,2.342397405186857,1.530489269869886,0.5079478570648865,294_satellite_image,2,LR,False,1
1.2692334393648876,2.5795291882112488,1.60609127642586,0.4826047333050119,294_satellite_image,3,LR,True,1
1.2692334393648876,2.5795291882112488,1.60609127642586,0.4826047333050119,294_satellite_image,3,LR,False,1
1.228376447573618,2.4342026290112027,1.5601931383681966,0.4931307885542518,294_satellite_image,4,LR,True,1
1.228376447573618,2.4342026290112027,1.5601931383681966,0.4931307885542518,294_satellite_image,4,LR,False,1
1.252278949926992,2.5038762421934595,1.5823641307213263,0.4851366146707494,294_satellite_image,5,LR,True,1
1.252278949926992,2.5038762421934595,1.5823641307213263,0.4851366146707494,294_satellite_image,5,LR,False,1
1.2424719788102438,2.4993132526289616,1.580921646581184,0.477928469844417,294_satellite_image,0,LR,True,5
1.2424719788102438,2.4993132526289616,1.580921646581184,0.477928469844417,294_satellite_image,0,LR,False,5
1.2024000416604677,2.3502973056650305,1.533067939024566,0.5126519522808225,294_satellite_image,1,LR,True,5
1.2024000416604677,2.350297305665031,1.533067939024566,0.5126519522808224,294_satellite_image,1,LR,False,5
1.1769364545107643,2.2859949157649377,1.5119506988539466,0.5197959600919286,294_satellite_image,2,LR,True,5
1.1769364545107643,2.285994915764938,1.5119506988539468,0.5197959600919286,294_satellite_image,2,LR,False,5
1.246618126830309,2.4914310083020803,1.5784267510093968,0.5002752374798669,294_satellite_image,3,LR,True,5
1.246618126830309,2.4914310083020808,1.578426751009397,0.5002752374798669,294_satellite_image,3,LR,False,5
1.2137474849068843,2.3717277296566643,1.5400414701093812,0.5061398136015425,294_satellite_image,4,LR,True,5
1.2137474849068843,2.3717277296566643,1.5400414701093812,0.5061398136015425,294_satellite_image,4,LR,False,5
1.2403987194970167,2.4819470512818413,1.5754196429148144,0.4896458381219838,294_satellite_image,5,LR,True,5
1.2403987194970167,2.4819470512818413,1.5754196429148144,0.4896458381219838,294_satellite_image,5,LR,False,5
1.2225530792165022,2.404947838498824,1.5507894242929388,0.4976400830633143,294_satellite_image,0,LR,True,10
1.2213166183216535,2.414667390406595,1.5539200077245274,0.4956098048132473,294_satellite_image,0,LR,False,10
1.1983581471134612,2.307994856274393,1.519208628291188,0.5214236153698174,294_satellite_image,1,LR,True,10
1.198358147113461,2.307994856274393,1.519208628291188,0.5214236153698174,294_satellite_image,1,LR,False,10
1.1578259999625178,2.2113127610508583,1.4870483385051267,0.5354839531646256,294_satellite_image,2,LR,True,10
1.1628885123946628,2.225846615351865,1.4919271481382277,0.5324309211991352,294_satellite_image,2,LR,False,10
1.2308436184484268,2.42342444268747,1.5567351870782231,0.5139158178283999,294_satellite_image,3,LR,True,10
1.2308436184484268,2.42342444268747,1.5567351870782231,0.5139158178284,294_satellite_image,3,LR,False,10
1.2007845765603795,2.332391936290672,1.5272170560502103,0.5143306282557492,294_satellite_image,4,LR,True,10
1.1989479981521085,2.334528326457872,1.5279163349011855,0.5138857719457266,294_satellite_image,4,LR,False,10
1.224103404029474,2.418757659013498,1.5552355638338191,0.5026392536398677,294_satellite_image,5,LR,True,10
1.2230615024184437,2.422142105846628,1.556323265214084,0.5019433215787663,294_satellite_image,5,LR,False,10
1.216005951242394,2.3828781776971626,1.5436574029548016,0.5022501260711759,294_satellite_image,0,LR,True,20
1.216005951242394,2.382878177697163,1.5436574029548018,0.5022501260711758,294_satellite_image,0,LR,False,20
1.1952563222509258,2.291315581919035,1.5137092131314505,0.5248821615609158,294_satellite_image,1,LR,True,20
1.1967555582858462,2.297284905395618,1.5156796842986378,0.5236443870310701,294_satellite_image,1,LR,False,20
1.1476082547799045,2.172521644514683,1.4739476396787925,0.5436325499724111,294_satellite_image,2,LR,True,20
1.1476082547799042,2.172521644514683,1.4739476396787925,0.5436325499724111,294_satellite_image,2,LR,False,20
1.2160671684418392,2.377772328042237,1.5420027004004362,0.5230726004459441,294_satellite_image,3,LR,True,20
1.2160671684418392,2.377772328042237,1.5420027004004362,0.5230726004459441,294_satellite_image,3,LR,False,20
1.1881865401966,2.28885299978721,1.5128955680374008,0.5233966551138587,294_satellite_image,4,LR,True,20
1.1881865401966,2.2888529997872094,1.5128955680374008,0.5233966551138587,294_satellite_image,4,LR,False,20
1.215428173349424,2.382328134805487,1.5434792304418894,0.51013013032283,294_satellite_image,5,LR,True,20
1.215428173349424,2.382328134805487,1.5434792304418894,0.51013013032283,294_satellite_image,5,LR,False,20
1.2104118104118105,2.750862470862471,1.6585724195411158,0.4253833616494079,294_satellite_image,0,KNN,True,1
1.2104118104118105,2.750862470862471,1.6585724195411158,0.4253833616494079,294_satellite_image,0,KNN,False,1
1.2621600621600622,2.910955710955711,1.7061523117692954,0.3963961157970007,294_satellite_image,1,KNN,True,1
1.2621600621600622,2.910955710955711,1.7061523117692954,0.3963961157970007,294_satellite_image,1,KNN,False,1
1.158974358974359,2.4025485625485623,1.5500156652590844,0.4953122958171171,294_satellite_image,2,KNN,True,1
1.158974358974359,2.4025485625485623,1.5500156652590844,0.4953122958171171,294_satellite_image,2,KNN,False,1
1.273193473193473,2.732587412587413,1.6530539654189795,0.4519047120829682,294_satellite_image,3,KNN,True,1
1.273193473193473,2.732587412587413,1.6530539654189795,0.4519047120829682,294_satellite_image,3,KNN,False,1
1.2397824397824395,2.7556177156177157,1.660005336020856,0.4262031591312288,294_satellite_image,4,KNN,True,1
1.2397824397824395,2.7556177156177157,1.660005336020856,0.4262031591312288,294_satellite_image,4,KNN,False,1
1.2812742812742812,2.7376845376845376,1.6545949769307706,0.4370594259878364,294_satellite_image,5,KNN,True,1
1.2812742812742812,2.7376845376845376,1.6545949769307706,0.4370594259878364,294_satellite_image,5,KNN,False,1
1.266977466977467,2.911484071484072,1.7063071445329154,0.3918317591344562,294_satellite_image,0,KNN,True,5
1.2691530691530692,2.921305361305361,1.709182658847603,0.389780229259316,294_satellite_image,0,KNN,False,5
1.234032634032634,2.70020202020202,1.643229144155501,0.4400971401273503,294_satellite_image,1,KNN,True,5
1.234032634032634,2.696161616161616,1.641999274105082,0.4409349418030538,294_satellite_image,1,KNN,False,5
1.184926184926185,2.560777000777001,1.6002427943212243,0.4620742799573067,294_satellite_image,2,KNN,True,5
1.1863247863247863,2.559316239316239,1.5997863105165762,0.4623811325885013,294_satellite_image,2,KNN,False,5
1.2130536130536131,2.6224708624708626,1.6194044777234815,0.4739916037822215,294_satellite_image,3,KNN,True,5
1.2152292152292152,2.631546231546232,1.622204127582664,0.4721712898177331,294_satellite_image,3,KNN,False,5
1.230924630924631,2.6913752913752917,1.6405411580863467,0.4395802323990972,294_satellite_image,4,KNN,True,5
1.2270396270396269,2.672696192696193,1.6348382772299506,0.4434697442684677,294_satellite_image,4,KNN,False,5
1.2250194250194248,2.6412121212121216,1.6251806426401103,0.456896714308592,294_satellite_image,5,KNN,True,5
1.221756021756022,2.627505827505828,1.6209583052953052,0.4597150919340601,294_satellite_image,5,KNN,False,5
1.1853923853923851,2.5828127428127425,1.6071131705056565,0.4604865959370132,294_satellite_image,0,KNN,True,10
1.1816627816627818,2.5924475524475525,1.610107931924923,0.458474019160768,294_satellite_image,0,KNN,False,10
1.1853923853923851,2.595493395493395,1.6110535048512185,0.4618090927846203,294_satellite_image,1,KNN,True,10
1.1869463869463868,2.6148251748251745,1.6170421066951766,0.4578005339977927,294_satellite_image,1,KNN,False,10
1.1477855477855476,2.382968142968143,1.5436865429769553,0.4994254268310004,294_satellite_image,2,KNN,True,10
1.114840714840715,2.3137839937839937,1.5211127485442997,0.513958489746722,294_satellite_image,2,KNN,False,10
1.1681429681429685,2.508749028749029,1.5839030995452432,0.4968016339057234,294_satellite_image,3,KNN,True,10
1.171095571095571,2.498896658896659,1.5807898844870747,0.4987777966685411,294_satellite_image,3,KNN,False,10
1.1783993783993785,2.522486402486403,1.5882337367297057,0.4747476325624242,294_satellite_image,4,KNN,True,10
1.1386169386169387,2.401771561771562,1.5497650021121143,0.4998838457082399,294_satellite_image,4,KNN,False,10
1.1855477855477856,2.5867599067599065,1.608340730927345,0.4680935342628329,294_satellite_image,5,KNN,True,10
1.176068376068376,2.5675835275835275,1.6023680999019942,0.4720367065869006,294_satellite_image,5,KNN,False,10
1.1306915306915306,2.4481118881118884,1.5646443327836166,0.4886237177055504,294_satellite_image,0,KNN,True,20
1.1314685314685315,2.449075369075369,1.5649521938626014,0.488422460027926,294_satellite_image,0,KNN,False,20
1.11996891996892,2.3923232323232324,1.5467136878954788,0.5039376278159571,294_satellite_image,1,KNN,True,20
1.1069153069153068,2.323760683760684,1.5243886262238655,0.5181544777898179,294_satellite_image,1,KNN,False,20
1.092152292152292,2.255167055167055,1.501721364024317,0.5262717676708237,294_satellite_image,2,KNN,True,20
1.0923076923076924,2.255198135198135,1.501731712123752,0.5262652388914366,294_satellite_image,2,KNN,False,20
1.1120435120435122,2.3674281274281275,1.5386448997179718,0.5251474133458884,294_satellite_image,3,KNN,True,20
1.1123543123543125,2.3676767676767674,1.538725696047469,0.525097541730423,294_satellite_image,3,KNN,False,20
1.1274281274281277,2.4278166278166275,1.5581452524770043,0.4944605329852241,294_satellite_image,4,KNN,True,20
1.1275835275835275,2.428096348096348,1.558235010547622,0.4944022873831869,294_satellite_image,4,KNN,False,20
1.122144522144522,2.4451592851592854,1.5637005100591626,0.4972103788470348,294_satellite_image,5,KNN,True,20
1.1226107226107225,2.444444444444444,1.563471919941143,0.497357369063329,294_satellite_image,5,KNN,False,20
1.1695016007637888,2.3087784098652944,1.5194664885627769,0.517728529642823,294_satellite_image,0,DT,True,1
1.1695016007637888,2.3087784098652944,1.5194664885627769,0.517728529642823,294_satellite_image,0,DT,False,1
1.1568910917123696,2.253405634075865,1.5011347821151388,0.5327430134735536,294_satellite_image,1,DT,True,1
1.1568910917123696,2.253405634075865,1.5011347821151388,0.5327430134735536,294_satellite_image,1,DT,False,1
1.1148867584746074,2.1458982858115605,1.4648884892071343,0.5492251452651626,294_satellite_image,2,DT,True,1
1.1148867584746074,2.1458982858115605,1.4648884892071343,0.5492251452651626,294_satellite_image,2,DT,False,1
1.1744726723114172,2.3354269039929165,1.5282103598631036,0.5315661356497474,294_satellite_image,3,DT,True,1
1.1744726723114172,2.3354269039929165,1.5282103598631036,0.5315661356497474,294_satellite_image,3,DT,False,1
1.1636500518923083,2.2603522664179505,1.503446795339945,0.5293313065994542,294_satellite_image,4,DT,True,1
1.1636500518923083,2.2603522664179505,1.503446795339945,0.5293313065994542,294_satellite_image,4,DT,False,1
1.1546801848192343,2.2623718635424006,1.5041183010462975,0.534796322234888,294_satellite_image,5,DT,True,1
1.1546801848192343,2.2623718635424006,1.5041183010462975,0.534796322234888,294_satellite_image,5,DT,False,1
1.2280681278777124,2.776547685111039,1.6662975980031416,0.4200180801701781,294_satellite_image,0,DT,True,5
1.2280681278777124,2.776547685111039,1.6662975980031416,0.4200180801701781,294_satellite_image,0,DT,False,5
1.189546602117738,2.506930255636856,1.5833288526509128,0.4801731836615198,294_satellite_image,1,DT,True,5
1.189546602117738,2.506930255636856,1.5833288526509128,0.4801731836615198,294_satellite_image,1,DT,False,5
1.1467301904167908,2.418506732280981,1.5551548901254115,0.4919600672000724,294_satellite_image,2,DT,True,5
1.1467301904167908,2.418506732280981,1.5551548901254115,0.4919600672000724,294_satellite_image,2,DT,False,5
1.185073728735298,2.4940694926012643,1.5792623254549143,0.4997460171500929,294_satellite_image,3,DT,True,5
1.185073728735298,2.4940694926012643,1.5792623254549143,0.4997460171500929,294_satellite_image,3,DT,False,5
1.2107240942896529,2.6487963581767664,1.6275123219738663,0.4484463596628347,294_satellite_image,4,DT,True,5
1.2107240942896529,2.6487963581767664,1.6275123219738663,0.4484463596628347,294_satellite_image,4,DT,False,5
1.1866220858650205,2.594346975804855,1.6106976674115026,0.4665334315758939,294_satellite_image,5,DT,True,5
1.1866220858650205,2.594346975804855,1.6106976674115026,0.4665334315758939,294_satellite_image,5,DT,False,5
1.363302438302438,4.233836688370419,2.057628899576019,0.1156108198916781,294_satellite_image,0,DT,True,10
1.4365718974110584,4.530940003801643,2.128600480081136,0.053550098876287,294_satellite_image,0,DT,False,10
1.3953363415484623,4.155921004824132,2.0386076142367693,0.1382451984715736,294_satellite_image,1,DT,True,10
1.3953363415484623,4.155921004824132,2.0386076142367693,0.1382451984715736,294_satellite_image,1,DT,False,10
1.3181703818067456,3.899093248458657,1.9746121767219649,0.1809429159374992,294_satellite_image,2,DT,True,10
1.351943426943427,4.09896707538283,2.024590594511105,0.1389567249363886,294_satellite_image,2,DT,False,10
1.2930782741388802,3.842509017170431,1.9602318784190893,0.2292795186026103,294_satellite_image,3,DT,True,10
1.2930782741388802,3.842509017170431,1.9602318784190893,0.2292795186026103,294_satellite_image,3,DT,False,10
1.3312507357961902,4.015146360828371,2.0037830124113665,0.1639339940327638,294_satellite_image,4,DT,True,10
1.3626318126318129,4.207113632846997,2.0511249676328838,0.1239610276774538,294_satellite_image,4,DT,False,10
1.3407606250263593,4.0595538591159,2.0148334569179407,0.1652480232010826,294_satellite_image,5,DT,True,10
1.3622809850082576,4.238322932060142,2.058718759826155,0.128488358910481,294_satellite_image,5,DT,False,10
1.3352758352758354,4.305944055944056,2.075076879526167,0.100548600826076,294_satellite_image,0,DT,True,20
1.3352758352758354,4.305944055944056,2.075076879526167,0.100548600826076,294_satellite_image,0,DT,False,20
1.3615643615643616,4.35284468617802,2.086347211318869,0.0974119083911363,294_satellite_image,1,DT,True,20
1.423206423206423,4.626996460329794,2.151045434278364,0.0405649164852289,294_satellite_image,1,DT,False,20
1.3302253302253302,4.305749805749806,2.075030073456721,0.095519225657342,294_satellite_image,2,DT,True,20
1.3302253302253302,4.305749805749806,2.075030073456721,0.095519225657342,294_satellite_image,2,DT,False,20
1.3588448588448587,4.462207545540879,2.112393795091455,0.1049819968602582,294_satellite_image,3,DT,True,20
1.3588448588448587,4.462207545540879,2.112393795091455,0.1049819968602582,294_satellite_image,3,DT,False,20
1.3382543382543384,4.2501510834844165,2.061589455610505,0.1149994242319404,294_satellite_image,4,DT,True,20
1.3382543382543384,4.2501510834844165,2.061589455610505,0.1149994242319404,294_satellite_image,4,DT,False,20
1.3663558663558664,4.343240093240094,2.084044167775744,0.1069146070317048,294_satellite_image,5,DT,True,20
1.3663558663558664,4.343240093240094,2.084044167775744,0.1069146070317048,294_satellite_image,5,DT,False,20
1.1697547686852012,2.310290058512931,1.5199638346069064,0.5174127674142591,294_satellite_image,0,RF,True,1
1.1697547686852012,2.310290058512931,1.5199638346069064,0.5174127674142591,294_satellite_image,0,RF,False,1
1.157233259798805,2.25329268707917,1.5010971611055597,0.5327664337013702,294_satellite_image,1,RF,True,1
1.157233259798805,2.25329268707917,1.5010971611055597,0.5327664337013702,294_satellite_image,1,RF,False,1
1.115982286465732,2.1503337357164085,1.4664016283803043,0.5482934192370648,294_satellite_image,2,RF,True,1
1.115982286465732,2.1503337357164085,1.4664016283803043,0.5482934192370648,294_satellite_image,2,RF,False,1
1.173965139123714,2.3365692915056697,1.5285840806137128,0.5313369985287056,294_satellite_image,3,RF,True,1
1.173965139123714,2.3365692915056697,1.5285840806137128,0.5313369985287056,294_satellite_image,3,RF,False,1
1.1636305175093695,2.262440141174572,1.504140997770678,0.5288965525576694,294_satellite_image,4,RF,True,1
1.1636305175093695,2.262440141174572,1.504140997770678,0.5288965525576694,294_satellite_image,4,RF,False,1
1.1548971382605746,2.262654920408776,1.5042123920539865,0.5347381182334254,294_satellite_image,5,RF,True,1
1.1548971382605746,2.262654920408776,1.5042123920539865,0.5347381182334254,294_satellite_image,5,RF,False,1
1.21301870779164,2.6238866216851138,1.6198415421531558,0.4519068379695924,294_satellite_image,0,RF,True,5
1.21301870779164,2.6238866216851138,1.6198415421531558,0.4519068379695924,294_satellite_image,0,RF,False,5
1.1776585717534815,2.4191027876644684,1.5553465169101284,0.4983847286219353,294_satellite_image,1,RF,True,5
1.1776585717534815,2.4191027876644684,1.5553465169101284,0.4983847286219353,294_satellite_image,1,RF,False,5
1.128710355413605,2.2805972186613506,1.5101646329660057,0.5209298191121161,294_satellite_image,2,RF,True,5
1.128710355413605,2.2805972186613506,1.5101646329660057,0.5209298191121161,294_satellite_image,2,RF,False,5
1.1741326416924152,2.4257019082292373,1.5574665030841714,0.5134590097035854,294_satellite_image,3,RF,True,5
1.1741326416924152,2.4257019082292373,1.5574665030841714,0.5134590097035854,294_satellite_image,3,RF,False,5
1.1907160719741725,2.4641553073224305,1.5697628188113102,0.4868938014376668,294_satellite_image,4,RF,True,5
1.1907160719741725,2.4641553073224305,1.5697628188113102,0.4868938014376668,294_satellite_image,4,RF,False,5
1.176960452304057,2.4649546989797804,1.5700174199606132,0.4931399165766291,294_satellite_image,5,RF,True,5
1.176960452304057,2.4649546989797804,1.5700174199606132,0.4931399165766291,294_satellite_image,5,RF,False,5
1.1956940804886194,2.708954377262655,1.6458901473861052,0.4341373753884001,294_satellite_image,0,RF,True,10
1.2230310676919656,2.8070507065108194,1.6754255299806131,0.4136464262609288,294_satellite_image,0,RF,False,10
1.205129237346956,2.6625302170865845,1.6317261464739066,0.4479086113221291,294_satellite_image,1,RF,True,10
1.205129237346956,2.6625302170865845,1.6317261464739066,0.4479086113221291,294_satellite_image,1,RF,False,10
1.130945176541719,2.374808262087296,1.5410412914932865,0.5011395197789457,294_satellite_image,2,RF,True,10
1.138052887504982,2.3821940581089938,1.543435796562006,0.4995880337878364,294_satellite_image,2,RF,False,10
1.1639414629600648,2.527554068509878,1.5898283141615883,0.4930297678587175,294_satellite_image,3,RF,True,10
1.1639414629600648,2.527554068509878,1.5898283141615883,0.4930297678587175,294_satellite_image,3,RF,False,10
1.195121059850494,2.653814224124488,1.6290531679857745,0.4474014993353707,294_satellite_image,4,RF,True,10
1.164955660108626,2.569504337376222,1.6029673538086238,0.4649571807334034,294_satellite_image,4,RF,False,10
1.1993104588638184,2.665404729399508,1.632606728333406,0.4519220722151031,294_satellite_image,5,RF,True,10
1.1808142299105562,2.6325293182901843,1.6225071088565943,0.4586821289513776,294_satellite_image,5,RF,False,10
1.118948273948274,2.255626799496579,1.501874428671245,0.5288311565449291,294_satellite_image,0,RF,True,20
1.118948273948274,2.255626799496579,1.501874428671245,0.5288311565449291,294_satellite_image,0,RF,False,20
1.1002587412587417,2.2882751654985225,1.5127045863282502,0.5255126098889713,294_satellite_image,1,RF,True,20
1.121589324255991,2.299724828855644,1.5164843648569686,0.5231384544701292,294_satellite_image,1,RF,False,20
1.073358474858475,2.09835302428656,1.4485693025487458,0.5592126682055413,294_satellite_image,2,RF,True,20
1.073358474858475,2.09835302428656,1.4485693025487458,0.5592126682055413,294_satellite_image,2,RF,False,20
1.12301517001517,2.2897016181688192,1.5131760036984525,0.5407375947523555,294_satellite_image,3,RF,True,20
1.12301517001517,2.2897016181688192,1.5131760036984525,0.5407375947523555,294_satellite_image,3,RF,False,20
1.096979671563005,2.238593669360242,1.4961930588531154,0.5338620563412233,294_satellite_image,4,RF,True,20
1.096979671563005,2.238593669360242,1.4961930588531154,0.5338620563412233,294_satellite_image,4,RF,False,20
1.1100576645576643,2.2152792525512406,1.488381420386334,0.544479812461091,294_satellite_image,5,RF,True,20
1.1100576645576643,2.2152792525512406,1.488381420386334,0.544479812461091,294_satellite_image,5,RF,False,20
1.2594227059115677,2.6118978161479123,1.616136694759423,0.4544111315170142,294_satellite_image,0,SVR,True,1
1.2594227059115677,2.6118978161479123,1.616136694759423,0.4544111315170142,294_satellite_image,0,SVR,False,1
1.2096381831811067,2.4351322333307444,1.560491023149683,0.4950609282530837,294_satellite_image,1,SVR,True,1
1.2096381831811067,2.4351322333307444,1.560491023149683,0.4950609282530837,294_satellite_image,1,SVR,False,1
1.199469998098351,2.426300395315257,1.557658626052338,0.4903229032462369,294_satellite_image,2,SVR,True,1
1.199469998098351,2.426300395315257,1.557658626052338,0.4903229032462369,294_satellite_image,2,SVR,False,1
1.2629834577735204,2.660251007340912,1.6310275924523507,0.4664137604222209,294_satellite_image,3,SVR,True,1
1.2629834577735204,2.660251007340912,1.6310275924523507,0.4664137604222209,294_satellite_image,3,SVR,False,1
1.2257203748408276,2.521134850634189,1.587808190756739,0.4750290635383811,294_satellite_image,4,SVR,True,1
1.2257203748408276,2.521134850634189,1.587808190756739,0.4750290635383811,294_satellite_image,4,SVR,False,1
1.2535302559922643,2.6006428972215443,1.612650891303367,0.465238823096553,294_satellite_image,5,SVR,True,1
1.2535302559922643,2.6006428972215443,1.612650891303367,0.465238823096553,294_satellite_image,5,SVR,False,1
1.248036094565408,2.6004503761279443,1.612591199321125,0.4568023413908875,294_satellite_image,0,SVR,True,5
1.2480360945654076,2.6004503761279425,1.6125911993211244,0.4568023413908879,294_satellite_image,0,SVR,False,5
1.1897578741518182,2.395940002026415,1.5478824251300274,0.503187669225762,294_satellite_image,1,SVR,True,5
1.1897578741518182,2.3959400020264154,1.5478824251300276,0.5031876692257619,294_satellite_image,1,SVR,False,5
1.174149932939747,2.3661232627539888,1.5382208107921271,0.5029639209347363,294_satellite_image,2,SVR,True,5
1.174149932939747,2.366123262753989,1.5382208107921271,0.5029639209347363,294_satellite_image,2,SVR,False,5
1.2356391658431254,2.5552247973614994,1.5985070526467813,0.4874796449140894,294_satellite_image,3,SVR,True,5
1.2356391658431256,2.5552247973615003,1.5985070526467815,0.4874796449140892,294_satellite_image,3,SVR,False,5
1.2059870348376296,2.4465607842361905,1.5641485812531335,0.4905574742708972,294_satellite_image,4,SVR,True,5
1.2059870348376294,2.4465607842361905,1.5641485812531335,0.4905574742708972,294_satellite_image,4,SVR,False,5
1.2359178259487045,2.572418234511849,1.603876003471543,0.4710425625736127,294_satellite_image,5,SVR,True,5
1.2359178259487047,2.572418234511852,1.6038760034715438,0.4710425625736123,294_satellite_image,5,SVR,False,5
1.222922051467566,2.4874427978519527,1.5771628951544456,0.4804080415757945,294_satellite_image,0,SVR,True,10
1.22421043998931,2.502543200069857,1.581942856132881,0.4772537790664537,294_satellite_image,0,SVR,False,10
1.1846366518095646,2.347361139835277,1.5321100286321727,0.5132607836322693,294_satellite_image,1,SVR,True,10
1.1846366518095646,2.347361139835277,1.5321100286321727,0.5132607836322693,294_satellite_image,1,SVR,False,10
1.1544199467003131,2.291503970116125,1.5137714391928938,0.5186387089811457,294_satellite_image,2,SVR,True,10
1.1607323460546015,2.310005604144844,1.5198702589842474,0.5147521914109532,294_satellite_image,2,SVR,False,10
1.2188547388350532,2.4858547166547407,1.576659353397157,0.5013937155793704,294_satellite_image,3,SVR,True,10
1.2188547388350537,2.485854716654741,1.576659353397157,0.5013937155793704,294_satellite_image,3,SVR,False,10
1.1933230002381097,2.40730524777403,1.5515493056213296,0.4987315771883432,294_satellite_image,4,SVR,True,10
1.191381853347664,2.411255344270001,1.5528217361532524,0.4979090563874102,294_satellite_image,4,SVR,False,10
1.2207195393243515,2.516458871752287,1.5863350439778752,0.4825492922057516,294_satellite_image,5,SVR,True,10
1.2219428869115088,2.5141622900989096,1.585611014750752,0.4830215303239211,294_satellite_image,5,SVR,False,10
1.2162394666739498,2.4716703760190697,1.572154692140398,0.4837026795696078,294_satellite_image,0,SVR,True,20
1.2162394666739498,2.47167037601907,1.5721546921403982,0.4837026795696076,294_satellite_image,0,SVR,False,20
1.1821087448964238,2.330497914698736,1.5265968409173185,0.5167574731058664,294_satellite_image,1,SVR,True,20
1.1841343416965804,2.335850418818487,1.5283489191995678,0.5156475997179839,294_satellite_image,1,SVR,False,20
1.1438533370173487,2.244492096658305,1.4981629072495106,0.528514186569659,294_satellite_image,2,SVR,True,20
1.1438533370173487,2.244492096658305,1.4981629072495106,0.528514186569659,294_satellite_image,2,SVR,False,20
1.2050539454347282,2.4347207860246454,1.560359184939367,0.5116500266133491,294_satellite_image,3,SVR,True,20
1.2050539454347282,2.4347207860246454,1.560359184939367,0.5116500266133491,294_satellite_image,3,SVR,False,20
1.1798371203977756,2.3638133363972997,1.537469783897329,0.5077878120970807,294_satellite_image,4,SVR,True,20
1.1798371203977756,2.3638133363972997,1.537469783897329,0.5077878120970807,294_satellite_image,4,SVR,False,20
1.2117581389350134,2.4660467001041724,1.570365148653068,0.4929153721737495,294_satellite_image,5,SVR,True,20
1.2117581389350132,2.4660467001041733,1.5703651486530683,0.4929153721737492,294_satellite_image,5,SVR,False,20
3.1753501459973075,16.442049509988074,4.054879715847077,0.6315323406473954,503_wind,0,LR,True,1
3.1753501459973075,16.442049509988074,4.054879715847077,0.6315323406473954,503_wind,0,LR,False,1
3.1018403491086173,15.387118150221992,3.9226417310559976,0.6353714032548906,503_wind,1,LR,True,1
3.1018403491086173,15.387118150221992,3.9226417310559976,0.6353714032548906,503_wind,1,LR,False,1
3.094543069854756,15.588747194647372,3.948258754773726,0.6447181047422383,503_wind,2,LR,True,1
3.094543069854756,15.588747194647372,3.948258754773726,0.6447181047422383,503_wind,2,LR,False,1
3.1063310962409023,15.69574046698737,3.9617850101926746,0.64236333835899,503_wind,3,LR,True,1
3.1063310962409023,15.69574046698737,3.9617850101926746,0.64236333835899,503_wind,3,LR,False,1
3.151801778776716,15.909584604647463,3.9886820636204474,0.6376021647146213,503_wind,4,LR,True,1
3.151801778776716,15.909584604647463,3.9886820636204474,0.6376021647146213,503_wind,4,LR,False,1
2.999116659466877,14.397382356798992,3.794388271750664,0.664099773618984,503_wind,5,LR,True,1
2.999116659466877,14.397382356798992,3.794388271750664,0.664099773618984,503_wind,5,LR,False,1
3.1753501459973075,16.442049509988074,4.054879715847077,0.6315323406473954,503_wind,0,LR,True,5
3.1753501459973075,16.442049509988074,4.054879715847077,0.6315323406473954,503_wind,0,LR,False,5
3.1018403491086173,15.387118150221992,3.9226417310559976,0.6353714032548906,503_wind,1,LR,True,5
3.1018403491086173,15.387118150221992,3.9226417310559976,0.6353714032548906,503_wind,1,LR,False,5
3.094543069854756,15.588747194647372,3.948258754773726,0.6447181047422383,503_wind,2,LR,True,5
3.094543069854756,15.588747194647372,3.948258754773726,0.6447181047422383,503_wind,2,LR,False,5
3.1063310962409023,15.69574046698737,3.9617850101926746,0.64236333835899,503_wind,3,LR,True,5
3.1063310962409023,15.69574046698737,3.9617850101926746,0.64236333835899,503_wind,3,LR,False,5
3.151801778776716,15.909584604647463,3.9886820636204474,0.6376021647146213,503_wind,4,LR,True,5
3.151801778776716,15.909584604647463,3.9886820636204474,0.6376021647146213,503_wind,4,LR,False,5
2.999116659466877,14.397382356798992,3.794388271750664,0.664099773618984,503_wind,5,LR,True,5
2.999116659466877,14.397382356798992,3.794388271750664,0.664099773618984,503_wind,5,LR,False,5
3.0249784868300904,15.318776679144358,3.913920883097199,0.6567049756369647,503_wind,0,LR,True,10
3.0249784868300904,15.318776679144356,3.913920883097199,0.6567049756369648,503_wind,0,LR,False,10
2.9589686884690902,14.306129766629944,3.782344480164378,0.6609875890512703,503_wind,1,LR,True,10
2.95896868846909,14.306129766629944,3.782344480164378,0.6609875890512703,503_wind,1,LR,False,10
2.898814628797545,13.93268384743422,3.732651048173968,0.6824613125393875,503_wind,2,LR,True,10
2.8988146287975454,13.932683847434223,3.732651048173968,0.6824613125393875,503_wind,2,LR,False,10
2.988361202678453,14.450263315052837,3.801350196318781,0.6707422664958869,503_wind,3,LR,True,10
2.988361202678453,14.450263315052837,3.801350196318781,0.6707422664958869,503_wind,3,LR,False,10
2.954220870559894,14.206421329705911,3.769140661968708,0.6763978152180339,503_wind,4,LR,True,10
2.954220870559894,14.206421329705911,3.769140661968708,0.6763978152180339,503_wind,4,LR,False,10
2.856348543813419,13.307896520229049,3.647998974811952,0.6895181816374343,503_wind,5,LR,True,10
2.8563485438134197,13.307896520229049,3.647998974811952,0.6895181816374343,503_wind,5,LR,False,10
2.972890583180362,14.8921132658333,3.8590300939268793,0.6662665372378234,503_wind,0,LR,True,20
2.972890583180362,14.892113265833302,3.85903009392688,0.6662665372378234,503_wind,0,LR,False,20
2.908626560257815,13.850293681445326,3.7215982697552574,0.6717895384783145,503_wind,1,LR,True,20
2.908626560257815,13.850293681445322,3.721598269755257,0.6717895384783146,503_wind,1,LR,False,20
2.861281274582904,13.703470336816975,3.701819868229271,0.6876852993969549,503_wind,2,LR,True,20
2.861281274582904,13.703470336816975,3.701819868229271,0.6876852993969549,503_wind,2,LR,False,20
2.9360840949356173,14.160415561727914,3.763032761181852,0.6773466177274392,503_wind,3,LR,True,20
2.9360840949356173,14.160415561727913,3.763032761181852,0.6773466177274392,503_wind,3,LR,False,20
2.8942208917486285,13.80734780114367,3.7158239733797496,0.6854881457618247,503_wind,4,LR,True,20
2.8942208917486285,13.80734780114367,3.7158239733797496,0.6854881457618247,503_wind,4,LR,False,20
2.8060008719645526,12.942431627620982,3.5975591207957907,0.6980447135526885,503_wind,5,LR,True,20
2.8060008719645526,12.942431627620982,3.5975591207957907,0.6980447135526885,503_wind,5,LR,False,20
3.4699528515021614,19.92961380414004,4.464259603130181,0.5533757427410784,503_wind,0,KNN,True,1
3.4699528515021614,19.92961380414004,4.464259603130181,0.5533757427410784,503_wind,0,KNN,False,1
3.436287457571284,19.012509119152984,4.360333601819129,0.549460499812934,503_wind,1,KNN,True,1
3.436287457571284,19.012509119152984,4.360333601819129,0.549460499812934,503_wind,1,KNN,False,1
3.3693596785512714,18.623519061967137,4.315497545123521,0.5755528609138877,503_wind,2,KNN,True,1
3.3693596785512714,18.623519061967137,4.315497545123521,0.5755528609138877,503_wind,2,KNN,False,1
3.367656278002852,18.76283028012622,4.331608278702753,0.5724778962525006,503_wind,3,KNN,True,1
3.367656278002852,18.76283028012622,4.331608278702753,0.5724778962525006,503_wind,3,KNN,False,1
3.40725779631292,18.764343893408604,4.3317829924187805,0.5725747857970315,503_wind,4,KNN,True,1
3.40725779631292,18.764343893408604,4.3317829924187805,0.5725747857970315,503_wind,4,KNN,False,1
3.3265049449209934,17.932885604405367,4.234723793165897,0.5816142000743612,503_wind,5,KNN,True,1
3.3265049449209934,17.932885604405367,4.234723793165897,0.5816142000743612,503_wind,5,KNN,False,1
3.4699528515021614,19.92961380414004,4.464259603130181,0.5533757427410784,503_wind,0,KNN,True,5
3.4699528515021614,19.92961380414004,4.464259603130181,0.5533757427410784,503_wind,0,KNN,False,5
3.436287457571284,19.012509119152984,4.360333601819129,0.549460499812934,503_wind,1,KNN,True,5
3.436287457571284,19.012509119152984,4.360333601819129,0.549460499812934,503_wind,1,KNN,False,5
3.3693596785512714,18.623519061967137,4.315497545123521,0.5755528609138877,503_wind,2,KNN,True,5
3.3693596785512714,18.623519061967137,4.315497545123521,0.5755528609138877,503_wind,2,KNN,False,5
3.367656278002852,18.76283028012622,4.331608278702753,0.5724778962525006,503_wind,3,KNN,True,5
3.367656278002852,18.76283028012622,4.331608278702753,0.5724778962525006,503_wind,3,KNN,False,5
3.40725779631292,18.764343893408604,4.3317829924187805,0.5725747857970315,503_wind,4,KNN,True,5
3.40725779631292,18.764343893408604,4.3317829924187805,0.5725747857970315,503_wind,4,KNN,False,5
3.3265049449209934,17.932885604405367,4.234723793165897,0.5816142000743612,503_wind,5,KNN,True,5
3.3265049449209934,17.932885604405367,4.234723793165897,0.5816142000743612,503_wind,5,KNN,False,5
3.297040312453367,17.80368602651192,4.219441435369369,0.6010179561828677,503_wind,0,KNN,True,10
3.2999391700922307,17.81214054730697,4.220443169538831,0.6008284896880485,503_wind,0,KNN,False,10
3.1738174979405707,16.6142165347102,4.076054039719076,0.6062928482171059,503_wind,1,KNN,True,10
3.1692654075096773,16.59809331844837,4.074075762482623,0.6066749201335735,503_wind,1,KNN,False,10
3.155720158285061,16.045191241667467,4.005644922065293,0.6343153248344273,503_wind,2,KNN,True,10
3.1536228198878216,16.066823520324846,4.008344236754728,0.6338223052951295,503_wind,2,KNN,False,10
3.1745551434941164,16.60395548065545,4.074795145851562,0.6216691260519206,503_wind,3,KNN,True,10
3.171683660151841,16.577692395561208,4.071571244072883,0.6222675458650702,503_wind,3,KNN,False,10
3.1630235613888207,16.34190136082724,4.04251176384525,0.6277546004638626,503_wind,4,KNN,True,10
3.164982496622397,16.36199928215492,4.044996821031497,0.6272967982418763,503_wind,4,KNN,False,10
2.997196976549272,14.69734200231077,3.833711257034203,0.6571015214134368,503_wind,5,KNN,True,10
2.993598497485027,14.676801056613773,3.831031330675041,0.6575807549392758,503_wind,5,KNN,False,10
3.138660079045894,16.77250849630056,4.0954253132367775,0.6241267280365934,503_wind,0,KNN,True,20
3.138660079045894,16.77250849630056,4.0954253132367775,0.6241267280365934,503_wind,0,KNN,False,20
3.109867666692335,16.101514694834165,4.012669273044336,0.6184423456471974,503_wind,1,KNN,True,20
3.109867666692335,16.101514694834165,4.012669273044336,0.6184423456471974,503_wind,1,KNN,False,20
3.126587070865776,16.152788114251663,4.019053136530004,0.6318630930842938,503_wind,2,KNN,True,20
3.126587070865776,16.152788114251663,4.019053136530004,0.6318630930842938,503_wind,2,KNN,False,20
3.1318357357507423,16.174066708917533,4.021699480184656,0.631464394107268,503_wind,3,KNN,True,20
3.1318357357507423,16.174066708917533,4.021699480184656,0.631464394107268,503_wind,3,KNN,False,20
3.093222802755044,16.345776517325213,4.042991036018409,0.6276663298797364,503_wind,4,KNN,True,20
3.093222802755044,16.345776517325213,4.042991036018409,0.6276663298797364,503_wind,4,KNN,False,20
3.028284417658251,15.226033779351896,3.902055071286398,0.6447668008932144,503_wind,5,KNN,True,20
3.028284417658251,15.226033779351896,3.902055071286398,0.6447668008932144,503_wind,5,KNN,False,20
3.388425737764984,19.03368434809936,4.362761092255609,0.5734535943137684,503_wind,0,DT,True,1
3.388425737764984,19.03368434809936,4.362761092255609,0.5734535943137684,503_wind,0,DT,False,1
3.2987952195591634,17.212359477190443,4.148778070370894,0.5921186526568791,503_wind,1,DT,True,1
3.2987952195591634,17.212359477190443,4.148778070370894,0.5921186526568791,503_wind,1,DT,False,1
3.247418493303748,17.264910371573716,4.155106541543034,0.6065168033275781,503_wind,2,DT,True,1
3.247418493303748,17.264910371573716,4.155106541543034,0.6065168033275781,503_wind,2,DT,False,1
3.313467621224013,18.22715775696245,4.269327553252673,0.5846835091906124,503_wind,3,DT,True,1
3.313467621224013,18.22715775696245,4.269327553252673,0.5846835091906124,503_wind,3,DT,False,1
3.35470696245307,18.619299402188062,4.315008621334153,0.575878694160738,503_wind,4,DT,True,1
3.35470696245307,18.619299402188062,4.315008621334153,0.575878694160738,503_wind,4,DT,False,1
3.192636396115929,16.52571896248176,4.065183755069598,0.6144443063995393,503_wind,5,DT,True,1
3.192636396115929,16.52571896248176,4.065183755069598,0.6144443063995393,503_wind,5,DT,False,1
3.388425737764984,19.03368434809936,4.362761092255609,0.5734535943137684,503_wind,0,DT,True,5
3.388425737764984,19.03368434809936,4.362761092255609,0.5734535943137684,503_wind,0,DT,False,5
3.2987952195591634,17.212359477190443,4.148778070370894,0.5921186526568791,503_wind,1,DT,True,5
3.2987952195591634,17.212359477190443,4.148778070370894,0.5921186526568791,503_wind,1,DT,False,5
3.247418493303748,17.264910371573716,4.155106541543034,0.6065168033275781,503_wind,2,DT,True,5
3.247418493303748,17.264910371573716,4.155106541543034,0.6065168033275781,503_wind,2,DT,False,5
3.313467621224013,18.22715775696245,4.269327553252673,0.5846835091906124,503_wind,3,DT,True,5
3.313467621224013,18.22715775696245,4.269327553252673,0.5846835091906124,503_wind,3,DT,False,5
3.35470696245307,18.619299402188062,4.315008621334153,0.575878694160738,503_wind,4,DT,True,5
3.35470696245307,18.619299402188062,4.315008621334153,0.575878694160738,503_wind,4,DT,False,5
3.192636396115929,16.52571896248176,4.065183755069598,0.6144443063995393,503_wind,5,DT,True,5
3.192636396115929,16.52571896248176,4.065183755069598,0.6144443063995393,503_wind,5,DT,False,5
4.303814955809271,29.91782145411372,5.469718590029447,0.3295392014584429,503_wind,0,DT,True,10
4.303814955809271,29.91782145411372,5.469718590029447,0.3295392014584429,503_wind,0,DT,False,10
4.3445437286289925,30.11947251138385,5.488121036510023,0.2862587464846141,503_wind,1,DT,True,10
4.3445437286289925,30.11947251138385,5.488121036510023,0.2862587464846141,503_wind,1,DT,False,10
4.195102665104039,29.52194356021507,5.433409938539064,0.3271677365216813,503_wind,2,DT,True,10
4.195102665104039,29.52194356021507,5.433409938539064,0.3271677365216813,503_wind,2,DT,False,10
4.189543728774038,29.650256812078737,5.445204937564677,0.3244014906226476,503_wind,3,DT,True,10
4.189543728774038,29.650256812078737,5.445204937564677,0.3244014906226476,503_wind,3,DT,False,10
4.253324441704309,29.954015997999125,5.473026219378007,0.3176898815694111,503_wind,4,DT,True,10
4.253324441704309,29.954015997999125,5.473026219378007,0.3176898815694111,503_wind,4,DT,False,10
4.123958191067849,28.112572997352224,5.302129100404122,0.3441155204505564,503_wind,5,DT,True,10
4.123958191067849,28.112572997352224,5.302129100404122,0.3441155204505564,503_wind,5,DT,False,10
4.293125457274143,30.249923670276125,5.499993060929816,0.3220967639337999,503_wind,0,DT,True,20
4.293125457274143,30.249923670276125,5.499993060929816,0.3220967639337999,503_wind,0,DT,False,20
4.236619772385282,29.60988944340035,5.441496985517896,0.2983343383654246,503_wind,1,DT,True,20
4.236619772385282,29.60988944340035,5.441496985517896,0.2983343383654246,503_wind,1,DT,False,20
4.135912538028036,28.59357435037035,5.347295984922693,0.3483261252141245,503_wind,2,DT,True,20
4.135912538028036,28.59357435037035,5.347295984922693,0.3483261252141245,503_wind,2,DT,False,20
4.2189733998403804,29.00207247437662,5.3853572281118565,0.3391707513116444,503_wind,3,DT,True,20
4.2189733998403804,29.00207247437662,5.3853572281118565,0.3391707513116444,503_wind,3,DT,False,20
4.052844120794376,27.641914586752872,5.257557853866458,0.3703562815551873,503_wind,4,DT,True,20
4.052844120794376,27.641914586752872,5.257557853866458,0.3703562815551873,503_wind,4,DT,False,20
4.096783259431672,28.561152030062164,5.344263469371824,0.3336498819821935,503_wind,5,DT,True,20
4.096783259431672,28.561152030062164,5.344263469371824,0.3336498819821935,503_wind,5,DT,False,20
3.371497768524863,18.66101241829272,4.319839397280033,0.5818052024024594,503_wind,0,RF,True,1
3.371497768524863,18.66101241829272,4.319839397280033,0.5818052024024594,503_wind,0,RF,False,1
3.290674911701746,17.13541215765717,4.139494191040395,0.5939420735775998,503_wind,1,RF,True,1
3.290674911701746,17.13541215765717,4.139494191040395,0.5939420735775998,503_wind,1,RF,False,1
3.250876240065049,17.255253832202765,4.153944370378925,0.6067368847469832,503_wind,2,RF,True,1
3.250876240065049,17.255253832202765,4.153944370378925,0.6067368847469832,503_wind,2,RF,False,1
3.287107169734985,17.843435345619135,4.224149067637071,0.5934268496197119,503_wind,3,RF,True,1
3.287107169734985,17.843435345619135,4.224149067637071,0.5934268496197119,503_wind,3,RF,False,1
3.325733236536665,18.100662319061712,4.25448731565411,0.5876925133706254,503_wind,4,RF,True,1
3.325733236536665,18.100662319061712,4.25448731565411,0.5876925133706254,503_wind,4,RF,False,1
3.17817981969025,16.283853601151332,4.035325711903728,0.6200871814452417,503_wind,5,RF,True,1
3.17817981969025,16.283853601151332,4.035325711903728,0.6200871814452417,503_wind,5,RF,False,1
3.371497768524863,18.66101241829272,4.319839397280033,0.5818052024024594,503_wind,0,RF,True,5
3.371497768524863,18.66101241829272,4.319839397280033,0.5818052024024594,503_wind,0,RF,False,5
3.290674911701746,17.13541215765717,4.139494191040395,0.5939420735775998,503_wind,1,RF,True,5
3.290674911701746,17.13541215765717,4.139494191040395,0.5939420735775998,503_wind,1,RF,False,5
3.250876240065049,17.255253832202765,4.153944370378925,0.6067368847469832,503_wind,2,RF,True,5
3.250876240065049,17.255253832202765,4.153944370378925,0.6067368847469832,503_wind,2,RF,False,5
3.287107169734985,17.843435345619135,4.224149067637071,0.5934268496197119,503_wind,3,RF,True,5
3.287107169734985,17.843435345619135,4.224149067637071,0.5934268496197119,503_wind,3,RF,False,5
3.325733236536665,18.100662319061712,4.25448731565411,0.5876925133706254,503_wind,4,RF,True,5
3.325733236536665,18.100662319061712,4.25448731565411,0.5876925133706254,503_wind,4,RF,False,5
3.17817981969025,16.283853601151332,4.035325711903728,0.6200871814452417,503_wind,5,RF,True,5
3.17817981969025,16.283853601151332,4.035325711903728,0.6200871814452417,503_wind,5,RF,False,5
3.355621363646026,18.603411812737605,4.3131672600001965,0.5830960366316892,503_wind,0,RF,True,10
3.355621363646026,18.603411812737605,4.3131672600001965,0.5830960366316892,503_wind,0,RF,False,10
3.3312056765879148,18.051211729491683,4.248671760620216,0.5722403676754473,503_wind,1,RF,True,10
3.3312056765879148,18.051211729491683,4.248671760620216,0.5722403676754473,503_wind,1,RF,False,10
3.22571076303378,17.050106735135294,4.129177488935937,0.6114123758908632,503_wind,2,RF,True,10
3.22571076303378,17.050106735135294,4.129177488935937,0.6114123758908632,503_wind,2,RF,False,10
3.1927076872479976,16.960021664810288,4.118254686734453,0.6135559489965133,503_wind,3,RF,True,10
3.1927076872479976,16.960021664810288,4.118254686734453,0.6135559489965133,503_wind,3,RF,False,10
3.2233164302619253,17.317044090031153,4.161375264264346,0.6055422283033385,503_wind,4,RF,True,10
3.2233164302619253,17.317044090031153,4.161375264264346,0.6055422283033385,503_wind,4,RF,False,10
3.1032907224137376,16.129267441393022,4.0161259244940295,0.6236937763644679,503_wind,5,RF,True,10
3.1032907224137376,16.129267441393022,4.0161259244940295,0.6236937763644679,503_wind,5,RF,False,10
3.1056640424183266,16.26106718123799,4.032501355391959,0.6355881692725445,503_wind,0,RF,True,20
3.1056640424183266,16.26106718123799,4.032501355391959,0.6355881692725445,503_wind,0,RF,False,20
3.053603813838497,15.67202922221587,3.958791384023143,0.6286198645090356,503_wind,1,RF,True,20
3.053603813838497,15.67202922221587,3.958791384023143,0.6286198645090356,503_wind,1,RF,False,20
2.984682190852926,14.712493763917434,3.835686869899241,0.6646887268652748,503_wind,2,RF,True,20
2.984682190852926,14.712493763917434,3.835686869899241,0.6646887268652748,503_wind,2,RF,False,20
3.0673174297320074,15.483325425861782,3.934885694129092,0.6472033397816864,503_wind,3,RF,True,20
3.0673174297320074,15.483325425861782,3.934885694129092,0.6472033397816864,503_wind,3,RF,False,20
3.03759157505679,15.603447711755225,3.950119961691698,0.6445755301444598,503_wind,4,RF,True,20
3.03759157505679,15.603447711755225,3.950119961691698,0.6445755301444598,503_wind,4,RF,False,20
2.9436708693586526,14.291800739780443,3.7804498065416032,0.6665630609151956,503_wind,5,RF,True,20
2.9436708693586526,14.291800739780443,3.7804498065416032,0.6665630609151956,503_wind,5,RF,False,20
3.179866748730612,16.540169146486253,4.066960676781403,0.6293334716575503,503_wind,0,SVR,True,1
3.179866748730612,16.540169146486253,4.066960676781403,0.6293334716575503,503_wind,0,SVR,False,1
3.096238844017123,15.401563166893576,3.924482534920187,0.6350290996404322,503_wind,1,SVR,True,1
3.096238844017123,15.401563166893576,3.924482534920187,0.6350290996404322,503_wind,1,SVR,False,1
3.0865263496230924,15.543378527650365,3.942509166463708,0.6457520984169546,503_wind,2,SVR,True,1
3.0865263496230924,15.543378527650365,3.942509166463708,0.6457520984169546,503_wind,2,SVR,False,1
3.1077820442348787,15.764032623235954,3.970394517328971,0.640807261483969,503_wind,3,SVR,True,1
3.1077820442348787,15.764032623235954,3.970394517328971,0.640807261483969,503_wind,3,SVR,False,1
3.1469048485448243,15.92714103022852,3.990882237078479,0.6372022541711326,503_wind,4,SVR,True,1
3.1469048485448243,15.92714103022852,3.990882237078479,0.6372022541711326,503_wind,4,SVR,False,1
2.9912386874079373,14.385457705784,3.792816592689924,0.6643779834265855,503_wind,5,SVR,True,1
2.9912386874079373,14.385457705784,3.792816592689924,0.6643779834265855,503_wind,5,SVR,False,1
3.179866748730612,16.540169146486253,4.066960676781403,0.6293334716575503,503_wind,0,SVR,True,5
3.179866748730612,16.540169146486253,4.066960676781403,0.6293334716575503,503_wind,0,SVR,False,5
3.096238844017123,15.401563166893576,3.924482534920187,0.6350290996404322,503_wind,1,SVR,True,5
3.096238844017123,15.401563166893576,3.924482534920187,0.6350290996404322,503_wind,1,SVR,False,5
3.0865263496230924,15.543378527650365,3.942509166463708,0.6457520984169546,503_wind,2,SVR,True,5
3.0865263496230924,15.543378527650365,3.942509166463708,0.6457520984169546,503_wind,2,SVR,False,5
3.1077820442348787,15.764032623235954,3.970394517328971,0.640807261483969,503_wind,3,SVR,True,5
3.1077820442348787,15.764032623235954,3.970394517328971,0.640807261483969,503_wind,3,SVR,False,5
3.1469048485448243,15.92714103022852,3.990882237078479,0.6372022541711326,503_wind,4,SVR,True,5
3.1469048485448243,15.92714103022852,3.990882237078479,0.6372022541711326,503_wind,4,SVR,False,5
2.9912386874079373,14.385457705784,3.792816592689924,0.6643779834265855,503_wind,5,SVR,True,5
2.9912386874079373,14.385457705784,3.792816592689924,0.6643779834265855,503_wind,5,SVR,False,5
3.0300599535917585,15.391455442705068,3.923194545610129,0.6550762386673072,503_wind,0,SVR,True,10
3.030059953591758,15.391455442705066,3.923194545610129,0.6550762386673074,503_wind,0,SVR,False,10
2.958280845359856,14.34284230180249,3.787194515971221,0.6601176119670475,503_wind,1,SVR,True,10
2.958280845359856,14.34284230180249,3.787194515971221,0.6601176119670475,503_wind,1,SVR,False,10
2.8871753961879567,13.868013644975631,3.7239782014635416,0.6839352059709314,503_wind,2,SVR,True,10
2.8871753961879567,13.868013644975631,3.7239782014635416,0.6839352059709314,503_wind,2,SVR,False,10
2.992085879911498,14.50378126336179,3.8083830247707215,0.6695228286228316,503_wind,3,SVR,True,10
2.992085879911498,14.50378126336179,3.8083830247707215,0.6695228286228316,503_wind,3,SVR,False,10
2.9441341504675407,14.169436246671454,3.764231162757072,0.6772402830990382,503_wind,4,SVR,True,10
2.94413415046754,14.169436246671454,3.764231162757072,0.6772402830990382,503_wind,4,SVR,False,10
2.849835415823461,13.303318278743362,3.647371420453826,0.689624994967341,503_wind,5,SVR,True,10
2.849835415823461,13.303318278743362,3.647371420453826,0.689624994967341,503_wind,5,SVR,False,10
2.975208219126795,14.952343805367793,3.866826063500632,0.6649167659754065,503_wind,0,SVR,True,20
2.975208219126795,14.952343805367793,3.866826063500632,0.6649167659754065,503_wind,0,SVR,False,20
2.904911292168898,13.873652871805826,3.724735275399559,0.671235995656384,503_wind,1,SVR,True,20
2.904911292168898,13.873652871805826,3.724735275399559,0.671235995656384,503_wind,1,SVR,False,20
2.849306984212606,13.653583387195498,3.6950755590644553,0.6888222688909649,503_wind,2,SVR,True,20
2.8493069842126064,13.653583387195498,3.6950755590644553,0.6888222688909649,503_wind,2,SVR,False,20
2.941721139829,14.249763388562371,3.77488587755476,0.6753107750361584,503_wind,3,SVR,True,20
2.941721139829,14.249763388562371,3.77488587755476,0.6753107750361584,503_wind,3,SVR,False,20
2.8826236723285703,13.766873826737944,3.7103738122644656,0.6864100856536901,503_wind,4,SVR,True,20
2.8826236723285703,13.766873826737944,3.7103738122644656,0.6864100856536901,503_wind,4,SVR,False,20
2.8024117862861817,12.948382280218048,3.598386066032666,0.6979058809854249,503_wind,5,SVR,True,20
2.8024117862861817,12.948382280218048,3.598386066032666,0.6979058809854249,503_wind,5,SVR,False,20
3.943655469405668,22.03035754085107,4.693650768948524,0.2818538328194969,225_puma8NH,0,LR,True,1
3.943655469405668,22.03035754085107,4.693650768948524,0.2818538328194969,225_puma8NH,0,LR,False,1
4.112623353113885,23.620050630255363,4.860046360916258,0.2575036961476068,225_puma8NH,1,LR,True,1
4.112623353113885,23.620050630255363,4.860046360916258,0.2575036961476068,225_puma8NH,1,LR,False,1
4.079245558110696,23.47479106764027,4.845079056903021,0.2642920013514885,225_puma8NH,2,LR,True,1
4.079245558110696,23.47479106764027,4.845079056903021,0.2642920013514885,225_puma8NH,2,LR,False,1
3.975639558723607,22.27765647571556,4.7199212361771,0.2742928606148124,225_puma8NH,3,LR,True,1
3.975639558723607,22.27765647571556,4.7199212361771,0.2742928606148124,225_puma8NH,3,LR,False,1
4.001239260825392,22.645673048594137,4.758747004054128,0.2666346022649728,225_puma8NH,4,LR,True,1
4.001239260825392,22.645673048594137,4.758747004054128,0.2666346022649728,225_puma8NH,4,LR,False,1
4.018357404757517,22.929352183404863,4.788460314485739,0.285723407344538,225_puma8NH,5,LR,True,1
4.018357404757517,22.929352183404863,4.788460314485739,0.285723407344538,225_puma8NH,5,LR,False,1
3.943655469405668,22.03035754085107,4.693650768948524,0.2818538328194969,225_puma8NH,0,LR,True,5
3.943655469405668,22.03035754085107,4.693650768948524,0.2818538328194969,225_puma8NH,0,LR,False,5
4.112623353113885,23.620050630255363,4.860046360916258,0.2575036961476068,225_puma8NH,1,LR,True,5
4.112623353113885,23.620050630255363,4.860046360916258,0.2575036961476068,225_puma8NH,1,LR,False,5
4.079245558110696,23.47479106764027,4.845079056903021,0.2642920013514885,225_puma8NH,2,LR,True,5
4.079245558110696,23.47479106764027,4.845079056903021,0.2642920013514885,225_puma8NH,2,LR,False,5
3.975639558723607,22.27765647571556,4.7199212361771,0.2742928606148124,225_puma8NH,3,LR,True,5
3.975639558723607,22.27765647571556,4.7199212361771,0.2742928606148124,225_puma8NH,3,LR,False,5
4.001239260825392,22.645673048594137,4.758747004054128,0.2666346022649728,225_puma8NH,4,LR,True,5
4.001239260825392,22.645673048594137,4.758747004054128,0.2666346022649728,225_puma8NH,4,LR,False,5
4.018357404757517,22.929352183404863,4.788460314485739,0.285723407344538,225_puma8NH,5,LR,True,5
4.018357404757517,22.929352183404863,4.788460314485739,0.285723407344538,225_puma8NH,5,LR,False,5
3.943655469405668,22.03035754085107,4.693650768948524,0.2818538328194969,225_puma8NH,0,LR,True,10
3.943655469405668,22.03035754085107,4.693650768948524,0.2818538328194969,225_puma8NH,0,LR,False,10
4.112623353113885,23.620050630255363,4.860046360916258,0.2575036961476068,225_puma8NH,1,LR,True,10
4.112623353113885,23.620050630255363,4.860046360916258,0.2575036961476068,225_puma8NH,1,LR,False,10
4.079245558110696,23.47479106764027,4.845079056903021,0.2642920013514885,225_puma8NH,2,LR,True,10
4.079245558110696,23.47479106764027,4.845079056903021,0.2642920013514885,225_puma8NH,2,LR,False,10
3.975639558723607,22.27765647571556,4.7199212361771,0.2742928606148124,225_puma8NH,3,LR,True,10
3.975639558723607,22.27765647571556,4.7199212361771,0.2742928606148124,225_puma8NH,3,LR,False,10
4.001239260825392,22.645673048594137,4.758747004054128,0.2666346022649728,225_puma8NH,4,LR,True,10
4.001239260825392,22.645673048594137,4.758747004054128,0.2666346022649728,225_puma8NH,4,LR,False,10
4.018357404757517,22.929352183404863,4.788460314485739,0.285723407344538,225_puma8NH,5,LR,True,10
4.018357404757517,22.929352183404863,4.788460314485739,0.285723407344538,225_puma8NH,5,LR,False,10
3.4440782095436084,18.126529780608468,4.257526251311725,0.4091109115188547,225_puma8NH,0,LR,True,20
3.4440782095436084,18.126529780608468,4.257526251311725,0.4091109115188547,225_puma8NH,0,LR,False,20
3.655795449680282,19.927385766666283,4.4640100544987895,0.3735826180559486,225_puma8NH,1,LR,True,20
3.655795449680282,19.927385766666283,4.4640100544987895,0.3735826180559486,225_puma8NH,1,LR,False,20
3.657756936678612,19.97198194804822,4.469002343705832,0.3740712398374594,225_puma8NH,2,LR,True,20
3.657756936678612,19.97198194804822,4.469002343705832,0.3740712398374594,225_puma8NH,2,LR,False,20
3.5662395342430613,19.147564253740057,4.375792985704426,0.3762573681875822,225_puma8NH,3,LR,True,20
3.5662395342430613,19.147564253740057,4.375792985704426,0.3762573681875822,225_puma8NH,3,LR,False,20
3.654611923203488,20.170456586881414,4.491153146674184,0.3467928780216267,225_puma8NH,4,LR,True,20
3.654611923203488,20.170456586881414,4.491153146674184,0.3467928780216267,225_puma8NH,4,LR,False,20
3.6186260091504594,19.51894591178722,4.418025114435999,0.3919616190383208,225_puma8NH,5,LR,True,20
3.6186260091504594,19.518945911787224,4.418025114435999,0.3919616190383208,225_puma8NH,5,LR,False,20
4.042232920821885,24.067904877182546,4.905905102749394,0.215433811840629,225_puma8NH,0,KNN,True,1
4.042232920821885,24.067904877182546,4.905905102749394,0.215433811840629,225_puma8NH,0,KNN,False,1
4.144213857383315,25.447238303343628,5.044525577628051,0.2000660506933292,225_puma8NH,1,KNN,True,1
4.144213857383315,25.447238303343628,5.044525577628051,0.2000660506933292,225_puma8NH,1,KNN,False,1
4.221795145618932,26.600438098793,5.1575612549724505,0.1663331519992162,225_puma8NH,2,KNN,True,1
4.221795145618932,26.600438098793,5.1575612549724505,0.1663331519992162,225_puma8NH,2,KNN,False,1
4.185291030373176,25.94074612543473,5.093205878956272,0.15496566325422,225_puma8NH,3,KNN,True,1
4.185291030373176,25.94074612543473,5.093205878956272,0.15496566325422,225_puma8NH,3,KNN,False,1
4.076775967745029,24.66234735858612,4.966119950080357,0.2013259159532141,225_puma8NH,4,KNN,True,1
4.076775967745029,24.66234735858612,4.966119950080357,0.2013259159532141,225_puma8NH,4,KNN,False,1
4.098628029864466,24.87658064326668,4.987642794273331,0.2250649247887824,225_puma8NH,5,KNN,True,1
4.098628029864466,24.87658064326668,4.987642794273331,0.2250649247887824,225_puma8NH,5,KNN,False,1
4.042232920821885,24.067904877182546,4.905905102749394,0.215433811840629,225_puma8NH,0,KNN,True,5
4.042232920821885,24.067904877182546,4.905905102749394,0.215433811840629,225_puma8NH,0,KNN,False,5
4.144213857383315,25.447238303343628,5.044525577628051,0.2000660506933292,225_puma8NH,1,KNN,True,5
4.144213857383315,25.447238303343628,5.044525577628051,0.2000660506933292,225_puma8NH,1,KNN,False,5
4.221795145618932,26.600438098793,5.1575612549724505,0.1663331519992162,225_puma8NH,2,KNN,True,5
4.221795145618932,26.600438098793,5.1575612549724505,0.1663331519992162,225_puma8NH,2,KNN,False,5
4.185291030373176,25.94074612543473,5.093205878956272,0.15496566325422,225_puma8NH,3,KNN,True,5
4.185291030373176,25.94074612543473,5.093205878956272,0.15496566325422,225_puma8NH,3,KNN,False,5
4.076775967745029,24.66234735858612,4.966119950080357,0.2013259159532141,225_puma8NH,4,KNN,True,5
4.076775967745029,24.66234735858612,4.966119950080357,0.2013259159532141,225_puma8NH,4,KNN,False,5
4.098628029864466,24.87658064326668,4.987642794273331,0.2250649247887824,225_puma8NH,5,KNN,True,5
4.098628029864466,24.87658064326668,4.987642794273331,0.2250649247887824,225_puma8NH,5,KNN,False,5
4.042232920821885,24.067904877182546,4.905905102749394,0.215433811840629,225_puma8NH,0,KNN,True,10
4.042232920821885,24.067904877182546,4.905905102749394,0.215433811840629,225_puma8NH,0,KNN,False,10
4.144213857383315,25.447238303343628,5.044525577628051,0.2000660506933292,225_puma8NH,1,KNN,True,10
4.144213857383315,25.447238303343628,5.044525577628051,0.2000660506933292,225_puma8NH,1,KNN,False,10
4.221795145618932,26.600438098793,5.1575612549724505,0.1663331519992162,225_puma8NH,2,KNN,True,10
4.221795145618932,26.600438098793,5.1575612549724505,0.1663331519992162,225_puma8NH,2,KNN,False,10
4.185291030373176,25.94074612543473,5.093205878956272,0.15496566325422,225_puma8NH,3,KNN,True,10
4.185291030373176,25.94074612543473,5.093205878956272,0.15496566325422,225_puma8NH,3,KNN,False,10
4.076775967745029,24.66234735858612,4.966119950080357,0.2013259159532141,225_puma8NH,4,KNN,True,10
4.076775967745029,24.66234735858612,4.966119950080357,0.2013259159532141,225_puma8NH,4,KNN,False,10
4.098628029864466,24.87658064326668,4.987642794273331,0.2250649247887824,225_puma8NH,5,KNN,True,10
4.098628029864466,24.87658064326668,4.987642794273331,0.2250649247887824,225_puma8NH,5,KNN,False,10
2.5824612395119835,11.643336449672208,3.412233352171596,0.620450216070251,225_puma8NH,0,KNN,True,20
2.5824612395119835,11.643336449672208,3.412233352171596,0.620450216070251,225_puma8NH,0,KNN,False,20
2.6180289360571165,11.584015213180985,3.403529816702211,0.6358564757460985,225_puma8NH,1,KNN,True,20
2.6180289360571165,11.584015213180985,3.403529816702211,0.6358564757460985,225_puma8NH,1,KNN,False,20
2.687745372671748,12.484404543375758,3.5333276869511776,0.6087344822597118,225_puma8NH,2,KNN,True,20
2.687745372671748,12.484404543375758,3.5333276869511776,0.6087344822597118,225_puma8NH,2,KNN,False,20
2.572446480646035,11.370704547593848,3.3720475304470203,0.629592929623293,225_puma8NH,3,KNN,True,20
2.572446480646035,11.370704547593848,3.3720475304470203,0.629592929623293,225_puma8NH,3,KNN,False,20
2.561970480472529,11.624708100122415,3.409502617702825,0.623541386422643,225_puma8NH,4,KNN,True,20
2.561970480472529,11.624708100122415,3.409502617702825,0.623541386422643,225_puma8NH,4,KNN,False,20
2.5511688442437466,11.16669955269541,3.3416611965750525,0.6521440272752552,225_puma8NH,5,KNN,True,20
2.5511688442437466,11.16669955269541,3.3416611965750525,0.6521440272752552,225_puma8NH,5,KNN,False,20
5.158017953570865,41.86747725247573,6.470508268480594,-0.364797110651923,225_puma8NH,0,DT,True,1
5.158017953570865,41.86747725247573,6.470508268480594,-0.364797110651923,225_puma8NH,0,DT,False,1
5.198348523460282,42.52071414879289,6.520790914359461,-0.3366386713922786,225_puma8NH,1,DT,True,1
5.198348523460282,42.52071414879289,6.520790914359461,-0.3366386713922786,225_puma8NH,1,DT,False,1
5.359600197909232,45.0470792810929,6.711712097601692,-0.411790905714976,225_puma8NH,2,DT,True,1
5.359600197909232,45.0470792810929,6.711712097601692,-0.411790905714976,225_puma8NH,2,DT,False,1
5.274507243383694,43.243956160403066,6.576013698313217,-0.4086960966955373,225_puma8NH,3,DT,True,1
5.274507243383694,43.243956160403066,6.576013698313217,-0.4086960966955373,225_puma8NH,3,DT,False,1
5.093661255645268,40.52648445458493,6.366041505879845,-0.3124238492299596,225_puma8NH,4,DT,True,1
5.093661255645268,40.52648445458493,6.366041505879845,-0.3124238492299596,225_puma8NH,4,DT,False,1
5.128212656200306,41.51765297903852,6.44341935458484,-0.2933242713408368,225_puma8NH,5,DT,True,1
5.128212656200306,41.51765297903852,6.44341935458484,-0.2933242713408368,225_puma8NH,5,DT,False,1
5.158017953570865,41.86747725247573,6.470508268480594,-0.364797110651923,225_puma8NH,0,DT,True,5
5.158017953570865,41.86747725247573,6.470508268480594,-0.364797110651923,225_puma8NH,0,DT,False,5
5.198348523460282,42.52071414879289,6.520790914359461,-0.3366386713922786,225_puma8NH,1,DT,True,5
5.198348523460282,42.52071414879289,6.520790914359461,-0.3366386713922786,225_puma8NH,1,DT,False,5
5.359600197909232,45.0470792810929,6.711712097601692,-0.411790905714976,225_puma8NH,2,DT,True,5
5.359600197909232,45.0470792810929,6.711712097601692,-0.411790905714976,225_puma8NH,2,DT,False,5
5.274507243383694,43.243956160403066,6.576013698313217,-0.4086960966955373,225_puma8NH,3,DT,True,5
5.274507243383694,43.243956160403066,6.576013698313217,-0.4086960966955373,225_puma8NH,3,DT,False,5
5.093661255645268,40.52648445458493,6.366041505879845,-0.3124238492299596,225_puma8NH,4,DT,True,5
5.093661255645268,40.52648445458493,6.366041505879845,-0.3124238492299596,225_puma8NH,4,DT,False,5
5.128212656200306,41.51765297903852,6.44341935458484,-0.2933242713408368,225_puma8NH,5,DT,True,5
5.128212656200306,41.51765297903852,6.44341935458484,-0.2933242713408368,225_puma8NH,5,DT,False,5
5.158017953570865,41.86747725247573,6.470508268480594,-0.364797110651923,225_puma8NH,0,DT,True,10
5.158017953570865,41.86747725247573,6.470508268480594,-0.364797110651923,225_puma8NH,0,DT,False,10
5.198348523460282,42.52071414879289,6.520790914359461,-0.3366386713922786,225_puma8NH,1,DT,True,10
5.198348523460282,42.52071414879289,6.520790914359461,-0.3366386713922786,225_puma8NH,1,DT,False,10
5.359600197909232,45.0470792810929,6.711712097601692,-0.411790905714976,225_puma8NH,2,DT,True,10
5.359600197909232,45.0470792810929,6.711712097601692,-0.411790905714976,225_puma8NH,2,DT,False,10
5.274507243383694,43.243956160403066,6.576013698313217,-0.4086960966955373,225_puma8NH,3,DT,True,10
5.274507243383694,43.243956160403066,6.576013698313217,-0.4086960966955373,225_puma8NH,3,DT,False,10
5.093661255645268,40.52648445458493,6.366041505879845,-0.3124238492299596,225_puma8NH,4,DT,True,10
5.093661255645268,40.52648445458493,6.366041505879845,-0.3124238492299596,225_puma8NH,4,DT,False,10
5.128212656200306,41.51765297903852,6.44341935458484,-0.2933242713408368,225_puma8NH,5,DT,True,10
5.128212656200306,41.51765297903852,6.44341935458484,-0.2933242713408368,225_puma8NH,5,DT,False,10
3.359565086045636,19.96965126225236,4.468741574789524,0.3490287895997623,225_puma8NH,0,DT,True,20
3.359565086045636,19.96965126225236,4.468741574789524,0.3490287895997623,225_puma8NH,0,DT,False,20
3.377855362428609,19.816825873023497,4.451609357639493,0.3770580683701378,225_puma8NH,1,DT,True,20
3.377855362428609,19.816825873023497,4.451609357639493,0.3770580683701378,225_puma8NH,1,DT,False,20
3.429356653644613,20.82576693163637,4.563525712827349,0.3473133257950351,225_puma8NH,2,DT,True,20
3.429356653644613,20.82576693163637,4.563525712827349,0.3473133257950351,225_puma8NH,2,DT,False,20
3.375174863867705,19.794845294663887,4.449139837616243,0.3551718256800412,225_puma8NH,3,DT,True,20
3.375174863867705,19.794845294663887,4.449139837616243,0.3551718256800412,225_puma8NH,3,DT,False,20
3.395247900379222,19.729563300798024,4.441797305235576,0.3610709204279365,225_puma8NH,4,DT,True,20
3.395247900379222,19.729563300798024,4.441797305235576,0.3610709204279365,225_puma8NH,4,DT,False,20
3.3108310472716527,19.077082984119244,4.36773201834994,0.405726174786384,225_puma8NH,5,DT,True,20
3.3108310472716527,19.077082984119244,4.36773201834994,0.405726174786384,225_puma8NH,5,DT,False,20
4.395417403626566,29.843494484899814,5.462919959591191,0.0271609918331205,225_puma8NH,0,RF,True,1
4.395417403626566,29.843494484899814,5.462919959591191,0.0271609918331205,225_puma8NH,0,RF,False,1
4.502322557509564,31.02076810531416,5.569629081484167,0.0248621384682884,225_puma8NH,1,RF,True,1
4.502322557509564,31.02076810531416,5.569629081484167,0.0248621384682884,225_puma8NH,1,RF,False,1
4.6243464569335,33.27623821984322,5.768555990873558,-0.0428887120967633,225_puma8NH,2,RF,True,1
4.6243464569335,33.27623821984322,5.768555990873558,-0.0428887120967633,225_puma8NH,2,RF,False,1
4.540545669573573,31.71305022205776,5.631434117705521,-0.033070376272112,225_puma8NH,3,RF,True,1
4.540545669573573,31.71305022205776,5.631434117705521,-0.033070376272112,225_puma8NH,3,RF,False,1
4.421995167101611,29.651789075174527,5.445345634133294,0.0397460900363707,225_puma8NH,4,RF,True,1
4.421995167101611,29.651789075174527,5.445345634133294,0.0397460900363707,225_puma8NH,4,RF,False,1
4.436731143277326,29.967471821959005,5.474255366893201,0.0664776094730065,225_puma8NH,5,RF,True,1
4.436731143277326,29.967471821959005,5.474255366893201,0.0664776094730065,225_puma8NH,5,RF,False,1
4.395417403626566,29.843494484899814,5.462919959591191,0.0271609918331205,225_puma8NH,0,RF,True,5
4.395417403626566,29.843494484899814,5.462919959591191,0.0271609918331205,225_puma8NH,0,RF,False,5
4.502322557509564,31.02076810531416,5.569629081484167,0.0248621384682884,225_puma8NH,1,RF,True,5
4.502322557509564,31.02076810531416,5.569629081484167,0.0248621384682884,225_puma8NH,1,RF,False,5
4.6243464569335,33.27623821984322,5.768555990873558,-0.0428887120967633,225_puma8NH,2,RF,True,5
4.6243464569335,33.27623821984322,5.768555990873558,-0.0428887120967633,225_puma8NH,2,RF,False,5
4.540545669573573,31.71305022205776,5.631434117705521,-0.033070376272112,225_puma8NH,3,RF,True,5
4.540545669573573,31.71305022205776,5.631434117705521,-0.033070376272112,225_puma8NH,3,RF,False,5
4.421995167101611,29.651789075174527,5.445345634133294,0.0397460900363707,225_puma8NH,4,RF,True,5
4.421995167101611,29.651789075174527,5.445345634133294,0.0397460900363707,225_puma8NH,4,RF,False,5
4.436731143277326,29.967471821959005,5.474255366893201,0.0664776094730065,225_puma8NH,5,RF,True,5
4.436731143277326,29.967471821959005,5.474255366893201,0.0664776094730065,225_puma8NH,5,RF,False,5
4.395417403626566,29.843494484899814,5.462919959591191,0.0271609918331205,225_puma8NH,0,RF,True,10
4.395417403626566,29.843494484899814,5.462919959591191,0.0271609918331205,225_puma8NH,0,RF,False,10
4.502322557509564,31.02076810531416,5.569629081484167,0.0248621384682884,225_puma8NH,1,RF,True,10
4.502322557509564,31.02076810531416,5.569629081484167,0.0248621384682884,225_puma8NH,1,RF,False,10
4.6243464569335,33.27623821984322,5.768555990873558,-0.0428887120967633,225_puma8NH,2,RF,True,10
4.6243464569335,33.27623821984322,5.768555990873558,-0.0428887120967633,225_puma8NH,2,RF,False,10
4.540545669573573,31.71305022205776,5.631434117705521,-0.033070376272112,225_puma8NH,3,RF,True,10
4.540545669573573,31.71305022205776,5.631434117705521,-0.033070376272112,225_puma8NH,3,RF,False,10
4.421995167101611,29.651789075174527,5.445345634133294,0.0397460900363707,225_puma8NH,4,RF,True,10
4.421995167101611,29.651789075174527,5.445345634133294,0.0397460900363707,225_puma8NH,4,RF,False,10
4.436731143277326,29.967471821959005,5.474255366893201,0.0664776094730065,225_puma8NH,5,RF,True,10
4.436731143277326,29.967471821959005,5.474255366893201,0.0664776094730065,225_puma8NH,5,RF,False,10
2.5615350192189195,11.451177691460463,3.38395887851204,0.6267142122602373,225_puma8NH,0,RF,True,20
2.5615350192189195,11.451177691460463,3.38395887851204,0.6267142122602373,225_puma8NH,0,RF,False,20
2.6386362862306383,11.668546753030878,3.415925460695956,0.6331992267469325,225_puma8NH,1,RF,True,20
2.6386362862306383,11.668546753030878,3.415925460695956,0.6331992267469325,225_puma8NH,1,RF,False,20
2.7018360258241314,12.586925458382645,3.54780572444189,0.6055214416417145,225_puma8NH,2,RF,True,20
2.7018360258241314,12.586925458382645,3.54780572444189,0.6055214416417145,225_puma8NH,2,RF,False,20
2.5353350279075797,10.969251978107808,3.311986107776995,0.6426704719634457,225_puma8NH,3,RF,True,20
2.5353350279075797,10.969251978107808,3.311986107776995,0.6426704719634457,225_puma8NH,3,RF,False,20
2.588895865758904,11.555639354820434,3.3993586681638104,0.6257781328315819,225_puma8NH,4,RF,True,20
2.588895865758904,11.555639354820434,3.3993586681638104,0.6257781328315819,225_puma8NH,4,RF,False,20
2.570905227022924,11.17659439829588,3.3431413966950125,0.6518357910658839,225_puma8NH,5,RF,True,20
2.570905227022924,11.17659439829588,3.3431413966950125,0.6518357910658839,225_puma8NH,5,RF,False,20
3.8956007063348217,22.38364347542873,4.731135537630341,0.2703374087503336,225_puma8NH,0,SVR,True,1
3.8956007063348217,22.38364347542873,4.731135537630341,0.2703374087503336,225_puma8NH,0,SVR,False,1
4.079450095050223,24.27819894082447,4.927291237670498,0.2368148036624099,225_puma8NH,1,SVR,True,1
4.079450095050223,24.27819894082447,4.927291237670498,0.2368148036624099,225_puma8NH,1,SVR,False,1
4.0486746619635126,24.10033605867178,4.909209310945275,0.2446872069109195,225_puma8NH,2,SVR,True,1
4.0486746619635126,24.10033605867178,4.909209310945275,0.2446872069109195,225_puma8NH,2,SVR,False,1
3.93397036145738,22.702116956419893,4.764673856248704,0.2604658226779546,225_puma8NH,3,SVR,True,1
3.93397036145738,22.702116956419893,4.764673856248704,0.2604658226779546,225_puma8NH,3,SVR,False,1
3.973731548690162,23.3816062446858,4.835453054749451,0.242801884204439,225_puma8NH,4,SVR,True,1
3.973731548690162,23.3816062446858,4.835453054749451,0.242801884204439,225_puma8NH,4,SVR,False,1
3.959789431333061,23.167829298030952,4.813297133777526,0.2782945615795579,225_puma8NH,5,SVR,True,1
3.959789431333061,23.167829298030952,4.813297133777526,0.2782945615795579,225_puma8NH,5,SVR,False,1
3.8956007063348217,22.38364347542873,4.731135537630341,0.2703374087503336,225_puma8NH,0,SVR,True,5
3.8956007063348217,22.38364347542873,4.731135537630341,0.2703374087503336,225_puma8NH,0,SVR,False,5
4.079450095050223,24.27819894082447,4.927291237670498,0.2368148036624099,225_puma8NH,1,SVR,True,5
4.079450095050223,24.27819894082447,4.927291237670498,0.2368148036624099,225_puma8NH,1,SVR,False,5
4.0486746619635126,24.10033605867178,4.909209310945275,0.2446872069109195,225_puma8NH,2,SVR,True,5
4.0486746619635126,24.10033605867178,4.909209310945275,0.2446872069109195,225_puma8NH,2,SVR,False,5
3.93397036145738,22.702116956419893,4.764673856248704,0.2604658226779546,225_puma8NH,3,SVR,True,5
3.93397036145738,22.702116956419893,4.764673856248704,0.2604658226779546,225_puma8NH,3,SVR,False,5
3.973731548690162,23.3816062446858,4.835453054749451,0.242801884204439,225_puma8NH,4,SVR,True,5
3.973731548690162,23.3816062446858,4.835453054749451,0.242801884204439,225_puma8NH,4,SVR,False,5
3.959789431333061,23.167829298030952,4.813297133777526,0.2782945615795579,225_puma8NH,5,SVR,True,5
3.959789431333061,23.167829298030952,4.813297133777526,0.2782945615795579,225_puma8NH,5,SVR,False,5
3.8956007063348217,22.38364347542873,4.731135537630341,0.2703374087503336,225_puma8NH,0,SVR,True,10
3.8956007063348217,22.38364347542873,4.731135537630341,0.2703374087503336,225_puma8NH,0,SVR,False,10
4.079450095050223,24.27819894082447,4.927291237670498,0.2368148036624099,225_puma8NH,1,SVR,True,10
4.079450095050223,24.27819894082447,4.927291237670498,0.2368148036624099,225_puma8NH,1,SVR,False,10
4.0486746619635126,24.10033605867178,4.909209310945275,0.2446872069109195,225_puma8NH,2,SVR,True,10
4.0486746619635126,24.10033605867178,4.909209310945275,0.2446872069109195,225_puma8NH,2,SVR,False,10
3.93397036145738,22.702116956419893,4.764673856248704,0.2604658226779546,225_puma8NH,3,SVR,True,10
3.93397036145738,22.702116956419893,4.764673856248704,0.2604658226779546,225_puma8NH,3,SVR,False,10
3.973731548690162,23.3816062446858,4.835453054749451,0.242801884204439,225_puma8NH,4,SVR,True,10
3.973731548690162,23.3816062446858,4.835453054749451,0.242801884204439,225_puma8NH,4,SVR,False,10
3.959789431333061,23.167829298030952,4.813297133777526,0.2782945615795579,225_puma8NH,5,SVR,True,10
3.959789431333061,23.167829298030952,4.813297133777526,0.2782945615795579,225_puma8NH,5,SVR,False,10
3.355976532106986,18.428303341299426,4.292819975412366,0.3992736891512757,225_puma8NH,0,SVR,True,20
3.355976532106986,18.428303341299426,4.292819975412366,0.3992736891512757,225_puma8NH,0,SVR,False,20
3.557535410492869,20.365533867195904,4.512818838286765,0.3598094322878167,225_puma8NH,1,SVR,True,20
3.557535410492869,20.365533867195904,4.512818838286765,0.3598094322878167,225_puma8NH,1,SVR,False,20
3.5849363487871337,20.35132526835135,4.51124431485941,0.3621824901494754,225_puma8NH,2,SVR,True,20
3.5849363487871337,20.351325268351346,4.51124431485941,0.3621824901494755,225_puma8NH,2,SVR,False,20
3.536330040656664,20.150179049335566,4.488895081123591,0.3435966295676997,225_puma8NH,3,SVR,True,20
3.536330040656664,20.150179049335573,4.488895081123592,0.3435966295676994,225_puma8NH,3,SVR,False,20
3.633394746159479,21.39624856061863,4.625607912547132,0.3070964019473153,225_puma8NH,4,SVR,True,20
3.6333947461594778,21.39624856061863,4.625607912547132,0.3070964019473153,225_puma8NH,4,SVR,False,20
3.5713374027159475,20.179444775695227,4.492153690124062,0.3713862938310757,225_puma8NH,5,SVR,True,20
3.5713374027159475,20.17944477569523,4.492153690124063,0.3713862938310754,225_puma8NH,5,SVR,False,20
9.818039777528345,183.71993134630583,13.5543325673493,0.4669637603530882,227_cpu_small,0,LR,True,1
9.818039777528345,183.71993134630583,13.5543325673493,0.4669637603530882,227_cpu_small,0,LR,False,1
10.1317431311937,196.82367062362,14.029385967447755,0.4774318959384456,227_cpu_small,1,LR,True,1
10.1317431311937,196.82367062362,14.029385967447755,0.4774318959384456,227_cpu_small,1,LR,False,1
9.98519911808986,187.7340178527517,13.701606396797116,0.4557473223430285,227_cpu_small,2,LR,True,1
9.98519911808986,187.7340178527517,13.701606396797116,0.4557473223430285,227_cpu_small,2,LR,False,1
10.054464511640806,194.326039524367,13.940087500599375,0.4742003261049299,227_cpu_small,3,LR,True,1
10.054464511640806,194.326039524367,13.940087500599375,0.4742003261049299,227_cpu_small,3,LR,False,1
9.901714292327728,178.36544073921644,13.355352512727489,0.4354823937639784,227_cpu_small,4,LR,True,1
9.901714292327728,178.36544073921644,13.355352512727489,0.4354823937639784,227_cpu_small,4,LR,False,1
9.759077312815087,181.95155559118632,13.488941974491045,0.4665765799883566,227_cpu_small,5,LR,True,1
9.759077312815087,181.95155559118632,13.488941974491045,0.4665765799883566,227_cpu_small,5,LR,False,1
9.818039777528345,183.71993134630583,13.5543325673493,0.4669637603530882,227_cpu_small,0,LR,True,5
9.818039777528345,183.71993134630583,13.5543325673493,0.4669637603530882,227_cpu_small,0,LR,False,5
10.1317431311937,196.82367062362,14.029385967447755,0.4774318959384456,227_cpu_small,1,LR,True,5
10.1317431311937,196.82367062362,14.029385967447755,0.4774318959384456,227_cpu_small,1,LR,False,5
9.98519911808986,187.7340178527517,13.701606396797116,0.4557473223430285,227_cpu_small,2,LR,True,5
9.98519911808986,187.7340178527517,13.701606396797116,0.4557473223430285,227_cpu_small,2,LR,False,5
10.054464511640806,194.326039524367,13.940087500599375,0.4742003261049299,227_cpu_small,3,LR,True,5
10.054464511640806,194.326039524367,13.940087500599375,0.4742003261049299,227_cpu_small,3,LR,False,5
9.901714292327728,178.36544073921644,13.355352512727489,0.4354823937639784,227_cpu_small,4,LR,True,5
9.901714292327728,178.36544073921644,13.355352512727489,0.4354823937639784,227_cpu_small,4,LR,False,5
9.759077312815087,181.95155559118632,13.488941974491045,0.4665765799883566,227_cpu_small,5,LR,True,5
9.759077312815087,181.95155559118632,13.488941974491045,0.4665765799883566,227_cpu_small,5,LR,False,5
8.126108091912993,145.77934054238617,12.07391156760667,0.5770427795640336,227_cpu_small,0,LR,True,10
8.126108091912993,145.77934054238617,12.07391156760667,0.5770427795640336,227_cpu_small,0,LR,False,10
8.422665034425366,143.51405538157212,11.9797351966382,0.6189692652854473,227_cpu_small,1,LR,True,10
8.422665034425366,143.51405538157215,11.979735196638202,0.6189692652854472,227_cpu_small,1,LR,False,10
8.302213800021676,144.46025326636502,12.01916192029898,0.5812006766035822,227_cpu_small,2,LR,True,10
8.302213800021676,144.46025326636502,12.01916192029898,0.5812006766035822,227_cpu_small,2,LR,False,10
8.423771505423591,158.60874584878343,12.593996420865912,0.5708427596820389,227_cpu_small,3,LR,True,10
8.423771505423591,158.60874584878337,12.593996420865912,0.570842759682039,227_cpu_small,3,LR,False,10
8.159182670276028,127.926501587995,11.310459830970402,0.5951190872440933,227_cpu_small,4,LR,True,10
8.159182670276028,127.926501587995,11.310459830970402,0.5951190872440933,227_cpu_small,4,LR,False,10
7.997809066559689,131.69353934576347,11.475780554967209,0.6139169136366653,227_cpu_small,5,LR,True,10
7.9978090665596895,131.69353934576347,11.475780554967209,0.6139169136366653,227_cpu_small,5,LR,False,10
6.312136894559412,114.71291208071096,10.71041138709018,0.667177432266777,227_cpu_small,0,LR,True,20
6.312136894559413,114.71291208071092,10.710411387090176,0.6671774322667771,227_cpu_small,0,LR,False,20
6.571217617134884,113.75300529205406,10.6655053931848,0.6979850435751447,227_cpu_small,1,LR,True,20
6.571217617134889,113.75300529205404,10.6655053931848,0.6979850435751448,227_cpu_small,1,LR,False,20
6.46594327266969,110.60670617112632,10.516972291069628,0.6793442302626825,227_cpu_small,2,LR,True,20
6.465943272669694,110.60670617112632,10.516972291069626,0.6793442302626826,227_cpu_small,2,LR,False,20
6.494831975132817,125.1892401052811,11.188799761604509,0.6612679300023785,227_cpu_small,3,LR,True,20
6.494831975132812,125.18924010528109,11.188799761604509,0.6612679300023786,227_cpu_small,3,LR,False,20
6.300088227224833,92.10655792172524,9.597216154788075,0.7084873987857688,227_cpu_small,4,LR,True,20
6.300088227224831,92.10655792172524,9.597216154788075,0.7084873987857688,227_cpu_small,4,LR,False,20
6.272158546480408,101.30792664307693,10.065183885209295,0.7029977538325787,227_cpu_small,5,LR,True,20
6.272158546480411,101.30792664307694,10.065183885209295,0.7029977538325786,227_cpu_small,5,LR,False,20
5.859304453935327,63.39751067724222,7.962255376288946,0.8160614885563333,227_cpu_small,0,KNN,True,1
5.859304453935327,63.39751067724222,7.962255376288946,0.8160614885563333,227_cpu_small,0,KNN,False,1
5.86418547895058,63.57903599755949,7.973646342643966,0.831197252881032,227_cpu_small,1,KNN,True,1
5.86418547895058,63.57903599755949,7.973646342643966,0.831197252881032,227_cpu_small,1,KNN,False,1
5.920439292251373,65.0418547895058,8.064853054427328,0.8114395886592612,227_cpu_small,2,KNN,True,1
5.920439292251373,65.0418547895058,8.064853054427328,0.8114395886592612,227_cpu_small,2,KNN,False,1
5.982184258694326,68.78008541793777,8.293375996416524,0.8138975786685964,227_cpu_small,3,KNN,True,1
5.982184258694326,68.78008541793777,8.293375996416524,0.8138975786685964,227_cpu_small,3,KNN,False,1
5.949725442342892,64.71306894447834,8.044443358273979,0.7951864070678605,227_cpu_small,4,KNN,True,1
5.949725442342892,64.71306894447834,8.044443358273979,0.7951864070678605,227_cpu_small,4,KNN,False,1
5.742159853569251,61.82386821232459,7.862815539762114,0.8187523095748418,227_cpu_small,5,KNN,True,1
5.742159853569251,61.82386821232459,7.862815539762114,0.8187523095748418,227_cpu_small,5,KNN,False,1
5.859304453935327,63.39751067724222,7.962255376288946,0.8160614885563333,227_cpu_small,0,KNN,True,5
5.859304453935327,63.39751067724222,7.962255376288946,0.8160614885563333,227_cpu_small,0,KNN,False,5
5.86418547895058,63.57903599755949,7.973646342643966,0.831197252881032,227_cpu_small,1,KNN,True,5
5.86418547895058,63.57903599755949,7.973646342643966,0.831197252881032,227_cpu_small,1,KNN,False,5
5.920439292251373,65.0418547895058,8.064853054427328,0.8114395886592612,227_cpu_small,2,KNN,True,5
5.920439292251373,65.0418547895058,8.064853054427328,0.8114395886592612,227_cpu_small,2,KNN,False,5
5.982184258694326,68.78008541793777,8.293375996416524,0.8138975786685964,227_cpu_small,3,KNN,True,5
5.982184258694326,68.78008541793777,8.293375996416524,0.8138975786685964,227_cpu_small,3,KNN,False,5
5.949725442342892,64.71306894447834,8.044443358273979,0.7951864070678605,227_cpu_small,4,KNN,True,5
5.949725442342892,64.71306894447834,8.044443358273979,0.7951864070678605,227_cpu_small,4,KNN,False,5
5.742159853569251,61.82386821232459,7.862815539762114,0.8187523095748418,227_cpu_small,5,KNN,True,5
5.742159853569251,61.82386821232459,7.862815539762114,0.8187523095748418,227_cpu_small,5,KNN,False,5
5.4236729713239775,55.54516168395365,7.452862650281007,0.8388439191239132,227_cpu_small,0,KNN,True,10
5.42477120195241,55.568224527150704,7.454409737004715,0.838777005691477,227_cpu_small,0,KNN,False,10
5.38987187309335,55.55519219035998,7.453535549681103,0.8525006094962657,227_cpu_small,1,KNN,True,10
5.38987187309335,55.55519219035998,7.453535549681103,0.8525006094962657,227_cpu_small,1,KNN,False,10
5.307260524710189,56.65984136668701,7.527273169394546,0.8357395706321817,227_cpu_small,2,KNN,True,10
5.306650396583283,56.65679072605248,7.527070527506201,0.8357484146304773,227_cpu_small,2,KNN,False,10
5.5045759609518,59.75248322147652,7.729973041445651,0.8383241058729372,227_cpu_small,3,KNN,True,10
5.5045759609518,59.75248322147652,7.729973041445651,0.8383241058729372,227_cpu_small,3,KNN,False,10
5.553386211104332,60.41654667480171,7.77280815888323,0.8087846829264884,227_cpu_small,4,KNN,True,10
5.553386211104332,60.41654667480171,7.77280815888323,0.8087846829264884,227_cpu_small,4,KNN,False,10
5.164002440512507,52.58579621720561,7.251606457689607,0.8458353644129223,227_cpu_small,5,KNN,True,10
5.162416107382551,52.5726418547895,7.250699404525711,0.8458739287712498,227_cpu_small,5,KNN,False,10
3.0701647345942646,18.193386211104333,4.265370583091736,0.9472145776381165,227_cpu_small,0,KNN,True,20
3.0701647345942646,18.193386211104333,4.265370583091736,0.9472145776381165,227_cpu_small,0,KNN,False,20
3.1535082367297136,18.810420988407568,4.337098222130503,0.950058211995706,227_cpu_small,1,KNN,True,20
3.1535082367297136,18.810420988407568,4.337098222130503,0.950058211995706,227_cpu_small,1,KNN,False,20
3.186577181208053,19.39899938987187,4.404429519230824,0.9437610855903332,227_cpu_small,2,KNN,True,20
3.186333129957291,19.39841366687004,4.404363026235467,0.943762783638006,227_cpu_small,2,KNN,False,20
3.181086028065893,19.83221476510067,4.453337486099686,0.946338781556862,227_cpu_small,3,KNN,True,20
3.181086028065893,19.83221476510067,4.453337486099686,0.946338781556862,227_cpu_small,3,KNN,False,20
3.2311165344722395,19.903233679072606,4.461304033471896,0.9370072712163244,227_cpu_small,4,KNN,True,20
3.2311165344722395,19.903233679072606,4.461304033471896,0.9370072712163244,227_cpu_small,4,KNN,False,20
3.048688224527151,17.757998779743748,4.214024060176182,0.9479392610254092,227_cpu_small,5,KNN,True,20
3.048688224527151,17.757998779743748,4.214024060176182,0.9479392610254092,227_cpu_small,5,KNN,False,20
7.202789357147901,103.45984572091044,10.171521308089092,0.6998265418814471,227_cpu_small,0,DT,True,1
7.202789357147901,103.45984572091044,10.171521308089092,0.6998265418814471,227_cpu_small,0,DT,False,1
7.242529314120224,107.45544934063936,10.366072030457794,0.7147050948948126,227_cpu_small,1,DT,True,1
7.242529314120224,107.45544934063936,10.366072030457794,0.7147050948948126,227_cpu_small,1,DT,False,1
7.177574992779296,105.703219771005,10.281207116433606,0.6935597444973685,227_cpu_small,2,DT,True,1
7.177574992779296,105.703219771005,10.281207116433606,0.6935597444973685,227_cpu_small,2,DT,False,1
7.342902026582445,111.5787930304784,10.56308634019804,0.69809453672484,227_cpu_small,3,DT,True,1
7.342902026582445,111.5787930304784,10.56308634019804,0.69809453672484,227_cpu_small,3,DT,False,1
7.299529093710748,106.08182369457724,10.299603084322095,0.6642563888552222,227_cpu_small,4,DT,True,1
7.299529093710748,106.08182369457724,10.299603084322095,0.6642563888552222,227_cpu_small,4,DT,False,1
6.972510822510823,98.35637997642893,9.917478508997585,0.7116507390303793,227_cpu_small,5,DT,True,1
6.972510822510823,98.35637997642893,9.917478508997585,0.7116507390303793,227_cpu_small,5,DT,False,1
7.202789357147901,103.45984572091044,10.171521308089092,0.6998265418814471,227_cpu_small,0,DT,True,5
7.202789357147901,103.45984572091044,10.171521308089092,0.6998265418814471,227_cpu_small,0,DT,False,5
7.242529314120224,107.45544934063936,10.366072030457794,0.7147050948948126,227_cpu_small,1,DT,True,5
7.242529314120224,107.45544934063936,10.366072030457794,0.7147050948948126,227_cpu_small,1,DT,False,5
7.177574992779296,105.703219771005,10.281207116433606,0.6935597444973685,227_cpu_small,2,DT,True,5
7.177574992779296,105.703219771005,10.281207116433606,0.6935597444973685,227_cpu_small,2,DT,False,5
7.342902026582445,111.5787930304784,10.56308634019804,0.69809453672484,227_cpu_small,3,DT,True,5
7.342902026582445,111.5787930304784,10.56308634019804,0.69809453672484,227_cpu_small,3,DT,False,5
7.299529093710748,106.08182369457724,10.299603084322095,0.6642563888552222,227_cpu_small,4,DT,True,5
7.299529093710748,106.08182369457724,10.299603084322095,0.6642563888552222,227_cpu_small,4,DT,False,5
6.972510822510823,98.35637997642893,9.917478508997585,0.7116507390303793,227_cpu_small,5,DT,True,5
6.972510822510823,98.35637997642893,9.917478508997585,0.7116507390303793,227_cpu_small,5,DT,False,5
6.964104128533659,98.5622754389533,9.927853516191368,0.7140361185309183,227_cpu_small,0,DT,True,10
6.964104128533659,98.5622754389533,9.927853516191368,0.7140361185309183,227_cpu_small,0,DT,False,10
6.926011795810454,102.8396529048878,10.140988753809356,0.7269600639466667,227_cpu_small,1,DT,True,10
6.926011795810454,102.8396529048878,10.140988753809356,0.7269600639466667,227_cpu_small,1,DT,False,10
6.85600976205003,95.8461799200054,9.790106226185976,0.7221359204831496,227_cpu_small,2,DT,True,10
6.85600976205003,95.8461799200054,9.790106226185976,0.7221359204831496,227_cpu_small,2,DT,False,10
6.8482306284319705,99.3285582333401,9.966371367420548,0.7312407351305646,227_cpu_small,3,DT,True,10
6.8482306284319705,99.3285582333401,9.966371367420548,0.7312407351305646,227_cpu_small,3,DT,False,10
6.734594264795607,96.02637109348518,9.799304622955916,0.6960813881850402,227_cpu_small,4,DT,True,10
6.734594264795607,96.02637109348518,9.799304622955916,0.6960813881850402,227_cpu_small,4,DT,False,10
6.767073418751271,96.22259304453937,9.809311547939506,0.717906315791383,227_cpu_small,5,DT,True,10
6.767073418751271,96.22259304453937,9.809311547939506,0.717906315791383,227_cpu_small,5,DT,False,10
3.828045556233476,32.02139685445054,5.65874516606381,0.9070946475841856,227_cpu_small,0,DT,True,20
3.828045556233476,32.02139685445054,5.65874516606381,0.9070946475841856,227_cpu_small,0,DT,False,20
4.037461866992068,34.73729509863738,5.893835347092535,0.9077722593913292,227_cpu_small,1,DT,True,20
4.037461866992068,34.73729509863738,5.893835347092535,0.9077722593913292,227_cpu_small,1,DT,False,20
3.87522879804759,30.744102094773236,5.544736431497284,0.910870922176908,227_cpu_small,2,DT,True,20
3.87522879804759,30.744102094773236,5.544736431497284,0.910870922176908,227_cpu_small,2,DT,False,20
4.025676225340655,33.80850874516982,5.814508469782275,0.9085222808193965,227_cpu_small,3,DT,True,20
4.025676225340655,33.80850874516982,5.814508469782275,0.9085222808193965,227_cpu_small,3,DT,False,20
4.0307097823876346,32.410717917429324,5.693041183535327,0.8974217156680656,227_cpu_small,4,DT,True,20
4.0307097823876346,32.410717917429324,5.693041183535327,0.8974217156680656,227_cpu_small,4,DT,False,20
3.865304047183242,31.11399023794997,5.57799159536387,0.9087837912184352,227_cpu_small,5,DT,True,20
3.865304047183242,31.11399023794997,5.57799159536387,0.9087837912184352,227_cpu_small,5,DT,False,20
6.274639998360345,75.95978596643437,8.715491148893124,0.7796139026439574,227_cpu_small,0,RF,True,1
6.274639998360345,75.95978596643437,8.715491148893124,0.7796139026439574,227_cpu_small,0,RF,False,1
6.340614152264518,78.33848072569188,8.850902819808377,0.7920108327510547,227_cpu_small,1,RF,True,1
6.340614152264518,78.33848072569188,8.850902819808377,0.7920108327510547,227_cpu_small,1,RF,False,1
6.346383430206434,78.96118674601799,8.88601073294524,0.7710865733923642,227_cpu_small,2,RF,True,1
6.346383430206434,78.96118674601799,8.88601073294524,0.7710865733923642,227_cpu_small,2,RF,False,1
6.401215649647258,83.0130035342419,9.111147212850964,0.7753867145433099,227_cpu_small,3,RF,True,1
6.401215649647258,83.0130035342419,9.111147212850964,0.7753867145433099,227_cpu_small,3,RF,False,1
6.327083775394871,76.56941901870876,8.75039536356551,0.7576616582439744,227_cpu_small,4,RF,True,1
6.327083775394871,76.56941901870876,8.75039536356551,0.7576616582439744,227_cpu_small,4,RF,False,1
6.056183016013608,72.08561800951398,8.490324964894688,0.788668160778558,227_cpu_small,5,RF,True,1
6.056183016013608,72.08561800951398,8.490324964894688,0.788668160778558,227_cpu_small,5,RF,False,1
6.274639998360345,75.95978596643437,8.715491148893124,0.7796139026439574,227_cpu_small,0,RF,True,5
6.274639998360345,75.95978596643437,8.715491148893124,0.7796139026439574,227_cpu_small,0,RF,False,5
6.340614152264518,78.33848072569188,8.850902819808377,0.7920108327510547,227_cpu_small,1,RF,True,5
6.340614152264518,78.33848072569188,8.850902819808377,0.7920108327510547,227_cpu_small,1,RF,False,5
6.346383430206434,78.96118674601799,8.88601073294524,0.7710865733923642,227_cpu_small,2,RF,True,5
6.346383430206434,78.96118674601799,8.88601073294524,0.7710865733923642,227_cpu_small,2,RF,False,5
6.401215649647258,83.0130035342419,9.111147212850964,0.7753867145433099,227_cpu_small,3,RF,True,5
6.401215649647258,83.0130035342419,9.111147212850964,0.7753867145433099,227_cpu_small,3,RF,False,5
6.327083775394871,76.56941901870876,8.75039536356551,0.7576616582439744,227_cpu_small,4,RF,True,5
6.327083775394871,76.56941901870876,8.75039536356551,0.7576616582439744,227_cpu_small,4,RF,False,5
6.056183016013608,72.08561800951398,8.490324964894688,0.788668160778558,227_cpu_small,5,RF,True,5
6.056183016013608,72.08561800951398,8.490324964894688,0.788668160778558,227_cpu_small,5,RF,False,5
5.632611965774717,60.96076817772119,7.807737711893323,0.823131336935953,227_cpu_small,0,RF,True,10
5.632611965774717,60.96076817772119,7.807737711893323,0.823131336935953,227_cpu_small,0,RF,False,10
5.585561765788276,61.44759596892759,7.838851699638639,0.8368562397861843,227_cpu_small,1,RF,True,10
5.585561765788276,61.44759596892759,7.838851699638639,0.8368562397861843,227_cpu_small,1,RF,False,10
5.50576288048268,59.561527114335206,7.717611490243287,0.827327401884399,227_cpu_small,2,RF,True,10
5.50576288048268,59.561527114335206,7.717611490243287,0.827327401884399,227_cpu_small,2,RF,False,10
5.681094402800779,64.99905294090088,8.062199013972608,0.8241281460607928,227_cpu_small,3,RF,True,10
5.681094402800779,64.99905294090088,8.062199013972608,0.8241281460607928,227_cpu_small,3,RF,False,10
5.569120723710565,61.37611350737216,7.834290874570088,0.8057477023931453,227_cpu_small,4,RF,True,10
5.569120723710565,61.37611350737216,7.834290874570088,0.8057477023931453,227_cpu_small,4,RF,False,10
5.41416545535002,57.95678690167661,7.612935498326293,0.8300893477852965,227_cpu_small,5,RF,True,10
5.41416545535002,57.95678690167661,7.612935498326293,0.8300893477852965,227_cpu_small,5,RF,False,10
2.9911860939209927,18.093707341915408,4.253669867527969,0.9475037811513952,227_cpu_small,0,RF,True,20
2.9911860939209927,18.093707341915408,4.253669867527969,0.9475037811513952,227_cpu_small,0,RF,False,20
3.1493568256873625,19.770398067376878,4.446391578277477,0.9475094667126306,227_cpu_small,1,RF,True,20
3.1493568256873625,19.770398067376878,4.446391578277477,0.9475094667126306,227_cpu_small,1,RF,False,20
3.107547149345807,18.741430086720413,4.329137337475032,0.9456674201911616,227_cpu_small,2,RF,True,20
3.107547149345807,18.741430086720413,4.329137337475032,0.9456674201911616,227_cpu_small,2,RF,False,20
3.064277136174787,18.63457568477191,4.316778391899671,0.9495793057780222,227_cpu_small,3,RF,True,20
3.064277136174787,18.63457568477191,4.316778391899671,0.9495793057780222,227_cpu_small,3,RF,False,20
3.2042981129608648,19.6236820174842,4.429862528057073,0.937892038098099,227_cpu_small,4,RF,True,20
3.2042981129608648,19.6236820174842,4.429862528057073,0.937892038098099,227_cpu_small,4,RF,False,20
2.984297678831236,17.513427717650863,4.184904744154981,0.9486562646913222,227_cpu_small,5,RF,True,20
2.984297678831236,17.513427717650863,4.184904744154981,0.9486562646913222,227_cpu_small,5,RF,False,20
8.56794871571246,242.0493883660927,15.557936507329392,0.2977294578871978,227_cpu_small,0,SVR,True,1
8.56794871571246,242.0493883660927,15.557936507329392,0.2977294578871978,227_cpu_small,0,SVR,False,1
8.876433662623265,262.8121441150797,16.211481860554258,0.3022320768664298,227_cpu_small,1,SVR,True,1
8.876433662623265,262.8121441150797,16.211481860554258,0.3022320768664298,227_cpu_small,1,SVR,False,1
8.617494411097628,244.59305183699968,15.639470957708246,0.2909094210992174,227_cpu_small,2,SVR,True,1
8.617494411097628,244.59305183699968,15.639470957708246,0.2909094210992174,227_cpu_small,2,SVR,False,1
8.86242915258041,261.258005792837,16.163477527835308,0.2930984721112222,227_cpu_small,3,SVR,True,1
8.86242915258041,261.258005792837,16.163477527835308,0.2930984721112222,227_cpu_small,3,SVR,False,1
8.424380466333103,224.25402618611665,14.975113561710195,0.2902473398057617,227_cpu_small,4,SVR,True,1
8.424380466333103,224.25402618611665,14.975113561710195,0.2902473398057617,227_cpu_small,4,SVR,False,1
8.374543814751807,234.68915127288827,15.319567594187776,0.3119669172112421,227_cpu_small,5,SVR,True,1
8.374543814751807,234.68915127288827,15.319567594187776,0.3119669172112421,227_cpu_small,5,SVR,False,1
8.56794871571246,242.0493883660927,15.557936507329392,0.2977294578871978,227_cpu_small,0,SVR,True,5
8.56794871571246,242.0493883660927,15.557936507329392,0.2977294578871978,227_cpu_small,0,SVR,False,5
8.876433662623265,262.8121441150797,16.211481860554258,0.3022320768664298,227_cpu_small,1,SVR,True,5
8.876433662623265,262.8121441150797,16.211481860554258,0.3022320768664298,227_cpu_small,1,SVR,False,5
8.617494411097628,244.59305183699968,15.639470957708246,0.2909094210992174,227_cpu_small,2,SVR,True,5
8.617494411097628,244.59305183699968,15.639470957708246,0.2909094210992174,227_cpu_small,2,SVR,False,5
8.86242915258041,261.258005792837,16.163477527835308,0.2930984721112222,227_cpu_small,3,SVR,True,5
8.86242915258041,261.258005792837,16.163477527835308,0.2930984721112222,227_cpu_small,3,SVR,False,5
8.424380466333103,224.25402618611665,14.975113561710195,0.2902473398057617,227_cpu_small,4,SVR,True,5
8.424380466333103,224.25402618611665,14.975113561710195,0.2902473398057617,227_cpu_small,4,SVR,False,5
8.374543814751807,234.68915127288827,15.319567594187776,0.3119669172112421,227_cpu_small,5,SVR,True,5
8.374543814751807,234.68915127288827,15.319567594187776,0.3119669172112421,227_cpu_small,5,SVR,False,5
7.73638699728771,248.50354618855576,15.763995248304148,0.2790036724453963,227_cpu_small,0,SVR,True,10
7.73638699728771,248.50354618855576,15.763995248304148,0.2790036724453963,227_cpu_small,0,SVR,False,10
7.582224407492644,177.44609514738443,13.32088942778914,0.5288794827344969,227_cpu_small,1,SVR,True,10
7.582224407492644,177.44609514738443,13.32088942778914,0.5288794827344969,227_cpu_small,1,SVR,False,10
7.555577233734907,187.79836203778677,13.703954248237505,0.4555607845200087,227_cpu_small,2,SVR,True,10
7.555577233734906,187.7983620377867,13.703954248237505,0.4555607845200089,227_cpu_small,2,SVR,False,10
8.120158887180658,291.92881874934227,17.085924579879844,0.2101106054820307,227_cpu_small,3,SVR,True,10
8.120158887180658,291.9288187493423,17.085924579879848,0.2101106054820306,227_cpu_small,3,SVR,False,10
7.326568910305292,170.0489456572782,13.040281655596178,0.4618036804239519,227_cpu_small,4,SVR,True,10
7.326568910305292,170.04894565727818,13.040281655596177,0.461803680423952,227_cpu_small,4,SVR,False,10
7.2105564032139,190.57532665276324,13.80490226885954,0.4412944578426164,227_cpu_small,5,SVR,True,10
7.210556403213898,190.57532665276335,13.804902268859545,0.4412944578426161,227_cpu_small,5,SVR,False,10
5.30644030587739,238.35165996409253,15.43864177847561,0.3084578705759792,227_cpu_small,0,SVR,True,20
5.30644030587739,238.35165996409253,15.43864177847561,0.3084578705759792,227_cpu_small,0,SVR,False,20
5.317712864141556,158.41257017502767,12.586205551119354,0.5794136132427767,227_cpu_small,1,SVR,True,20
5.317712864141558,158.4125701750277,12.586205551119356,0.5794136132427767,227_cpu_small,1,SVR,False,20
5.089511487091919,157.29962997502503,12.54191492456495,0.543978519250003,227_cpu_small,2,SVR,True,20
5.089511487091918,157.2996299750251,12.541914924564953,0.5439785192500026,227_cpu_small,2,SVR,False,20
5.651538892422622,280.806135627535,16.757271127111807,0.2402059193812837,227_cpu_small,3,SVR,True,20
5.651538892422622,280.80613562753496,16.757271127111807,0.240205919381284,227_cpu_small,3,SVR,False,20
4.838221245599235,143.02100395668086,11.959138930403013,0.5473457500483918,227_cpu_small,4,SVR,True,20
4.838221245599235,143.0210039566808,11.959138930403007,0.547345750048392,227_cpu_small,4,SVR,False,20
4.904697835786354,177.03398801539836,13.30541198217471,0.4809933059453961,227_cpu_small,5,SVR,True,20
4.904697835786354,177.03398801539862,13.30541198217472,0.4809933059453954,227_cpu_small,5,SVR,False,20
33.66373945482197,1493.494428918042,38.6457556391131,0.1589848505234372,201_pol,0,LR,True,1
33.66373945482197,1493.494428918042,38.6457556391131,0.1589848505234372,201_pol,0,LR,False,1
33.63625664335581,1493.753139713246,38.64910270256279,0.1530295919029543,201_pol,1,LR,True,1
33.63625664335581,1493.753139713246,38.64910270256279,0.1530295919029543,201_pol,1,LR,False,1
33.710932036803726,1513.7454369157383,38.90688161387055,0.1649867407406401,201_pol,2,LR,True,1
33.710932036803726,1513.7454369157383,38.90688161387055,0.1649867407406401,201_pol,2,LR,False,1
33.31587949319901,1473.4120628555056,38.38504999157232,0.1640571282776726,201_pol,3,LR,True,1
33.31587949319901,1473.4120628555056,38.38504999157232,0.1640571282776726,201_pol,3,LR,False,1
33.43929477628911,1475.3739662422774,38.41059705657122,0.158759679719367,201_pol,4,LR,True,1
33.43929477628911,1475.3739662422774,38.41059705657122,0.158759679719367,201_pol,4,LR,False,1
32.93693400448126,1442.7646356071175,37.98374172731167,0.1610282987981897,201_pol,5,LR,True,1
32.93693400448126,1442.7646356071175,37.98374172731167,0.1610282987981897,201_pol,5,LR,False,1
32.27065084515005,1405.0715246770624,37.484283702334,0.2087774714984298,201_pol,0,LR,True,5
32.27065084515005,1405.0715246770624,37.484283702334,0.2087774714984298,201_pol,0,LR,False,5
32.24251290253039,1403.152906117395,37.45868265325671,0.204400675104223,201_pol,1,LR,True,5
32.24251290253039,1403.152906117395,37.45868265325671,0.204400675104223,201_pol,1,LR,False,5
32.37159624401551,1422.0506473839584,37.710086812203954,0.2155674811985846,201_pol,2,LR,True,5
32.37159624401551,1422.0506473839584,37.710086812203954,0.2155674811985846,201_pol,2,LR,False,5
32.01262356691525,1387.6693790962745,37.25143459111708,0.2127033875949485,201_pol,3,LR,True,5
32.01262356691525,1387.6693790962745,37.25143459111708,0.2127033875949485,201_pol,3,LR,False,5
32.15657154396759,1389.556482159441,37.27675525256243,0.2076917670730543,201_pol,4,LR,True,5
32.15657154396759,1389.556482159441,37.27675525256243,0.2076917670730543,201_pol,4,LR,False,5
32.00090862612177,1376.5732854959904,37.102200547891904,0.199518755409783,201_pol,5,LR,True,5
32.00090862612177,1376.5732854959904,37.102200547891904,0.199518755409783,201_pol,5,LR,False,5
32.26438202229631,1404.2608268565727,37.47346830567693,0.2092339908770615,201_pol,0,LR,True,10
32.2643820222963,1404.2608268565727,37.47346830567693,0.2092339908770615,201_pol,0,LR,False,10
32.183956350019365,1401.1647764601596,37.43213561179965,0.2055279610943712,201_pol,1,LR,True,10
32.183956350019365,1401.1647764601598,37.43213561179965,0.2055279610943711,201_pol,1,LR,False,10
32.27390406150891,1418.1981932741978,37.658972281173554,0.2176925744830226,201_pol,2,LR,True,10
32.27390406150891,1418.1981932741978,37.658972281173554,0.2176925744830226,201_pol,2,LR,False,10
31.932813339119598,1383.8766629582628,37.20049277843323,0.2148551916285686,201_pol,3,LR,True,10
31.932813339119598,1383.8766629582628,37.20049277843323,0.2148551916285686,201_pol,3,LR,False,10
32.1502481940765,1388.1086111763698,37.257329630240136,0.2085173255262959,201_pol,4,LR,True,10
32.1502481940765,1388.1086111763698,37.257329630240136,0.2085173255262959,201_pol,4,LR,False,10
31.909675963648983,1373.1593032629114,37.05616417362854,0.2015039956986494,201_pol,5,LR,True,10
31.90967596364898,1373.1593032629114,37.05616417362854,0.2015039956986494,201_pol,5,LR,False,10
27.902481196071573,1018.5733544729168,31.915096027944468,0.4264219501739478,201_pol,0,LR,True,20
27.902481196071573,1018.5733544729164,31.915096027944465,0.4264219501739479,201_pol,0,LR,False,20
27.73852905187814,1012.7541399623606,31.8237983270753,0.4257600105258633,201_pol,1,LR,True,20
27.738529051878132,1012.7541399623606,31.8237983270753,0.4257600105258633,201_pol,1,LR,False,20
27.6725951179628,1012.8169002984127,31.82478437159336,0.441309271475468,201_pol,2,LR,True,20
27.6725951179628,1012.8169002984127,31.82478437159336,0.4413092714754681,201_pol,2,LR,False,20
27.70772279523674,1015.7605296635354,31.870998253326416,0.4237065139106308,201_pol,3,LR,True,20
27.70772279523674,1015.7605296635354,31.870998253326416,0.4237065139106308,201_pol,3,LR,False,20
27.45101786919042,1004.868264574006,31.69965716808316,0.4270363175221811,201_pol,4,LR,True,20
27.45101786919042,1004.868264574006,31.69965716808316,0.4270363175221811,201_pol,4,LR,False,20
27.59868298195549,1001.4234088946528,31.64527466928756,0.4176694657960479,201_pol,5,LR,True,20
27.59868298195549,1001.4234088946528,31.64527466928756,0.4176694657960479,201_pol,5,LR,False,20
31.540666666666667,1602.1613333333332,40.02700754907033,0.0977924475988483,201_pol,0,KNN,True,1
31.540666666666667,1602.1613333333332,40.02700754907033,0.0977924475988483,201_pol,0,KNN,False,1
30.95733333333333,1479.821333333333,38.46844594382952,0.1609290415652919,201_pol,1,KNN,True,1
30.95733333333333,1479.821333333333,38.46844594382952,0.1609290415652919,201_pol,1,KNN,False,1
32.084666666666664,1609.228,40.11518415762291,0.1123165861300503,201_pol,2,KNN,True,1
32.084666666666664,1609.228,40.11518415762291,0.1123165861300503,201_pol,2,KNN,False,1
29.64666666666667,2046.5706666666667,45.23903918814664,-0.1611253928248768,201_pol,3,KNN,True,1
29.64666666666667,2046.5706666666667,45.23903918814664,-0.1611253928248768,201_pol,3,KNN,False,1
30.426666666666662,1681.792,41.009657399202936,0.041062623377565,201_pol,4,KNN,True,1
30.426666666666662,1681.792,41.009657399202936,0.041062623377565,201_pol,4,KNN,False,1
30.288,1496.6826666666666,38.68698316833023,0.1296748118003282,201_pol,5,KNN,True,1
30.288,1496.6826666666666,38.68698316833023,0.1296748118003282,201_pol,5,KNN,False,1
27.638,1837.6706666666664,42.86806114890976,-0.0348273421649127,201_pol,0,KNN,True,5
27.677333333333333,1837.184,42.86238444137237,-0.0345532908986427,201_pol,0,KNN,False,5
27.728666666666665,1371.5586666666666,37.034560435715534,0.2223148706762143,201_pol,1,KNN,True,5
27.75333333333333,1373.0213333333334,37.05430249422236,0.2214855265559306,201_pol,1,KNN,False,5
28.156,1557.397333333333,39.46387377505322,0.1409074527628843,201_pol,2,KNN,True,5
28.235333333333333,1563.1293333333333,39.53643045765934,0.1377455631311462,201_pol,2,KNN,False,5
26.99266666666667,1317.5933333333332,36.298668478793175,0.2524611528602128,201_pol,3,KNN,True,5
27.004666666666665,1318.3453333333334,36.30902550790001,0.2520345043649392,201_pol,3,KNN,False,5
27.32933333333333,1355.0,36.81032463861192,0.2273954535855805,201_pol,4,KNN,True,5
27.378,1359.588,36.87259144676435,0.224779431697057,201_pol,4,KNN,False,5
27.844,1439.08,37.93520792087477,0.1631709247867392,201_pol,5,KNN,True,5
27.918,1443.812,37.997526235269575,0.1604192534523386,201_pol,5,KNN,False,5
27.436666666666667,1520.7106666666666,38.996290421867904,0.1436588688423864,201_pol,0,KNN,True,10
27.48333333333333,1520.4226666666666,38.99259758808929,0.1438210471259872,201_pol,0,KNN,False,10
26.728666666666665,1396.2226666666666,37.36606303407768,0.2083301782997245,201_pol,1,KNN,True,10
26.726,1396.3986666666667,37.36841803805276,0.208230384841313,201_pol,1,KNN,False,10
28.119333333333334,1463.7986666666666,38.25962188347745,0.1925384111853962,201_pol,2,KNN,True,10
28.11733333333333,1466.2853333333333,38.29210536564075,0.1911667144737909,201_pol,2,KNN,False,10
26.94,1788.4533333333334,42.29010916672282,-0.0146820791670492,201_pol,3,KNN,True,10
26.938,1788.644,42.29236337685564,-0.014790254228794,201_pol,3,KNN,False,10
27.83,1408.7586666666666,37.53343398447132,0.1967429146366182,201_pol,4,KNN,True,10
27.816666666666663,1406.924,37.50898559012227,0.1977890192918371,201_pol,4,KNN,False,10
27.627333333333333,1455.3853333333334,38.14951288461405,0.1536893275062703,201_pol,5,KNN,True,10
27.582666666666668,1450.1893333333333,38.081351516632566,0.156710816148186,201_pol,5,KNN,False,10
5.504,173.60533333333333,13.175937664292942,0.9022395313057616,201_pol,0,KNN,True,20
5.512666666666667,173.188,13.160091185094425,0.9024745396519052,201_pol,0,KNN,False,20
5.354666666666667,169.84533333333334,13.032472264821182,0.9036962885886703,201_pol,1,KNN,True,20
5.356,170.17066666666668,13.04494793652572,0.9035118218928186,201_pol,1,KNN,False,20
5.042,154.24666666666667,12.419608152702189,0.914914351698624,201_pol,2,KNN,True,20
5.054,155.01466666666667,12.45048861156327,0.9144907070305892,201_pol,2,KNN,False,20
5.568,181.688,13.479169113858614,0.896919000253644,201_pol,3,KNN,True,20
5.568,181.19466666666668,13.460856832559609,0.8971988937700469,201_pol,3,KNN,False,20
5.171333333333333,163.92933333333335,12.803489107791412,0.9065294847055216,201_pol,4,KNN,True,20
5.208,165.74666666666667,12.874263732993304,0.905493263306493,201_pol,4,KNN,False,20
5.6193333333333335,185.61466666666664,13.624047367308536,0.8920645482859297,201_pol,5,KNN,True,20
5.596666666666667,184.71066666666667,13.590830241992824,0.8925902268333299,201_pol,5,KNN,False,20
31.05286034687476,1425.7392936504818,37.75896309024497,0.1971390572693794,201_pol,0,DT,True,1
31.05286034687476,1425.7392936504818,37.75896309024497,0.1971390572693794,201_pol,0,DT,False,1
30.954842324905663,1426.0383944976138,37.762923542776896,0.1914244135536599,201_pol,1,DT,True,1
30.954842324905663,1426.0383944976138,37.762923542776896,0.1914244135536599,201_pol,1,DT,False,1
31.228000378465158,1450.1817713513592,38.08125222929728,0.2000497719868501,201_pol,2,DT,True,1
31.228000378465158,1450.1817713513592,38.08125222929728,0.2000497719868501,201_pol,2,DT,False,1
30.696295134185323,1403.2010797235407,37.45932567096664,0.203891450491674,201_pol,3,DT,True,1
30.696295134185323,1403.2010797235407,37.45932567096664,0.203891450491674,201_pol,3,DT,False,1
30.815670891230607,1408.1148747229845,37.52485675819408,0.1971099969854255,201_pol,4,DT,True,1
30.815670891230607,1408.1148747229845,37.52485675819408,0.1971099969854255,201_pol,4,DT,False,1
30.348856472900312,1377.2180988385326,37.11088922187843,0.1991437946340617,201_pol,5,DT,True,1
30.348856472900312,1377.2180988385326,37.11088922187843,0.1991437946340617,201_pol,5,DT,False,1
28.075115806390603,1408.2405288696948,37.52653099967668,0.20699294489883,201_pol,0,DT,True,5
28.075115806390603,1408.2405288696948,37.52653099967668,0.20699294489883,201_pol,0,DT,False,5
27.93976877659551,1400.1861270099137,37.41906101186819,0.20608286344217,201_pol,1,DT,True,5
27.93976877659551,1400.1861270099137,37.41906101186819,0.20608286344217,201_pol,1,DT,False,5
28.32437298332119,1423.1164109896822,37.72421518056648,0.2149795839733889,201_pol,2,DT,True,5
28.32437298332119,1423.1164109896822,37.72421518056648,0.2149795839733889,201_pol,2,DT,False,5
27.43081692765796,1358.5904708382795,36.85906226205815,0.2292013562817449,201_pol,3,DT,True,5
27.43081692765796,1358.5904708382795,36.85906226205815,0.2292013562817449,201_pol,3,DT,False,5
27.71617834312804,1376.9621352735498,37.10744043010175,0.2148729107359029,201_pol,4,DT,True,5
27.71617834312804,1376.9621352735498,37.10744043010175,0.2148729107359029,201_pol,4,DT,False,5
27.7831802564746,1379.1360832573844,37.13672149311762,0.1980284812897715,201_pol,5,DT,True,5
27.7831802564746,1379.1360832573844,37.13672149311762,0.1980284812897715,201_pol,5,DT,False,5
27.97141686014577,1464.5110524494933,38.26893064157259,0.1753059416644939,201_pol,0,DT,True,10
27.97141686014577,1464.5110524494933,38.26893064157259,0.1753059416644939,201_pol,0,DT,False,10
27.55690733637262,1421.1795627109284,37.69853528601514,0.194179411439076,201_pol,1,DT,True,10
27.55690733637262,1421.1795627109284,37.69853528601514,0.194179411439076,201_pol,1,DT,False,10
28.005003137388638,1441.560376737635,37.96788612416597,0.2048055113867553,201_pol,2,DT,True,10
28.005003137388638,1441.560376737635,37.96788612416597,0.2048055113867553,201_pol,2,DT,False,10
27.268368437437893,1405.2132342875568,37.48617390835662,0.2027498511339676,201_pol,3,DT,True,10
27.268368437437893,1405.2132342875568,37.48617390835662,0.2027498511339676,201_pol,3,DT,False,10
27.437059865546612,1411.7371762466837,37.57309111913317,0.1950446046417401,201_pol,4,DT,True,10
27.437059865546612,1411.7371762466837,37.57309111913317,0.1950446046417401,201_pol,4,DT,False,10
27.83914050552892,1443.8636996411049,37.998206531902326,0.1603891899653508,201_pol,5,DT,True,10
27.83914050552892,1443.8636996411049,37.998206531902326,0.1603891899653508,201_pol,5,DT,False,10
5.484788630673799,226.23758774069083,15.041196353371989,0.8726013067160926,201_pol,0,DT,True,20
5.484788630673799,226.23758774069083,15.041196353371989,0.8726013067160926,201_pol,0,DT,False,20
5.51414493140306,248.281157343886,15.756939973988796,0.8592225264217845,201_pol,1,DT,True,20
5.51414493140306,248.281157343886,15.756939973988796,0.8592225264217845,201_pol,1,DT,False,20
5.211061854929952,221.571572718724,14.885280404437262,0.8777765424865273,201_pol,2,DT,True,20
5.211061854929952,221.571572718724,14.885280404437262,0.8777765424865273,201_pol,2,DT,False,20
5.607258430342895,245.3589730244372,15.663938617871215,0.8607951640389119,201_pol,3,DT,True,20
5.607258430342895,245.3589730244372,15.663938617871215,0.8607951640389119,201_pol,3,DT,False,20
5.00252623617776,209.1418463033568,14.461737319677631,0.8807498588195726,201_pol,4,DT,True,20
5.00252623617776,209.1418463033568,14.461737319677631,0.8807498588195726,201_pol,4,DT,False,20
5.658043139462209,238.5051280572233,15.443611237570806,0.8613085959461972,201_pol,5,DT,True,20
5.658043139462209,238.5051280572233,15.443611237570806,0.8613085959461972,201_pol,5,DT,False,20
31.04233988998986,1425.8251924519575,37.76010053551179,0.1970906860187311,201_pol,0,RF,True,1
31.04233988998986,1425.8251924519575,37.76010053551179,0.1970906860187311,201_pol,0,RF,False,1
30.956938882876862,1425.800751750748,37.75977690282012,0.1915591589603426,201_pol,1,RF,True,1
30.956938882876862,1425.800751750748,37.75977690282012,0.1915591589603426,201_pol,1,RF,False,1
31.23466413590077,1450.7925972132066,38.08927141877626,0.1997128278208744,201_pol,2,RF,True,1
31.23466413590077,1450.7925972132066,38.08927141877626,0.1997128278208744,201_pol,2,RF,False,1
30.699611486477284,1403.321756022209,37.46093640076565,0.2038229845857671,201_pol,3,RF,True,1
30.699611486477284,1403.321756022209,37.46093640076565,0.2038229845857671,201_pol,3,RF,False,1
30.80936822335565,1408.3791777465017,37.52837829891536,0.1969592946108127,201_pol,4,RF,True,1
30.80936822335565,1408.3791777465017,37.52837829891536,0.1969592946108127,201_pol,4,RF,False,1
30.352964036459355,1377.4417188197613,37.11390196166069,0.1990137589848338,201_pol,5,RF,True,1
30.352964036459355,1377.4417188197613,37.11390196166069,0.1990137589848338,201_pol,5,RF,False,1
27.72041271498905,1335.1198406193612,36.53929173669574,0.2481685966910055,201_pol,0,RF,True,5
27.72041271498905,1335.1198406193612,36.53929173669574,0.2481685966910055,201_pol,0,RF,False,5
27.687755347568203,1344.3481998217874,36.66535421650509,0.2377434308548679,201_pol,1,RF,True,5
27.687755347568203,1344.3481998217874,36.66535421650509,0.2377434308548679,201_pol,1,RF,False,5
27.98526902814,1354.747579107185,36.80689580917121,0.2526932442426334,201_pol,2,RF,True,5
27.98526902814,1354.747579107185,36.80689580917121,0.2526932442426334,201_pol,2,RF,False,5
27.149077605258817,1288.5292056205649,35.89608900173618,0.2689507357792164,201_pol,3,RF,True,5
27.149077605258817,1288.5292056205649,35.89608900173618,0.2689507357792164,201_pol,3,RF,False,5
27.34003717443345,1303.5118689888154,36.10418076883639,0.2567533606746008,201_pol,4,RF,True,5
27.34003717443345,1303.5118689888154,36.10418076883639,0.2567533606746008,201_pol,4,RF,False,5
27.532286681021237,1315.8195140234968,36.27422658063845,0.2348472447203455,201_pol,5,RF,True,5
27.532286681021237,1315.8195140234968,36.27422658063845,0.2348472447203455,201_pol,5,RF,False,5
27.587088905262583,1346.9785538079936,36.701206435320266,0.2414907295012613,201_pol,0,RF,True,10
27.587088905262583,1346.9785538079936,36.701206435320266,0.2414907295012613,201_pol,0,RF,False,10
27.338785418693952,1334.2363105231514,36.52719959869838,0.2434769558786493,201_pol,1,RF,True,10
27.338785418693952,1334.2363105231514,36.52719959869838,0.2434769558786493,201_pol,1,RF,False,10
27.62225429412576,1335.903546257122,36.550014312680126,0.2630880021087787,201_pol,2,RF,True,10
27.62225429412576,1335.903546257122,36.550014312680126,0.2630880021087787,201_pol,2,RF,False,10
26.866667762244088,1287.12956681606,35.876588004101784,0.2697448232657438,201_pol,3,RF,True,10
26.866667762244088,1287.12956681606,35.876588004101784,0.2697448232657438,201_pol,3,RF,False,10
27.273003447406325,1333.2596959220969,36.51382883130852,0.2397915109811671,201_pol,4,RF,True,10
27.273003447406325,1333.2596959220969,36.51382883130852,0.2397915109811671,201_pol,4,RF,False,10
27.418689381939828,1327.6536202181712,36.43698149158587,0.2279656786205701,201_pol,5,RF,True,10
27.418689381939828,1327.6536202181712,36.43698149158587,0.2279656786205701,201_pol,5,RF,False,10
4.969003517585443,148.2531246363924,12.175923974647365,0.9165158427361731,201_pol,0,RF,True,20
4.969003517585443,148.2531246363924,12.175923974647365,0.9165158427361731,201_pol,0,RF,False,20
4.8952822571411145,157.79617610876002,12.56169479444394,0.9105282605794917,201_pol,1,RF,True,20
4.8952822571411145,157.79617610876002,12.56169479444394,0.9105282605794917,201_pol,1,RF,False,20
4.6398378210247575,134.70023311618158,11.60604295684716,0.9256965683037768,201_pol,2,RF,True,20
4.6398378210247575,134.70023311618158,11.60604295684716,0.9256965683037768,201_pol,2,RF,False,20
4.961509507773099,153.87405103310772,12.404597979503718,0.9126992921078192,201_pol,3,RF,True,20
4.961509507773099,153.87405103310772,12.404597979503718,0.9126992921078192,201_pol,3,RF,False,20
4.757397821674038,146.5963978840351,12.107699941939224,0.9164125140271716,201_pol,4,RF,True,20
4.757397821674038,146.5963978840351,12.107699941939224,0.9164125140271716,201_pol,4,RF,False,20
5.141196993914438,160.75116726084056,12.678768365296392,0.906522743253786,201_pol,5,RF,True,20
5.141196993914438,160.75116726084056,12.678768365296392,0.906522743253786,201_pol,5,RF,False,20
31.16441273646415,2457.8353249378874,49.57656023705041,-0.3840538693464708,201_pol,0,SVR,True,1
31.16441273646415,2457.8353249378874,49.57656023705041,-0.3840538693464708,201_pol,0,SVR,False,1
30.524172718944044,2408.693169302817,49.07843894525188,-0.3657489864601102,201_pol,1,SVR,True,1
30.524172718944044,2408.693169302817,49.07843894525188,-0.3657489864601102,201_pol,1,SVR,False,1
31.512958648929565,2512.452443088142,50.12436975252798,-0.3859206786523583,201_pol,2,SVR,True,1
31.512958648929565,2512.452443088142,50.12436975252798,-0.3859206786523583,201_pol,2,SVR,False,1
30.4459185245243,2402.3689431441694,49.01396681706317,-0.3629881578249394,201_pol,3,SVR,True,1
30.4459185245243,2402.3689431441694,49.01396681706317,-0.3629881578249394,201_pol,3,SVR,False,1
30.101582051025694,2374.0548992350405,48.72427422994662,-0.3536572757095342,201_pol,4,SVR,True,1
30.101582051025694,2374.0548992350405,48.72427422994662,-0.3536572757095342,201_pol,4,SVR,False,1
29.662857696658605,2319.8287913441645,48.1646010192565,-0.3489869792601061,201_pol,5,SVR,True,1
29.662857696658605,2319.8287913441645,48.1646010192565,-0.3489869792601061,201_pol,5,SVR,False,1
30.48029062403592,2235.8421900545577,47.284692978326056,-0.2590453082821162,201_pol,0,SVR,True,5
30.48029062403592,2235.8421900545577,47.284692978326056,-0.2590453082821162,201_pol,0,SVR,False,5
29.885556881578992,2190.989760597557,46.8080095773956,-0.2423093497403452,201_pol,1,SVR,True,5
29.885556881578992,2190.989760597557,46.8080095773956,-0.2423093497403452,201_pol,1,SVR,False,5
30.83320108841225,2294.1525989264187,47.89731306583303,-0.2655019742097582,201_pol,2,SVR,True,5
30.83320108841225,2294.1525989264146,47.89731306583298,-0.2655019742097557,201_pol,2,SVR,False,5
29.824743550748263,2185.6048384922487,46.75045281590595,-0.2400066696878928,201_pol,3,SVR,True,5
29.824743550748263,2185.6048384922487,46.75045281590595,-0.2400066696878928,201_pol,3,SVR,False,5
29.49050551656025,2149.218459891032,46.35966414773765,-0.2254582681546924,201_pol,4,SVR,True,5
29.49050551656025,2149.218459891032,46.35966414773765,-0.2254582681546921,201_pol,4,SVR,False,5
29.11176771802281,2094.7181069091803,45.76809048790631,-0.2180844819171146,201_pol,5,SVR,True,5
29.11176771802281,2094.7181069091803,45.76809048790631,-0.2180844819171146,201_pol,5,SVR,False,5
30.50358459207338,2213.395230540024,47.046734536416274,-0.2464049979830775,201_pol,0,SVR,True,10
30.50358459207338,2213.395230540024,47.046734536416274,-0.2464049979830773,201_pol,0,SVR,False,10
29.88559315527741,2160.61113468126,46.48237445184206,-0.2250844171154715,201_pol,1,SVR,True,10
29.88559315527741,2160.611134681261,46.48237445184208,-0.2250844171154722,201_pol,1,SVR,False,10
30.82180242222344,2277.235371743399,47.7203873804834,-0.2561700821602559,201_pol,2,SVR,True,10
30.82180242222344,2277.2353717434003,47.72038738048341,-0.2561700821602566,201_pol,2,SVR,False,10
29.80201244969092,2163.061081642872,46.50872049027872,-0.2272164304091704,201_pol,3,SVR,True,10
29.802012449690903,2163.0610816428725,46.508720490278726,-0.2272164304091706,201_pol,3,SVR,False,10
29.504547380192022,2119.819999971008,46.04150301598556,-0.2086956232899004,201_pol,4,SVR,True,10
29.504547380192022,2119.819999971008,46.04150301598556,-0.2086956232899004,201_pol,4,SVR,False,10
29.12241615254558,2070.6156436905803,45.50401788513384,-0.2040688316366701,201_pol,5,SVR,True,10
29.122416152545576,2070.615643690582,45.50401788513386,-0.2040688316366712,201_pol,5,SVR,False,10
27.781006189719623,1116.3522722436564,33.41185825786492,0.3713607798392254,201_pol,0,SVR,True,20
27.781006189719605,1116.3522722436526,33.411858257864864,0.3713607798392276,201_pol,0,SVR,False,20
27.55050237878709,1090.6164044537966,33.0244818953121,0.381611461359077,201_pol,1,SVR,True,20
27.550502378787076,1090.6164044537995,33.02448189531214,0.3816114613590753,201_pol,1,SVR,False,20
27.63334460118015,1133.652525613295,33.66975683923623,0.3746538439060841,201_pol,2,SVR,True,20
27.633344601180173,1133.6525256133127,33.66975683923649,0.3746538439060742,201_pol,2,SVR,False,20
27.493801826743155,1086.3079440580402,32.95918603451912,0.3836813168403454,201_pol,3,SVR,True,20
27.493801826743155,1086.3079440580393,32.95918603451911,0.383681316840346,201_pol,3,SVR,False,20
27.17844923813388,1080.103443895006,32.864927261367946,0.3841381318441672,201_pol,4,SVR,True,20
27.178449238133872,1080.1034438950055,32.86492726136794,0.3841381318441673,201_pol,4,SVR,False,20
27.156584330271865,1048.8275432993617,32.38560703922904,0.39010382805862,201_pol,5,SVR,True,20
27.156584330271876,1048.8275432993617,32.38560703922904,0.3901038280586201,201_pol,5,SVR,False,20
63521.30348580855,7214982227.745021,84941.05148716386,0.4466846809704075,537_houses,0,LR,True,1
63521.30348580855,7214982227.745021,84941.05148716386,0.4466846809704075,537_houses,0,LR,False,1
62184.11516011474,6926929712.155168,83228.17859448306,0.4719083581199916,537_houses,1,LR,True,1
62184.11516011474,6926929712.155168,83228.17859448306,0.4719083581199916,537_houses,1,LR,False,1
63408.98037017675,7210556660.775312,84914.9966777089,0.4647048182866408,537_houses,2,LR,True,1
63408.98037017675,7210556660.775312,84914.9966777089,0.4647048182866408,537_houses,2,LR,False,1
61962.12172419956,6816762165.028282,82563.6855102065,0.4845979909396415,537_houses,3,LR,True,1
61962.12172419956,6816762165.028282,82563.6855102065,0.4845979909396415,537_houses,3,LR,False,1
61967.98319611389,6853089598.352013,82783.38962830656,0.4731734577143258,537_houses,4,LR,True,1
61967.98319611389,6853089598.352013,82783.38962830656,0.4731734577143258,537_houses,4,LR,False,1
62958.93608103993,7106636968.620714,84300.8716954974,0.4849083742523528,537_houses,5,LR,True,1
62958.93608103993,7106636968.620714,84300.8716954974,0.4849083742523528,537_houses,5,LR,False,1
63521.30348580855,7214982227.745021,84941.05148716386,0.4466846809704075,537_houses,0,LR,True,5
63521.30348580855,7214982227.745021,84941.05148716386,0.4466846809704075,537_houses,0,LR,False,5
62184.11516011474,6926929712.155168,83228.17859448306,0.4719083581199916,537_houses,1,LR,True,5
62184.11516011474,6926929712.155168,83228.17859448306,0.4719083581199916,537_houses,1,LR,False,5
63408.98037017675,7210556660.775312,84914.9966777089,0.4647048182866408,537_houses,2,LR,True,5
63408.98037017675,7210556660.775312,84914.9966777089,0.4647048182866408,537_houses,2,LR,False,5
61962.12172419956,6816762165.028282,82563.6855102065,0.4845979909396415,537_houses,3,LR,True,5
61962.12172419956,6816762165.028282,82563.6855102065,0.4845979909396415,537_houses,3,LR,False,5
61967.98319611389,6853089598.352013,82783.38962830656,0.4731734577143258,537_houses,4,LR,True,5
61967.98319611389,6853089598.352013,82783.38962830656,0.4731734577143258,537_houses,4,LR,False,5
62958.93608103993,7106636968.620714,84300.8716954974,0.4849083742523528,537_houses,5,LR,True,5
62958.93608103993,7106636968.620714,84300.8716954974,0.4849083742523528,537_houses,5,LR,False,5
63521.30348580855,7214982227.745021,84941.05148716386,0.4466846809704075,537_houses,0,LR,True,10
63521.30348580855,7214982227.745021,84941.05148716386,0.4466846809704075,537_houses,0,LR,False,10
62184.11516011474,6926929712.155168,83228.17859448306,0.4719083581199916,537_houses,1,LR,True,10
62184.11516011474,6926929712.155168,83228.17859448306,0.4719083581199916,537_houses,1,LR,False,10
63408.98037017675,7210556660.775312,84914.9966777089,0.4647048182866408,537_houses,2,LR,True,10
63408.98037017675,7210556660.775312,84914.9966777089,0.4647048182866408,537_houses,2,LR,False,10
61962.12172419956,6816762165.028282,82563.6855102065,0.4845979909396415,537_houses,3,LR,True,10
61962.12172419956,6816762165.028282,82563.6855102065,0.4845979909396415,537_houses,3,LR,False,10
61967.98319611389,6853089598.352013,82783.38962830656,0.4731734577143258,537_houses,4,LR,True,10
61967.98319611389,6853089598.352013,82783.38962830656,0.4731734577143258,537_houses,4,LR,False,10
62958.93608103993,7106636968.620714,84300.8716954974,0.4849083742523528,537_houses,5,LR,True,10
62958.93608103993,7106636968.620714,84300.8716954974,0.4849083742523528,537_houses,5,LR,False,10
62815.48873805674,7084138601.72857,84167.32502419552,0.4567190484001535,537_houses,0,LR,True,20
62815.48873805674,7084138601.72857,84167.32502419552,0.4567190484001535,537_houses,0,LR,False,20
61424.93049690168,6796750297.698263,82442.40594316898,0.4818329081841984,537_houses,1,LR,True,20
61424.93049690168,6796750297.698263,82442.40594316898,0.4818329081841984,537_houses,1,LR,False,20
62789.19424384052,7120620399.258291,84383.76857700947,0.4713814799809124,537_houses,2,LR,True,20
62789.19424384051,7120620399.258291,84383.76857700947,0.4713814799809124,537_houses,2,LR,False,20
61203.49063146829,6699192127.787369,81848.59270499017,0.4934872307183359,537_houses,3,LR,True,20
61203.49063146829,6699192127.787368,81848.59270499015,0.493487230718336,537_houses,3,LR,False,20
61364.76244483236,6746468337.012745,82136.88779721779,0.4813698937362642,537_houses,4,LR,True,20
61364.76244483236,6746468337.012745,82136.88779721779,0.4813698937362642,537_houses,4,LR,False,20
62438.796337927066,7003432010.108212,83686.51032339806,0.4923887070877222,537_houses,5,LR,True,20
62438.796337927066,7003432010.108212,83686.51032339808,0.4923887070877222,537_houses,5,LR,False,20
68657.33352713178,8407518367.210058,91692.52078119598,0.3552293601346906,537_houses,0,KNN,True,1
68657.33352713178,8407518367.210058,91692.52078119598,0.3552293601346906,537_houses,0,KNN,False,1
67041.2343507752,7946896992.911541,89145.37000266218,0.3941486264147114,537_houses,1,KNN,True,1
67041.2343507752,7946896992.911541,89145.37000266218,0.3941486264147114,537_houses,1,KNN,False,1
67882.28309108528,8327162636.910029,91253.28836217371,0.3818105526956417,537_houses,2,KNN,True,1
67882.28309108528,8327162636.910029,91253.28836217371,0.3818105526956417,537_houses,2,KNN,False,1
66710.47030038759,8070489001.088575,89835.90040228113,0.3898061653668798,537_houses,3,KNN,True,1
66710.47030038759,8070489001.088575,89835.90040228113,0.3898061653668798,537_houses,3,KNN,False,1
67053.3402131783,7923236888.925873,89012.56590462873,0.3909066218969473,537_houses,4,KNN,True,1
67053.3402131783,7923236888.925873,89012.56590462873,0.3909066218969473,537_houses,4,KNN,False,1
67445.40639534884,8154801645.949458,90303.94036779048,0.4089370181692368,537_houses,5,KNN,True,1
67445.40639534884,8154801645.949458,90303.94036779048,0.4089370181692368,537_houses,5,KNN,False,1
68657.33352713178,8407518367.210058,91692.52078119598,0.3552293601346906,537_houses,0,KNN,True,5
68657.33352713178,8407518367.210058,91692.52078119598,0.3552293601346906,537_houses,0,KNN,False,5
67041.2343507752,7946896992.911541,89145.37000266218,0.3941486264147114,537_houses,1,KNN,True,5
67041.2343507752,7946896992.911541,89145.37000266218,0.3941486264147114,537_houses,1,KNN,False,5
67882.28309108528,8327162636.910029,91253.28836217371,0.3818105526956417,537_houses,2,KNN,True,5
67882.28309108528,8327162636.910029,91253.28836217371,0.3818105526956417,537_houses,2,KNN,False,5
66710.47030038759,8070489001.088575,89835.90040228113,0.3898061653668798,537_houses,3,KNN,True,5
66710.47030038759,8070489001.088575,89835.90040228113,0.3898061653668798,537_houses,3,KNN,False,5
67053.3402131783,7923236888.925873,89012.56590462873,0.3909066218969473,537_houses,4,KNN,True,5
67053.3402131783,7923236888.925873,89012.56590462873,0.3909066218969473,537_houses,4,KNN,False,5
67445.40639534884,8154801645.949458,90303.94036779048,0.4089370181692368,537_houses,5,KNN,True,5
67445.40639534884,8154801645.949458,90303.94036779048,0.4089370181692368,537_houses,5,KNN,False,5
68657.33352713178,8407518367.210058,91692.52078119598,0.3552293601346906,537_houses,0,KNN,True,10
68657.33352713178,8407518367.210058,91692.52078119598,0.3552293601346906,537_houses,0,KNN,False,10
67041.2343507752,7946896992.911541,89145.37000266218,0.3941486264147114,537_houses,1,KNN,True,10
67041.2343507752,7946896992.911541,89145.37000266218,0.3941486264147114,537_houses,1,KNN,False,10
67882.28309108528,8327162636.910029,91253.28836217371,0.3818105526956417,537_houses,2,KNN,True,10
67882.28309108528,8327162636.910029,91253.28836217371,0.3818105526956417,537_houses,2,KNN,False,10
66710.47030038759,8070489001.088575,89835.90040228113,0.3898061653668798,537_houses,3,KNN,True,10
66710.47030038759,8070489001.088575,89835.90040228113,0.3898061653668798,537_houses,3,KNN,False,10
67053.3402131783,7923236888.925873,89012.56590462873,0.3909066218969473,537_houses,4,KNN,True,10
67053.3402131783,7923236888.925873,89012.56590462873,0.3909066218969473,537_houses,4,KNN,False,10
67445.40639534884,8154801645.949458,90303.94036779048,0.4089370181692368,537_houses,5,KNN,True,10
67445.40639534884,8154801645.949458,90303.94036779048,0.4089370181692368,537_houses,5,KNN,False,10
57044.06346899224,6474893432.907966,80466.72251874041,0.5034419195469297,537_houses,0,KNN,True,20
57046.54408914729,6475361101.291687,80469.62844012446,0.5034060541667014,537_houses,0,KNN,False,20
55835.30847868217,6179018011.157976,78606.73006274957,0.5289272589279215,537_houses,1,KNN,True,20
55829.591424418606,6176774596.380844,78592.45890275252,0.5290982912095099,537_houses,1,KNN,False,20
57160.67407945736,6439169023.736347,80244.43297660185,0.521970866494327,537_houses,2,KNN,True,20
57149.07529069768,6437912833.577442,80236.60532186941,0.5220641231693678,537_houses,2,KNN,False,20
56750.55193798449,6383556241.744419,79897.16041102099,0.5173518406107962,537_houses,3,KNN,True,20
56750.55193798449,6383556241.744419,79897.16041102099,0.5173518406107962,537_houses,3,KNN,False,20
56084.73604651163,6201207913.507578,78747.74862500881,0.5232864132035608,537_houses,4,KNN,True,20
56090.29321705426,6201945734.147113,78752.43319509,0.5232296937501267,537_houses,4,KNN,False,20
57156.724079457366,6483337571.655029,80519.17517992239,0.5300853406751775,537_houses,5,KNN,True,20
57155.79869186047,6483395097.720921,80519.532398797,0.5300811711650515,537_houses,5,KNN,False,20
80226.2417021989,11904417035.493174,109107.3647170216,0.0870530097045162,537_houses,0,DT,True,1
80226.2417021989,11904417035.493174,109107.3647170216,0.0870530097045162,537_houses,0,DT,False,1
76905.70052108588,11109847450.849209,105403.26110158644,0.1530132648725859,537_houses,1,DT,True,1
76905.70052108588,11109847450.849209,105403.26110158644,0.1530132648725859,537_houses,1,DT,False,1
79407.59914875754,11774776247.185703,108511.64106760944,0.1258676288948691,537_houses,2,DT,True,1
79407.59914875754,11774776247.185703,108511.64106760944,0.1258676288948691,537_houses,2,DT,False,1
77823.12473601357,11173784957.931503,105706.12545132617,0.1551720484438499,537_houses,3,DT,True,1
77823.12473601357,11173784957.931503,105706.12545132617,0.1551720484438499,537_houses,3,DT,False,1
78204.47499195795,11255263869.198273,106090.828393402,0.1347593429759754,537_houses,4,DT,True,1
78204.47499195795,11255263869.198273,106090.828393402,0.1347593429759754,537_houses,4,DT,False,1
76763.68490282712,11052548657.803509,105131.10223812696,0.1989072634579898,537_houses,5,DT,True,1
76763.68490282712,11052548657.803509,105131.10223812696,0.1989072634579898,537_houses,5,DT,False,1
80226.2417021989,11904417035.493174,109107.3647170216,0.0870530097045162,537_houses,0,DT,True,5
80226.2417021989,11904417035.493174,109107.3647170216,0.0870530097045162,537_houses,0,DT,False,5
76905.70052108588,11109847450.849209,105403.26110158644,0.1530132648725859,537_houses,1,DT,True,5
76905.70052108588,11109847450.849209,105403.26110158644,0.1530132648725859,537_houses,1,DT,False,5
79407.59914875754,11774776247.185703,108511.64106760944,0.1258676288948691,537_houses,2,DT,True,5
79407.59914875754,11774776247.185703,108511.64106760944,0.1258676288948691,537_houses,2,DT,False,5
77823.12473601357,11173784957.931503,105706.12545132617,0.1551720484438499,537_houses,3,DT,True,5
77823.12473601357,11173784957.931503,105706.12545132617,0.1551720484438499,537_houses,3,DT,False,5
78204.47499195795,11255263869.198273,106090.828393402,0.1347593429759754,537_houses,4,DT,True,5
78204.47499195795,11255263869.198273,106090.828393402,0.1347593429759754,537_houses,4,DT,False,5
76763.68490282712,11052548657.803509,105131.10223812696,0.1989072634579898,537_houses,5,DT,True,5
76763.68490282712,11052548657.803509,105131.10223812696,0.1989072634579898,537_houses,5,DT,False,5
80226.2417021989,11904417035.493174,109107.3647170216,0.0870530097045162,537_houses,0,DT,True,10
80226.2417021989,11904417035.493174,109107.3647170216,0.0870530097045162,537_houses,0,DT,False,10
76905.70052108588,11109847450.849209,105403.26110158644,0.1530132648725859,537_houses,1,DT,True,10
76905.70052108588,11109847450.849209,105403.26110158644,0.1530132648725859,537_houses,1,DT,False,10
79407.59914875754,11774776247.185703,108511.64106760944,0.1258676288948691,537_houses,2,DT,True,10
79407.59914875754,11774776247.185703,108511.64106760944,0.1258676288948691,537_houses,2,DT,False,10
77823.12473601357,11173784957.931503,105706.12545132617,0.1551720484438499,537_houses,3,DT,True,10
77823.12473601357,11173784957.931503,105706.12545132617,0.1551720484438499,537_houses,3,DT,False,10
78204.47499195795,11255263869.198273,106090.828393402,0.1347593429759754,537_houses,4,DT,True,10
78204.47499195795,11255263869.198273,106090.828393402,0.1347593429759754,537_houses,4,DT,False,10
76763.68490282712,11052548657.803509,105131.10223812696,0.1989072634579898,537_houses,5,DT,True,10
76763.68490282712,11052548657.803509,105131.10223812696,0.1989072634579898,537_houses,5,DT,False,10
69860.07218992247,10321605691.649223,101595.3034920868,0.2084384457371694,537_houses,0,DT,True,20
69860.07218992247,10321605691.649223,101595.3034920868,0.2084384457371694,537_houses,0,DT,False,20
69053.53149224806,10222562113.693798,101106.68679021084,0.2206576600065842,537_houses,1,DT,True,20
69053.53149224806,10222562113.693798,101106.68679021084,0.2206576600065842,537_houses,1,DT,False,20
69897.60961724806,10401122028.992794,101985.89132322566,0.2278445661733612,537_houses,2,DT,True,20
69897.60961724806,10401122028.992794,101985.89132322566,0.2278445661733612,537_houses,2,DT,False,20
69796.54045542635,10316626601.156626,101570.7960053313,0.2199801095833593,537_houses,3,DT,True,20
69796.54045542635,10316626601.156626,101570.7960053313,0.2199801095833593,537_houses,3,DT,False,20
70368.00815568474,10499077227.061504,102465.00488977446,0.1928906702090715,537_houses,4,DT,True,20
70368.00815568474,10499077227.061504,102465.00488977446,0.1928906702090715,537_houses,4,DT,False,20
69505.96471253231,10334000199.769892,101656.28460537938,0.2509879163830306,537_houses,5,DT,True,20
69505.96471253231,10334000199.769892,101656.28460537938,0.2509879163830306,537_houses,5,DT,False,20
73055.89225985075,9646850572.059353,98218.38204765618,0.2601852598633366,537_houses,0,RF,True,1
73055.89225985075,9646850572.059353,98218.38204765618,0.2601852598633366,537_houses,0,RF,False,1
69923.54066480711,8870775759.6953,94184.7957989786,0.3237144405454982,537_houses,1,RF,True,1
69923.54066480711,8870775759.6953,94184.7957989786,0.3237144405454982,537_houses,1,RF,False,1
71686.63553470183,9433126027.078602,97124.28134652325,0.2997063682671189,537_houses,2,RF,True,1
71686.63553470183,9433126027.078602,97124.28134652325,0.2997063682671189,537_houses,2,RF,False,1
70535.63428781254,9098378299.079306,95385.41974054162,0.3120894728300697,537_houses,3,RF,True,1
70535.63428781254,9098378299.079306,95385.41974054162,0.3120894728300697,537_houses,3,RF,False,1
70936.5512339296,9063929164.70555,95204.66986816112,0.3032166889351055,537_houses,4,RF,True,1
70936.5512339296,9063929164.70555,95204.66986816112,0.3032166889351055,537_houses,4,RF,False,1
70445.83497549876,9175519000.41088,95788.92942512136,0.3349550540053331,537_houses,5,RF,True,1
70445.83497549876,9175519000.41088,95788.92942512136,0.3349550540053331,537_houses,5,RF,False,1
73055.89225985075,9646850572.059353,98218.38204765618,0.2601852598633366,537_houses,0,RF,True,5
73055.89225985075,9646850572.059353,98218.38204765618,0.2601852598633366,537_houses,0,RF,False,5
69923.54066480711,8870775759.6953,94184.7957989786,0.3237144405454982,537_houses,1,RF,True,5
69923.54066480711,8870775759.6953,94184.7957989786,0.3237144405454982,537_houses,1,RF,False,5
71686.63553470183,9433126027.078602,97124.28134652325,0.2997063682671189,537_houses,2,RF,True,5
71686.63553470183,9433126027.078602,97124.28134652325,0.2997063682671189,537_houses,2,RF,False,5
70535.63428781254,9098378299.079306,95385.41974054162,0.3120894728300697,537_houses,3,RF,True,5
70535.63428781254,9098378299.079306,95385.41974054162,0.3120894728300697,537_houses,3,RF,False,5
70936.5512339296,9063929164.70555,95204.66986816112,0.3032166889351055,537_houses,4,RF,True,5
70936.5512339296,9063929164.70555,95204.66986816112,0.3032166889351055,537_houses,4,RF,False,5
70445.83497549876,9175519000.41088,95788.92942512136,0.3349550540053331,537_houses,5,RF,True,5
70445.83497549876,9175519000.41088,95788.92942512136,0.3349550540053331,537_houses,5,RF,False,5
73055.89225985075,9646850572.059353,98218.38204765618,0.2601852598633366,537_houses,0,RF,True,10
73055.89225985075,9646850572.059353,98218.38204765618,0.2601852598633366,537_houses,0,RF,False,10
69923.54066480711,8870775759.6953,94184.7957989786,0.3237144405454982,537_houses,1,RF,True,10
69923.54066480711,8870775759.6953,94184.7957989786,0.3237144405454982,537_houses,1,RF,False,10
71686.63553470183,9433126027.078602,97124.28134652325,0.2997063682671189,537_houses,2,RF,True,10
71686.63553470183,9433126027.078602,97124.28134652325,0.2997063682671189,537_houses,2,RF,False,10
70535.63428781254,9098378299.079306,95385.41974054162,0.3120894728300697,537_houses,3,RF,True,10
70535.63428781254,9098378299.079306,95385.41974054162,0.3120894728300697,537_houses,3,RF,False,10
70936.5512339296,9063929164.70555,95204.66986816112,0.3032166889351055,537_houses,4,RF,True,10
70936.5512339296,9063929164.70555,95204.66986816112,0.3032166889351055,537_houses,4,RF,False,10
70445.83497549876,9175519000.41088,95788.92942512136,0.3349550540053331,537_houses,5,RF,True,10
70445.83497549876,9175519000.41088,95788.92942512136,0.3349550540053331,537_houses,5,RF,False,10
56057.97881256152,6421186787.994702,80132.30801614729,0.5075606697290045,537_houses,0,RF,True,20
56057.97881256152,6421186787.994702,80132.30801614729,0.5075606697290045,537_houses,0,RF,False,20
54204.34483391588,5974871207.843948,77297.2910770096,0.5444908960697104,537_houses,1,RF,True,20
54204.34483391588,5974871207.843948,77297.2910770096,0.5444908960697104,537_houses,1,RF,False,20
56454.225924483966,6493120433.9197645,80579.90093019328,0.5179656375950203,537_houses,2,RF,True,20
56454.225924483966,6493120433.9197645,80579.90093019328,0.5179656375950203,537_houses,2,RF,False,20
56072.1967772356,6401895095.884223,80011.84347260237,0.515965275840206,537_houses,3,RF,True,20
56072.1967772356,6401895095.884223,80011.84347260237,0.515965275840206,537_houses,3,RF,False,20
55392.41689732143,6135435407.405875,78329.02021221684,0.5283426293043041,537_houses,4,RF,True,20
55392.41689732143,6135435407.405875,78329.02021221684,0.5283426293043041,537_houses,4,RF,False,20
56253.85328468185,6445441603.038215,80283.50766526221,0.5328320542290437,537_houses,5,RF,True,20
56253.85328468185,6445441603.038215,80283.50766526221,0.5328320542290437,537_houses,5,RF,False,20
61754.01411099606,7488929920.320064,86538.60364207446,0.4256756957602033,537_houses,0,SVR,True,1
61754.01411099606,7488929920.320064,86538.60364207446,0.4256756957602033,537_houses,0,SVR,False,1
60205.50256359752,7127596952.5774,84425.0966986559,0.4566099940727641,537_houses,1,SVR,True,1
60205.50256359752,7127596952.5774,84425.0966986559,0.4566099940727641,537_houses,1,SVR,False,1
61724.85662155764,7489812513.786729,86543.70291238253,0.4439735045178378,537_houses,2,SVR,True,1
61724.85662155764,7489812513.786729,86543.70291238253,0.4439735045178378,537_houses,2,SVR,False,1
60097.01253974432,7074812973.005756,84111.90743887429,0.4650872757861098,537_houses,3,SVR,True,1
60097.01253974432,7074812973.005756,84111.90743887429,0.4650872757861098,537_houses,3,SVR,False,1
60175.168377933005,7133054514.998855,84457.4124337163,0.4516513475942684,537_houses,4,SVR,True,1
60175.168377933005,7133054514.998855,84457.4124337163,0.4516513475942684,537_houses,4,SVR,False,1
61584.53036885391,7412802243.723907,86097.6320448124,0.4627174040372263,537_houses,5,SVR,True,1
61584.53036885391,7412802243.723907,86097.6320448124,0.4627174040372263,537_houses,5,SVR,False,1
61754.01411099606,7488929920.320064,86538.60364207446,0.4256756957602033,537_houses,0,SVR,True,5
61754.01411099606,7488929920.320064,86538.60364207446,0.4256756957602033,537_houses,0,SVR,False,5
60205.50256359752,7127596952.5774,84425.0966986559,0.4566099940727641,537_houses,1,SVR,True,5
60205.50256359752,7127596952.5774,84425.0966986559,0.4566099940727641,537_houses,1,SVR,False,5
61724.85662155764,7489812513.786729,86543.70291238253,0.4439735045178378,537_houses,2,SVR,True,5
61724.85662155764,7489812513.786729,86543.70291238253,0.4439735045178378,537_houses,2,SVR,False,5
60097.01253974432,7074812973.005756,84111.90743887429,0.4650872757861098,537_houses,3,SVR,True,5
60097.01253974432,7074812973.005756,84111.90743887429,0.4650872757861098,537_houses,3,SVR,False,5
60175.168377933005,7133054514.998855,84457.4124337163,0.4516513475942684,537_houses,4,SVR,True,5
60175.168377933005,7133054514.998855,84457.4124337163,0.4516513475942684,537_houses,4,SVR,False,5
61584.53036885391,7412802243.723907,86097.6320448124,0.4627174040372263,537_houses,5,SVR,True,5
61584.53036885391,7412802243.723907,86097.6320448124,0.4627174040372263,537_houses,5,SVR,False,5
61754.01411099606,7488929920.320064,86538.60364207446,0.4256756957602033,537_houses,0,SVR,True,10
61754.01411099606,7488929920.320064,86538.60364207446,0.4256756957602033,537_houses,0,SVR,False,10
60205.50256359752,7127596952.5774,84425.0966986559,0.4566099940727641,537_houses,1,SVR,True,10
60205.50256359752,7127596952.5774,84425.0966986559,0.4566099940727641,537_houses,1,SVR,False,10
61724.85662155764,7489812513.786729,86543.70291238253,0.4439735045178378,537_houses,2,SVR,True,10
61724.85662155764,7489812513.786729,86543.70291238253,0.4439735045178378,537_houses,2,SVR,False,10
60097.01253974432,7074812973.005756,84111.90743887429,0.4650872757861098,537_houses,3,SVR,True,10
60097.01253974432,7074812973.005756,84111.90743887429,0.4650872757861098,537_houses,3,SVR,False,10
60175.168377933005,7133054514.998855,84457.4124337163,0.4516513475942684,537_houses,4,SVR,True,10
60175.168377933005,7133054514.998855,84457.4124337163,0.4516513475942684,537_houses,4,SVR,False,10
61584.53036885391,7412802243.723907,86097.6320448124,0.4627174040372263,537_houses,5,SVR,True,10
61584.53036885391,7412802243.723907,86097.6320448124,0.4627174040372263,537_houses,5,SVR,False,10
60903.85027027192,7363362483.43362,85810.03719515346,0.4353054334653599,537_houses,0,SVR,True,20
60903.85027027192,7363362483.43362,85810.03719515346,0.4353054334653599,537_houses,0,SVR,False,20
59226.55201347504,7006231790.294149,83703.2364385879,0.4658625677930847,537_houses,1,SVR,True,20
59226.55201347504,7006231790.294149,83703.2364385879,0.4658625677930847,537_houses,1,SVR,False,20
60894.299702107,7426765809.075943,86178.68535244631,0.4486539472135006,537_houses,2,SVR,True,20
60894.299702107,7426765809.075943,86178.68535244631,0.4486539472135006,537_houses,2,SVR,False,20
59286.89495479301,6967545201.364417,83471.8227988608,0.473197581481533,537_houses,3,SVR,True,20
59286.89495479302,6967545201.364417,83471.8227988608,0.473197581481533,537_houses,3,SVR,False,20
59278.24001084508,7044892021.124763,83933.85503552642,0.458428778582204,537_houses,4,SVR,True,20
59278.24001084506,7044892021.124762,83933.8550355264,0.458428778582204,537_houses,4,SVR,False,20
60706.14340976488,7337131098.149684,85657.05515688527,0.4682020761216621,537_houses,5,SVR,True,20
60706.14340976488,7337131098.149685,85657.05515688527,0.4682020761216621,537_houses,5,SVR,False,20
29049.89220050014,2274732901.639284,47694.16003704525,0.2120507248665692,218_house_8L,0,LR,True,1
29049.89220050014,2274732901.639284,47694.16003704525,0.2120507248665692,218_house_8L,0,LR,False,1
28919.15689305929,2166263490.198281,46543.13580108544,0.2093686565918708,218_house_8L,1,LR,True,1
28919.15689305929,2166263490.198281,46543.13580108544,0.2093686565918708,218_house_8L,1,LR,False,1
29171.419357188337,2247794049.7314563,47410.90644283714,0.171112698670141,218_house_8L,2,LR,True,1
29171.419357188337,2247794049.7314563,47410.90644283714,0.171112698670141,218_house_8L,2,LR,False,1
28420.548873314085,2042861920.599945,45198.0300522041,0.1876513346951506,218_house_8L,3,LR,True,1
28420.548873314085,2042861920.599945,45198.0300522041,0.1876513346951506,218_house_8L,3,LR,False,1
29633.34898711793,2510312714.597544,50103.0210126849,0.1985111954517296,218_house_8L,4,LR,True,1
29633.34898711793,2510312714.597544,50103.0210126849,0.1985111954517296,218_house_8L,4,LR,False,1
28798.07700852085,2118666172.0772347,46028.97100823822,0.1994092498906287,218_house_8L,5,LR,True,1
28798.07700852085,2118666172.0772347,46028.97100823822,0.1994092498906287,218_house_8L,5,LR,False,1
29049.89220050014,2274732901.639284,47694.16003704525,0.2120507248665692,218_house_8L,0,LR,True,5
29049.89220050014,2274732901.639284,47694.16003704525,0.2120507248665692,218_house_8L,0,LR,False,5
28919.15689305929,2166263490.198281,46543.13580108544,0.2093686565918708,218_house_8L,1,LR,True,5
28919.15689305929,2166263490.198281,46543.13580108544,0.2093686565918708,218_house_8L,1,LR,False,5
29171.419357188337,2247794049.7314563,47410.90644283714,0.171112698670141,218_house_8L,2,LR,True,5
29171.419357188337,2247794049.7314563,47410.90644283714,0.171112698670141,218_house_8L,2,LR,False,5
28420.548873314085,2042861920.599945,45198.0300522041,0.1876513346951506,218_house_8L,3,LR,True,5
28420.548873314085,2042861920.599945,45198.0300522041,0.1876513346951506,218_house_8L,3,LR,False,5
29633.34898711793,2510312714.597544,50103.0210126849,0.1985111954517296,218_house_8L,4,LR,True,5
29633.34898711793,2510312714.597544,50103.0210126849,0.1985111954517296,218_house_8L,4,LR,False,5
28798.07700852085,2118666172.0772347,46028.97100823822,0.1994092498906287,218_house_8L,5,LR,True,5
28798.07700852085,2118666172.0772347,46028.97100823822,0.1994092498906287,218_house_8L,5,LR,False,5
29049.89220050014,2274732901.639284,47694.16003704525,0.2120507248665692,218_house_8L,0,LR,True,10
29049.89220050014,2274732901.639284,47694.16003704525,0.2120507248665692,218_house_8L,0,LR,False,10
28919.15689305929,2166263490.198281,46543.13580108544,0.2093686565918708,218_house_8L,1,LR,True,10
28919.15689305929,2166263490.198281,46543.13580108544,0.2093686565918708,218_house_8L,1,LR,False,10
29171.419357188337,2247794049.7314563,47410.90644283714,0.171112698670141,218_house_8L,2,LR,True,10
29171.419357188337,2247794049.7314563,47410.90644283714,0.171112698670141,218_house_8L,2,LR,False,10
28420.548873314085,2042861920.599945,45198.0300522041,0.1876513346951506,218_house_8L,3,LR,True,10
28420.548873314085,2042861920.599945,45198.0300522041,0.1876513346951506,218_house_8L,3,LR,False,10
29633.34898711793,2510312714.597544,50103.0210126849,0.1985111954517296,218_house_8L,4,LR,True,10
29633.34898711793,2510312714.597544,50103.0210126849,0.1985111954517296,218_house_8L,4,LR,False,10
28798.07700852085,2118666172.0772347,46028.97100823822,0.1994092498906287,218_house_8L,5,LR,True,10
28798.07700852085,2118666172.0772347,46028.97100823822,0.1994092498906287,218_house_8L,5,LR,False,10
26724.68333790652,2097874295.1184127,45802.55773555024,0.2733131309753491,218_house_8L,0,LR,True,20
26724.683337906525,2097874295.1184127,45802.55773555024,0.2733131309753491,218_house_8L,0,LR,False,20
26660.100442502197,1898823567.079732,43575.49273478995,0.3069774593312049,218_house_8L,1,LR,True,20
26660.10044250219,1898823567.079732,43575.49273478995,0.3069774593312049,218_house_8L,1,LR,False,20
27179.083748624267,2003785108.0399933,44763.6583406673,0.2610924337811735,218_house_8L,2,LR,True,20
27179.083748624264,2003785108.0399933,44763.6583406673,0.2610924337811735,218_house_8L,2,LR,False,20
25966.227029116057,1787878731.872671,42283.315053016726,0.2890459766673032,218_house_8L,3,LR,True,20
25966.227029116057,1787878731.872671,42283.315053016726,0.2890459766673032,218_house_8L,3,LR,False,20
26869.248595308964,2206017691.1866465,46968.26259493368,0.2956660451743823,218_house_8L,4,LR,True,20
26869.248595308964,2206017691.1866465,46968.26259493368,0.2956660451743823,218_house_8L,4,LR,False,20
26136.14816975606,1869061333.2013123,43232.64198729141,0.2937286513235971,218_house_8L,5,LR,True,20
26136.14816975606,1869061333.2013123,43232.64198729141,0.2937286513235971,218_house_8L,5,LR,False,20
28333.827693658102,2205456555.713654,46962.2886549799,0.2360474967586255,218_house_8L,0,KNN,True,1
28333.827693658102,2205456555.713654,46962.2886549799,0.2360474967586255,218_house_8L,0,KNN,False,1
27915.44156243142,2143886632.0334256,46302.123407392726,0.2175356434391234,218_house_8L,1,KNN,True,1
27915.44156243142,2143886632.0334256,46302.123407392726,0.2175356434391234,218_house_8L,1,KNN,False,1
27893.75080096555,2169757830.8388853,46580.65940751467,0.1998890142278661,218_house_8L,2,KNN,True,1
27893.75080096555,2169757830.8388853,46580.65940751467,0.1998890142278661,218_house_8L,2,KNN,False,1
28052.4456879526,2096406569.8809836,45786.53262566389,0.1663591837479668,218_house_8L,3,KNN,True,1
28052.4456879526,2096406569.8809836,45786.53262566389,0.1663591837479668,218_house_8L,3,KNN,False,1
28960.45446565723,2359576322.703068,48575.47038066711,0.2466380801378046,218_house_8L,4,KNN,True,1
28960.45446565723,2359576322.703068,48575.47038066711,0.2466380801378046,218_house_8L,4,KNN,False,1
27878.945622119816,2107203324.4180467,45904.28437976184,0.2037407722072668,218_house_8L,5,KNN,True,1
27878.945622119816,2107203324.4180467,45904.28437976184,0.2037407722072668,218_house_8L,5,KNN,False,1
28333.827693658102,2205456555.713654,46962.2886549799,0.2360474967586255,218_house_8L,0,KNN,True,5
28333.827693658102,2205456555.713654,46962.2886549799,0.2360474967586255,218_house_8L,0,KNN,False,5
27915.44156243142,2143886632.0334256,46302.123407392726,0.2175356434391234,218_house_8L,1,KNN,True,5
27915.44156243142,2143886632.0334256,46302.123407392726,0.2175356434391234,218_house_8L,1,KNN,False,5
27893.75080096555,2169757830.8388853,46580.65940751467,0.1998890142278661,218_house_8L,2,KNN,True,5
27893.75080096555,2169757830.8388853,46580.65940751467,0.1998890142278661,218_house_8L,2,KNN,False,5
28052.4456879526,2096406569.8809836,45786.53262566389,0.1663591837479668,218_house_8L,3,KNN,True,5
28052.4456879526,2096406569.8809836,45786.53262566389,0.1663591837479668,218_house_8L,3,KNN,False,5
28960.45446565723,2359576322.703068,48575.47038066711,0.2466380801378046,218_house_8L,4,KNN,True,5
28960.45446565723,2359576322.703068,48575.47038066711,0.2466380801378046,218_house_8L,4,KNN,False,5
27878.945622119816,2107203324.4180467,45904.28437976184,0.2037407722072668,218_house_8L,5,KNN,True,5
27878.945622119816,2107203324.4180467,45904.28437976184,0.2037407722072668,218_house_8L,5,KNN,False,5
28333.827693658102,2205456555.713654,46962.2886549799,0.2360474967586255,218_house_8L,0,KNN,True,10
28333.827693658102,2205456555.713654,46962.2886549799,0.2360474967586255,218_house_8L,0,KNN,False,10
27915.44156243142,2143886632.0334256,46302.123407392726,0.2175356434391234,218_house_8L,1,KNN,True,10
27915.44156243142,2143886632.0334256,46302.123407392726,0.2175356434391234,218_house_8L,1,KNN,False,10
27893.75080096555,2169757830.8388853,46580.65940751467,0.1998890142278661,218_house_8L,2,KNN,True,10
27893.75080096555,2169757830.8388853,46580.65940751467,0.1998890142278661,218_house_8L,2,KNN,False,10
28052.4456879526,2096406569.8809836,45786.53262566389,0.1663591837479668,218_house_8L,3,KNN,True,10
28052.4456879526,2096406569.8809836,45786.53262566389,0.1663591837479668,218_house_8L,3,KNN,False,10
28960.45446565723,2359576322.703068,48575.47038066711,0.2466380801378046,218_house_8L,4,KNN,True,10
28960.45446565723,2359576322.703068,48575.47038066711,0.2466380801378046,218_house_8L,4,KNN,False,10
27878.945622119816,2107203324.4180467,45904.28437976184,0.2037407722072668,218_house_8L,5,KNN,True,10
27878.945622119816,2107203324.4180467,45904.28437976184,0.2037407722072668,218_house_8L,5,KNN,False,10
24381.26372613561,1897803603.790845,43563.78775761865,0.3426160175223344,218_house_8L,0,KNN,True,20
24381.26372613561,1897803603.790845,43563.78775761865,0.3426160175223344,218_house_8L,0,KNN,False,20
24145.07913100724,1757851739.229739,41926.74253063001,0.3584286083442631,218_house_8L,1,KNN,True,20
24145.07913100724,1757851739.229739,41926.74253063001,0.3584286083442631,218_house_8L,1,KNN,False,20
23950.1292955892,1728503502.0464694,41575.27512893293,0.3626041481328429,218_house_8L,2,KNN,True,20
23950.1292955892,1728503502.0464694,41575.27512893293,0.3626041481328429,218_house_8L,2,KNN,False,20
23415.29993416721,1629733401.7894316,40369.95667311809,0.3519328250254075,218_house_8L,3,KNN,True,20
23415.29993416721,1629733401.7894316,40369.95667311809,0.3519328250254075,218_house_8L,3,KNN,False,20
24145.870836076367,1815442048.2000177,42608.00450854297,0.4203684391680374,218_house_8L,4,KNN,True,20
24145.870836076367,1815442048.2000177,42608.00450854297,0.4203684391680374,218_house_8L,4,KNN,False,20
23568.729822251484,1713987892.885398,41400.336869226056,0.3523270107729463,218_house_8L,5,KNN,True,20
23568.729822251484,1713987892.885398,41400.336869226056,0.3523270107729463,218_house_8L,5,KNN,False,20
33689.871741992174,3472114142.945393,58924.64800866776,-0.2027125558973397,218_house_8L,0,DT,True,1
33689.871741992174,3472114142.945393,58924.64800866776,-0.2027125558973397,218_house_8L,0,DT,False,1
33523.93640892079,3571081165.989264,59758.52379359169,-0.303354237589597,218_house_8L,1,DT,True,1
33523.93640892079,3571081165.989264,59758.52379359169,-0.303354237589597,218_house_8L,1,DT,False,1
32631.01605417417,3234238727.4423046,56870.36774491883,-0.1926445890211545,218_house_8L,2,DT,True,1
32631.01605417417,3234238727.4423046,56870.36774491883,-0.1926445890211545,218_house_8L,2,DT,False,1
34028.452133875195,3582659692.110805,59855.32300565093,-0.4246527333932497,218_house_8L,3,DT,True,1
34028.452133875195,3582659692.110805,59855.32300565093,-0.4246527333932497,218_house_8L,3,DT,False,1
33720.90806447085,3443547757.070869,58681.74977853736,-0.0994506617324322,218_house_8L,4,DT,True,1
33720.90806447085,3443547757.070869,58681.74977853736,-0.0994506617324322,218_house_8L,4,DT,False,1
33674.60036130754,3392271129.684006,58243.206725626005,-0.2818540854057112,218_house_8L,5,DT,True,1
33674.60036130754,3392271129.684006,58243.206725626005,-0.2818540854057112,218_house_8L,5,DT,False,1
33689.871741992174,3472114142.945393,58924.64800866776,-0.2027125558973397,218_house_8L,0,DT,True,5
33689.871741992174,3472114142.945393,58924.64800866776,-0.2027125558973397,218_house_8L,0,DT,False,5
33523.93640892079,3571081165.989264,59758.52379359169,-0.303354237589597,218_house_8L,1,DT,True,5
33523.93640892079,3571081165.989264,59758.52379359169,-0.303354237589597,218_house_8L,1,DT,False,5
32631.01605417417,3234238727.4423046,56870.36774491883,-0.1926445890211545,218_house_8L,2,DT,True,5
32631.01605417417,3234238727.4423046,56870.36774491883,-0.1926445890211545,218_house_8L,2,DT,False,5
34028.452133875195,3582659692.110805,59855.32300565093,-0.4246527333932497,218_house_8L,3,DT,True,5
34028.452133875195,3582659692.110805,59855.32300565093,-0.4246527333932497,218_house_8L,3,DT,False,5
33720.90806447085,3443547757.070869,58681.74977853736,-0.0994506617324322,218_house_8L,4,DT,True,5
33720.90806447085,3443547757.070869,58681.74977853736,-0.0994506617324322,218_house_8L,4,DT,False,5
33674.60036130754,3392271129.684006,58243.206725626005,-0.2818540854057112,218_house_8L,5,DT,True,5
33674.60036130754,3392271129.684006,58243.206725626005,-0.2818540854057112,218_house_8L,5,DT,False,5
33689.871741992174,3472114142.945393,58924.64800866776,-0.2027125558973397,218_house_8L,0,DT,True,10
33689.871741992174,3472114142.945393,58924.64800866776,-0.2027125558973397,218_house_8L,0,DT,False,10
33523.93640892079,3571081165.989264,59758.52379359169,-0.303354237589597,218_house_8L,1,DT,True,10
33523.93640892079,3571081165.989264,59758.52379359169,-0.303354237589597,218_house_8L,1,DT,False,10
32631.01605417417,3234238727.4423046,56870.36774491883,-0.1926445890211545,218_house_8L,2,DT,True,10
32631.01605417417,3234238727.4423046,56870.36774491883,-0.1926445890211545,218_house_8L,2,DT,False,10
34028.452133875195,3582659692.110805,59855.32300565093,-0.4246527333932497,218_house_8L,3,DT,True,10
34028.452133875195,3582659692.110805,59855.32300565093,-0.4246527333932497,218_house_8L,3,DT,False,10
33720.90806447085,3443547757.070869,58681.74977853736,-0.0994506617324322,218_house_8L,4,DT,True,10
33720.90806447085,3443547757.070869,58681.74977853736,-0.0994506617324322,218_house_8L,4,DT,False,10
33674.60036130754,3392271129.684006,58243.206725626005,-0.2818540854057112,218_house_8L,5,DT,True,10
33674.60036130754,3392271129.684006,58243.206725626005,-0.2818540854057112,218_house_8L,5,DT,False,10
29542.720210664917,3013437407.938556,54894.78488835307,-0.0438306051378667,218_house_8L,0,DT,True,20
29542.720210664917,3013437407.938556,54894.78488835307,-0.0438306051378667,218_house_8L,0,DT,False,20
29995.757625630897,2955087232.931479,54360.71405832965,-0.0785320435082317,218_house_8L,1,DT,True,20
29995.757625630897,2955087232.931479,54360.71405832965,-0.0785320435082317,218_house_8L,1,DT,False,20
30128.210884353743,3041444495.985407,55149.29279678396,-0.1215505801001131,218_house_8L,2,DT,True,20
30128.210884353743,3041444495.985407,55149.29279678396,-0.1215505801001131,218_house_8L,2,DT,False,20
30354.61356155365,3012474868.603906,54886.01705902794,-0.1979174481142123,218_house_8L,3,DT,True,20
30354.61356155365,3012474868.603906,54886.01705902794,-0.1979174481142123,218_house_8L,3,DT,False,20
30129.801294711437,2982413295.747745,54611.47586128528,0.0477796438755825,218_house_8L,4,DT,True,20
30129.801294711437,2982413295.747745,54611.47586128528,0.0477796438755825,218_house_8L,4,DT,False,20
29967.562343647136,2840834433.2934737,53299.478733787575,-0.0734800035331111,218_house_8L,5,DT,True,20
29967.562343647136,2840834433.2934737,53299.478733787575,-0.0734800035331111,218_house_8L,5,DT,False,20
30185.017063085597,2623649927.4624453,51221.57677641763,0.0911886590913106,218_house_8L,0,RF,True,1
30185.017063085597,2623649927.4624453,51221.57677641763,0.0911886590913106,218_house_8L,0,RF,False,1
29748.686781168683,2621029717.524224,51195.9931784141,0.0433904942518657,218_house_8L,1,RF,True,1
29748.686781168683,2621029717.524224,51195.9931784141,0.0433904942518657,218_house_8L,1,RF,False,1
29282.318203693547,2485807988.093297,49857.87789400284,0.0833436563634371,218_house_8L,2,RF,True,1
29282.318203693547,2485807988.093297,49857.87789400284,0.0833436563634371,218_house_8L,2,RF,False,1
30251.649601643698,2589180994.553442,50883.995465700624,-0.0295936812706711,218_house_8L,3,RF,True,1
30251.649601643698,2589180994.553442,50883.995465700624,-0.0295936812706711,218_house_8L,3,RF,False,1
30259.753707355325,2702726551.745657,51987.753863248,0.1370775997815141,218_house_8L,4,RF,True,1
30259.753707355325,2702726551.745657,51987.753863248,0.1370775997815141,218_house_8L,4,RF,False,1
29843.49880253043,2535062211.4579296,50349.40130188173,0.0420636416471562,218_house_8L,5,RF,True,1
29843.49880253043,2535062211.4579296,50349.40130188173,0.0420636416471562,218_house_8L,5,RF,False,1
30185.017063085597,2623649927.4624453,51221.57677641763,0.0911886590913106,218_house_8L,0,RF,True,5
30185.017063085597,2623649927.4624453,51221.57677641763,0.0911886590913106,218_house_8L,0,RF,False,5
29748.686781168683,2621029717.524224,51195.9931784141,0.0433904942518657,218_house_8L,1,RF,True,5
29748.686781168683,2621029717.524224,51195.9931784141,0.0433904942518657,218_house_8L,1,RF,False,5
29282.318203693547,2485807988.093297,49857.87789400284,0.0833436563634371,218_house_8L,2,RF,True,5
29282.318203693547,2485807988.093297,49857.87789400284,0.0833436563634371,218_house_8L,2,RF,False,5
30251.649601643698,2589180994.553442,50883.995465700624,-0.0295936812706711,218_house_8L,3,RF,True,5
30251.649601643698,2589180994.553442,50883.995465700624,-0.0295936812706711,218_house_8L,3,RF,False,5
30259.753707355325,2702726551.745657,51987.753863248,0.1370775997815141,218_house_8L,4,RF,True,5
30259.753707355325,2702726551.745657,51987.753863248,0.1370775997815141,218_house_8L,4,RF,False,5
29843.49880253043,2535062211.4579296,50349.40130188173,0.0420636416471562,218_house_8L,5,RF,True,5
29843.49880253043,2535062211.4579296,50349.40130188173,0.0420636416471562,218_house_8L,5,RF,False,5
30185.017063085597,2623649927.4624453,51221.57677641763,0.0911886590913106,218_house_8L,0,RF,True,10
30185.017063085597,2623649927.4624453,51221.57677641763,0.0911886590913106,218_house_8L,0,RF,False,10
29748.686781168683,2621029717.524224,51195.9931784141,0.0433904942518657,218_house_8L,1,RF,True,10
29748.686781168683,2621029717.524224,51195.9931784141,0.0433904942518657,218_house_8L,1,RF,False,10
29282.318203693547,2485807988.093297,49857.87789400284,0.0833436563634371,218_house_8L,2,RF,True,10
29282.318203693547,2485807988.093297,49857.87789400284,0.0833436563634371,218_house_8L,2,RF,False,10
30251.649601643698,2589180994.553442,50883.995465700624,-0.0295936812706711,218_house_8L,3,RF,True,10
30251.649601643698,2589180994.553442,50883.995465700624,-0.0295936812706711,218_house_8L,3,RF,False,10
30259.753707355325,2702726551.745657,51987.753863248,0.1370775997815141,218_house_8L,4,RF,True,10
30259.753707355325,2702726551.745657,51987.753863248,0.1370775997815141,218_house_8L,4,RF,False,10
29843.49880253043,2535062211.4579296,50349.40130188173,0.0420636416471562,218_house_8L,5,RF,True,10
29843.49880253043,2535062211.4579296,50349.40130188173,0.0420636416471562,218_house_8L,5,RF,False,10
23811.268020935877,1818532227.2983427,42644.25198427501,0.3700749880243583,218_house_8L,0,RF,True,20
23811.268020935877,1818532227.2983427,42644.25198427501,0.3700749880243583,218_house_8L,0,RF,False,20
23654.82068166104,1722024891.337807,41497.28775881391,0.3715045010078487,218_house_8L,1,RF,True,20
23654.82068166104,1722024891.337807,41497.28775881391,0.3715045010078487,218_house_8L,1,RF,False,20
23845.87611324284,1778662130.8473,42174.18796903267,0.3441078581946728,218_house_8L,2,RF,True,20
23845.87611324284,1778662130.8473,42174.18796903267,0.3441078581946728,218_house_8L,2,RF,False,20
23339.03310600472,1684387160.6966534,41041.28605071549,0.3301996341256838,218_house_8L,3,RF,True,20
23339.03310600472,1684387160.6966534,41041.28605071549,0.3301996341256838,218_house_8L,3,RF,False,20
23801.01654056031,1818889287.3049383,42648.43827509911,0.4192678099384087,218_house_8L,4,RF,True,20
23801.01654056031,1818889287.3049383,42648.43827509911,0.4192678099384087,218_house_8L,4,RF,False,20
23454.20875316276,1710766858.6165144,41361.4175121757,0.3535441587481394,218_house_8L,5,RF,True,20
23454.20875316276,1710766858.6165144,41361.4175121757,0.3535441587481394,218_house_8L,5,RF,False,20
25974.428866706214,2547559400.475899,50473.35337062418,0.1175458087770443,218_house_8L,0,SVR,True,1
25974.428866706214,2547559400.475899,50473.35337062418,0.1175458087770443,218_house_8L,0,SVR,False,1
25530.776604318933,2415012684.2458367,49142.77855642512,0.118581496880516,218_house_8L,1,SVR,True,1
25530.776604318933,2415012684.2458367,49142.77855642512,0.118581496880516,218_house_8L,1,SVR,False,1
25740.877060092265,2452420172.913179,49521.91608685168,0.0956556099542274,218_house_8L,2,SVR,True,1
25740.877060092265,2452420172.913179,49521.91608685168,0.0956556099542274,218_house_8L,2,SVR,False,1
25059.56198670796,2250375890.6637626,47438.12697254986,0.1051329349376446,218_house_8L,3,SVR,True,1
25059.56198670796,2250375890.6637626,47438.12697254986,0.1051329349376446,218_house_8L,3,SVR,False,1
26805.73914870911,2819760447.179685,53101.41662121346,0.0997111966248125,218_house_8L,4,SVR,True,1
26805.73914870911,2819760447.179685,53101.41662121346,0.0997111966248125,218_house_8L,4,SVR,False,1
25560.798177280805,2356089577.02565,48539.56712853597,0.1096929064825443,218_house_8L,5,SVR,True,1
25560.798177280805,2356089577.02565,48539.56712853597,0.1096929064825443,218_house_8L,5,SVR,False,1
25974.428866706214,2547559400.475899,50473.35337062418,0.1175458087770443,218_house_8L,0,SVR,True,5
25974.428866706214,2547559400.475899,50473.35337062418,0.1175458087770443,218_house_8L,0,SVR,False,5
25530.776604318933,2415012684.2458367,49142.77855642512,0.118581496880516,218_house_8L,1,SVR,True,5
25530.776604318933,2415012684.2458367,49142.77855642512,0.118581496880516,218_house_8L,1,SVR,False,5
25740.877060092265,2452420172.913179,49521.91608685168,0.0956556099542274,218_house_8L,2,SVR,True,5
25740.877060092265,2452420172.913179,49521.91608685168,0.0956556099542274,218_house_8L,2,SVR,False,5
25059.56198670796,2250375890.6637626,47438.12697254986,0.1051329349376446,218_house_8L,3,SVR,True,5
25059.56198670796,2250375890.6637626,47438.12697254986,0.1051329349376446,218_house_8L,3,SVR,False,5
26805.73914870911,2819760447.179685,53101.41662121346,0.0997111966248125,218_house_8L,4,SVR,True,5
26805.73914870911,2819760447.179685,53101.41662121346,0.0997111966248125,218_house_8L,4,SVR,False,5
25560.798177280805,2356089577.02565,48539.56712853597,0.1096929064825443,218_house_8L,5,SVR,True,5
25560.798177280805,2356089577.02565,48539.56712853597,0.1096929064825443,218_house_8L,5,SVR,False,5
25974.428866706214,2547559400.475899,50473.35337062418,0.1175458087770443,218_house_8L,0,SVR,True,10
25974.428866706214,2547559400.475899,50473.35337062418,0.1175458087770443,218_house_8L,0,SVR,False,10
25530.776604318933,2415012684.2458367,49142.77855642512,0.118581496880516,218_house_8L,1,SVR,True,10
25530.776604318933,2415012684.2458367,49142.77855642512,0.118581496880516,218_house_8L,1,SVR,False,10
25740.877060092265,2452420172.913179,49521.91608685168,0.0956556099542274,218_house_8L,2,SVR,True,10
25740.877060092265,2452420172.913179,49521.91608685168,0.0956556099542274,218_house_8L,2,SVR,False,10
25059.56198670796,2250375890.6637626,47438.12697254986,0.1051329349376446,218_house_8L,3,SVR,True,10
25059.56198670796,2250375890.6637626,47438.12697254986,0.1051329349376446,218_house_8L,3,SVR,False,10
26805.73914870911,2819760447.179685,53101.41662121346,0.0997111966248125,218_house_8L,4,SVR,True,10
26805.73914870911,2819760447.179685,53101.41662121346,0.0997111966248125,218_house_8L,4,SVR,False,10
25560.798177280805,2356089577.02565,48539.56712853597,0.1096929064825443,218_house_8L,5,SVR,True,10
25560.798177280805,2356089577.02565,48539.56712853597,0.1096929064825443,218_house_8L,5,SVR,False,10
23656.897872799786,2328477330.796977,48254.29857325643,0.1934340846593846,218_house_8L,0,SVR,True,20
23656.897872799786,2328477330.796977,48254.29857325643,0.1934340846593846,218_house_8L,0,SVR,False,20
23364.684881740384,2123403526.339752,46080.40284480759,0.225011458567355,218_house_8L,1,SVR,True,20
23364.684881740384,2123403526.339752,46080.40284480759,0.225011458567355,218_house_8L,1,SVR,False,20
23615.78574515024,2176921538.047038,46657.49176763618,0.1972473549815521,218_house_8L,2,SVR,True,20
23615.78574515024,2176921538.047038,46657.49176763618,0.1972473549815521,218_house_8L,2,SVR,False,20
22630.73963176661,1968378846.853379,44366.41575396168,0.2172696975104192,218_house_8L,3,SVR,True,20
22630.739631766613,1968378846.853379,44366.41575396168,0.2172696975104192,218_house_8L,3,SVR,False,20
24070.22661951008,2507750357.941222,50077.44360429376,0.1993293007664022,218_house_8L,4,SVR,True,20
24070.22661951008,2507750357.941222,50077.44360429376,0.1993293007664022,218_house_8L,4,SVR,False,20
23094.41918931285,2083948953.6581776,45650.28974341979,0.2125280150373686,218_house_8L,5,SVR,True,20
23094.41918931285,2083948953.6581776,45650.28974341979,0.2125280150373686,218_house_8L,5,SVR,False,20
29553.792784095163,2615098132.965219,51138.03020224009,0.0941509322752626,574_house_16H,0,LR,True,1
29280.860882218614,2670934518.410193,51681.08472555693,0.0748096551496132,574_house_16H,0,LR,False,1
29436.301260400724,2472088934.528949,49720.10593843248,0.0977501101899223,574_house_16H,1,LR,True,1
29436.301260400724,2472088934.528949,49720.10593843248,0.0977501101899223,574_house_16H,1,LR,False,1
29783.57546657625,2526320448.385724,50262.5153408156,0.0684044479043548,574_house_16H,2,LR,True,1
29783.57546657625,2526320448.385724,50262.5153408156,0.0684044479043548,574_house_16H,2,LR,False,1
28814.023058509272,2278189936.4326243,47730.38797697568,0.0940726167001657,574_house_16H,3,LR,True,1
28814.023058509272,2278189936.4326243,47730.38797697568,0.0940726167001657,574_house_16H,3,LR,False,1
30049.37468203506,2851837418.2107825,53402.597485616585,0.0894697103686408,574_house_16H,4,LR,True,1
30049.37468203506,2851837418.2107825,53402.597485616585,0.0894697103686408,574_house_16H,4,LR,False,1
29196.366507798164,2433762882.1206746,49333.18236360467,0.0803421147395812,574_house_16H,5,LR,True,1
29196.366507798164,2433762882.1206746,49333.18236360467,0.0803421147395812,574_house_16H,5,LR,False,1
29553.792784095163,2615098132.965219,51138.03020224009,0.0941509322752626,574_house_16H,0,LR,True,5
29280.860882218614,2670934518.410193,51681.08472555693,0.0748096551496132,574_house_16H,0,LR,False,5
29436.301260400724,2472088934.528949,49720.10593843248,0.0977501101899223,574_house_16H,1,LR,True,5
29436.301260400724,2472088934.528949,49720.10593843248,0.0977501101899223,574_house_16H,1,LR,False,5
29783.57546657625,2526320448.385724,50262.5153408156,0.0684044479043548,574_house_16H,2,LR,True,5
29783.57546657625,2526320448.385724,50262.5153408156,0.0684044479043548,574_house_16H,2,LR,False,5
28814.023058509272,2278189936.4326243,47730.38797697568,0.0940726167001657,574_house_16H,3,LR,True,5
28814.023058509272,2278189936.4326243,47730.38797697568,0.0940726167001657,574_house_16H,3,LR,False,5
30049.37468203506,2851837418.2107825,53402.597485616585,0.0894697103686408,574_house_16H,4,LR,True,5
30049.37468203506,2851837418.2107825,53402.597485616585,0.0894697103686408,574_house_16H,4,LR,False,5
29196.366507798164,2433762882.1206746,49333.18236360467,0.0803421147395812,574_house_16H,5,LR,True,5
29196.366507798164,2433762882.1206746,49333.18236360467,0.0803421147395812,574_house_16H,5,LR,False,5
27573.743547720613,2491692974.838456,49916.86062683085,0.1368974915849891,574_house_16H,0,LR,True,10
27573.743547720613,2491692974.838456,49916.86062683085,0.1368974915849891,574_house_16H,0,LR,False,10
27458.89848554237,2305507769.560436,48015.70336421654,0.1585480190507192,574_house_16H,1,LR,True,10
27458.89848554237,2305507769.560436,48015.70336421654,0.1585480190507192,574_house_16H,1,LR,False,10
27621.41157851928,2341117089.217879,48385.09160080075,0.1366992779383609,574_house_16H,2,LR,True,10
27621.41157851928,2341117089.217879,48385.09160080075,0.1366992779383609,574_house_16H,2,LR,False,10
26704.143938203328,2106718418.3304188,45899.00236748527,0.1622586538784469,574_house_16H,3,LR,True,10
26704.143938203324,2106718418.3304188,45899.00236748527,0.1622586538784469,574_house_16H,3,LR,False,10
28039.067832078385,2678089889.900186,51750.26463604013,0.1449435554992074,574_house_16H,4,LR,True,10
28039.067832078385,2678089889.900186,51750.26463604013,0.1449435554992074,574_house_16H,4,LR,False,10
27088.786374616306,2320184800.49207,48168.29663266151,0.1232604200230778,574_house_16H,5,LR,True,10
27088.786374616306,2320184800.49207,48168.29663266151,0.1232604200230778,574_house_16H,5,LR,False,10
27254.314293838168,2435481749.955088,49350.60029984527,0.1563686100927019,574_house_16H,0,LR,True,20
27254.314293838164,2435481749.955088,49350.60029984527,0.1563686100927019,574_house_16H,0,LR,False,20
27196.94718005458,2278675720.7155123,47735.476542248034,0.1683410377304146,574_house_16H,1,LR,True,20
26660.9317309219,2170232900.9987946,46585.75856416631,0.2079199221198414,574_house_16H,1,LR,False,20
27394.985155686634,2312487277.858227,48088.327875465024,0.1472566895830442,574_house_16H,2,LR,True,20
27264.31720246503,2249898926.7480783,47433.09948493855,0.1703365128669322,574_house_16H,2,LR,False,20
26454.263009026723,2065380677.1689267,45446.45945691399,0.1786967001901592,574_house_16H,3,LR,True,20
26214.61648739505,2018499875.435236,44927.71834219089,0.1973389570812175,574_house_16H,3,LR,False,20
27832.711608569964,2636931284.133763,51351.05923088406,0.158084612205321,574_house_16H,4,LR,True,20
27095.752679092664,2508263689.4945774,50082.56871901218,0.199165405053074,574_house_16H,4,LR,False,20
26895.65422523375,2288564219.902601,47838.94041366929,0.135209043485639,574_house_16H,5,LR,True,20
26895.65422523375,2288564219.9026003,47838.94041366928,0.1352090434856392,574_house_16H,5,LR,False,20
30999.90432301953,2902932402.1250653,53878.86786231746,-0.005552555364811,574_house_16H,0,KNN,True,1
30125.51314461268,2927440821.202484,54105.82982639194,-0.0140420756213659,574_house_16H,0,KNN,False,1
31137.75102040816,2851863975.5004344,53402.84613670356,-0.0408581672402068,574_house_16H,1,KNN,True,1
31137.75102040816,2851863975.5004344,53402.84613670356,-0.0408581672402068,574_house_16H,1,KNN,False,1
31364.94470046083,2920723236.5694013,54043.71597669244,-0.0770339043208399,574_house_16H,2,KNN,True,1
31364.94470046083,2920723236.5694013,54043.71597669244,-0.0770339043208399,574_house_16H,2,KNN,False,1
30772.391792846167,2711718770.49379,52074.16605663302,-0.0783211051512497,574_house_16H,3,KNN,True,1
30772.391792846167,2711718770.49379,52074.16605663302,-0.0783211051512497,574_house_16H,3,KNN,False,1
31778.97520298442,3189824506.7713847,56478.53137937799,-0.0184422903904428,574_house_16H,4,KNN,True,1
31778.97520298442,3189824506.7713847,56478.53137937799,-0.0184422903904428,574_house_16H,4,KNN,False,1
30516.220978714067,2770091118.613798,52631.6551004602,-0.046747881167134,574_house_16H,5,KNN,True,1
30516.220978714067,2770091118.613798,52631.6551004602,-0.046747881167134,574_house_16H,5,KNN,False,1
30999.90432301953,2902932402.1250653,53878.86786231746,-0.005552555364811,574_house_16H,0,KNN,True,5
30125.51314461268,2927440821.202484,54105.82982639194,-0.0140420756213659,574_house_16H,0,KNN,False,5
31137.75102040816,2851863975.5004344,53402.84613670356,-0.0408581672402068,574_house_16H,1,KNN,True,5
31137.75102040816,2851863975.5004344,53402.84613670356,-0.0408581672402068,574_house_16H,1,KNN,False,5
31364.94470046083,2920723236.5694013,54043.71597669244,-0.0770339043208399,574_house_16H,2,KNN,True,5
31364.94470046083,2920723236.5694013,54043.71597669244,-0.0770339043208399,574_house_16H,2,KNN,False,5
30772.391792846167,2711718770.49379,52074.16605663302,-0.0783211051512497,574_house_16H,3,KNN,True,5
30772.391792846167,2711718770.49379,52074.16605663302,-0.0783211051512497,574_house_16H,3,KNN,False,5
31778.97520298442,3189824506.7713847,56478.53137937799,-0.0184422903904428,574_house_16H,4,KNN,True,5
31778.97520298442,3189824506.7713847,56478.53137937799,-0.0184422903904428,574_house_16H,4,KNN,False,5
30516.220978714067,2770091118.613798,52631.6551004602,-0.046747881167134,574_house_16H,5,KNN,True,5
30516.220978714067,2770091118.613798,52631.6551004602,-0.046747881167134,574_house_16H,5,KNN,False,5
28994.159139784948,2745345481.2293,52396.04451892624,0.0490342930519169,574_house_16H,0,KNN,True,10
28994.159139784948,2745345481.2293,52396.04451892624,0.0490342930519169,574_house_16H,0,KNN,False,10
29114.49102479701,2606882130.073118,51057.63537486943,0.0485540055805026,574_house_16H,1,KNN,True,10
29114.49102479701,2606882130.073118,51057.63537486943,0.0485540055805026,574_house_16H,1,KNN,False,10
29267.486197059472,2635153250.1988416,51333.74377735216,0.0282717109208132,574_house_16H,2,KNN,True,10
29267.486197059472,2635153250.1988416,51333.74377735216,0.0282717109208132,574_house_16H,2,KNN,False,10
28433.80724160632,2439572013.0709853,49392.02377986738,0.0298986687503225,574_house_16H,3,KNN,True,10
28433.80724160632,2439572013.0709853,49392.02377986738,0.0298986687503225,574_house_16H,3,KNN,False,10
29598.97954794821,2980115958.724257,54590.43834522908,0.0485131341271722,574_house_16H,4,KNN,True,10
29598.97954794821,2980115958.724257,54590.43834522908,0.0485131341271722,574_house_16H,4,KNN,False,10
28792.560368663595,2554473193.615888,50541.7965016667,0.0347287188683764,574_house_16H,5,KNN,True,10
28792.560368663595,2554473193.615888,50541.7965016667,0.0347287188683764,574_house_16H,5,KNN,False,10
27517.395874478825,2607483306.309722,51063.52226697373,0.0967886472962842,574_house_16H,0,KNN,True,20
27517.395874478825,2607483306.309722,51063.52226697373,0.0967886472962842,574_house_16H,0,KNN,False,20
27701.677638797453,2511054864.5733333,50110.4267051612,0.0835285319943174,574_house_16H,1,KNN,True,20
25243.81088435374,1988271927.959122,44590.04292394348,0.2743310716467343,574_house_16H,1,KNN,False,20
27750.19679613781,2512407823.216432,50123.92465895335,0.0735348104179338,574_house_16H,2,KNN,True,20
25609.996488918143,2158149937.464508,46455.892386913714,0.2041694933110642,574_house_16H,2,KNN,False,20
26834.50111915734,2278316642.1184464,47731.71526478434,0.0940222318974896,574_house_16H,3,KNN,True,20
25265.84318630678,2057819586.987202,45363.19639297039,0.1817033848101211,574_house_16H,3,KNN,False,20
28611.047838490234,2812001373.8133245,53028.307287837546,0.1021885017034363,574_house_16H,4,KNN,True,20
25986.543076585476,2357461949.5644503,48553.70170815455,0.247313153960036,574_house_16H,4,KNN,False,20
27173.02356813693,2411747870.6782703,49109.54968922307,0.0886610348019429,574_house_16H,5,KNN,True,20
27173.02356813693,2411747870.6782703,49109.54968922307,0.0886610348019429,574_house_16H,5,KNN,False,20
35150.23397280444,4426885259.3755045,66534.84244646187,-0.5334376307258129,574_house_16H,0,DT,True,1
33575.732638597554,3896369556.952097,62420.90640924799,-0.3496712364954477,574_house_16H,0,DT,False,1
35359.713356345375,4179421862.365303,64648.44825953135,-0.5253831939939724,574_house_16H,1,DT,True,1
35359.713356345375,4179421862.365303,64648.44825953135,-0.5253831939939724,574_house_16H,1,DT,False,1
35339.78872969338,4329907300.328889,65802.03112616578,-0.5966788316780383,574_house_16H,2,DT,True,1
35339.78872969338,4329907300.328889,65802.03112616578,-0.5966788316780383,574_house_16H,2,DT,False,1
35218.51279447904,4180615215.440177,64657.67715778365,-0.6624311002961012,574_house_16H,3,DT,True,1
35218.51279447904,4180615215.440177,64657.67715778365,-0.6624311002961012,574_house_16H,3,DT,False,1
35856.55549983381,4468051773.3987255,66843.48714271814,-0.426552737313147,574_house_16H,4,DT,True,1
35856.55549983381,4468051773.3987255,66843.48714271814,-0.426552737313147,574_house_16H,4,DT,False,1
34460.038085356195,3976495309.989834,63059.45852915195,-0.5026177342086262,574_house_16H,5,DT,True,1
34460.038085356195,3976495309.989834,63059.45852915195,-0.5026177342086262,574_house_16H,5,DT,False,1
35150.23397280444,4426885259.3755045,66534.84244646187,-0.5334376307258129,574_house_16H,0,DT,True,5
33575.732638597554,3896369556.952097,62420.90640924799,-0.3496712364954477,574_house_16H,0,DT,False,5
35359.713356345375,4179421862.365303,64648.44825953135,-0.5253831939939724,574_house_16H,1,DT,True,5
35359.713356345375,4179421862.365303,64648.44825953135,-0.5253831939939724,574_house_16H,1,DT,False,5
35339.78872969338,4329907300.328889,65802.03112616578,-0.5966788316780383,574_house_16H,2,DT,True,5
35339.78872969338,4329907300.328889,65802.03112616578,-0.5966788316780383,574_house_16H,2,DT,False,5
35218.51279447904,4180615215.440177,64657.67715778365,-0.6624311002961012,574_house_16H,3,DT,True,5
35218.51279447904,4180615215.440177,64657.67715778365,-0.6624311002961012,574_house_16H,3,DT,False,5
35856.55549983381,4468051773.3987255,66843.48714271814,-0.426552737313147,574_house_16H,4,DT,True,5
35856.55549983381,4468051773.3987255,66843.48714271814,-0.426552737313147,574_house_16H,4,DT,False,5
34460.038085356195,3976495309.989834,63059.45852915195,-0.5026177342086262,574_house_16H,5,DT,True,5
34460.038085356195,3976495309.989834,63059.45852915195,-0.5026177342086262,574_house_16H,5,DT,False,5
35413.79854110549,4358711006.187242,66020.53473115196,-0.5098226149392373,574_house_16H,0,DT,True,10
35413.79854110549,4358711006.187242,66020.53473115196,-0.5098226149392373,574_house_16H,0,DT,False,10
35884.900114575044,4356942637.64014,66007.14080794698,-0.5901737837229948,574_house_16H,1,DT,True,10
35884.900114575044,4356942637.64014,66007.14080794698,-0.5901737837229948,574_house_16H,1,DT,False,10
36499.381843205,4483400065.505891,66958.19640272496,-0.6532801933180972,574_house_16H,2,DT,True,10
36499.381843205,4483400065.505891,66958.19640272496,-0.6532801933180972,574_house_16H,2,DT,False,10
36040.39970177641,4543094839.019251,67402.48392321495,-0.806571942829496,574_house_16H,3,DT,True,10
36040.39970177641,4543094839.019251,67402.48392321495,-0.806571942829496,574_house_16H,3,DT,False,10
37148.75152246695,4763204881.134182,69015.9755501158,-0.5207887701794842,574_house_16H,4,DT,True,10
37148.75152246695,4763204881.134182,69015.9755501158,-0.5207887701794842,574_house_16H,4,DT,False,10
35589.66248964477,4310006681.361049,65650.64113442495,-0.6286433075127495,574_house_16H,5,DT,True,10
35589.66248964477,4310006681.361049,65650.64113442495,-0.6286433075127495,574_house_16H,5,DT,False,10
33718.19273331453,4161318233.6458726,64508.28034947043,-0.441447338031578,574_house_16H,0,DT,True,20
33718.19273331453,4161318233.6458726,64508.28034947043,-0.441447338031578,574_house_16H,0,DT,False,20
35031.75817423744,4243398906.8943386,65141.37630488274,-0.5487331959176274,574_house_16H,1,DT,True,20
31365.31065028161,3281602253.718137,57285.27082695984,-0.1977017616406549,574_house_16H,1,DT,False,20
35698.43665208019,4416788909.861172,66458.9264874266,-0.6287169371570576,574_house_16H,2,DT,True,20
32184.349901250825,3500758447.9888864,59167.207539217925,-0.2909253064834314,574_house_16H,2,DT,False,20
34401.14447986326,4145467202.311436,64385.30268866829,-0.6484544133426997,574_house_16H,3,DT,True,20
33239.3431351035,3738648560.516697,61144.48920807742,-0.4866820598857251,574_house_16H,3,DT,False,20
35638.49746976015,4440819245.399992,66639.47212726097,-0.4178579774198439,574_house_16H,4,DT,True,20
34202.12609538439,4188225368.6805706,64716.49997242257,-0.3372101907473694,574_house_16H,4,DT,False,20
34895.193490914025,4200344562.872178,64810.06528983116,-0.587204746376188,574_house_16H,5,DT,True,20
34895.193490914025,4200344562.872178,64810.06528983116,-0.587204746376188,574_house_16H,5,DT,False,20
32189.72939267928,3383512824.447081,58167.970778144576,-0.1720217681409834,574_house_16H,0,RF,True,1
31173.849589898226,3235171258.1591954,56878.56589400963,-0.1206374365807974,574_house_16H,0,RF,False,1
31933.98399029816,3185006789.5119023,56435.86439057971,-0.1624468621429411,574_house_16H,1,RF,True,1
31933.98399029816,3185006789.5119023,56435.86439057971,-0.1624468621429411,574_house_16H,1,RF,False,1
32273.22526401761,3323852615.34664,57652.863028184816,-0.2256902382502621,574_house_16H,2,RF,True,1
32273.22526401761,3323852615.34664,57652.863028184816,-0.2256902382502621,574_house_16H,2,RF,False,1
32025.33401971008,3171866022.6376805,56319.321929846425,-0.2612997011852913,574_house_16H,3,RF,True,1
32025.33401971008,3171866022.6376805,56319.321929846425,-0.2612997011852913,574_house_16H,3,RF,False,1
32816.37354595497,3574811917.270632,59789.73086802308,-0.1413604820614933,574_house_16H,4,RF,True,1
32816.37354595497,3574811917.270632,59789.73086802308,-0.1413604820614933,574_house_16H,4,RF,False,1
31421.63151761433,3080919204.7935834,55506.028544596695,-0.1642020105384236,574_house_16H,5,RF,True,1
31421.63151761433,3080919204.7935834,55506.028544596695,-0.1642020105384236,574_house_16H,5,RF,False,1
32189.72939267928,3383512824.447081,58167.970778144576,-0.1720217681409834,574_house_16H,0,RF,True,5
31173.849589898226,3235171258.1591954,56878.56589400963,-0.1206374365807974,574_house_16H,0,RF,False,5
31933.98399029816,3185006789.5119023,56435.86439057971,-0.1624468621429411,574_house_16H,1,RF,True,5
31933.98399029816,3185006789.5119023,56435.86439057971,-0.1624468621429411,574_house_16H,1,RF,False,5
32273.22526401761,3323852615.34664,57652.863028184816,-0.2256902382502621,574_house_16H,2,RF,True,5
32273.22526401761,3323852615.34664,57652.863028184816,-0.2256902382502621,574_house_16H,2,RF,False,5
32025.33401971008,3171866022.6376805,56319.321929846425,-0.2612997011852913,574_house_16H,3,RF,True,5
32025.33401971008,3171866022.6376805,56319.321929846425,-0.2612997011852913,574_house_16H,3,RF,False,5
32816.37354595497,3574811917.270632,59789.73086802308,-0.1413604820614933,574_house_16H,4,RF,True,5
32816.37354595497,3574811917.270632,59789.73086802308,-0.1413604820614933,574_house_16H,4,RF,False,5
31421.63151761433,3080919204.7935834,55506.028544596695,-0.1642020105384236,574_house_16H,5,RF,True,5
31421.63151761433,3080919204.7935834,55506.028544596695,-0.1642020105384236,574_house_16H,5,RF,False,5
28331.399512861248,2670148591.5481315,51673.48054416435,0.075081893925789,574_house_16H,0,RF,True,10
28331.399512861248,2670148591.5481315,51673.48054416435,0.075081893925789,574_house_16H,0,RF,False,10
28424.95826078372,2513310695.929999,50132.93025477365,0.0827052106467098,574_house_16H,1,RF,True,10
28424.95826078372,2513310695.929999,50132.93025477365,0.0827052106467098,574_house_16H,1,RF,False,10
28562.464346055174,2491362116.3499,49913.54642128628,0.0812955388402121,574_house_16H,2,RF,True,10
28562.464346055174,2491362116.3499,49913.54642128628,0.0812955388402121,574_house_16H,2,RF,False,10
28073.08960198151,2402650653.571264,49016.84050988256,0.0445805309008643,574_house_16H,3,RF,True,10
28073.08960198151,2402650653.571264,49016.84050988256,0.0445805309008643,574_house_16H,3,RF,False,10
29184.272964793174,2886459591.6539097,53725.78144293399,0.0784155957786806,574_house_16H,4,RF,True,10
29184.272964793174,2886459591.6539097,53725.78144293399,0.0784155957786806,574_house_16H,4,RF,False,10
28377.894908099934,2509541664.603153,50095.32577599584,0.0517072155234666,574_house_16H,5,RF,True,10
28377.894908099934,2509541664.603153,50095.32577599584,0.0517072155234666,574_house_16H,5,RF,False,10
27081.46255553275,2491997005.584554,49919.90590520533,0.1367921777673387,574_house_16H,0,RF,True,20
27081.46255553275,2491997005.584554,49919.90590520533,0.1367921777673387,574_house_16H,0,RF,False,20
26907.95123703466,2284627531.011579,47797.77746937172,0.1661687776192225,574_house_16H,1,RF,True,20
24610.813462289432,1897753373.8919544,43563.21124402968,0.3073680527569757,574_house_16H,1,RF,False,20
27232.830976122223,2291447167.3292694,47869.062737108914,0.1550153543228646,574_house_16H,2,RF,True,20
25101.638351393805,2090455027.907238,45721.49415654784,0.2291323901135528,574_house_16H,2,RF,False,20
26411.429318368,2136009237.4261043,46216.97996868796,0.1506110933859208,574_house_16H,3,RF,True,20
24234.932585468625,1854639620.9433937,43065.52705985837,0.2624983580621067,574_house_16H,3,RF,False,20
27850.25732439576,2579589022.525475,50789.65468011645,0.1763927617993005,574_house_16H,4,RF,True,20
24950.58509810631,2227821080.2663627,47199.799578667305,0.2887046924524747,574_house_16H,4,RF,False,20
27013.55219229326,2320070186.4266486,48167.10689284388,0.1233037298006246,574_house_16H,5,RF,True,20
27013.55219229326,2320070186.4266486,48167.10689284388,0.1233037298006246,574_house_16H,5,RF,False,20
26492.105551738903,2851305087.125118,53397.61312198437,0.0123307334388889,574_house_16H,0,SVR,True,1
25791.26437965196,2829288173.2561917,53191.053507673554,0.0199572162277886,574_house_16H,0,SVR,False,1
26145.068596310237,2700768114.7614703,51968.91488920536,0.0142879975269059,574_house_16H,1,SVR,True,1
26145.068596310237,2700768114.7614703,51968.91488920536,0.0142879975269059,574_house_16H,1,SVR,False,1
26151.36068420995,2704213995.091631,52002.05760440284,0.0028051542899453,574_house_16H,2,SVR,True,1
26151.36068420995,2704213995.091631,52002.05760440284,0.0028051542899453,574_house_16H,2,SVR,False,1
25388.9962875718,2472014670.3870296,49719.35911078329,0.0169977726575062,574_house_16H,3,SVR,True,1
25388.9962875718,2472014670.3870296,49719.35911078329,0.0169977726575062,574_house_16H,3,SVR,False,1
26993.144668542995,3114802574.6136174,55810.4163630197,0.0055105973794262,574_house_16H,4,SVR,True,1
26993.144668542995,3114802574.6136174,55810.4163630197,0.0055105973794262,574_house_16H,4,SVR,False,1
25972.06217982313,2646929712.933639,51448.32079799728,-0.0002082783464927,574_house_16H,5,SVR,True,1
25972.06217982313,2646929712.933639,51448.32079799728,-0.0002082783464927,574_house_16H,5,SVR,False,1
26492.105551738903,2851305087.125118,53397.61312198437,0.0123307334388889,574_house_16H,0,SVR,True,5
25791.26437965196,2829288173.2561917,53191.053507673554,0.0199572162277886,574_house_16H,0,SVR,False,5
26145.068596310237,2700768114.7614703,51968.91488920536,0.0142879975269059,574_house_16H,1,SVR,True,5
26145.068596310237,2700768114.7614703,51968.91488920536,0.0142879975269059,574_house_16H,1,SVR,False,5
26151.36068420995,2704213995.091631,52002.05760440284,0.0028051542899453,574_house_16H,2,SVR,True,5
26151.36068420995,2704213995.091631,52002.05760440284,0.0028051542899453,574_house_16H,2,SVR,False,5
25388.9962875718,2472014670.3870296,49719.35911078329,0.0169977726575062,574_house_16H,3,SVR,True,5
25388.9962875718,2472014670.3870296,49719.35911078329,0.0169977726575062,574_house_16H,3,SVR,False,5
26993.144668542995,3114802574.6136174,55810.4163630197,0.0055105973794262,574_house_16H,4,SVR,True,5
26993.144668542995,3114802574.6136174,55810.4163630197,0.0055105973794262,574_house_16H,4,SVR,False,5
25972.06217982313,2646929712.933639,51448.32079799728,-0.0002082783464927,574_house_16H,5,SVR,True,5
25972.06217982313,2646929712.933639,51448.32079799728,-0.0002082783464927,574_house_16H,5,SVR,False,5
24665.90005006753,2674531906.4137907,51715.87673445932,0.0735635487308042,574_house_16H,0,SVR,True,10
24665.90005006753,2674531906.4137907,51715.87673445932,0.0735635487308042,574_house_16H,0,SVR,False,10
24532.464888848943,2488421825.469275,49884.08388924543,0.0917890184001573,574_house_16H,1,SVR,True,10
24532.464888848943,2488421825.469275,49884.08388924543,0.0917890184001573,574_house_16H,1,SVR,False,10
24399.700796568,2481569626.481322,49815.35532826522,0.0849065771830869,574_house_16H,2,SVR,True,10
24399.700796568,2481569626.481322,49815.35532826522,0.0849065771830869,574_house_16H,2,SVR,False,10
23660.50007968205,2255165578.535069,47488.58366528812,0.1032283047175363,574_house_16H,3,SVR,True,10
23660.500079682053,2255165578.535069,47488.58366528812,0.1032283047175363,574_house_16H,3,SVR,False,10
25299.79648125182,2879530577.510511,53661.25769594402,0.0806278808179894,574_house_16H,4,SVR,True,10
25299.79648125182,2879530577.5105114,53661.25769594402,0.0806278808179893,574_house_16H,4,SVR,False,10
24343.19683057516,2485153249.6561284,49851.31141360404,0.0609229851778593,574_house_16H,5,SVR,True,10
24343.19683057516,2485153249.6561284,49851.31141360404,0.0609229851778593,574_house_16H,5,SVR,False,10
24617.023311738223,2643050593.539188,51410.60779196437,0.0844684236028896,574_house_16H,0,SVR,True,20
24617.023311738223,2643050593.5391903,51410.6077919644,0.0844684236028888,574_house_16H,0,SVR,False,20
24505.58933031883,2465407233.821281,49652.86732728817,0.1001887618270187,574_house_16H,1,SVR,True,20
23956.03181125915,2359695212.759821,48576.6941316494,0.1387709738267974,574_house_16H,1,SVR,False,20
24333.047036763528,2460911995.410075,49607.5800196913,0.092524200369054,574_house_16H,2,SVR,True,20
23952.028859341317,2374832383.1089063,48732.25198068428,0.1242665646432013,574_house_16H,2,SVR,False,20
23630.87966104564,2230492007.2356925,47228.0849414381,0.1130398061759739,574_house_16H,3,SVR,True,20
23121.30511834524,2153015758.9308467,46400.60084665765,0.1438484116272836,574_house_16H,3,SVR,False,20
25263.45351301241,2856792418.580946,53448.970229378094,0.0878876854280328,574_house_16H,4,SVR,True,20
24655.192928838696,2740533232.4003634,52350.102506111325,0.125006740599041,574_house_16H,4,SVR,False,20
24300.599238931627,2462415147.2729926,49622.72813210689,0.0695151431510667,574_house_16H,5,SVR,True,20
24300.599238931627,2462415147.272993,49622.728132106895,0.0695151431510665,574_house_16H,5,SVR,False,20
3.391446819158113,16.5472602958839,4.06783238296318,0.3564243788252308,564_fried,0,LR,True,1
3.391446819158113,16.5472602958839,4.06783238296318,0.3564243788252308,564_fried,0,LR,False,1
3.362306000878158,16.322531788496025,4.0401153187125765,0.3340226833609878,564_fried,1,LR,True,1
3.362306000878158,16.322531788496025,4.0401153187125765,0.3340226833609878,564_fried,1,LR,False,1
3.382803802484424,16.41778474716815,4.051886566424108,0.3343855572474472,564_fried,2,LR,True,1
3.382803802484424,16.41778474716815,4.051886566424108,0.3343855572474472,564_fried,2,LR,False,1
3.3464828930009927,16.147143466639008,4.018350839167606,0.347923389170885,564_fried,3,LR,True,1
3.3464828930009927,16.147143466639008,4.018350839167606,0.347923389170885,564_fried,3,LR,False,1
3.4056127885597,16.6581081389077,4.0814345687402245,0.3383234400261006,564_fried,4,LR,True,1
3.4056127885597,16.6581081389077,4.0814345687402245,0.3383234400261006,564_fried,4,LR,False,1
3.343230277776524,16.15821210909287,4.01972786505416,0.35218068525229,564_fried,5,LR,True,1
3.343230277776524,16.15821210909287,4.01972786505416,0.35218068525229,564_fried,5,LR,False,1
3.391446819158113,16.5472602958839,4.06783238296318,0.3564243788252308,564_fried,0,LR,True,5
3.391446819158113,16.5472602958839,4.06783238296318,0.3564243788252308,564_fried,0,LR,False,5
3.362306000878158,16.322531788496025,4.0401153187125765,0.3340226833609878,564_fried,1,LR,True,5
3.362306000878158,16.322531788496025,4.0401153187125765,0.3340226833609878,564_fried,1,LR,False,5
3.382803802484424,16.41778474716815,4.051886566424108,0.3343855572474472,564_fried,2,LR,True,5
3.382803802484424,16.41778474716815,4.051886566424108,0.3343855572474472,564_fried,2,LR,False,5
3.3464828930009927,16.147143466639008,4.018350839167606,0.347923389170885,564_fried,3,LR,True,5
3.3464828930009927,16.147143466639008,4.018350839167606,0.347923389170885,564_fried,3,LR,False,5
3.4056127885597,16.6581081389077,4.0814345687402245,0.3383234400261006,564_fried,4,LR,True,5
3.4056127885597,16.6581081389077,4.0814345687402245,0.3383234400261006,564_fried,4,LR,False,5
3.343230277776524,16.15821210909287,4.01972786505416,0.35218068525229,564_fried,5,LR,True,5
3.343230277776524,16.15821210909287,4.01972786505416,0.35218068525229,564_fried,5,LR,False,5
3.391446819158113,16.5472602958839,4.06783238296318,0.3564243788252308,564_fried,0,LR,True,10
3.391446819158113,16.5472602958839,4.06783238296318,0.3564243788252308,564_fried,0,LR,False,10
3.362306000878158,16.322531788496025,4.0401153187125765,0.3340226833609878,564_fried,1,LR,True,10
3.362306000878158,16.322531788496025,4.0401153187125765,0.3340226833609878,564_fried,1,LR,False,10
3.382803802484424,16.41778474716815,4.051886566424108,0.3343855572474472,564_fried,2,LR,True,10
3.382803802484424,16.41778474716815,4.051886566424108,0.3343855572474472,564_fried,2,LR,False,10
3.3464828930009927,16.147143466639008,4.018350839167606,0.347923389170885,564_fried,3,LR,True,10
3.3464828930009927,16.147143466639008,4.018350839167606,0.347923389170885,564_fried,3,LR,False,10
3.4056127885597,16.6581081389077,4.0814345687402245,0.3383234400261006,564_fried,4,LR,True,10
3.4056127885597,16.6581081389077,4.0814345687402245,0.3383234400261006,564_fried,4,LR,False,10
3.343230277776524,16.15821210909287,4.01972786505416,0.35218068525229,564_fried,5,LR,True,10
3.343230277776524,16.15821210909287,4.01972786505416,0.35218068525229,564_fried,5,LR,False,10
2.88060124389824,12.64837393169929,3.556455248094553,0.5080644792921409,564_fried,0,LR,True,20
2.88060124389824,12.64837393169929,3.556455248094553,0.5080644792921409,564_fried,0,LR,False,20
2.8443491026850465,12.52301611229314,3.538787378791376,0.4890471175206969,564_fried,1,LR,True,20
2.8443491026850465,12.52301611229314,3.538787378791376,0.4890471175206969,564_fried,1,LR,False,20
2.859264482305308,12.7311830192729,3.56807833704263,0.4838488004652541,564_fried,2,LR,True,20
2.859264482305308,12.731183019272905,3.5680783370426306,0.483848800465254,564_fried,2,LR,False,20
2.84877666373639,12.50350157871789,3.536029069269353,0.4950660499306303,564_fried,3,LR,True,20
2.8487766637363894,12.50350157871789,3.536029069269353,0.4950660499306303,564_fried,3,LR,False,20
2.8627027938632184,12.614897156871494,3.5517456492366533,0.4989237862078989,564_fried,4,LR,True,20
2.8627027938632184,12.614897156871494,3.5517456492366533,0.4989237862078989,564_fried,4,LR,False,20
2.8563551951341903,12.650597717573364,3.556767875132332,0.4928088894231375,564_fried,5,LR,True,20
2.8563551951341903,12.650597717573364,3.556767875132332,0.4928088894231375,564_fried,5,LR,False,20
3.628421042952024,19.36028222657667,4.400032071085013,0.2470170023742676,564_fried,0,KNN,True,1
3.628421042952024,19.36028222657667,4.400032071085013,0.2470170023742676,564_fried,0,KNN,False,1
3.593615082632919,19.24639556963635,4.387071411504074,0.2147258132177043,564_fried,1,KNN,True,1
3.593615082632919,19.24639556963635,4.387071411504074,0.2147258132177043,564_fried,1,KNN,False,1
3.628077660533897,19.610831329570438,4.428411829264577,0.2049321654312806,564_fried,2,KNN,True,1
3.628077660533897,19.610831329570438,4.428411829264577,0.2049321654312806,564_fried,2,KNN,False,1
3.614511728889441,19.461627954537747,4.411533515064546,0.2140732245284479,564_fried,3,KNN,True,1
3.614511728889441,19.461627954537747,4.411533515064546,0.2140732245284479,564_fried,3,KNN,False,1
3.663826320345952,19.930509453857542,4.464359915358252,0.2083404175319234,564_fried,4,KNN,True,1
3.663826320345952,19.930509453857542,4.464359915358252,0.2083404175319234,564_fried,4,KNN,False,1
3.586976645756965,19.11356863963544,4.371906751022423,0.2336937493508935,564_fried,5,KNN,True,1
3.586976645756965,19.11356863963544,4.371906751022423,0.2336937493508935,564_fried,5,KNN,False,1
3.628421042952024,19.36028222657667,4.400032071085013,0.2470170023742676,564_fried,0,KNN,True,5
3.628421042952024,19.36028222657667,4.400032071085013,0.2470170023742676,564_fried,0,KNN,False,5
3.593615082632919,19.24639556963635,4.387071411504074,0.2147258132177043,564_fried,1,KNN,True,5
3.593615082632919,19.24639556963635,4.387071411504074,0.2147258132177043,564_fried,1,KNN,False,5
3.628077660533897,19.610831329570438,4.428411829264577,0.2049321654312806,564_fried,2,KNN,True,5
3.628077660533897,19.610831329570438,4.428411829264577,0.2049321654312806,564_fried,2,KNN,False,5
3.614511728889441,19.461627954537747,4.411533515064546,0.2140732245284479,564_fried,3,KNN,True,5
3.614511728889441,19.461627954537747,4.411533515064546,0.2140732245284479,564_fried,3,KNN,False,5
3.663826320345952,19.930509453857542,4.464359915358252,0.2083404175319234,564_fried,4,KNN,True,5
3.663826320345952,19.930509453857542,4.464359915358252,0.2083404175319234,564_fried,4,KNN,False,5
3.586976645756965,19.11356863963544,4.371906751022423,0.2336937493508935,564_fried,5,KNN,True,5
3.586976645756965,19.11356863963544,4.371906751022423,0.2336937493508935,564_fried,5,KNN,False,5
3.628421042952024,19.36028222657667,4.400032071085013,0.2470170023742676,564_fried,0,KNN,True,10
3.628421042952024,19.36028222657667,4.400032071085013,0.2470170023742676,564_fried,0,KNN,False,10
3.593615082632919,19.24639556963635,4.387071411504074,0.2147258132177043,564_fried,1,KNN,True,10
3.593615082632919,19.24639556963635,4.387071411504074,0.2147258132177043,564_fried,1,KNN,False,10
3.628077660533897,19.610831329570438,4.428411829264577,0.2049321654312806,564_fried,2,KNN,True,10
3.628077660533897,19.610831329570438,4.428411829264577,0.2049321654312806,564_fried,2,KNN,False,10
3.614511728889441,19.461627954537747,4.411533515064546,0.2140732245284479,564_fried,3,KNN,True,10
3.614511728889441,19.461627954537747,4.411533515064546,0.2140732245284479,564_fried,3,KNN,False,10
3.663826320345952,19.930509453857542,4.464359915358252,0.2083404175319234,564_fried,4,KNN,True,10
3.663826320345952,19.930509453857542,4.464359915358252,0.2083404175319234,564_fried,4,KNN,False,10
3.586976645756965,19.11356863963544,4.371906751022423,0.2336937493508935,564_fried,5,KNN,True,10
3.586976645756965,19.11356863963544,4.371906751022423,0.2336937493508935,564_fried,5,KNN,False,10
2.9859438661949174,13.98292444401665,3.739374873426928,0.4561595621278538,564_fried,0,KNN,True,20
2.98680204641433,13.98793460559787,3.740044733101179,0.4559647009971189,564_fried,0,KNN,False,20
2.9801362257007664,13.952282520912192,3.735275427717773,0.4307314701745385,564_fried,1,KNN,True,20
2.9803140525108303,13.957963028702268,3.7360357370750976,0.4304996991855644,564_fried,1,KNN,False,20
3.0002281388558902,14.20621932153848,3.769113864231018,0.4240474642014419,564_fried,2,KNN,True,20
2.999984773684833,14.204953991147915,3.7689460053372894,0.4240987635817044,564_fried,2,KNN,False,20
2.9852790301995067,14.046119632233776,3.747815314584455,0.4327698825485353,564_fried,3,KNN,True,20
2.9855392213363494,14.051110494840094,3.748481091701023,0.4325683345298305,564_fried,3,KNN,False,20
3.003861174985733,14.126414688357668,3.758512297220493,0.438884812259949,564_fried,4,KNN,True,20
3.004141013091259,14.132855081122232,3.759368973793638,0.4386289934782602,564_fried,4,KNN,False,20
2.9732965198699786,13.981515013454391,3.739186410631916,0.4394494010848,564_fried,5,KNN,True,20
2.9731137139653723,13.983621534261378,3.739468081727852,0.4393649458952984,564_fried,5,KNN,False,20
3.427493377123151,16.993690666049375,4.122340435486785,0.3390612807864578,564_fried,0,DT,True,1
3.427493377123151,16.993690666049375,4.122340435486785,0.3390612807864578,564_fried,0,DT,False,1
3.3849399846056394,16.76521821018123,4.094535164115853,0.3159605886414527,564_fried,1,DT,True,1
3.3849399846056394,16.76521821018123,4.094535164115853,0.3159605886414527,564_fried,1,DT,False,1
3.4063077200829777,16.80785882452547,4.099738872724148,0.3185710643891951,564_fried,2,DT,True,1
3.4063077200829777,16.80785882452547,4.099738872724148,0.3185710643891951,564_fried,2,DT,False,1
3.3869454643631003,16.676889206406567,4.083734713030043,0.3265304531817745,564_fried,3,DT,True,1
3.3869454643631003,16.676889206406567,4.083734713030043,0.3265304531817745,564_fried,3,DT,False,1
3.450627033818719,17.206753703695966,4.148102422035402,0.3165306945998579,564_fried,4,DT,True,1
3.450627033818719,17.206753703695966,4.148102422035402,0.3165306945998579,564_fried,4,DT,False,1
3.3780474727101844,16.54724339397924,4.0678303054551375,0.3365835400552242,564_fried,5,DT,True,1
3.3780474727101844,16.54724339397924,4.0678303054551375,0.3365835400552242,564_fried,5,DT,False,1
3.427493377123151,16.993690666049375,4.122340435486785,0.3390612807864578,564_fried,0,DT,True,5
3.427493377123151,16.993690666049375,4.122340435486785,0.3390612807864578,564_fried,0,DT,False,5
3.3849399846056394,16.76521821018123,4.094535164115853,0.3159605886414527,564_fried,1,DT,True,5
3.3849399846056394,16.76521821018123,4.094535164115853,0.3159605886414527,564_fried,1,DT,False,5
3.4063077200829777,16.80785882452547,4.099738872724148,0.3185710643891951,564_fried,2,DT,True,5
3.4063077200829777,16.80785882452547,4.099738872724148,0.3185710643891951,564_fried,2,DT,False,5
3.3869454643631003,16.676889206406567,4.083734713030043,0.3265304531817745,564_fried,3,DT,True,5
3.3869454643631003,16.676889206406567,4.083734713030043,0.3265304531817745,564_fried,3,DT,False,5
3.450627033818719,17.206753703695966,4.148102422035402,0.3165306945998579,564_fried,4,DT,True,5
3.450627033818719,17.206753703695966,4.148102422035402,0.3165306945998579,564_fried,4,DT,False,5
3.3780474727101844,16.54724339397924,4.0678303054551375,0.3365835400552242,564_fried,5,DT,True,5
3.3780474727101844,16.54724339397924,4.0678303054551375,0.3365835400552242,564_fried,5,DT,False,5
3.427493377123151,16.993690666049375,4.122340435486785,0.3390612807864578,564_fried,0,DT,True,10
3.427493377123151,16.993690666049375,4.122340435486785,0.3390612807864578,564_fried,0,DT,False,10
3.3849399846056394,16.76521821018123,4.094535164115853,0.3159605886414527,564_fried,1,DT,True,10
3.3849399846056394,16.76521821018123,4.094535164115853,0.3159605886414527,564_fried,1,DT,False,10
3.4063077200829777,16.80785882452547,4.099738872724148,0.3185710643891951,564_fried,2,DT,True,10
3.4063077200829777,16.80785882452547,4.099738872724148,0.3185710643891951,564_fried,2,DT,False,10
3.3869454643631003,16.676889206406567,4.083734713030043,0.3265304531817745,564_fried,3,DT,True,10
3.3869454643631003,16.676889206406567,4.083734713030043,0.3265304531817745,564_fried,3,DT,False,10
3.450627033818719,17.206753703695966,4.148102422035402,0.3165306945998579,564_fried,4,DT,True,10
3.450627033818719,17.206753703695966,4.148102422035402,0.3165306945998579,564_fried,4,DT,False,10
3.3780474727101844,16.54724339397924,4.0678303054551375,0.3365835400552242,564_fried,5,DT,True,10
3.3780474727101844,16.54724339397924,4.0678303054551375,0.3365835400552242,564_fried,5,DT,False,10
3.935613500580707,24.253128199877512,4.924746511230554,0.0567186490352047,564_fried,0,DT,True,20
3.935613500580707,24.253128199877512,4.924746511230554,0.0567186490352047,564_fried,0,DT,False,20
3.915406279572286,24.23028521568321,4.922426760824706,0.0113776135690103,564_fried,1,DT,True,20
3.915406279572286,24.23028521568321,4.922426760824706,0.0113776135690103,564_fried,1,DT,False,20
3.917593570110411,24.34127286048921,4.933687551972582,0.0131492755917038,564_fried,2,DT,True,20
3.917593570110411,24.34127286048921,4.933687551972582,0.0131492755917038,564_fried,2,DT,False,20
3.9217424600282103,24.11126659774081,4.910322453540176,0.0263049908279129,564_fried,3,DT,True,20
3.9217424600282103,24.11126659774081,4.910322453540176,0.0263049908279129,564_fried,3,DT,False,20
3.952651467530648,24.713939855387807,4.97131168358893,0.0183378226053994,564_fried,4,DT,True,20
3.952651467530648,24.713939855387807,4.97131168358893,0.0183378226053994,564_fried,4,DT,False,20
3.884011675121922,23.844715710629767,4.883105129999739,0.044011349292695,564_fried,5,DT,True,20
3.884011675121922,23.844715710629767,4.883105129999739,0.044011349292695,564_fried,5,DT,False,20
3.4266319540525703,16.99011655013195,4.121906907019123,0.3392002895305385,564_fried,0,RF,True,1
3.4266319540525703,16.99011655013195,4.121906907019123,0.3392002895305385,564_fried,0,RF,False,1
3.384979658582749,16.760816879947207,4.093997664868314,0.3161401677739598,564_fried,1,RF,True,1
3.384979658582749,16.760816879947207,4.093997664868314,0.3161401677739598,564_fried,1,RF,False,1
3.4063377879537127,16.805158913471786,4.099409581082596,0.3186805249418308,564_fried,2,RF,True,1
3.4063377879537127,16.805158913471786,4.099409581082596,0.3186805249418308,564_fried,2,RF,False,1
3.386170661335026,16.66546928955258,4.082336253856679,0.3269916282926222,564_fried,3,RF,True,1
3.386170661335026,16.66546928955258,4.082336253856679,0.3269916282926222,564_fried,3,RF,False,1
3.450367016607582,17.208905150558312,4.148361742972557,0.3164452369988524,564_fried,4,RF,True,1
3.450367016607582,17.208905150558312,4.148361742972557,0.3164452369988524,564_fried,4,RF,False,1
3.378644846788069,16.558630459023703,4.069229713228746,0.3361270068308619,564_fried,5,RF,True,1
3.378644846788069,16.558630459023703,4.069229713228746,0.3361270068308619,564_fried,5,RF,False,1
3.4266319540525703,16.99011655013195,4.121906907019123,0.3392002895305385,564_fried,0,RF,True,5
3.4266319540525703,16.99011655013195,4.121906907019123,0.3392002895305385,564_fried,0,RF,False,5
3.384979658582749,16.760816879947207,4.093997664868314,0.3161401677739598,564_fried,1,RF,True,5
3.384979658582749,16.760816879947207,4.093997664868314,0.3161401677739598,564_fried,1,RF,False,5
3.4063377879537127,16.805158913471786,4.099409581082596,0.3186805249418308,564_fried,2,RF,True,5
3.4063377879537127,16.805158913471786,4.099409581082596,0.3186805249418308,564_fried,2,RF,False,5
3.386170661335026,16.66546928955258,4.082336253856679,0.3269916282926222,564_fried,3,RF,True,5
3.386170661335026,16.66546928955258,4.082336253856679,0.3269916282926222,564_fried,3,RF,False,5
3.450367016607582,17.208905150558312,4.148361742972557,0.3164452369988524,564_fried,4,RF,True,5
3.450367016607582,17.208905150558312,4.148361742972557,0.3164452369988524,564_fried,4,RF,False,5
3.378644846788069,16.558630459023703,4.069229713228746,0.3361270068308619,564_fried,5,RF,True,5
3.378644846788069,16.558630459023703,4.069229713228746,0.3361270068308619,564_fried,5,RF,False,5
3.4266319540525703,16.99011655013195,4.121906907019123,0.3392002895305385,564_fried,0,RF,True,10
3.4266319540525703,16.99011655013195,4.121906907019123,0.3392002895305385,564_fried,0,RF,False,10
3.384979658582749,16.760816879947207,4.093997664868314,0.3161401677739598,564_fried,1,RF,True,10
3.384979658582749,16.760816879947207,4.093997664868314,0.3161401677739598,564_fried,1,RF,False,10
3.4063377879537127,16.805158913471786,4.099409581082596,0.3186805249418308,564_fried,2,RF,True,10
3.4063377879537127,16.805158913471786,4.099409581082596,0.3186805249418308,564_fried,2,RF,False,10
3.386170661335026,16.66546928955258,4.082336253856679,0.3269916282926222,564_fried,3,RF,True,10
3.386170661335026,16.66546928955258,4.082336253856679,0.3269916282926222,564_fried,3,RF,False,10
3.450367016607582,17.208905150558312,4.148361742972557,0.3164452369988524,564_fried,4,RF,True,10
3.450367016607582,17.208905150558312,4.148361742972557,0.3164452369988524,564_fried,4,RF,False,10
3.378644846788069,16.558630459023703,4.069229713228746,0.3361270068308619,564_fried,5,RF,True,10
3.378644846788069,16.558630459023703,4.069229713228746,0.3361270068308619,564_fried,5,RF,False,10
3.0407281691744665,14.444967111800274,3.800653511147823,0.4381892521423354,564_fried,0,RF,True,20
3.0407281691744665,14.444967111800274,3.800653511147823,0.4381892521423354,564_fried,0,RF,False,20
3.020014068614652,14.313279239570091,3.783289473404076,0.416002405521914,564_fried,1,RF,True,20
3.020014068614652,14.313279239570091,3.783289473404076,0.416002405521914,564_fried,1,RF,False,20
3.025731210538632,14.494946332409414,3.8072229160385938,0.4123418125920421,564_fried,2,RF,True,20
3.025731210538632,14.494946332409414,3.8072229160385938,0.4123418125920421,564_fried,2,RF,False,20
3.008993145561974,14.30146790095688,3.7817281632815543,0.4224580503663256,564_fried,3,RF,True,20
3.008993145561974,14.30146790095688,3.7817281632815543,0.4224580503663256,564_fried,3,RF,False,20
3.0420666445149718,14.559754700133176,3.815724662516044,0.4216721176430278,564_fried,4,RF,True,20
3.0420666445149718,14.559754700133176,3.815724662516044,0.4216721176430278,564_fried,4,RF,False,20
3.027431716928672,14.398633047467891,3.794553076116856,0.4227261945110062,564_fried,5,RF,True,20
3.027431716928672,14.398633047467891,3.794553076116856,0.4227261945110062,564_fried,5,RF,False,20
3.391170192681155,16.54719423819977,4.06782426343614,0.3564269480188217,564_fried,0,SVR,True,1
3.391170192681155,16.54719423819977,4.06782426343614,0.3564269480188217,564_fried,0,SVR,False,1
3.361899136659115,16.319704981033823,4.039765461141751,0.3341380202261708,564_fried,1,SVR,True,1
3.361899136659115,16.319704981033823,4.039765461141751,0.3341380202261708,564_fried,1,SVR,False,1
3.383393648104885,16.42254626009466,4.052474091230524,0.3341925146523562,564_fried,2,SVR,True,1
3.383393648104885,16.42254626009466,4.052474091230524,0.3341925146523562,564_fried,2,SVR,False,1
3.346426880665413,16.148813155033285,4.018558591713362,0.3478559614706524,564_fried,3,SVR,True,1
3.346426880665413,16.148813155033285,4.018558591713362,0.3478559614706524,564_fried,3,SVR,False,1
3.4052988586237114,16.65873828062319,4.081511764116721,0.338298410172823,564_fried,4,SVR,True,1
3.4052988586237114,16.65873828062319,4.081511764116721,0.338298410172823,564_fried,4,SVR,False,1
3.3437645432567504,16.161106259039883,4.020087842204432,0.3520646522269285,564_fried,5,SVR,True,1
3.3437645432567504,16.161106259039883,4.020087842204432,0.3520646522269285,564_fried,5,SVR,False,1
3.391170192681155,16.54719423819977,4.06782426343614,0.3564269480188217,564_fried,0,SVR,True,5
3.391170192681155,16.54719423819977,4.06782426343614,0.3564269480188217,564_fried,0,SVR,False,5
3.361899136659115,16.319704981033823,4.039765461141751,0.3341380202261708,564_fried,1,SVR,True,5
3.361899136659115,16.319704981033823,4.039765461141751,0.3341380202261708,564_fried,1,SVR,False,5
3.383393648104885,16.42254626009466,4.052474091230524,0.3341925146523562,564_fried,2,SVR,True,5
3.383393648104885,16.42254626009466,4.052474091230524,0.3341925146523562,564_fried,2,SVR,False,5
3.346426880665413,16.148813155033285,4.018558591713362,0.3478559614706524,564_fried,3,SVR,True,5
3.346426880665413,16.148813155033285,4.018558591713362,0.3478559614706524,564_fried,3,SVR,False,5
3.4052988586237114,16.65873828062319,4.081511764116721,0.338298410172823,564_fried,4,SVR,True,5
3.4052988586237114,16.65873828062319,4.081511764116721,0.338298410172823,564_fried,4,SVR,False,5
3.3437645432567504,16.161106259039883,4.020087842204432,0.3520646522269285,564_fried,5,SVR,True,5
3.3437645432567504,16.161106259039883,4.020087842204432,0.3520646522269285,564_fried,5,SVR,False,5
3.391170192681155,16.54719423819977,4.06782426343614,0.3564269480188217,564_fried,0,SVR,True,10
3.391170192681155,16.54719423819977,4.06782426343614,0.3564269480188217,564_fried,0,SVR,False,10
3.361899136659115,16.319704981033823,4.039765461141751,0.3341380202261708,564_fried,1,SVR,True,10
3.361899136659115,16.319704981033823,4.039765461141751,0.3341380202261708,564_fried,1,SVR,False,10
3.383393648104885,16.42254626009466,4.052474091230524,0.3341925146523562,564_fried,2,SVR,True,10
3.383393648104885,16.42254626009466,4.052474091230524,0.3341925146523562,564_fried,2,SVR,False,10
3.346426880665413,16.148813155033285,4.018558591713362,0.3478559614706524,564_fried,3,SVR,True,10
3.346426880665413,16.148813155033285,4.018558591713362,0.3478559614706524,564_fried,3,SVR,False,10
3.4052988586237114,16.65873828062319,4.081511764116721,0.338298410172823,564_fried,4,SVR,True,10
3.4052988586237114,16.65873828062319,4.081511764116721,0.338298410172823,564_fried,4,SVR,False,10
3.3437645432567504,16.161106259039883,4.020087842204432,0.3520646522269285,564_fried,5,SVR,True,10
3.3437645432567504,16.161106259039883,4.020087842204432,0.3520646522269285,564_fried,5,SVR,False,10
2.8699538304624364,12.678203141302058,3.5606464499163715,0.5069043263873105,564_fried,0,SVR,True,20
2.8699538304624364,12.678203141302058,3.5606464499163715,0.5069043263873105,564_fried,0,SVR,False,20
2.83599152500262,12.567710668117025,3.5450967078652487,0.4872235303014065,564_fried,1,SVR,True,20
2.83599152500262,12.567710668117025,3.5450967078652487,0.4872235303014065,564_fried,1,SVR,False,20
2.852648465608618,12.813254389089366,3.57956064190696,0.4805214399274234,564_fried,2,SVR,True,20
2.852648465608618,12.813254389089364,3.5795606419069594,0.4805214399274236,564_fried,2,SVR,False,20
2.8447144271781504,12.585518437974647,3.547607424444628,0.4917539300051778,564_fried,3,SVR,True,20
2.8447144271781504,12.585518437974647,3.547607424444628,0.4917539300051778,564_fried,3,SVR,False,20
2.847876975211243,12.61883443328738,3.5522998794143748,0.4987673936876436,564_fried,4,SVR,True,20
2.8478769752112427,12.618834433287384,3.5522998794143748,0.4987673936876435,564_fried,4,SVR,False,20
2.8533752309416087,12.761224877975478,3.572285665785349,0.4883735960404091,564_fried,5,SVR,True,20
2.8533752309416087,12.761224877975478,3.572285665785349,0.4883735960404091,564_fried,5,SVR,False,20
9.508719949243073,145.72783262218576,12.071778353754915,0.4026445705860969,1199_BNG_echoMonths,0,LR,True,1
9.508719949243073,145.72783262218576,12.071778353754915,0.4026445705860969,1199_BNG_echoMonths,0,LR,False,1
9.67902578019508,147.9330273216068,12.162772189003904,0.3941911681000605,1199_BNG_echoMonths,1,LR,True,1
9.67902578019508,147.9330273216068,12.162772189003904,0.3941911681000605,1199_BNG_echoMonths,1,LR,False,1
9.729922216606049,149.39563996412298,12.222750916390424,0.404460077755789,1199_BNG_echoMonths,2,LR,True,1
9.729922216606049,149.39563996412298,12.222750916390424,0.404460077755789,1199_BNG_echoMonths,2,LR,False,1
9.806131085294298,151.81588383295008,12.321358846854112,0.3996864697908544,1199_BNG_echoMonths,3,LR,True,1
9.806131085294298,151.81588383295008,12.321358846854112,0.3996864697908544,1199_BNG_echoMonths,3,LR,False,1
9.62133130876664,144.4395059029242,12.018298794044195,0.4200215972378903,1199_BNG_echoMonths,4,LR,True,1
9.62133130876664,144.4395059029242,12.018298794044195,0.4200215972378903,1199_BNG_echoMonths,4,LR,False,1
9.757446376372728,151.09850242208668,12.29221308073069,0.4017510127797629,1199_BNG_echoMonths,5,LR,True,1
9.757446376372728,151.09850242208668,12.29221308073069,0.4017510127797629,1199_BNG_echoMonths,5,LR,False,1
9.508719949243073,145.72783262218576,12.071778353754915,0.4026445705860969,1199_BNG_echoMonths,0,LR,True,5
9.508719949243073,145.72783262218576,12.071778353754915,0.4026445705860969,1199_BNG_echoMonths,0,LR,False,5
9.67902578019508,147.9330273216068,12.162772189003904,0.3941911681000605,1199_BNG_echoMonths,1,LR,True,5
9.67902578019508,147.9330273216068,12.162772189003904,0.3941911681000605,1199_BNG_echoMonths,1,LR,False,5
9.729922216606049,149.39563996412298,12.222750916390424,0.404460077755789,1199_BNG_echoMonths,2,LR,True,5
9.729922216606049,149.39563996412298,12.222750916390424,0.404460077755789,1199_BNG_echoMonths,2,LR,False,5
9.806131085294298,151.81588383295008,12.321358846854112,0.3996864697908544,1199_BNG_echoMonths,3,LR,True,5
9.806131085294298,151.81588383295008,12.321358846854112,0.3996864697908544,1199_BNG_echoMonths,3,LR,False,5
9.62133130876664,144.4395059029242,12.018298794044195,0.4200215972378903,1199_BNG_echoMonths,4,LR,True,5
9.62133130876664,144.4395059029242,12.018298794044195,0.4200215972378903,1199_BNG_echoMonths,4,LR,False,5
9.757446376372728,151.09850242208668,12.29221308073069,0.4017510127797629,1199_BNG_echoMonths,5,LR,True,5
9.757446376372728,151.09850242208668,12.29221308073069,0.4017510127797629,1199_BNG_echoMonths,5,LR,False,5
9.508719949243073,145.72783262218576,12.071778353754915,0.4026445705860969,1199_BNG_echoMonths,0,LR,True,10
9.508719949243073,145.72783262218576,12.071778353754915,0.4026445705860969,1199_BNG_echoMonths,0,LR,False,10
9.67902578019508,147.9330273216068,12.162772189003904,0.3941911681000605,1199_BNG_echoMonths,1,LR,True,10
9.67902578019508,147.9330273216068,12.162772189003904,0.3941911681000605,1199_BNG_echoMonths,1,LR,False,10
9.729922216606049,149.39563996412298,12.222750916390424,0.404460077755789,1199_BNG_echoMonths,2,LR,True,10
9.729922216606049,149.39563996412298,12.222750916390424,0.404460077755789,1199_BNG_echoMonths,2,LR,False,10
9.806131085294298,151.81588383295008,12.321358846854112,0.3996864697908544,1199_BNG_echoMonths,3,LR,True,10
9.806131085294298,151.81588383295008,12.321358846854112,0.3996864697908544,1199_BNG_echoMonths,3,LR,False,10
9.62133130876664,144.4395059029242,12.018298794044195,0.4200215972378903,1199_BNG_echoMonths,4,LR,True,10
9.62133130876664,144.4395059029242,12.018298794044195,0.4200215972378903,1199_BNG_echoMonths,4,LR,False,10
9.757446376372728,151.09850242208668,12.29221308073069,0.4017510127797629,1199_BNG_echoMonths,5,LR,True,10
9.757446376372728,151.09850242208668,12.29221308073069,0.4017510127797629,1199_BNG_echoMonths,5,LR,False,10
9.308428599758471,140.97316637354348,11.873212133771698,0.4221345036179089,1199_BNG_echoMonths,0,LR,True,20
9.308428599758471,140.97316637354348,11.873212133771698,0.4221345036179089,1199_BNG_echoMonths,0,LR,False,20
9.437053512644589,144.112444773886,12.004684284640142,0.4098370498366669,1199_BNG_echoMonths,1,LR,True,20
9.437053512644589,144.112444773886,12.004684284640142,0.4098370498366669,1199_BNG_echoMonths,1,LR,False,20
9.505212595291416,145.2325096166084,12.051245147975724,0.4210556780293095,1199_BNG_echoMonths,2,LR,True,20
9.505212595291416,145.2325096166084,12.051245147975724,0.4210556780293095,1199_BNG_echoMonths,2,LR,False,20
9.543319325113922,146.26605198718804,12.094050272228408,0.4216317304795351,1199_BNG_echoMonths,3,LR,True,20
9.543319325113922,146.26605198718804,12.094050272228408,0.4216317304795351,1199_BNG_echoMonths,3,LR,False,20
9.407373181834345,140.63903236078133,11.859132867152695,0.4352819137346326,1199_BNG_echoMonths,4,LR,True,20
9.407373181834345,140.6390323607813,11.859132867152695,0.4352819137346326,1199_BNG_echoMonths,4,LR,False,20
9.511626518809532,146.2426546026056,12.093082923829042,0.4209769216639236,1199_BNG_echoMonths,5,LR,True,20
9.511626518809532,146.24265460260557,12.093082923829042,0.4209769216639236,1199_BNG_echoMonths,5,LR,False,20
9.687804702414088,153.29053267839066,12.38105539436726,0.3716441785654785,1199_BNG_echoMonths,0,KNN,True,1
9.687804702414088,153.29053267839066,12.38105539436726,0.3716441785654785,1199_BNG_echoMonths,0,KNN,False,1
9.761448936393805,148.71658233310043,12.194940849922167,0.3909823880538688,1199_BNG_echoMonths,1,KNN,True,1
9.761448936393805,148.71658233310043,12.194940849922167,0.3909823880538688,1199_BNG_echoMonths,1,KNN,False,1
9.806027804290762,152.8881976626595,12.364796709313886,0.3905375995581699,1199_BNG_echoMonths,2,KNN,True,1
9.806027804290762,152.8881976626595,12.364796709313886,0.3905375995581699,1199_BNG_echoMonths,2,KNN,False,1
11.081138798305608,178.47160026794572,13.359326340349115,0.2942838806193968,1199_BNG_echoMonths,3,KNN,True,1
11.081138798305608,178.47160026794572,13.359326340349115,0.2942838806193968,1199_BNG_echoMonths,3,KNN,False,1
10.167213527962108,151.5809162807096,12.311820185525356,0.3913461752438522,1199_BNG_echoMonths,4,KNN,True,1
10.167213527962108,151.5809162807096,12.311820185525356,0.3913461752438522,1199_BNG_echoMonths,4,KNN,False,1
10.219135130900945,160.87084552204203,12.68348711995412,0.3630590716380459,1199_BNG_echoMonths,5,KNN,True,1
10.219135130900945,160.87084552204203,12.68348711995412,0.3630590716380459,1199_BNG_echoMonths,5,KNN,False,1
9.687804702414088,153.29053267839066,12.38105539436726,0.3716441785654785,1199_BNG_echoMonths,0,KNN,True,5
9.687804702414088,153.29053267839066,12.38105539436726,0.3716441785654785,1199_BNG_echoMonths,0,KNN,False,5
9.761448936393805,148.71658233310043,12.194940849922167,0.3909823880538688,1199_BNG_echoMonths,1,KNN,True,5
9.761448936393805,148.71658233310043,12.194940849922167,0.3909823880538688,1199_BNG_echoMonths,1,KNN,False,5
9.806027804290762,152.8881976626595,12.364796709313886,0.3905375995581699,1199_BNG_echoMonths,2,KNN,True,5
9.806027804290762,152.8881976626595,12.364796709313886,0.3905375995581699,1199_BNG_echoMonths,2,KNN,False,5
11.081138798305608,178.47160026794572,13.359326340349115,0.2942838806193968,1199_BNG_echoMonths,3,KNN,True,5
11.081138798305608,178.47160026794572,13.359326340349115,0.2942838806193968,1199_BNG_echoMonths,3,KNN,False,5
10.167213527962108,151.5809162807096,12.311820185525356,0.3913461752438522,1199_BNG_echoMonths,4,KNN,True,5
10.167213527962108,151.5809162807096,12.311820185525356,0.3913461752438522,1199_BNG_echoMonths,4,KNN,False,5
10.219135130900945,160.87084552204203,12.68348711995412,0.3630590716380459,1199_BNG_echoMonths,5,KNN,True,5
10.219135130900945,160.87084552204203,12.68348711995412,0.3630590716380459,1199_BNG_echoMonths,5,KNN,False,5
9.687804702414088,153.29053267839066,12.38105539436726,0.3716441785654785,1199_BNG_echoMonths,0,KNN,True,10
9.687804702414088,153.29053267839066,12.38105539436726,0.3716441785654785,1199_BNG_echoMonths,0,KNN,False,10
9.761448936393805,148.71658233310043,12.194940849922167,0.3909823880538688,1199_BNG_echoMonths,1,KNN,True,10
9.761448936393805,148.71658233310043,12.194940849922167,0.3909823880538688,1199_BNG_echoMonths,1,KNN,False,10
9.806027804290762,152.8881976626595,12.364796709313886,0.3905375995581699,1199_BNG_echoMonths,2,KNN,True,10
9.806027804290762,152.8881976626595,12.364796709313886,0.3905375995581699,1199_BNG_echoMonths,2,KNN,False,10
11.081138798305608,178.47160026794572,13.359326340349115,0.2942838806193968,1199_BNG_echoMonths,3,KNN,True,10
11.081138798305608,178.47160026794572,13.359326340349115,0.2942838806193968,1199_BNG_echoMonths,3,KNN,False,10
10.167213527962108,151.5809162807096,12.311820185525356,0.3913461752438522,1199_BNG_echoMonths,4,KNN,True,10
10.167213527962108,151.5809162807096,12.311820185525356,0.3913461752438522,1199_BNG_echoMonths,4,KNN,False,10
10.219135130900945,160.87084552204203,12.68348711995412,0.3630590716380459,1199_BNG_echoMonths,5,KNN,True,10
10.219135130900945,160.87084552204203,12.68348711995412,0.3630590716380459,1199_BNG_echoMonths,5,KNN,False,10
10.239638137670225,162.61145012640392,12.751919468315505,0.3334366478247664,1199_BNG_echoMonths,0,KNN,True,20
10.239638137670225,162.61145012640392,12.751919468315505,0.3334366478247664,1199_BNG_echoMonths,0,KNN,False,20
9.877335005228275,169.17388479156998,13.006686157187389,0.3072065421148392,1199_BNG_echoMonths,1,KNN,True,20
9.877335005228275,169.17388479156998,13.006686157187389,0.3072065421148392,1199_BNG_echoMonths,1,KNN,False,20
9.860237156429829,168.30811348061223,12.973361687728136,0.3290687677405803,1199_BNG_echoMonths,2,KNN,True,20
9.860237156429829,168.30811348061223,12.973361687728136,0.3290687677405803,1199_BNG_echoMonths,2,KNN,False,20
10.057346602713,172.481916548287,13.133237093279288,0.317968412750047,1199_BNG_echoMonths,3,KNN,True,20
10.057346602713,172.481916548287,13.133237093279288,0.317968412750047,1199_BNG_echoMonths,3,KNN,False,20
10.424146573923284,158.6542932343554,12.595804588606295,0.362943932782105,1199_BNG_echoMonths,4,KNN,True,20
10.424146573923284,158.6542932343554,12.595804588606295,0.362943932782105,1199_BNG_echoMonths,4,KNN,False,20
9.513440943583792,153.29764908941735,12.3813427821629,0.3930438631694766,1199_BNG_echoMonths,5,KNN,True,20
9.513440943583792,153.29764908941735,12.3813427821629,0.3930438631694766,1199_BNG_echoMonths,5,KNN,False,20
9.508719949243073,145.72783262218576,12.071778353754915,0.4026445705860969,1199_BNG_echoMonths,0,DT,True,1
9.508719949243073,145.72783262218576,12.071778353754915,0.4026445705860969,1199_BNG_echoMonths,0,DT,False,1
9.67902578019508,147.9330273216068,12.162772189003904,0.3941911681000605,1199_BNG_echoMonths,1,DT,True,1
9.67902578019508,147.9330273216068,12.162772189003904,0.3941911681000605,1199_BNG_echoMonths,1,DT,False,1
9.729922216606049,149.39563996412298,12.222750916390424,0.404460077755789,1199_BNG_echoMonths,2,DT,True,1
9.729922216606049,149.39563996412298,12.222750916390424,0.404460077755789,1199_BNG_echoMonths,2,DT,False,1
9.806131085294297,151.81588383295008,12.321358846854112,0.3996864697908544,1199_BNG_echoMonths,3,DT,True,1
9.806131085294297,151.81588383295008,12.321358846854112,0.3996864697908544,1199_BNG_echoMonths,3,DT,False,1
9.621331308766637,144.4395059029242,12.018298794044195,0.4200215972378903,1199_BNG_echoMonths,4,DT,True,1
9.621331308766637,144.4395059029242,12.018298794044195,0.4200215972378903,1199_BNG_echoMonths,4,DT,False,1
9.757446376372728,151.09850242208674,12.292213080730692,0.4017510127797628,1199_BNG_echoMonths,5,DT,True,1
9.757446376372728,151.09850242208674,12.292213080730692,0.4017510127797628,1199_BNG_echoMonths,5,DT,False,1
9.508719949243073,145.72783262218576,12.071778353754915,0.4026445705860969,1199_BNG_echoMonths,0,DT,True,5
9.508719949243073,145.72783262218576,12.071778353754915,0.4026445705860969,1199_BNG_echoMonths,0,DT,False,5
9.67902578019508,147.9330273216068,12.162772189003904,0.3941911681000605,1199_BNG_echoMonths,1,DT,True,5
9.67902578019508,147.9330273216068,12.162772189003904,0.3941911681000605,1199_BNG_echoMonths,1,DT,False,5
9.729922216606049,149.39563996412298,12.222750916390424,0.404460077755789,1199_BNG_echoMonths,2,DT,True,5
9.729922216606049,149.39563996412298,12.222750916390424,0.404460077755789,1199_BNG_echoMonths,2,DT,False,5
9.806131085294297,151.81588383295008,12.321358846854112,0.3996864697908544,1199_BNG_echoMonths,3,DT,True,5
9.806131085294297,151.81588383295008,12.321358846854112,0.3996864697908544,1199_BNG_echoMonths,3,DT,False,5
9.621331308766637,144.4395059029242,12.018298794044195,0.4200215972378903,1199_BNG_echoMonths,4,DT,True,5
9.621331308766637,144.4395059029242,12.018298794044195,0.4200215972378903,1199_BNG_echoMonths,4,DT,False,5
9.757446376372728,151.09850242208674,12.292213080730692,0.4017510127797628,1199_BNG_echoMonths,5,DT,True,5
9.757446376372728,151.09850242208674,12.292213080730692,0.4017510127797628,1199_BNG_echoMonths,5,DT,False,5
9.508719949243073,145.72783262218576,12.071778353754915,0.4026445705860969,1199_BNG_echoMonths,0,DT,True,10
9.508719949243073,145.72783262218576,12.071778353754915,0.4026445705860969,1199_BNG_echoMonths,0,DT,False,10
9.67902578019508,147.9330273216068,12.162772189003904,0.3941911681000605,1199_BNG_echoMonths,1,DT,True,10
9.67902578019508,147.9330273216068,12.162772189003904,0.3941911681000605,1199_BNG_echoMonths,1,DT,False,10
9.729922216606049,149.39563996412298,12.222750916390424,0.404460077755789,1199_BNG_echoMonths,2,DT,True,10
9.729922216606049,149.39563996412298,12.222750916390424,0.404460077755789,1199_BNG_echoMonths,2,DT,False,10
9.806131085294297,151.81588383295008,12.321358846854112,0.3996864697908544,1199_BNG_echoMonths,3,DT,True,10
9.806131085294297,151.81588383295008,12.321358846854112,0.3996864697908544,1199_BNG_echoMonths,3,DT,False,10
9.621331308766637,144.4395059029242,12.018298794044195,0.4200215972378903,1199_BNG_echoMonths,4,DT,True,10
9.621331308766637,144.4395059029242,12.018298794044195,0.4200215972378903,1199_BNG_echoMonths,4,DT,False,10
9.757446376372728,151.09850242208674,12.292213080730692,0.4017510127797628,1199_BNG_echoMonths,5,DT,True,10
9.757446376372728,151.09850242208674,12.292213080730692,0.4017510127797628,1199_BNG_echoMonths,5,DT,False,10
9.2960885232396,140.90220292177483,11.870223372867708,0.4224253911061888,1199_BNG_echoMonths,0,DT,True,20
9.2960885232396,140.90220292177483,11.870223372867708,0.4224253911061888,1199_BNG_echoMonths,0,DT,False,20
9.428812997217062,144.02842280263457,12.001184225010237,0.4101811329206094,1199_BNG_echoMonths,1,DT,True,20
9.428812997217062,144.02842280263457,12.001184225010237,0.4101811329206094,1199_BNG_echoMonths,1,DT,False,20
9.497745901772294,145.16645807419684,12.048504391591385,0.4213189810978685,1199_BNG_echoMonths,2,DT,True,20
9.497745901772294,145.16645807419684,12.048504391591385,0.4213189810978685,1199_BNG_echoMonths,2,DT,False,20
9.536496614924062,146.281960378573,12.094707949288107,0.4215688251869456,1199_BNG_echoMonths,3,DT,True,20
9.536496614924062,146.281960378573,12.094707949288107,0.4215688251869456,1199_BNG_echoMonths,3,DT,False,20
9.397497838735124,140.58711579274222,11.856943779606205,0.4354903780880653,1199_BNG_echoMonths,4,DT,True,20
9.397497838735124,140.58711579274222,11.856943779606205,0.4354903780880653,1199_BNG_echoMonths,4,DT,False,20
9.497589355697995,146.15398732683315,12.089416335242705,0.4213279847590577,1199_BNG_echoMonths,5,DT,True,20
9.497589355697995,146.15398732683315,12.089416335242705,0.4213279847590577,1199_BNG_echoMonths,5,DT,False,20
9.50919296473312,145.72416376088938,12.07162639253259,0.4026596096776399,1199_BNG_echoMonths,0,RF,True,1
9.50919296473312,145.72416376088938,12.07162639253259,0.4026596096776399,1199_BNG_echoMonths,0,RF,False,1
9.67842427291669,147.92391300843775,12.162397502484358,0.3942284926347806,1199_BNG_echoMonths,1,RF,True,1
9.67842427291669,147.92391300843775,12.162397502484358,0.3942284926347806,1199_BNG_echoMonths,1,RF,False,1
9.727497051444567,149.39708102807302,12.222809866314416,0.4044543332031839,1199_BNG_echoMonths,2,RF,True,1
9.727497051444567,149.39708102807302,12.222809866314416,0.4044543332031839,1199_BNG_echoMonths,2,RF,False,1
9.807299071836576,151.82498329973626,12.321728097135413,0.3996504884897447,1199_BNG_echoMonths,3,RF,True,1
9.807299071836576,151.82498329973626,12.321728097135413,0.3996504884897447,1199_BNG_echoMonths,3,RF,False,1
9.622908197268272,144.43696308832227,12.018193004288218,0.4200318075854137,1199_BNG_echoMonths,4,RF,True,1
9.622908197268272,144.43696308832227,12.018193004288218,0.4200318075854137,1199_BNG_echoMonths,4,RF,False,1
9.759775323385874,151.09645323256066,12.292129727291387,0.4017591261994124,1199_BNG_echoMonths,5,RF,True,1
9.759775323385874,151.09645323256066,12.292129727291387,0.4017591261994124,1199_BNG_echoMonths,5,RF,False,1
9.50919296473312,145.72416376088938,12.07162639253259,0.4026596096776399,1199_BNG_echoMonths,0,RF,True,5
9.50919296473312,145.72416376088938,12.07162639253259,0.4026596096776399,1199_BNG_echoMonths,0,RF,False,5
9.67842427291669,147.92391300843775,12.162397502484358,0.3942284926347806,1199_BNG_echoMonths,1,RF,True,5
9.67842427291669,147.92391300843775,12.162397502484358,0.3942284926347806,1199_BNG_echoMonths,1,RF,False,5
9.727497051444567,149.39708102807302,12.222809866314416,0.4044543332031839,1199_BNG_echoMonths,2,RF,True,5
9.727497051444567,149.39708102807302,12.222809866314416,0.4044543332031839,1199_BNG_echoMonths,2,RF,False,5
9.807299071836576,151.82498329973626,12.321728097135413,0.3996504884897447,1199_BNG_echoMonths,3,RF,True,5
9.807299071836576,151.82498329973626,12.321728097135413,0.3996504884897447,1199_BNG_echoMonths,3,RF,False,5
9.622908197268272,144.43696308832227,12.018193004288218,0.4200318075854137,1199_BNG_echoMonths,4,RF,True,5
9.622908197268272,144.43696308832227,12.018193004288218,0.4200318075854137,1199_BNG_echoMonths,4,RF,False,5
9.759775323385874,151.09645323256066,12.292129727291387,0.4017591261994124,1199_BNG_echoMonths,5,RF,True,5
9.759775323385874,151.09645323256066,12.292129727291387,0.4017591261994124,1199_BNG_echoMonths,5,RF,False,5
9.50919296473312,145.72416376088938,12.07162639253259,0.4026596096776399,1199_BNG_echoMonths,0,RF,True,10
9.50919296473312,145.72416376088938,12.07162639253259,0.4026596096776399,1199_BNG_echoMonths,0,RF,False,10
9.67842427291669,147.92391300843775,12.162397502484358,0.3942284926347806,1199_BNG_echoMonths,1,RF,True,10
9.67842427291669,147.92391300843775,12.162397502484358,0.3942284926347806,1199_BNG_echoMonths,1,RF,False,10
9.727497051444567,149.39708102807302,12.222809866314416,0.4044543332031839,1199_BNG_echoMonths,2,RF,True,10
9.727497051444567,149.39708102807302,12.222809866314416,0.4044543332031839,1199_BNG_echoMonths,2,RF,False,10
9.807299071836576,151.82498329973626,12.321728097135413,0.3996504884897447,1199_BNG_echoMonths,3,RF,True,10
9.807299071836576,151.82498329973626,12.321728097135413,0.3996504884897447,1199_BNG_echoMonths,3,RF,False,10
9.622908197268272,144.43696308832227,12.018193004288218,0.4200318075854137,1199_BNG_echoMonths,4,RF,True,10
9.622908197268272,144.43696308832227,12.018193004288218,0.4200318075854137,1199_BNG_echoMonths,4,RF,False,10
9.759775323385874,151.09645323256066,12.292129727291387,0.4017591261994124,1199_BNG_echoMonths,5,RF,True,10
9.759775323385874,151.09645323256066,12.292129727291387,0.4017591261994124,1199_BNG_echoMonths,5,RF,False,10
9.296772064764983,140.89649868297542,11.869983095311277,0.4224487734481629,1199_BNG_echoMonths,0,RF,True,20
9.296772064764983,140.89649868297542,11.869983095311277,0.4224487734481629,1199_BNG_echoMonths,0,RF,False,20
9.427636889376314,144.0191019374052,12.000795887665332,0.4102193033182491,1199_BNG_echoMonths,1,RF,True,20
9.427636889376314,144.0191019374052,12.000795887665332,0.4102193033182491,1199_BNG_echoMonths,1,RF,False,20
9.495079308682,145.16446385994828,12.048421633556334,0.4213269306886249,1199_BNG_echoMonths,2,RF,True,20
9.495079308682,145.16446385994828,12.048421633556334,0.4213269306886249,1199_BNG_echoMonths,2,RF,False,20
9.536865658680895,146.29623592054187,12.095298091429656,0.4215123765415296,1199_BNG_echoMonths,3,RF,True,20
9.536865658680895,146.29623592054187,12.095298091429656,0.4215123765415296,1199_BNG_echoMonths,3,RF,False,20
9.399407517784232,140.58368992253202,11.856799311894084,0.4355041342326892,1199_BNG_echoMonths,4,RF,True,20
9.399407517784232,140.58368992253202,11.856799311894084,0.4355041342326892,1199_BNG_echoMonths,4,RF,False,20
9.500002637529793,146.15002454733707,12.089252439557091,0.4213436747148291,1199_BNG_echoMonths,5,RF,True,20
9.500002637529793,146.15002454733707,12.089252439557091,0.4213436747148291,1199_BNG_echoMonths,5,RF,False,20
9.060360141775822,155.763858774872,12.480539202088666,0.3615057256298977,1199_BNG_echoMonths,0,SVR,True,1
9.060360141775822,155.763858774872,12.480539202088666,0.3615057256298977,1199_BNG_echoMonths,0,SVR,False,1
9.254678907041583,157.35627964825682,12.544173135295,0.3556014793195049,1199_BNG_echoMonths,1,SVR,True,1
9.254678907041583,157.35627964825682,12.544173135295,0.3556014793195049,1199_BNG_echoMonths,1,SVR,False,1
9.221792783027372,158.42796038186094,12.58681692811415,0.3684542920410504,1199_BNG_echoMonths,2,SVR,True,1
9.221792783027372,158.42796038186094,12.58681692811415,0.3684542920410504,1199_BNG_echoMonths,2,SVR,False,1
9.393792911377346,162.29363614788676,12.739451956339677,0.3582551233333403,1199_BNG_echoMonths,3,SVR,True,1
9.393792911377346,162.29363614788676,12.739451956339677,0.3582551233333403,1199_BNG_echoMonths,3,SVR,False,1
9.207680159423653,153.79462683860552,12.401396164892304,0.3824573030096243,1199_BNG_echoMonths,4,SVR,True,1
9.207680159423653,153.79462683860552,12.401396164892304,0.3824573030096243,1199_BNG_echoMonths,4,SVR,False,1
9.32120419795734,161.13765350380783,12.694000689452,0.3620026905203312,1199_BNG_echoMonths,5,SVR,True,1
9.32120419795734,161.13765350380783,12.694000689452,0.3620026905203312,1199_BNG_echoMonths,5,SVR,False,1
9.060360141775822,155.763858774872,12.480539202088666,0.3615057256298977,1199_BNG_echoMonths,0,SVR,True,5
9.060360141775822,155.763858774872,12.480539202088666,0.3615057256298977,1199_BNG_echoMonths,0,SVR,False,5
9.254678907041583,157.35627964825682,12.544173135295,0.3556014793195049,1199_BNG_echoMonths,1,SVR,True,5
9.254678907041583,157.35627964825682,12.544173135295,0.3556014793195049,1199_BNG_echoMonths,1,SVR,False,5
9.221792783027372,158.42796038186094,12.58681692811415,0.3684542920410504,1199_BNG_echoMonths,2,SVR,True,5
9.221792783027372,158.42796038186094,12.58681692811415,0.3684542920410504,1199_BNG_echoMonths,2,SVR,False,5
9.393792911377346,162.29363614788676,12.739451956339677,0.3582551233333403,1199_BNG_echoMonths,3,SVR,True,5
9.393792911377346,162.29363614788676,12.739451956339677,0.3582551233333403,1199_BNG_echoMonths,3,SVR,False,5
9.207680159423653,153.79462683860552,12.401396164892304,0.3824573030096243,1199_BNG_echoMonths,4,SVR,True,5
9.207680159423653,153.79462683860552,12.401396164892304,0.3824573030096243,1199_BNG_echoMonths,4,SVR,False,5
9.32120419795734,161.13765350380783,12.694000689452,0.3620026905203312,1199_BNG_echoMonths,5,SVR,True,5
9.32120419795734,161.13765350380783,12.694000689452,0.3620026905203312,1199_BNG_echoMonths,5,SVR,False,5
9.060360141775822,155.763858774872,12.480539202088666,0.3615057256298977,1199_BNG_echoMonths,0,SVR,True,10
9.060360141775822,155.763858774872,12.480539202088666,0.3615057256298977,1199_BNG_echoMonths,0,SVR,False,10
9.254678907041583,157.35627964825682,12.544173135295,0.3556014793195049,1199_BNG_echoMonths,1,SVR,True,10
9.254678907041583,157.35627964825682,12.544173135295,0.3556014793195049,1199_BNG_echoMonths,1,SVR,False,10
9.221792783027372,158.42796038186094,12.58681692811415,0.3684542920410504,1199_BNG_echoMonths,2,SVR,True,10
9.221792783027372,158.42796038186094,12.58681692811415,0.3684542920410504,1199_BNG_echoMonths,2,SVR,False,10
9.393792911377346,162.29363614788676,12.739451956339677,0.3582551233333403,1199_BNG_echoMonths,3,SVR,True,10
9.393792911377346,162.29363614788676,12.739451956339677,0.3582551233333403,1199_BNG_echoMonths,3,SVR,False,10
9.207680159423653,153.79462683860552,12.401396164892304,0.3824573030096243,1199_BNG_echoMonths,4,SVR,True,10
9.207680159423653,153.79462683860552,12.401396164892304,0.3824573030096243,1199_BNG_echoMonths,4,SVR,False,10
9.32120419795734,161.13765350380783,12.694000689452,0.3620026905203312,1199_BNG_echoMonths,5,SVR,True,10
9.32120419795734,161.13765350380783,12.694000689452,0.3620026905203312,1199_BNG_echoMonths,5,SVR,False,10
9.018927398207683,149.90819874491555,12.243700369778557,0.3855087609372651,1199_BNG_echoMonths,0,SVR,True,20
9.018927398207683,149.90819874491555,12.243700369778557,0.3855087609372651,1199_BNG_echoMonths,0,SVR,False,20
9.210603797766536,152.72053563911382,12.358015036368656,0.3745855744469619,1199_BNG_echoMonths,1,SVR,True,20
9.210603797766536,152.72053563911382,12.358015036368656,0.3745855744469619,1199_BNG_echoMonths,1,SVR,False,20
9.19018358507771,152.2280842179631,12.33807457498791,0.3931690278222161,1199_BNG_echoMonths,2,SVR,True,20
9.19018358507771,152.22808421796313,12.338074574987912,0.3931690278222159,1199_BNG_echoMonths,2,SVR,False,20
9.356708173145917,157.4283052277858,12.547043684780324,0.3774937162034731,1199_BNG_echoMonths,3,SVR,True,20
9.356708173145917,157.42830522778584,12.547043684780324,0.3774937162034729,1199_BNG_echoMonths,3,SVR,False,20
9.169745530559824,148.65201034943124,12.192293071831534,0.4031068232275483,1199_BNG_echoMonths,4,SVR,True,20
9.169745530559824,148.6520103494313,12.192293071831536,0.4031068232275482,1199_BNG_echoMonths,4,SVR,False,20
9.272915056157048,155.98694940573617,12.489473543978391,0.3823960330137912,1199_BNG_echoMonths,5,SVR,True,20
9.272915056157048,155.98694940573617,12.489473543978391,0.3823960330137912,1199_BNG_echoMonths,5,SVR,False,20
12.589990286570387,275.4730495253631,16.597380803167802,0.6516747176767237,1089_USCrime,0,LR,True,1
12.589990286570387,275.4730495253631,16.597380803167802,0.6516747176767237,1089_USCrime,0,LR,False,1
20.509754578747415,542.7219658703598,23.296393838325272,0.6217148193196023,1089_USCrime,1,LR,True,1
20.509754578747415,542.7219658703598,23.296393838325272,0.6217148193196023,1089_USCrime,1,LR,False,1
16.220330129977533,437.6013757927767,20.918923867942556,0.7019490564750432,1089_USCrime,2,LR,True,1
16.220330129977533,437.6013757927767,20.918923867942556,0.7019490564750432,1089_USCrime,2,LR,False,1
20.62731941837942,554.030838823833,23.537859690800968,0.47675679156073336,1089_USCrime,3,LR,True,1
20.62731941837942,554.030838823833,23.537859690800968,0.47675679156073336,1089_USCrime,3,LR,False,1
13.378751215258806,319.24274923850646,17.867365481192422,0.7616168240453207,1089_USCrime,4,LR,True,1
13.378751215258806,319.24274923850646,17.867365481192422,0.7616168240453207,1089_USCrime,4,LR,False,1
20.09138091928919,571.2055219432971,23.899906316621767,0.49671748612876476,1089_USCrime,5,LR,True,1
20.09138091928919,571.2055219432971,23.899906316621767,0.49671748612876476,1089_USCrime,5,LR,False,1
12.589990286570387,275.4730495253631,16.597380803167802,0.6516747176767237,1089_USCrime,0,LR,True,5
12.589990286570387,275.4730495253631,16.597380803167802,0.6516747176767237,1089_USCrime,0,LR,False,5
20.509754578747415,542.7219658703598,23.296393838325272,0.6217148193196023,1089_USCrime,1,LR,True,5
20.509754578747415,542.7219658703598,23.296393838325272,0.6217148193196023,1089_USCrime,1,LR,False,5
16.220330129977533,437.6013757927767,20.918923867942556,0.7019490564750432,1089_USCrime,2,LR,True,5
16.220330129977533,437.6013757927767,20.918923867942556,0.7019490564750432,1089_USCrime,2,LR,False,5
20.62731941837942,554.030838823833,23.537859690800968,0.47675679156073336,1089_USCrime,3,LR,True,5
20.62731941837942,554.030838823833,23.537859690800968,0.47675679156073336,1089_USCrime,3,LR,False,5
13.378751215258806,319.24274923850646,17.867365481192422,0.7616168240453207,1089_USCrime,4,LR,True,5
13.378751215258806,319.24274923850646,17.867365481192422,0.7616168240453207,1089_USCrime,4,LR,False,5
20.09138091928919,571.2055219432971,23.899906316621767,0.49671748612876476,1089_USCrime,5,LR,True,5
20.09138091928919,571.2055219432971,23.899906316621767,0.49671748612876476,1089_USCrime,5,LR,False,5
11.86606704513411,210.6921433629956,14.515238315749267,0.7335877304634311,1089_USCrime,0,LR,True,10
11.86606704513411,210.69214336299552,14.515238315749263,0.7335877304634311,1089_USCrime,0,LR,False,10
21.037231442931457,590.6423179184646,24.303133911462215,0.5883136301790179,1089_USCrime,1,LR,True,10
21.037231442931454,590.6423179184646,24.303133911462215,0.588313630179018,1089_USCrime,1,LR,False,10
16.468379124739982,386.92332194691363,19.670366594115972,0.736465953816611,1089_USCrime,2,LR,True,10
16.468379124739972,386.92332194691346,19.67036659411597,0.7364659538166112,1089_USCrime,2,LR,False,10
18.890433816944757,481.4797274613569,21.942646318558683,0.545276219767522,1089_USCrime,3,LR,True,10
18.89043381694476,481.479727461357,21.942646318558683,0.545276219767522,1089_USCrime,3,LR,False,10
12.099555065983946,247.10692398397927,15.719634982529946,0.8154816875866344,1089_USCrime,4,LR,True,10
12.09955506598395,247.10692398397924,15.719634982529946,0.8154816875866344,1089_USCrime,4,LR,False,10
17.39269304561411,499.8330538192466,22.35694643325082,0.5596029341833664,1089_USCrime,5,LR,True,10
18.152042102676187,439.61872054856815,20.96708660135137,0.6126570799424049,1089_USCrime,5,LR,False,10
10.721042612457563,236.31173933057912,15.37243439831763,0.701192717543682,1089_USCrime,0,LR,True,20
10.721042612457563,236.31173933057912,15.37243439831763,0.701192717543682,1089_USCrime,0,LR,False,20
18.66463860623235,490.5231431615225,22.147757068414908,0.6580981653447626,1089_USCrime,1,LR,True,20
18.66463860623235,490.5231431615225,22.147757068414908,0.6580981653447626,1089_USCrime,1,LR,False,20
14.054268553791697,291.0940508427091,17.06147856554962,0.8017354119351393,1089_USCrime,2,LR,True,20
14.054268553791692,291.094050842709,17.061478565549617,0.8017354119351394,1089_USCrime,2,LR,False,20
17.875810455198668,416.3255747712081,20.40405780160427,0.6068097401201238,1089_USCrime,3,LR,True,20
17.875810455198668,416.32557477120827,20.404057801604274,0.6068097401201236,1089_USCrime,3,LR,False,20
10.685232520444089,205.86486629101432,14.347991716300031,0.8462777282773191,1089_USCrime,4,LR,True,20
10.685232520444089,205.86486629101424,14.347991716300028,0.8462777282773191,1089_USCrime,4,LR,False,20
17.92902553017604,438.5296953823612,20.941100624904156,0.6136166072968552,1089_USCrime,5,LR,True,20
17.929025530176062,438.5296953823623,20.94110062490418,0.6136166072968543,1089_USCrime,5,LR,False,20
20.880000000000003,544.8240000000001,23.34146524963675,0.311090598722893,1089_USCrime,0,KNN,True,1
20.880000000000003,544.8240000000001,23.34146524963675,0.311090598722893,1089_USCrime,0,KNN,False,1
21.06,589.62,24.282092166862395,0.5890262007820505,1089_USCrime,1,KNN,True,1
21.06,589.62,24.282092166862395,0.5890262007820505,1089_USCrime,1,KNN,False,1
15.8,362.53599999999994,19.04037814750537,0.7530761948222666,1089_USCrime,2,KNN,True,1
15.8,362.53599999999994,19.04037814750537,0.7530761948222666,1089_USCrime,2,KNN,False,1
20.18,559.1560000000001,23.646479653428333,0.4719164368554266,1089_USCrime,3,KNN,True,1
20.18,559.1560000000001,23.646479653428333,0.4719164368554266,1089_USCrime,3,KNN,False,1
18.84,492.12800000000004,22.183958168009603,0.6325209080047789,1089_USCrime,4,KNN,True,1
18.84,492.12800000000004,22.183958168009603,0.6325209080047789,1089_USCrime,4,KNN,False,1
15.940000000000003,371.0520000000001,19.26271008970441,0.6730704165785577,1089_USCrime,5,KNN,True,1
15.940000000000003,371.0520000000001,19.26271008970441,0.6730704165785577,1089_USCrime,5,KNN,False,1
20.880000000000003,544.8240000000001,23.34146524963675,0.311090598722893,1089_USCrime,0,KNN,True,5
20.880000000000003,544.8240000000001,23.34146524963675,0.311090598722893,1089_USCrime,0,KNN,False,5
21.06,589.62,24.282092166862395,0.5890262007820505,1089_USCrime,1,KNN,True,5
21.06,589.62,24.282092166862395,0.5890262007820505,1089_USCrime,1,KNN,False,5
15.8,362.53599999999994,19.04037814750537,0.7530761948222666,1089_USCrime,2,KNN,True,5
15.8,362.53599999999994,19.04037814750537,0.7530761948222666,1089_USCrime,2,KNN,False,5
20.18,559.1560000000001,23.646479653428333,0.4719164368554266,1089_USCrime,3,KNN,True,5
20.18,559.1560000000001,23.646479653428333,0.4719164368554266,1089_USCrime,3,KNN,False,5
18.84,492.12800000000004,22.183958168009603,0.6325209080047789,1089_USCrime,4,KNN,True,5
18.84,492.12800000000004,22.183958168009603,0.6325209080047789,1089_USCrime,4,KNN,False,5
15.940000000000003,371.0520000000001,19.26271008970441,0.6730704165785577,1089_USCrime,5,KNN,True,5
15.940000000000003,371.0520000000001,19.26271008970441,0.6730704165785577,1089_USCrime,5,KNN,False,5
15.259999999999996,421.24399999999997,20.52422958359217,0.4673528482013024,1089_USCrime,0,KNN,True,10
15.259999999999996,421.24399999999997,20.52422958359217,0.4673528482013024,1089_USCrime,0,KNN,False,10
22.040000000000003,643.7600000000003,25.37242597782089,0.5512898256766268,1089_USCrime,1,KNN,True,10
22.040000000000003,643.7600000000003,25.37242597782089,0.5512898256766268,1089_USCrime,1,KNN,False,10
16.52,448.36800000000005,21.174701886921575,0.6946158928218715,1089_USCrime,2,KNN,True,10
16.52,448.36800000000005,21.174701886921575,0.6946158928218715,1089_USCrime,2,KNN,False,10
21.0,629.216,25.08417828034237,0.40574968833818137,1089_USCrime,3,KNN,True,10
21.0,629.216,25.08417828034237,0.40574968833818137,1089_USCrime,3,KNN,False,10
13.76,327.88800000000003,18.10767792954138,0.7551612903225806,1089_USCrime,4,KNN,True,10
13.76,327.88800000000003,18.10767792954138,0.7551612903225806,1089_USCrime,4,KNN,False,10
17.020000000000007,512.9960000000003,22.64941500348299,0.5480052160428559,1089_USCrime,5,KNN,True,10
25.96,1077.248,32.821456396692696,0.050849369140762546,1089_USCrime,5,KNN,False,10
14.419999999999998,390.69999999999993,19.766132651583614,0.5059745843080231,1089_USCrime,0,KNN,True,20
14.419999999999998,390.69999999999993,19.766132651583614,0.5059745843080231,1089_USCrime,0,KNN,False,20
17.640000000000004,509.64800000000025,22.575384825069985,0.6447678592587944,1089_USCrime,1,KNN,True,20
17.640000000000004,509.64800000000025,22.575384825069985,0.6447678592587944,1089_USCrime,1,KNN,False,20
13.059999999999997,251.46799999999993,15.857742588401413,0.8287247737040342,1089_USCrime,2,KNN,True,20
13.059999999999997,251.46799999999993,15.857742588401413,0.8287247737040342,1089_USCrime,2,KNN,False,20
20.8,612.6319999999998,24.75140400058146,0.4214121113671566,1089_USCrime,3,KNN,True,20
20.8,612.6319999999998,24.75140400058146,0.4214121113671566,1089_USCrime,3,KNN,False,20
12.319999999999997,256.0639999999999,16.00199987501562,0.8087933094384708,1089_USCrime,4,KNN,True,20
12.319999999999997,256.0639999999999,16.00199987501562,0.8087933094384708,1089_USCrime,4,KNN,False,20
24.040000000000003,837.9280000000001,28.946986026182415,0.2617114259533375,1089_USCrime,5,KNN,True,20
24.040000000000003,837.9280000000001,28.946986026182415,0.2617114259533375,1089_USCrime,5,KNN,False,20
20.8,731.0,27.03701166919155,0.07567806790162479,1089_USCrime,0,DT,True,1
20.8,731.0,27.03701166919155,0.07567806790162479,1089_USCrime,0,DT,False,1
30.8,1206.95,34.741185932549854,0.15873812461228554,1089_USCrime,1,DT,True,1
30.8,1206.95,34.741185932549854,0.15873812461228554,1089_USCrime,1,DT,False,1
27.15,935.025,30.578178493821373,0.3631530911790548,1089_USCrime,2,DT,True,1
27.15,935.025,30.578178493821373,0.3631530911790548,1089_USCrime,2,DT,False,1
28.05,1070.725,32.7219345393881,-0.011224547618148284,1089_USCrime,3,DT,True,1
28.05,1070.725,32.7219345393881,-0.011224547618148284,1089_USCrime,3,DT,False,1
17.7,398.3,19.957454747537323,0.7025836320191159,1089_USCrime,4,DT,True,1
17.7,398.3,19.957454747537323,0.7025836320191159,1089_USCrime,4,DT,False,1
25.2,843.6,29.04479299289289,0.2567138930006344,1089_USCrime,5,DT,True,1
25.2,843.6,29.04479299289289,0.2567138930006344,1089_USCrime,5,DT,False,1
20.8,731.0,27.03701166919155,0.07567806790162479,1089_USCrime,0,DT,True,5
20.8,731.0,27.03701166919155,0.07567806790162479,1089_USCrime,0,DT,False,5
30.8,1206.95,34.741185932549854,0.15873812461228554,1089_USCrime,1,DT,True,5
30.8,1206.95,34.741185932549854,0.15873812461228554,1089_USCrime,1,DT,False,5
27.15,935.025,30.578178493821373,0.3631530911790548,1089_USCrime,2,DT,True,5
27.15,935.025,30.578178493821373,0.3631530911790548,1089_USCrime,2,DT,False,5
28.05,1070.725,32.7219345393881,-0.011224547618148284,1089_USCrime,3,DT,True,5
28.05,1070.725,32.7219345393881,-0.011224547618148284,1089_USCrime,3,DT,False,5
17.7,398.3,19.957454747537323,0.7025836320191159,1089_USCrime,4,DT,True,5
17.7,398.3,19.957454747537323,0.7025836320191159,1089_USCrime,4,DT,False,5
25.2,843.6,29.04479299289289,0.2567138930006344,1089_USCrime,5,DT,True,5
25.2,843.6,29.04479299289289,0.2567138930006344,1089_USCrime,5,DT,False,5
14.1,400.1,20.002499843769527,0.49408863880634757,1089_USCrime,0,DT,True,10
14.1,400.1,20.002499843769527,0.49408863880634757,1089_USCrime,0,DT,False,10
31.5,1486.9,38.560342322131945,-0.0363911367612515,1089_USCrime,1,DT,True,10
31.5,1486.9,38.560342322131945,-0.0363911367612515,1089_USCrime,1,DT,False,10
17.3,680.3,26.08256122392891,0.5366466649866164,1089_USCrime,2,DT,True,10
17.3,680.3,26.08256122392891,0.5366466649866164,1089_USCrime,2,DT,False,10
22.4,684.2,26.157216977346806,0.3538211627819122,1089_USCrime,3,DT,True,10
22.4,684.2,26.157216977346806,0.3538211627819122,1089_USCrime,3,DT,False,10
13.6,316.2,17.782013384316187,0.7638888888888888,1089_USCrime,4,DT,True,10
13.6,316.2,17.782013384316187,0.7638888888888888,1089_USCrime,4,DT,False,10
17.0,413.6,20.33715811021786,0.6355818707267217,1089_USCrime,5,DT,True,10
27.7,1076.9,32.81615455838786,0.05115598787622477,1089_USCrime,5,DT,False,10
17.5,512.5,22.638462845343543,0.3519630777012076,1089_USCrime,0,DT,True,20
17.5,512.5,22.638462845343543,0.3519630777012076,1089_USCrime,0,DT,False,20
22.0,729.0,27.0,0.49187629383351106,1089_USCrime,1,DT,True,20
22.0,729.0,27.0,0.49187629383351106,1089_USCrime,1,DT,False,20
17.1,659.9,25.68851883624278,0.5505411351237222,1089_USCrime,2,DT,True,20
17.1,659.9,25.68851883624278,0.5505411351237222,1089_USCrime,2,DT,False,20
21.6,625.2,25.00399968005119,0.4095425182274942,1089_USCrime,3,DT,True,20
21.6,625.2,25.00399968005119,0.4095425182274942,1089_USCrime,3,DT,False,20
13.3,312.3,17.67201177002777,0.7668010752688172,1089_USCrime,4,DT,True,20
13.3,312.3,17.67201177002777,0.7668010752688172,1089_USCrime,4,DT,False,20
25.4,954.4,30.893364983439405,0.15908930711214497,1089_USCrime,5,DT,True,20
25.4,954.4,30.893364983439405,0.15908930711214497,1089_USCrime,5,DT,False,20
20.792,603.5449400000001,24.567151646049652,0.2368401846114938,1089_USCrime,0,RF,True,1
20.792,603.5449400000001,24.567151646049652,0.2368401846114938,1089_USCrime,0,RF,False,1
27.128800000000005,996.4276022000004,31.56624149625673,0.3054753276317529,1089_USCrime,1,RF,True,1
27.128800000000005,996.4276022000004,31.56624149625673,0.3054753276317529,1089_USCrime,1,RF,False,1
21.095333333333333,666.8106379166663,25.8226768154788,0.5458342894295323,1089_USCrime,2,RF,True,1
21.095333333333333,666.8106379166663,25.8226768154788,0.5458342894295323,1089_USCrime,2,RF,False,1
24.909983333333326,802.5950018416662,28.3301076920238,0.24200540039886465,1089_USCrime,3,RF,True,1
24.909983333333326,802.5950018416662,28.3301076920238,0.24200540039886465,1089_USCrime,3,RF,False,1
16.043000000000006,372.81007000000017,19.308290188413892,0.7216173312425327,1089_USCrime,4,RF,True,1
16.043000000000006,372.81007000000017,19.308290188413892,0.7216173312425327,1089_USCrime,4,RF,False,1
20.452683333333326,501.5109792805553,22.39444081196392,0.5581245336570846,1089_USCrime,5,RF,True,1
20.452683333333326,501.5109792805553,22.39444081196392,0.5581245336570846,1089_USCrime,5,RF,False,1
20.792,603.5449400000001,24.567151646049652,0.2368401846114938,1089_USCrime,0,RF,True,5
20.792,603.5449400000001,24.567151646049652,0.2368401846114938,1089_USCrime,0,RF,False,5
27.128800000000005,996.4276022000004,31.56624149625673,0.3054753276317529,1089_USCrime,1,RF,True,5
27.128800000000005,996.4276022000004,31.56624149625673,0.3054753276317529,1089_USCrime,1,RF,False,5
21.095333333333333,666.8106379166663,25.8226768154788,0.5458342894295323,1089_USCrime,2,RF,True,5
21.095333333333333,666.8106379166663,25.8226768154788,0.5458342894295323,1089_USCrime,2,RF,False,5
24.909983333333326,802.5950018416662,28.3301076920238,0.24200540039886465,1089_USCrime,3,RF,True,5
24.909983333333326,802.5950018416662,28.3301076920238,0.24200540039886465,1089_USCrime,3,RF,False,5
16.043000000000006,372.81007000000017,19.308290188413892,0.7216173312425327,1089_USCrime,4,RF,True,5
16.043000000000006,372.81007000000017,19.308290188413892,0.7216173312425327,1089_USCrime,4,RF,False,5
20.452683333333326,501.5109792805553,22.39444081196392,0.5581245336570846,1089_USCrime,5,RF,True,5
20.452683333333326,501.5109792805553,22.39444081196392,0.5581245336570846,1089_USCrime,5,RF,False,5
18.115,454.9835499999998,21.330343410268853,0.42469045963204166,1089_USCrime,0,RF,True,10
18.115,454.9835499999998,21.330343410268853,0.42469045963204166,1089_USCrime,0,RF,False,10
26.481,914.1052099999999,30.23417288433735,0.3628552439899909,1089_USCrime,1,RF,True,10
26.481,914.1052099999999,30.23417288433735,0.3628552439899909,1089_USCrime,1,RF,False,10
17.621000000000002,479.4097100000001,21.895426691434906,0.6734733382826708,1089_USCrime,2,RF,True,10
17.621000000000002,479.4097100000001,21.895426691434906,0.6734733382826708,1089_USCrime,2,RF,False,10
21.308,629.5516799999999,25.09086845846512,0.40543266215858864,1089_USCrime,3,RF,True,10
21.308,629.5516799999999,25.09086845846512,0.40543266215858864,1089_USCrime,3,RF,False,10
14.735999999999999,297.4989800000001,17.248158742312178,0.7778532108721624,1089_USCrime,4,RF,True,10
14.735999999999999,297.4989800000001,17.248158742312178,0.7778532108721624,1089_USCrime,4,RF,False,10
15.149000000000004,286.88541000000015,16.93769199153179,0.7472286159864664,1089_USCrime,5,RF,True,10
18.018683333333325,353.9895592805553,18.814610261192104,0.6881039338121562,1089_USCrime,5,RF,False,10
18.377,454.71072999999996,21.323947336269615,0.4250354302332934,1089_USCrime,0,RF,True,20
18.377,454.71072999999996,21.323947336269615,0.4250354302332934,1089_USCrime,0,RF,False,20
25.682999999999993,857.3487499999998,29.280518267271155,0.4024153301410063,1089_USCrime,1,RF,True,20
25.682999999999993,857.3487499999998,29.280518267271155,0.4024153301410063,1089_USCrime,1,RF,False,20
17.107999999999997,445.1687999999999,21.099023674094493,0.6967948726680788,1089_USCrime,2,RF,True,20
17.107999999999997,445.1687999999999,21.099023674094493,0.6967948726680788,1089_USCrime,2,RF,False,20
19.838,552.59792,23.507401387648105,0.47811008273204636,1089_USCrime,3,RF,True,20
19.838,552.59792,23.507401387648105,0.47811008273204636,1089_USCrime,3,RF,False,20
13.331999999999997,270.1853,16.437314257505694,0.7982487305854242,1089_USCrime,4,RF,True,20
13.331999999999997,270.1853,16.437314257505694,0.7982487305854242,1089_USCrime,4,RF,False,20
16.507,311.8705900000001,17.659858153450728,0.7252144657080425,1089_USCrime,5,RF,True,20
16.507,311.8705900000001,17.659858153450728,0.7252144657080425,1089_USCrime,5,RF,False,20
13.534416227853086,265.07380821384595,16.281087439536893,0.6648241661328369,1089_USCrime,0,SVR,True,1
13.534416227853086,265.07380821384595,16.281087439536893,0.6648241661328369,1089_USCrime,0,SVR,False,1
20.20842120692935,543.6239571223381,23.315744833102332,0.6210861181702402,1089_USCrime,1,SVR,True,1
20.20842120692935,543.6239571223381,23.315744833102332,0.6210861181702402,1089_USCrime,1,SVR,False,1
16.546840559055013,455.86511476002386,21.350997980422925,0.6895095968832634,1089_USCrime,2,SVR,True,1
16.546840559055013,455.86511476002386,21.350997980422925,0.6895095968832634,1089_USCrime,2,SVR,False,1
20.56965345163041,575.1721385613993,23.982746685094252,0.45679031906482637,1089_USCrime,3,SVR,True,1
20.56965345163041,575.1721385613993,23.982746685094252,0.45679031906482637,1089_USCrime,3,SVR,False,1
14.393807172488525,345.132851021583,18.57775150607799,0.7422843107664404,1089_USCrime,4,SVR,True,1
14.393807172488525,345.132851021583,18.57775150607799,0.7422843107664404,1089_USCrime,4,SVR,False,1
19.825936773488877,563.1098709449329,23.729936176587852,0.5038504696685937,1089_USCrime,5,SVR,True,1
19.825936773488877,563.1098709449329,23.729936176587852,0.5038504696685937,1089_USCrime,5,SVR,False,1
13.534416227853086,265.07380821384595,16.281087439536893,0.6648241661328369,1089_USCrime,0,SVR,True,5
13.534416227853086,265.07380821384595,16.281087439536893,0.6648241661328369,1089_USCrime,0,SVR,False,5
20.20842120692935,543.6239571223381,23.315744833102332,0.6210861181702402,1089_USCrime,1,SVR,True,5
20.20842120692935,543.6239571223381,23.315744833102332,0.6210861181702402,1089_USCrime,1,SVR,False,5
16.546840559055013,455.86511476002386,21.350997980422925,0.6895095968832634,1089_USCrime,2,SVR,True,5
16.546840559055013,455.86511476002386,21.350997980422925,0.6895095968832634,1089_USCrime,2,SVR,False,5
20.56965345163041,575.1721385613993,23.982746685094252,0.45679031906482637,1089_USCrime,3,SVR,True,5
20.56965345163041,575.1721385613993,23.982746685094252,0.45679031906482637,1089_USCrime,3,SVR,False,5
14.393807172488525,345.132851021583,18.57775150607799,0.7422843107664404,1089_USCrime,4,SVR,True,5
14.393807172488525,345.132851021583,18.57775150607799,0.7422843107664404,1089_USCrime,4,SVR,False,5
19.825936773488877,563.1098709449329,23.729936176587852,0.5038504696685937,1089_USCrime,5,SVR,True,5
19.825936773488877,563.1098709449329,23.729936176587852,0.5038504696685937,1089_USCrime,5,SVR,False,5
12.199273022343794,218.79660111508264,14.791774779081875,0.7233399492759909,1089_USCrime,0,SVR,True,10
12.199273022343794,218.79660111508264,14.791774779081875,0.7233399492759909,1089_USCrime,0,SVR,False,10
21.122934978339643,603.4073859493503,24.56435193424305,0.5794161902924322,1089_USCrime,1,SVR,True,10
21.122934978339647,603.4073859493506,24.564351934243057,0.5794161902924322,1089_USCrime,1,SVR,False,10
16.72864960863713,394.007415505085,19.84962003427484,0.7316409672287445,1089_USCrime,2,SVR,True,10
16.72864960863713,394.007415505085,19.84962003427484,0.7316409672287445,1089_USCrime,2,SVR,False,10
18.96812575548117,498.18603745476156,22.32008148405291,0.5294982835416479,1089_USCrime,3,SVR,True,10
18.968125755481164,498.1860374547614,22.320081484052906,0.529498283541648,1089_USCrime,3,SVR,False,10
12.612530262521357,256.0554483031566,16.001732665657073,0.8087996951141303,1089_USCrime,4,SVR,True,10
12.612530262521364,256.0554483031568,16.00173266565708,0.8087996951141302,1089_USCrime,4,SVR,False,10
17.113770108155993,498.49216584084604,22.32693812059428,0.5607843749199566,1089_USCrime,5,SVR,True,10
17.95756269311535,429.83864525756536,20.732550379959658,0.6212741900528959,1089_USCrime,5,SVR,False,10
10.473789247004254,187.8080766366782,13.704308688754724,0.7625237698214855,1089_USCrime,0,SVR,True,20
10.473789247004257,187.80807663667827,13.704308688754725,0.7625237698214854,1089_USCrime,0,SVR,False,20
19.20578583870764,512.4986444558978,22.63843290636297,0.6427809182081858,1089_USCrime,1,SVR,True,20
19.205785838707637,512.4986444558976,22.63843290636297,0.6427809182081861,1089_USCrime,1,SVR,False,20
15.36947251035736,338.019829813153,18.385315602761708,0.7697741945544895,1089_USCrime,2,SVR,True,20
15.369472510357351,338.0198298131528,18.3853156027617,0.7697741945544896,1089_USCrime,2,SVR,False,20
18.42910972383128,428.5096290905449,20.70047412719199,0.5953027567049367,1089_USCrime,3,SVR,True,20
18.42910972383128,428.5096290905449,20.70047412719199,0.5953027567049367,1089_USCrime,3,SVR,False,20
10.40440573582758,217.48746637460357,14.747456267933245,0.8375989647740415,1089_USCrime,4,SVR,True,20
10.404405735827584,217.48746637460357,14.747456267933245,0.8375989647740415,1089_USCrime,4,SVR,False,20
18.818275177674483,473.0465174130545,21.74963258110478,0.5832042385519715,1089_USCrime,5,SVR,True,20
18.818275177674487,473.04651741305486,21.749632581104787,0.5832042385519711,1089_USCrime,5,SVR,False,20
32.960528800703116,1844.0746905153803,42.94269076938915,0.43524429974544643,542_pollution,0,LR,True,1
32.960528800703116,1844.0746905153803,42.94269076938915,0.43524429974544643,542_pollution,0,LR,False,1
40.279590909495084,2584.9373334136194,50.842278995080655,0.10255334376208847,542_pollution,1,LR,True,1
40.279590909495084,2584.9373334136194,50.842278995080655,0.10255334376208847,542_pollution,1,LR,False,1
48.90826935646723,3471.0682601578305,58.91577259238676,0.4143758878346183,542_pollution,2,LR,True,1
48.90826935646723,3471.0682601578305,58.91577259238676,0.4143758878346183,542_pollution,2,LR,False,1
39.648132937344826,2085.2362377515888,45.664386974442,0.24936006869132055,542_pollution,3,LR,True,1
39.648132937344826,2085.2362377515888,45.664386974442,0.24936006869132055,542_pollution,3,LR,False,1
32.623301721512824,1598.343786450511,39.97929197035024,0.5090291235328513,542_pollution,4,LR,True,1
32.623301721512824,1598.343786450511,39.97929197035024,0.5090291235328513,542_pollution,4,LR,False,1
39.627046715876666,2063.066629842554,45.42099327230255,0.30037799635889206,542_pollution,5,LR,True,1
39.627046715876666,2063.066629842554,45.42099327230255,0.30037799635889206,542_pollution,5,LR,False,1
32.960528800703116,1844.0746905153803,42.94269076938915,0.43524429974544643,542_pollution,0,LR,True,5
32.960528800703116,1844.0746905153803,42.94269076938915,0.43524429974544643,542_pollution,0,LR,False,5
40.279590909495084,2584.9373334136194,50.842278995080655,0.10255334376208847,542_pollution,1,LR,True,5
40.279590909495084,2584.9373334136194,50.842278995080655,0.10255334376208847,542_pollution,1,LR,False,5
48.90826935646723,3471.0682601578305,58.91577259238676,0.4143758878346183,542_pollution,2,LR,True,5
48.90826935646723,3471.0682601578305,58.91577259238676,0.4143758878346183,542_pollution,2,LR,False,5
39.648132937344826,2085.2362377515888,45.664386974442,0.24936006869132055,542_pollution,3,LR,True,5
39.648132937344826,2085.2362377515888,45.664386974442,0.24936006869132055,542_pollution,3,LR,False,5
32.623301721512824,1598.343786450511,39.97929197035024,0.5090291235328513,542_pollution,4,LR,True,5
32.623301721512824,1598.343786450511,39.97929197035024,0.5090291235328513,542_pollution,4,LR,False,5
39.627046715876666,2063.066629842554,45.42099327230255,0.30037799635889206,542_pollution,5,LR,True,5
39.627046715876666,2063.066629842554,45.42099327230255,0.30037799635889206,542_pollution,5,LR,False,5
28.06026881693458,1199.294123823164,34.630826207631316,0.6327110847545829,542_pollution,0,LR,True,10
29.576782607452333,1469.1927749445433,38.33005054711699,0.5500534773942141,542_pollution,0,LR,False,10
31.395293152125863,2128.132741319079,46.131689122761145,0.2611481957262506,542_pollution,1,LR,True,10
31.395293152125856,2128.132741319077,46.131689122761124,0.26114819572625114,542_pollution,1,LR,False,10
35.679148284257025,2094.362003011752,45.764200014987175,0.6466480067116578,542_pollution,2,LR,True,10
49.95433101362036,3999.078527510182,63.238267904095714,0.3252922049863973,542_pollution,2,LR,False,10
32.11676166378917,1681.220288148176,41.00268635282542,0.39479706962552596,542_pollution,3,LR,True,10
34.85673011144851,2491.6757559671355,49.91668815102957,0.10305063549088167,542_pollution,3,LR,False,10
30.024074055029057,1331.6420696118848,36.491671236213406,0.5909531606402512,542_pollution,4,LR,True,10
30.024074055029057,1331.6420696118846,36.4916712362134,0.5909531606402512,542_pollution,4,LR,False,10
32.67063256582501,1554.9989340616182,39.43347479060929,0.4726726446101249,542_pollution,5,LR,True,10
38.1828280023722,2715.5971356324676,52.111391610975694,0.07909348072862121,542_pollution,5,LR,False,10
26.45693776761283,1182.0755603034768,34.381325749648994,0.6379843429083624,542_pollution,0,LR,True,20
26.45693776761284,1182.075560303477,34.381325749648994,0.6379843429083623,542_pollution,0,LR,False,20
31.637095844361653,2058.8997363288195,45.37510040020649,0.28518472768648917,542_pollution,1,LR,True,20
31.637095844361664,2058.8997363288213,45.37510040020651,0.2851847276864887,542_pollution,1,LR,False,20
33.682282188760475,1943.9473942698185,44.09021880496646,0.6720253300885229,542_pollution,2,LR,True,20
91.6482118712479,23043.919545489916,151.80223827562594,-2.8878736784117267,542_pollution,2,LR,False,20
33.038600770823486,1808.4048898276214,42.52534408829188,0.34901336467173083,542_pollution,3,LR,True,20
32.50296292941511,2221.6470245845285,47.13435079201292,0.20025513669165007,542_pollution,3,LR,False,20
28.71234285659172,1209.2548970468258,34.77434251063312,0.628547411571738,542_pollution,4,LR,True,20
28.712342856591704,1209.2548970468245,34.774342510633105,0.6285474115717383,542_pollution,4,LR,False,20
32.18509794042577,1906.8672034672188,43.66769061293737,0.35334795577151834,542_pollution,5,LR,True,20
32.185097940425756,1906.8672034672184,43.66769061293737,0.35334795577151845,542_pollution,5,LR,False,20
37.76012369791669,2111.451475819474,45.95053292203991,0.35335902449446255,542_pollution,0,KNN,True,1
37.76012369791669,2111.451475819474,45.95053292203991,0.35335902449446255,542_pollution,0,KNN,False,1
53.50349527994789,4655.240431722302,68.22932237478474,-0.6162209835530317,542_pollution,1,KNN,True,1
53.50349527994789,4655.240431722302,68.22932237478474,-0.6162209835530317,542_pollution,1,KNN,False,1
60.19784851074217,4956.748630247076,70.4041804884275,0.16371811262408742,542_pollution,2,KNN,True,1
60.19784851074217,4956.748630247076,70.4041804884275,0.16371811262408742,542_pollution,2,KNN,False,1
39.71410929361979,2264.924546714004,47.59122342106792,0.18467616503829565,542_pollution,3,KNN,True,1
39.71410929361979,2264.924546714004,47.59122342106792,0.18467616503829565,542_pollution,3,KNN,False,1
39.77735290527345,2109.7192070755495,45.93167977633247,0.35194749904354705,542_pollution,4,KNN,True,1
39.77735290527345,2109.7192070755495,45.93167977633247,0.35194749904354705,542_pollution,4,KNN,False,1
40.69382120768227,2395.473118280743,48.94357075531722,0.18765313808217288,542_pollution,5,KNN,True,1
40.69382120768227,2395.473118280743,48.94357075531722,0.18765313808217288,542_pollution,5,KNN,False,1
37.76012369791669,2111.451475819474,45.95053292203991,0.35335902449446255,542_pollution,0,KNN,True,5
37.76012369791669,2111.451475819474,45.95053292203991,0.35335902449446255,542_pollution,0,KNN,False,5
53.50349527994789,4655.240431722302,68.22932237478474,-0.6162209835530317,542_pollution,1,KNN,True,5
53.50349527994789,4655.240431722302,68.22932237478474,-0.6162209835530317,542_pollution,1,KNN,False,5
60.19784851074217,4956.748630247076,70.4041804884275,0.16371811262408742,542_pollution,2,KNN,True,5
60.19784851074217,4956.748630247076,70.4041804884275,0.16371811262408742,542_pollution,2,KNN,False,5
39.71410929361979,2264.924546714004,47.59122342106792,0.18467616503829565,542_pollution,3,KNN,True,5
39.71410929361979,2264.924546714004,47.59122342106792,0.18467616503829565,542_pollution,3,KNN,False,5
39.77735290527345,2109.7192070755495,45.93167977633247,0.35194749904354705,542_pollution,4,KNN,True,5
39.77735290527345,2109.7192070755495,45.93167977633247,0.35194749904354705,542_pollution,4,KNN,False,5
40.69382120768227,2395.473118280743,48.94357075531722,0.18765313808217288,542_pollution,5,KNN,True,5
40.69382120768227,2395.473118280743,48.94357075531722,0.18765313808217288,542_pollution,5,KNN,False,5
27.761576334635436,1096.3467388027414,33.111127114653485,0.6642391583275329,542_pollution,0,KNN,True,10
27.929213460286462,1583.5509258663903,39.79385537826651,0.5150308083364692,542_pollution,0,KNN,False,10
34.11518452962239,2072.1155664321896,45.52049611364302,0.28059641431333104,542_pollution,1,KNN,True,10
34.11518452962239,2072.1155664321896,45.52049611364302,0.28059641431333104,542_pollution,1,KNN,False,10
36.732700602213576,2399.1357458738494,48.98097330468076,0.5952278561419826,542_pollution,2,KNN,True,10
54.06960245768229,4573.2327232395355,67.62568094473826,0.2284233116317208,542_pollution,2,KNN,False,10
34.48343098958333,1756.9063624045011,41.915466863730636,0.36755172036857553,542_pollution,3,KNN,True,10
33.68846232096356,1726.798764966329,41.55476825788262,0.3783898040656186,542_pollution,3,KNN,False,10
35.66145833333331,2038.3737913434454,45.14835314098894,0.373863010331449,542_pollution,4,KNN,True,10
35.66145833333331,2038.3737913434454,45.14835314098894,0.373863010331449,542_pollution,4,KNN,False,10
40.221175130208316,2028.4612777237842,45.038442221326704,0.31211327695324087,542_pollution,5,KNN,True,10
40.82269287109374,2106.310104463124,45.89455419178972,0.28571337723277335,542_pollution,5,KNN,False,10
27.732756551106803,1176.5107542001585,34.30030253802666,0.6396885883946348,542_pollution,0,KNN,True,20
27.732756551106803,1176.5107542001585,34.30030253802666,0.6396885883946348,542_pollution,0,KNN,False,20
40.04274291992187,2250.883747666774,47.44347950632177,0.2185311160885406,542_pollution,1,KNN,True,20
40.04274291992187,2250.883747666774,47.44347950632177,0.2185311160885406,542_pollution,1,KNN,False,20
37.355328369140615,2276.559822167033,47.7133086482905,0.6159083530707268,542_pollution,2,KNN,True,20
59.851605224609365,5899.833679795538,76.81037481874137,0.004604749404560904,542_pollution,2,KNN,False,20
31.17810262044271,1573.3195018598192,39.665091728871865,0.43363901824568674,542_pollution,3,KNN,True,20
37.27016092936197,2736.444247565032,52.31103370767043,0.01493927410494833,542_pollution,3,KNN,False,20
33.19208170572915,1715.198895711699,41.41495980574771,0.4731341828448792,542_pollution,4,KNN,True,20
33.19208170572915,1715.198895711699,41.41495980574771,0.4731341828448792,542_pollution,4,KNN,False,20
41.24522705078123,2431.255362363804,49.30776168478756,0.17551875282381757,542_pollution,5,KNN,True,20
41.24522705078123,2431.255362363804,49.30776168478756,0.17551875282381757,542_pollution,5,KNN,False,20
54.63987223307287,4443.3072905802765,66.65813746708106,-0.36078171521160396,542_pollution,0,DT,True,1
54.63987223307287,4443.3072905802765,66.65813746708106,-0.36078171521160396,542_pollution,0,DT,False,1
51.02508036295569,4781.595804099458,69.1490838992062,-0.6600894383011495,542_pollution,1,DT,True,1
51.02508036295569,4781.595804099458,69.1490838992062,-0.6600894383011495,542_pollution,1,DT,False,1
66.27091471354166,6570.34930127735,81.0576911913814,-0.10852184047859215,542_pollution,2,DT,True,1
66.27091471354166,6570.34930127735,81.0576911913814,-0.10852184047859215,542_pollution,2,DT,False,1
68.68225436740452,5625.100905587897,75.00067270090247,-1.0249146264251237,542_pollution,3,DT,True,1
68.68225436740452,5625.100905587897,75.00067270090247,-1.0249146264251237,542_pollution,3,DT,False,1
43.51957363552515,2957.4280043000476,54.38223978745311,0.0915527487461203,542_pollution,4,DT,True,1
43.51957363552515,2957.4280043000476,54.38223978745311,0.0915527487461203,542_pollution,4,DT,False,1
39.16582234700517,1808.3493406424902,42.524690952933334,0.38675708739473524,542_pollution,5,DT,True,1
39.16582234700517,1808.3493406424902,42.524690952933334,0.38675708739473524,542_pollution,5,DT,False,1
54.63987223307287,4443.3072905802765,66.65813746708106,-0.36078171521160396,542_pollution,0,DT,True,5
54.63987223307287,4443.3072905802765,66.65813746708106,-0.36078171521160396,542_pollution,0,DT,False,5
51.02508036295569,4781.595804099458,69.1490838992062,-0.6600894383011495,542_pollution,1,DT,True,5
51.02508036295569,4781.595804099458,69.1490838992062,-0.6600894383011495,542_pollution,1,DT,False,5
66.27091471354166,6570.34930127735,81.0576911913814,-0.10852184047859215,542_pollution,2,DT,True,5
66.27091471354166,6570.34930127735,81.0576911913814,-0.10852184047859215,542_pollution,2,DT,False,5
68.68225436740452,5625.100905587897,75.00067270090247,-1.0249146264251237,542_pollution,3,DT,True,5
68.68225436740452,5625.100905587897,75.00067270090247,-1.0249146264251237,542_pollution,3,DT,False,5
43.51957363552515,2957.4280043000476,54.38223978745311,0.0915527487461203,542_pollution,4,DT,True,5
43.51957363552515,2957.4280043000476,54.38223978745311,0.0915527487461203,542_pollution,4,DT,False,5
39.16582234700517,1808.3493406424902,42.524690952933334,0.38675708739473524,542_pollution,5,DT,True,5
39.16582234700517,1808.3493406424902,42.524690952933334,0.38675708739473524,542_pollution,5,DT,False,5
45.34107971191407,2810.6929432889465,53.01596875743144,0.1392133574893062,542_pollution,0,DT,True,10
56.18065897623696,4000.569188354224,63.25005287234331,-0.22519129241687108,542_pollution,0,DT,False,10
65.1794179280599,5841.072866702142,76.42691192703093,-1.027922010063306,542_pollution,1,DT,True,10
65.1794179280599,5841.072866702142,76.42691192703093,-1.027922010063306,542_pollution,1,DT,False,10
49.44183349609376,3090.7558394720168,55.59456663624618,0.4785406080350415,542_pollution,2,DT,True,10
57.41266886393229,5335.950047888483,73.04758755693773,0.09974083620832341,542_pollution,2,DT,False,10
71.27567545572917,6291.108176248769,79.31650632906602,-1.2646628347331719,542_pollution,3,DT,True,10
64.38817342122398,5130.5128019017475,71.62759804643562,-0.8468736095581955,542_pollution,3,DT,False,10
53.325581868489564,4646.301753631482,68.16378623309801,-0.4272266477646989,542_pollution,4,DT,True,10
53.325581868489564,4646.301753631482,68.16378623309801,-0.4272266477646989,542_pollution,4,DT,False,10
45.629496256510386,2687.7922358016144,51.84392187905555,0.08852260892511887,542_pollution,5,DT,True,10
43.39949035644529,2914.819869172758,53.98907175690982,0.011533564827624021,542_pollution,5,DT,False,10
51.61407979329427,3190.7201573777324,56.48645994729828,0.02282841033268268,542_pollution,0,DT,True,20
51.61407979329427,3190.7201573777324,56.48645994729828,0.02282841033268268,542_pollution,0,DT,False,20
43.37684122721354,2854.8622821352133,53.43091129800439,0.008839952905729809,542_pollution,1,DT,True,20
43.37684122721354,2854.8622821352133,53.43091129800439,0.008839952905729809,542_pollution,1,DT,False,20
47.55025736490882,2851.9206275694683,53.40337655588332,0.5188358855810673,542_pollution,2,DT,True,20
58.75858561197915,5586.442880284659,74.74251052971567,0.05747873371393686,542_pollution,2,DT,False,20
61.125839233398416,4608.588146018793,67.88658296024917,-0.6589920253292918,542_pollution,3,DT,True,20
47.42766825358075,3035.1374217337016,55.09208129789345,-0.09258380634088992,542_pollution,3,DT,False,20
50.376327514648416,3695.346290817794,60.78936001322759,-0.13511712726179215,542_pollution,4,DT,True,20
50.376327514648416,3695.346290817794,60.78936001322759,-0.13511712726179215,542_pollution,4,DT,False,20
50.56299845377603,3292.645495343951,57.38157801371405,-0.11659371801685658,542_pollution,5,DT,True,20
50.56299845377603,3292.645495343951,57.38157801371405,-0.11659371801685658,542_pollution,5,DT,False,20
49.926294140285904,3678.7886378373346,60.65301837367481,-0.12664463317896768,542_pollution,0,RF,True,1
49.926294140285904,3678.7886378373346,60.65301837367481,-0.12664463317896768,542_pollution,0,RF,False,1
57.22160993763756,5174.2105221123575,71.931985389758,-0.796398648321788,542_pollution,1,RF,True,1
57.22160993763756,5174.2105221123575,71.931985389758,-0.796398648321788,542_pollution,1,RF,False,1
65.7828564046224,6202.565979779963,78.7563710424748,-0.046470977465213004,542_pollution,2,RF,True,1
65.7828564046224,6202.565979779963,78.7563710424748,-0.046470977465213004,542_pollution,2,RF,False,1
47.57331535537153,3264.3905560476614,57.134845375196925,-0.17510997478081847,542_pollution,3,RF,True,1
47.57331535537153,3264.3905560476614,57.134845375196925,-0.17510997478081847,542_pollution,3,RF,False,1
38.80809370539428,2239.2920835093296,47.32115894089376,0.3121459812171865,542_pollution,4,RF,True,1
38.80809370539428,2239.2920835093296,47.32115894089376,0.3121459812171865,542_pollution,4,RF,False,1
38.065573731922036,1808.3118279353996,42.52424988092559,0.3867698086102874,542_pollution,5,RF,True,1
38.065573731922036,1808.3118279353996,42.52424988092559,0.3867698086102874,542_pollution,5,RF,False,1
49.926294140285904,3678.7886378373346,60.65301837367481,-0.12664463317896768,542_pollution,0,RF,True,5
49.926294140285904,3678.7886378373346,60.65301837367481,-0.12664463317896768,542_pollution,0,RF,False,5
57.22160993763756,5174.2105221123575,71.931985389758,-0.796398648321788,542_pollution,1,RF,True,5
57.22160993763756,5174.2105221123575,71.931985389758,-0.796398648321788,542_pollution,1,RF,False,5
65.7828564046224,6202.565979779963,78.7563710424748,-0.046470977465213004,542_pollution,2,RF,True,5
65.7828564046224,6202.565979779963,78.7563710424748,-0.046470977465213004,542_pollution,2,RF,False,5
47.57331535537153,3264.3905560476614,57.134845375196925,-0.17510997478081847,542_pollution,3,RF,True,5
47.57331535537153,3264.3905560476614,57.134845375196925,-0.17510997478081847,542_pollution,3,RF,False,5
38.80809370539428,2239.2920835093296,47.32115894089376,0.3121459812171865,542_pollution,4,RF,True,5
38.80809370539428,2239.2920835093296,47.32115894089376,0.3121459812171865,542_pollution,4,RF,False,5
38.065573731922036,1808.3118279353996,42.52424988092559,0.3867698086102874,542_pollution,5,RF,True,5
38.065573731922036,1808.3118279353996,42.52424988092559,0.3867698086102874,542_pollution,5,RF,False,5
31.47518844604492,1285.0879302689475,35.84812310664182,0.6064363674201941,542_pollution,0,RF,True,10
38.575114568074554,2194.895294135923,46.84970964836306,0.32780400099807194,542_pollution,0,RF,False,10
42.597311706542946,2959.8377488534493,54.40439089681502,-0.027605759094910143,542_pollution,1,RF,True,10
42.597311706542946,2959.8377488534493,54.40439089681502,-0.027605759094910143,542_pollution,1,RF,False,10
42.48846155802411,2556.163183566881,50.55851247383452,0.5687348439358771,542_pollution,2,RF,True,10
54.29562922159828,5340.546777043442,73.07904471901259,0.09896529530031617,542_pollution,2,RF,False,10
41.34503565470377,2569.7381942970046,50.6925852003723,0.07494984658031523,542_pollution,3,RF,True,10
38.88625909169514,2739.3584620967927,52.33888097864524,0.013890219922819691,542_pollution,3,RF,False,10
35.00503255208334,1923.0066631400634,43.852099871500606,0.40930088078815385,542_pollution,4,RF,True,10
35.00503255208334,1923.0066631400634,43.852099871500606,0.40930088078815385,542_pollution,4,RF,False,10
39.6665743001302,2289.104214670888,47.8445839638186,0.22372469505089476,542_pollution,5,RF,True,10
38.45217704118998,2525.8576195982155,50.25791101506523,0.14343747159037457,542_pollution,5,RF,False,10
34.868090565999346,1655.0756110459981,40.682620503674514,0.49312606994823893,542_pollution,0,RF,True,20
34.868090565999346,1655.0756110459981,40.682620503674514,0.49312606994823893,542_pollution,0,RF,False,20
36.100120951334645,2062.6138949299266,45.41600923606043,0.2838952344464737,542_pollution,1,RF,True,20
36.100120951334645,2062.6138949299266,45.41600923606043,0.2838952344464737,542_pollution,1,RF,False,20
36.99367853800456,2234.800023011611,47.2736715626321,0.6229538916403102,542_pollution,2,RF,True,20
52.39181055704748,5091.7805672292525,71.35671353999743,0.14093608925772383,542_pollution,2,RF,False,20
37.43798782348633,2175.7176437840376,46.64458857985605,0.21678872009335848,542_pollution,3,RF,True,20
35.617515818278,1981.1058254135116,44.50961497714299,0.2868447642617754,542_pollution,3,RF,False,20
32.25778915405274,1757.152221800717,41.91839956153761,0.4602471797762968,542_pollution,4,RF,True,20
32.25778915405274,1757.152221800717,41.91839956153761,0.4602471797762968,542_pollution,4,RF,False,20
43.841956075032556,2715.387144243237,52.10937674011499,0.07916469248414859,542_pollution,5,RF,True,20
43.841956075032556,2715.387144243237,52.10937674011499,0.07916469248414859,542_pollution,5,RF,False,20
33.58087238287777,1968.814131226162,44.37132104441068,0.3970423166314706,542_pollution,0,SVR,True,1
33.58087238287777,1968.814131226162,44.37132104441068,0.3970423166314706,542_pollution,0,SVR,False,1
40.366958056792676,2648.4226409072126,51.46282775855999,0.0805123154578854,542_pollution,1,SVR,True,1
40.366958056792676,2648.4226409072126,51.46282775855999,0.0805123154578854,542_pollution,1,SVR,False,1
47.59950287535636,3528.2910858703303,59.39941991190091,0.40472149212937425,542_pollution,2,SVR,True,1
47.59950287535636,3528.2910858703303,59.39941991190091,0.40472149212937425,542_pollution,2,SVR,False,1
41.79440020993825,2169.5123312724936,46.57802412374846,0.2190224983449952,542_pollution,3,SVR,True,1
41.79440020993825,2169.5123312724936,46.57802412374846,0.2190224983449952,542_pollution,3,SVR,False,1
34.71483322107128,1840.5647302976156,42.901803345519355,0.4346249621080994,542_pollution,4,SVR,True,1
34.71483322107128,1840.5647302976156,42.901803345519355,0.4346249621080994,542_pollution,4,SVR,False,1
39.81084661684766,2062.5972464810898,45.415825947362116,0.30053717247229195,542_pollution,5,SVR,True,1
39.81084661684766,2062.5972464810898,45.415825947362116,0.30053717247229195,542_pollution,5,SVR,False,1
33.58087238287777,1968.814131226162,44.37132104441068,0.3970423166314706,542_pollution,0,SVR,True,5
33.58087238287777,1968.814131226162,44.37132104441068,0.3970423166314706,542_pollution,0,SVR,False,5
40.366958056792676,2648.4226409072126,51.46282775855999,0.0805123154578854,542_pollution,1,SVR,True,5
40.366958056792676,2648.4226409072126,51.46282775855999,0.0805123154578854,542_pollution,1,SVR,False,5
47.59950287535636,3528.2910858703303,59.39941991190091,0.40472149212937425,542_pollution,2,SVR,True,5
47.59950287535636,3528.2910858703303,59.39941991190091,0.40472149212937425,542_pollution,2,SVR,False,5
41.79440020993825,2169.5123312724936,46.57802412374846,0.2190224983449952,542_pollution,3,SVR,True,5
41.79440020993825,2169.5123312724936,46.57802412374846,0.2190224983449952,542_pollution,3,SVR,False,5
34.71483322107128,1840.5647302976156,42.901803345519355,0.4346249621080994,542_pollution,4,SVR,True,5
34.71483322107128,1840.5647302976156,42.901803345519355,0.4346249621080994,542_pollution,4,SVR,False,5
39.81084661684766,2062.5972464810898,45.415825947362116,0.30053717247229195,542_pollution,5,SVR,True,5
39.81084661684766,2062.5972464810898,45.415825947362116,0.30053717247229195,542_pollution,5,SVR,False,5
27.226317211077326,1203.899117879548,34.697249428154215,0.6313007857811426,542_pollution,0,SVR,True,10
30.248400731266003,1550.468285567488,39.375986153587164,0.5251625073312938,542_pollution,0,SVR,False,10
32.00478557984044,2105.433636683934,45.88500448604025,0.2690289421145986,542_pollution,1,SVR,True,10
32.004785579840444,2105.4336366839348,45.88500448604026,0.26902894211459816,542_pollution,1,SVR,False,10
35.08178953576566,2099.634323369663,45.82176691671397,0.6457584828829006,542_pollution,2,SVR,True,10
49.692624303593846,3939.1645841282566,62.76276431235527,0.3354006348038425,542_pollution,2,SVR,False,10
33.03701592865638,1643.702789267719,40.542604618693645,0.4083025575278778,542_pollution,3,SVR,True,10
39.22773837613109,2360.660558707494,48.58662942320134,0.15021327197825218,542_pollution,3,SVR,False,10
30.238660225001695,1343.6101010607883,36.65528749117634,0.5872768833963526,542_pollution,4,SVR,True,10
30.238660225001695,1343.6101010607888,36.655287491176345,0.5872768833963525,542_pollution,4,SVR,False,10
33.44861592546676,1606.4634475498033,40.08071166471228,0.45522012731272343,542_pollution,5,SVR,True,10
38.1898803707364,2589.269687381808,50.884866978128265,0.12193332951563773,542_pollution,5,SVR,False,10
26.28025975759049,1142.4776968166068,33.800557640616034,0.6501113566552197,542_pollution,0,SVR,True,20
26.280259757590482,1142.4776968166063,33.80055764061603,0.6501113566552197,542_pollution,0,SVR,False,20
35.54432998019929,2207.6495038212265,46.985630822850794,0.233541316557471,542_pollution,1,SVR,True,20
35.54432998019929,2207.6495038212265,46.985630822850794,0.233541316557471,542_pollution,1,SVR,False,20
33.06658555522558,1898.6168073465058,43.57312023881817,0.67967331702834,542_pollution,2,SVR,True,20
72.16304630785298,12553.915505878826,112.04425690716515,-1.1180440922804595,542_pollution,2,SVR,False,20
34.88024996967423,1803.1232623007727,42.463198917424634,0.35091463631288866,542_pollution,3,SVR,True,20
32.6917683319098,1823.8044558623587,42.70602364845455,0.3434698540702832,542_pollution,3,SVR,False,20
29.559614164182694,1240.2782634447672,35.21758457709397,0.6190178162991313,542_pollution,4,SVR,True,20
29.559614164182694,1240.2782634447672,35.21758457709397,0.6190178162991313,542_pollution,4,SVR,False,20
32.637154920471225,1712.6140863786832,41.38374181219822,0.41922258775147714,542_pollution,5,SVR,True,20
32.63715492047123,1712.6140863786834,41.383741812198224,0.419222587751477,542_pollution,5,SVR,False,20
0.9102022004951497,1.9368008822105545,1.3916899375257963,0.9915997769948267,505_tecator,0,LR,True,1
0.9102022004951488,1.9368008822105534,1.3916899375257958,0.9915997769948267,505_tecator,0,LR,False,1
1.092370653548363,3.2489924231859626,1.8024961645412627,0.9848449339721707,505_tecator,1,LR,True,1
1.0923706535483637,3.2489924231859604,1.802496164541262,0.9848449339721707,505_tecator,1,LR,False,1
0.9924190206106139,2.1892504555236116,1.4796115894124415,0.9890417466334412,505_tecator,2,LR,True,1
0.9924190206106139,2.1892504555236125,1.479611589412442,0.9890417466334412,505_tecator,2,LR,False,1
0.9916749775525036,2.1793470918806426,1.4762611868773907,0.9893589397360011,505_tecator,3,LR,True,1
0.991674977552503,2.1793470918806404,1.47626118687739,0.9893589397360011,505_tecator,3,LR,False,1
0.886597291949235,1.7696478283906945,1.3302811087851674,0.9883079494841256,505_tecator,4,LR,True,1
0.8865972919492346,1.7696478283906953,1.3302811087851678,0.9883079494841256,505_tecator,4,LR,False,1
0.9605254112841065,2.160603564157572,1.4698991680239744,0.9901370231696811,505_tecator,5,LR,True,1
0.9605254112841077,2.1606035641575745,1.4698991680239752,0.9901370231696811,505_tecator,5,LR,False,1
1.0189778552865494,1.698969424099329,1.3034452133094543,0.9926312910260985,505_tecator,0,LR,True,5
1.018977855286528,1.6989694240992497,1.3034452133094239,0.9926312910260988,505_tecator,0,LR,False,5
1.1346987266296171,2.883429267249388,1.6980663318166898,0.9865501191631315,505_tecator,1,LR,True,5
1.134698726629624,2.8834292672494137,1.6980663318166973,0.9865501191631313,505_tecator,1,LR,False,5
0.9669394711059205,1.6663634099691274,1.290876992578738,0.9916590482367459,505_tecator,2,LR,True,5
0.9669394711059206,1.6663634099691256,1.2908769925787373,0.9916590482367459,505_tecator,2,LR,False,5
0.8969077514067517,1.6122902512533843,1.2697599187458173,0.9921276983411393,505_tecator,3,LR,True,5
0.8969077514067495,1.6122902512533823,1.2697599187458164,0.9921276983411393,505_tecator,3,LR,False,5
0.9680018525691961,1.515312271792512,1.2309802077176188,0.9899883426832816,505_tecator,4,LR,True,5
0.9680018525691813,1.5153122717924807,1.2309802077176062,0.9899883426832818,505_tecator,4,LR,False,5
1.0265369174856966,2.032266863044597,1.425575975893462,0.9907228696111824,505_tecator,5,LR,True,5
1.0265369174856855,2.032266863044548,1.425575975893445,0.9907228696111826,505_tecator,5,LR,False,5
1.0561454917754773,1.9995439506452557,1.41405231538485,0.9913276500189866,505_tecator,0,LR,True,10
1.0561454917780917,1.9995439506509516,1.4140523153868643,0.9913276500189618,505_tecator,0,LR,False,10
1.069014020359904,2.476239877811617,1.5736072819517635,0.9884494717250897,505_tecator,1,LR,True,10
1.069014020359565,2.4762398778110364,1.573607281951579,0.9884494717250923,505_tecator,1,LR,False,10
1.0817332895389156,2.170649838839038,1.473312539429105,0.9891348516821987,505_tecator,2,LR,True,10
1.089255338639895,2.094444313574305,1.4472195111918251,0.9895162970539129,505_tecator,2,LR,False,10
0.9878018389641051,2.7639356868422076,1.6625088531620538,0.9865045791379082,505_tecator,3,LR,True,10
0.9878018389648044,2.763935686838444,1.662508853160922,0.9865045791379266,505_tecator,3,LR,False,10
1.0161407906617062,2.505863038349913,1.5829917998365983,0.9834437808697261,505_tecator,4,LR,True,10
1.0161407906610584,2.5058630383575085,1.5829917998389975,0.9834437808696759,505_tecator,4,LR,False,10
1.072933281791468,2.1391969416713437,1.4625993783915483,0.9902347426333993,505_tecator,5,LR,True,10
1.072933281791481,2.1391969416718877,1.4625993783917344,0.9902347426333968,505_tecator,5,LR,False,10
0.9761042638354037,1.8526837376162832,1.36113325490794,0.9919646068436978,505_tecator,0,LR,True,20
0.9761042638387248,1.852683737629544,1.3611332549128112,0.9919646068436403,505_tecator,0,LR,False,20
0.9710332079848166,1.6501491831661876,1.2845813260226804,0.9923028075879201,505_tecator,1,LR,True,20
0.9710332079846706,1.6501491831652242,1.2845813260223053,0.9923028075879246,505_tecator,1,LR,False,20
1.0288561881684977,1.8168918498515936,1.3479213069951796,0.9909055808666956,505_tecator,2,LR,True,20
1.028856188170973,1.816891849853454,1.34792130699587,0.9909055808666862,505_tecator,2,LR,False,20
0.928662091150397,1.4651189777705769,1.210420991957169,0.992846288966788,505_tecator,3,LR,True,20
0.9286620911507738,1.4651189777729556,1.2104209919581517,0.9928462889667763,505_tecator,3,LR,False,20
0.7857259098528168,1.002103243533739,1.0010510693934345,0.9933791110538795,505_tecator,4,LR,True,20
0.7857259098536957,1.0021032435372612,1.001051069395194,0.9933791110538562,505_tecator,4,LR,False,20
1.020411873952348,1.7011892521869252,1.3042964587036665,0.9922342115616896,505_tecator,5,LR,True,20
1.0204118739521426,1.70118925218348,1.3042964587023458,0.9922342115617053,505_tecator,5,LR,False,20
1.1770833070079483,2.5782917715513727,1.6057060040839894,0.988817525821903,505_tecator,0,KNN,True,1
1.1770833070079483,2.5782917715513727,1.6057060040839894,0.988817525821903,505_tecator,0,KNN,False,1
1.4668332631389296,4.228436989522483,2.0563163641625,0.9802762723257169,505_tecator,1,KNN,True,1
1.4668332631389296,4.228436989522483,2.0563163641625,0.9802762723257169,505_tecator,1,KNN,False,1
1.1177501479784648,2.286876607496508,1.5122422449781345,0.9885530807040489,505_tecator,2,KNN,True,1
1.117333479722341,2.2845515989770195,1.511473320630245,0.9885647184919373,505_tecator,2,KNN,False,1
1.0783332452178003,2.125325823970021,1.4578497261274979,0.9896227084443066,505_tecator,3,KNN,True,1
1.0783332452178003,2.125325823970021,1.4578497261274979,0.9896227084443066,505_tecator,3,KNN,False,1
1.1100000003973645,1.9671166286947042,1.4025393501412728,0.9870032745361371,505_tecator,4,KNN,True,1
1.1100000003973645,1.9671166286947042,1.4025393501412728,0.9870032745361371,505_tecator,4,KNN,False,1
1.1691668430964153,2.688750279506415,1.6397409184094953,0.9877260770327271,505_tecator,5,KNN,True,1
1.1691668430964153,2.688750279506415,1.6397409184094953,0.9877260770327271,505_tecator,5,KNN,False,1
1.9743333513538042,7.300694626249353,2.7019797605180824,0.9683356903043283,505_tecator,0,KNN,True,5
1.9743333513538042,7.300694626249353,2.7019797605180824,0.9683356903043283,505_tecator,0,KNN,False,5
2.0503333076834678,6.354515910145399,2.5208165165567684,0.970359085017899,505_tecator,1,KNN,True,5
2.0503333076834678,6.354515910145399,2.5208165165567684,0.970359085017899,505_tecator,1,KNN,False,5
1.8808333357175187,6.125982987976293,2.4750723197466966,0.969336503490453,505_tecator,2,KNN,True,5
1.8808333357175187,6.125982987976293,2.4750723197466966,0.969336503490453,505_tecator,2,KNN,False,5
1.92933336943388,6.709298585663414,2.5902313768587186,0.9672406241093069,505_tecator,3,KNN,True,5
1.92933336943388,6.709298585663414,2.5902313768587186,0.9672406241093069,505_tecator,3,KNN,False,5
2.070833271741867,6.5807665894669904,2.5653004871685092,0.9565209223197828,505_tecator,4,KNN,True,5
2.070833271741867,6.5807665894669904,2.5653004871685092,0.9565209223197828,505_tecator,4,KNN,False,5
2.0493333439032235,7.540875052619619,2.7460653766106184,0.9655765281710453,505_tecator,5,KNN,True,5
2.0493333439032235,7.540875052619619,2.7460653766106184,0.9655765281710453,505_tecator,5,KNN,False,5
2.581291647752126,11.350833583873458,3.369099818033514,0.9507695735400938,505_tecator,0,KNN,True,10
2.581291647752126,11.350833583873458,3.369099818033514,0.9507695735400938,505_tecator,0,KNN,False,10
2.4139167085289954,10.143506254842073,3.184887165166464,0.9526851752719423,505_tecator,1,KNN,True,10
2.4139167085289954,10.143506254842073,3.184887165166464,0.9526851752719423,505_tecator,1,KNN,False,10
2.159916677077611,7.632777327423994,2.7627481476645666,0.9617942718096034,505_tecator,2,KNN,True,10
2.171583350499471,7.582927375457388,2.7537115635914717,0.9620437948381736,505_tecator,2,KNN,False,10
2.1647500311334924,8.82490698727584,2.9706745003914246,0.956910779643296,505_tecator,3,KNN,True,10
2.1647500311334924,8.82490698727584,2.9706745003914246,0.956910779643296,505_tecator,3,KNN,False,10
2.498749950528145,10.26874139961428,3.204487696904808,0.932154499187601,505_tecator,4,KNN,True,10
2.498749950528145,10.26874139961428,3.204487696904808,0.932154499187601,505_tecator,4,KNN,False,10
2.7884999593098954,14.197121083382585,3.767906724347431,0.9351913147670702,505_tecator,5,KNN,True,10
2.7884999593098954,14.197121083382585,3.767906724347431,0.9351913147670702,505_tecator,5,KNN,False,10
2.939333298802376,15.330070626151384,3.915363409206275,0.9335109700085683,505_tecator,0,KNN,True,20
2.939333298802376,15.330070626151384,3.915363409206275,0.9335109700085683,505_tecator,0,KNN,False,20
2.5889167512456575,12.257115920623782,3.5010164125042005,0.9428261513439734,505_tecator,1,KNN,True,20
2.5889167512456575,12.257115920623782,3.5010164125042005,0.9428261513439734,505_tecator,1,KNN,False,20
2.3767499526341758,9.84508465153178,3.1376877874530122,0.950720607706394,505_tecator,2,KNN,True,20
2.3767499526341758,9.84508465153178,3.1376877874530122,0.950720607706394,505_tecator,2,KNN,False,20
2.8936250552535054,16.490117825612963,4.060802608550798,0.9194839875683282,505_tecator,3,KNN,True,20
2.8936250552535054,16.490117825612963,4.060802608550798,0.9194839875683282,505_tecator,3,KNN,False,20
2.5533333251873653,10.532466481757396,3.245376169530644,0.9304120694604815,505_tecator,4,KNN,True,20
2.5533333251873653,10.532466481757396,3.245376169530644,0.9304120694604815,505_tecator,4,KNN,False,20
3.380166622002919,19.426291024470945,4.407526633438639,0.9113205858530113,505_tecator,5,KNN,True,20
3.380166622002919,19.426291024470945,4.407526633438639,0.9113205858530113,505_tecator,5,KNN,False,20
1.0241666038831074,2.7077000457133433,1.6455090536710344,0.9882562609176685,505_tecator,0,DT,True,1
1.0241666038831074,2.7077000457133433,1.6455090536710344,0.9882562609176685,505_tecator,0,DT,False,1
0.9310417224963508,2.4137935733878897,1.5536388169030437,0.9887407552196222,505_tecator,1,DT,True,1
0.9310417224963508,2.4137935733878897,1.5536388169030437,0.9887407552196222,505_tecator,1,DT,False,1
1.342916578054428,4.711970335452185,2.1707073352831756,0.9764143181236685,505_tecator,2,DT,True,1
1.342916578054428,4.711970335452185,2.1707073352831756,0.9764143181236685,505_tecator,2,DT,False,1
1.0877082869410515,3.6654603884703483,1.914539210481297,0.982102720106252,505_tecator,3,DT,True,1
1.0877082869410515,3.6654603884703483,1.914539210481297,0.982102720106252,505_tecator,3,DT,False,1
1.3583334237337112,4.229166974624307,2.0564938547499496,0.9720579241168327,505_tecator,4,DT,True,1
1.3583334237337112,4.229166974624307,2.0564938547499496,0.9720579241168327,505_tecator,4,DT,False,1
0.9652085304260257,2.137727677457113,1.4620970136954363,0.9902414497031935,505_tecator,5,DT,True,1
0.9652085304260257,2.137727677457113,1.4620970136954363,0.9902414497031935,505_tecator,5,DT,False,1
1.2327082455158234,3.4543941208051456,1.8586000432597503,0.9850177262778795,505_tecator,0,DT,True,5
1.2327082455158234,3.4543941208051456,1.8586000432597503,0.9850177262778795,505_tecator,0,DT,False,5
1.1360416561365125,3.356718342503301,1.8321349138377614,0.9843424417507324,505_tecator,1,DT,True,5
1.1360416561365125,3.356718342503301,1.8321349138377614,0.9843424417507324,505_tecator,1,DT,False,5
0.9958333770434061,2.412917021513293,1.5533566948750996,0.9879221877024112,505_tecator,2,DT,True,5
0.9958333770434061,2.412917021513293,1.5533566948750996,0.9879221877024112,505_tecator,2,DT,False,5
1.2193749273816745,3.932968300780064,1.9831712736876923,0.9807965638603793,505_tecator,3,DT,True,5
1.2193749273816745,3.932968300780064,1.9831712736876923,0.9807965638603793,505_tecator,3,DT,False,5
1.1166667093833285,2.4929167060060142,1.5788973069854841,0.9835293171947121,505_tecator,4,DT,True,5
1.1166667093833285,2.4929167060060142,1.5788973069854841,0.9835293171947121,505_tecator,4,DT,False,5
1.0479167103767395,2.527292008002832,1.5897458941613378,0.9884631207076153,505_tecator,5,DT,True,5
1.0479167103767395,2.527292008002832,1.5897458941613378,0.9884631207076153,505_tecator,5,DT,False,5
1.1152080645163849,2.9450099875934286,1.7161031401385607,0.9872270087878047,505_tecator,0,DT,True,10
1.1152080645163849,2.9450099875934286,1.7161031401385607,0.9872270087878047,505_tecator,0,DT,False,10
1.0818748623132701,2.9470932364868427,1.7167100036077272,0.9862531558182797,505_tecator,1,DT,True,10
1.0818748623132701,2.9470932364868427,1.7167100036077272,0.9862531558182797,505_tecator,1,DT,False,10
0.915833234786987,2.2431167103931267,1.4977038126389097,0.988772120073685,505_tecator,2,DT,True,10
0.9137498984734215,2.242075041739638,1.4973560170312328,0.9887773341271981,505_tecator,2,DT,False,10
1.097083191076914,3.496241096465242,1.869823814284448,0.9829289642097112,505_tecator,3,DT,True,10
1.097083191076914,3.496241096465242,1.869823814284448,0.9829289642097112,505_tecator,3,DT,False,10
1.1687500526507693,2.8839586083097353,1.6982221905009178,0.980945706149504,505_tecator,4,DT,True,10
1.1687500526507693,2.8839586083097353,1.6982221905009178,0.980945706149504,505_tecator,4,DT,False,10
0.949791689713796,1.9685524088547204,1.4030511070002833,0.9910137208325059,505_tecator,5,DT,True,10
0.949791689713796,1.9685524088547204,1.4030511070002833,0.9910137208325059,505_tecator,5,DT,False,10
1.1777081539233523,3.2112606281447675,1.7919990591919315,0.9860722361023705,505_tecator,0,DT,True,20
1.1777081539233523,3.2112606281447675,1.7919990591919315,0.9860722361023705,505_tecator,0,DT,False,20
1.072708303729693,2.960043250728041,1.720477622850132,0.9861927499153647,505_tecator,1,DT,True,20
1.072708303729693,2.960043250728041,1.720477622850132,0.9861927499153647,505_tecator,1,DT,False,20
1.0304165979226427,2.395825080283887,1.5478453024394547,0.9880077411035973,505_tecator,2,DT,True,20
1.0304165979226427,2.395825080283887,1.5478453024394547,0.9880077411035973,505_tecator,2,DT,False,20
1.1699998577435808,3.86728289386476,1.9665408446978059,0.9811172848579914,505_tecator,3,DT,True,20
1.1699998577435808,3.86728289386476,1.9665408446978059,0.9811172848579914,505_tecator,3,DT,False,20
1.0979167073965073,2.3756250723207266,1.5413062876406904,0.9843042621776272,505_tecator,4,DT,True,20
1.0979167073965073,2.3756250723207266,1.5413062876406904,0.9843042621776272,505_tecator,4,DT,False,20
1.0777084728082025,2.5014775955998485,1.5816060178185491,0.9885809613682727,505_tecator,5,DT,True,20
1.0777084728082025,2.5014775955998485,1.5816060178185491,0.9885809613682727,505_tecator,5,DT,False,20
0.950812522744139,1.9002636849856696,1.3785005204879937,0.9917582448102289,505_tecator,0,RF,True,1
0.950812522744139,1.9002636849856696,1.3785005204879937,0.9917582448102289,505_tecator,0,RF,False,1
1.0811457462112106,2.338688570436188,1.5292771398396656,0.9890910857622947,505_tecator,1,RF,True,1
1.0811457462112106,2.338688570436188,1.5292771398396656,0.9890910857622947,505_tecator,1,RF,False,1
1.175836505740881,3.238612050687532,1.7996144172259603,0.9837891862404861,505_tecator,2,RF,True,1
1.175836505740881,3.238612050687532,1.7996144172259603,0.9837891862404861,505_tecator,2,RF,False,1
0.9050184198986914,1.9579819074887361,1.3992790670515787,0.9904397956842075,505_tecator,3,RF,True,1
0.9050184198986914,1.9579819074887361,1.3992790670515787,0.9904397956842075,505_tecator,3,RF,False,1
1.067395879179239,2.1426316820985143,1.4637730978872765,0.9858436478365356,505_tecator,4,RF,True,1
1.067395879179239,2.1426316820985143,1.4637730978872765,0.9858436478365356,505_tecator,4,RF,False,1
0.943017514622874,1.7825782416631408,1.335132293693453,0.9918626775464895,505_tecator,5,RF,True,1
0.943017514622874,1.7825782416631408,1.335132293693453,0.9918626775464895,505_tecator,5,RF,False,1
1.0725958309322594,2.745345482880556,1.6569084111321772,0.9880929864839173,505_tecator,0,RF,True,5
1.0725958309322594,2.745345482880556,1.6569084111321772,0.9880929864839173,505_tecator,0,RF,False,5
0.9652332562456521,1.963170683296479,1.4011319292973374,0.9908427052285699,505_tecator,1,RF,True,5
0.9652332562456521,1.963170683296479,1.4011319292973374,0.9908427052285699,505_tecator,1,RF,False,5
0.8713312903543313,1.52391431749522,1.2344692452609827,0.992372074580181,505_tecator,2,RF,True,5
0.8713312903543313,1.52391431749522,1.2344692452609827,0.992372074580181,505_tecator,2,RF,False,5
0.9127646260460215,2.183213481392318,1.4775701274025264,0.9893400613829608,505_tecator,3,RF,True,5
0.9127646260460215,2.183213481392318,1.4775701274025264,0.9893400613829608,505_tecator,3,RF,False,5
0.9130208755781255,1.4546465382701712,1.2060872846814077,0.9903891607497615,505_tecator,4,RF,True,5
0.9130208755781255,1.4546465382701712,1.2060872846814077,0.9903891607497615,505_tecator,4,RF,False,5
0.8415979258716103,1.418008589043214,1.1908016581459793,0.9935269079015986,505_tecator,5,RF,True,5
0.8415979258716103,1.418008589043214,1.1908016581459793,0.9935269079015986,505_tecator,5,RF,False,5
1.045924944182237,2.718945870227042,1.6489226392487435,0.9882074859327644,505_tecator,0,RF,True,10
1.045924944182237,2.718945870227042,1.6489226392487435,0.9882074859327644,505_tecator,0,RF,False,10
0.9624020083745322,1.8955923669161514,1.376805130334773,0.9911579272153879,505_tecator,1,RF,True,10
0.9624020083745322,1.8955923669161514,1.376805130334773,0.9911579272153879,505_tecator,1,RF,False,10
0.8605166289210319,1.522228314245142,1.2337861703898054,0.9923805138388069,505_tecator,2,RF,True,10
0.8744270568589371,1.5313333348075684,1.2374705389655014,0.992334938823861,505_tecator,2,RF,False,10
0.9123979526758194,2.1190438302173167,1.455693590772906,0.9896533814262972,505_tecator,3,RF,True,10
0.9123979526758194,2.1190438302173167,1.455693590772906,0.9896533814262972,505_tecator,3,RF,False,10
0.915437547042966,1.4655363943393178,1.2105934058714007,0.9903172115487802,505_tecator,4,RF,True,10
0.915437547042966,1.4655363943393178,1.2105934058714007,0.9903172115487802,505_tecator,4,RF,False,10
0.8316208552320794,1.3944638958622868,1.1808742083144532,0.9936343874814589,505_tecator,5,RF,True,10
0.8316208552320794,1.3944638958622868,1.1808742083144532,0.9936343874814589,505_tecator,5,RF,False,10
1.0746227462341387,2.8072052802872043,1.6754716590522216,0.9878246903993566,505_tecator,0,RF,True,20
1.0746227462341387,2.8072052802872043,1.6754716590522216,0.9878246903993566,505_tecator,0,RF,False,20
0.9750291129698351,1.979012386597444,1.4067737510337062,0.9907688109166576,505_tecator,1,RF,True,20
0.9750291129698351,1.979012386597444,1.4067737510337062,0.9907688109166576,505_tecator,1,RF,False,20
0.8918707971274853,1.5649220421202028,1.2509684416963534,0.992166811159866,505_tecator,2,RF,True,20
0.8918707971274853,1.5649220421202028,1.2509684416963534,0.992166811159866,505_tecator,2,RF,False,20
0.9128958674768607,2.1405022757203995,1.4630455480675917,0.9895486066464465,505_tecator,3,RF,True,20
0.9128958674768607,2.1405022757203995,1.4630455480675917,0.9895486066464465,505_tecator,3,RF,False,20
0.9473125612487396,1.5307403204542946,1.2372309083005866,0.9898864096763743,505_tecator,4,RF,True,20
0.9473125612487396,1.5307403204542946,1.2372309083005866,0.9898864096763743,505_tecator,4,RF,False,20
0.9090958674997087,1.546370811497764,1.2435315884599651,0.9929409449572807,505_tecator,5,RF,True,20
0.9090958674997087,1.546370811497764,1.2435315884599651,0.9929409449572807,505_tecator,5,RF,False,20
1.0580089666277452,1.983867087149332,1.4084981672509667,0.9913956431465182,505_tecator,0,SVR,True,1
1.0580089666277452,1.9838670871493314,1.4084981672509664,0.9913956431465182,505_tecator,0,SVR,False,1
1.2877734354370176,3.356511043974821,1.832078340021196,0.9843434087037065,505_tecator,1,SVR,True,1
1.2877734354370367,3.35651104397493,1.8320783400212257,0.9843434087037061,505_tecator,1,SVR,False,1
1.1036483959395984,2.1328496919402418,1.4604279139828305,0.9893240596305013,505_tecator,2,SVR,True,1
1.1036483959395988,2.1328496919402413,1.4604279139828305,0.9893240596305013,505_tecator,2,SVR,False,1
1.168666302589083,2.304467017596757,1.518047106514405,0.988748018843807,505_tecator,3,SVR,True,1
1.1686663025890844,2.3044670175967585,1.5180471065144054,0.988748018843807,505_tecator,3,SVR,False,1
1.0820567558445682,1.9307365847741709,1.389509476316794,0.9872436372255178,505_tecator,4,SVR,True,1
1.0820567558445668,1.9307365847741664,1.3895094763167923,0.9872436372255178,505_tecator,4,SVR,False,1
1.1452920870554093,2.442669617351184,1.562904225264998,0.9888494149321408,505_tecator,5,SVR,True,1
1.1452920870554104,2.442669617351185,1.5629042252649983,0.9888494149321408,505_tecator,5,SVR,False,1
1.0998323914984356,1.8854631394959835,1.3731216768720766,0.9918224372028768,505_tecator,0,SVR,True,5
1.0998323914984347,1.8854631394959818,1.373121676872076,0.9918224372028768,505_tecator,0,SVR,False,5
1.23942934111523,2.8135928765995732,1.677376784327115,0.9868758740352851,505_tecator,1,SVR,True,5
1.2394293411152306,2.8135928765995697,1.6773767843271141,0.9868758740352852,505_tecator,1,SVR,False,5
1.0385856566007077,1.6905621755856917,1.300216203400685,0.991537921755253,505_tecator,2,SVR,True,5
1.0385856566007081,1.6905621755856926,1.3002162034006854,0.991537921755253,505_tecator,2,SVR,False,5
1.0255442045695415,1.7707143521981275,1.330681912478759,0.9913541637299232,505_tecator,3,SVR,True,5
1.025544204569545,1.7707143521981317,1.3306819124787606,0.9913541637299232,505_tecator,3,SVR,False,5
1.0627605419593213,1.6469620189124587,1.2833401805103972,0.9891185337478346,505_tecator,4,SVR,True,5
1.0627605419593287,1.6469620189124694,1.2833401805104012,0.9891185337478346,505_tecator,4,SVR,False,5
1.1474297135177227,2.2248482534471488,1.491592522590251,0.9898437514689186,505_tecator,5,SVR,True,5
1.14742971351772,2.2248482534471408,1.4915925225902484,0.9898437514689186,505_tecator,5,SVR,False,5
1.1041094434120777,1.8341261121675982,1.3542991221172662,0.9920450943081797,505_tecator,0,SVR,True,10
1.1041094434120529,1.834126112167579,1.3542991221172591,0.9920450943081798,505_tecator,0,SVR,False,10
1.2225792778319653,2.7602892564388255,1.6614118262606732,0.9871245110826644,505_tecator,1,SVR,True,10
1.2225792778319666,2.760289256438829,1.6614118262606743,0.9871245110826644,505_tecator,1,SVR,False,10
1.048778509728104,1.6908595777436404,1.3003305647963677,0.9915364331141565,505_tecator,2,SVR,True,10
1.0728350108843678,1.7019233562853031,1.3045778460043322,0.9914810535717451,505_tecator,2,SVR,False,10
1.0370979842294241,1.7897735293614643,1.3378241772973998,0.9912611038160009,505_tecator,3,SVR,True,10
1.0370979842294248,1.7897735293614632,1.3378241772973993,0.9912611038160009,505_tecator,3,SVR,False,10
1.0408132633582932,1.5427879665350595,1.2420901603889547,0.9898068109650862,505_tecator,4,SVR,True,10
1.0408132633582825,1.5427879665350428,1.242090160388948,0.9898068109650863,505_tecator,4,SVR,False,10
1.1371839616875548,2.2418457976776085,1.4972794654564687,0.9897661590833007,505_tecator,5,SVR,True,10
1.1371839616875552,2.2418457976776103,1.4972794654564692,0.9897661590833007,505_tecator,5,SVR,False,10
1.0798110247126715,1.6791139990215018,1.2958063123096375,0.9927174072603734,505_tecator,0,SVR,True,20
1.079811024712672,1.6791139990215018,1.2958063123096375,0.9927174072603734,505_tecator,0,SVR,False,20
1.1775767246882645,2.673530362021927,1.635093380214698,0.9875292017073659,505_tecator,1,SVR,True,20
1.1775767246882645,2.673530362021927,1.635093380214698,0.9875292017073659,505_tecator,1,SVR,False,20
1.073092078207903,1.6826789442476224,1.2971811532116948,0.9915773811264419,505_tecator,2,SVR,True,20
1.073092078207903,1.6826789442476249,1.2971811532116957,0.9915773811264418,505_tecator,2,SVR,False,20
1.0576117897867439,1.73715471533441,1.3180116521997862,0.9915180247870422,505_tecator,3,SVR,True,20
1.0576117897867445,1.737154715334409,1.3180116521997858,0.9915180247870422,505_tecator,3,SVR,False,20
1.043426795940679,1.560982568017847,1.249392879769149,0.9896865993635234,505_tecator,4,SVR,True,20
1.0434267959406676,1.5609825680178233,1.2493928797691394,0.9896865993635235,505_tecator,4,SVR,False,20
1.045982482503675,1.9418151545077225,1.393490277866237,0.991135774190422,505_tecator,5,SVR,True,20
1.0459824825036756,1.9418151545077242,1.3934902778662377,0.991135774190422,505_tecator,5,SVR,False,20
