test_mae,test_mse,test_rmse,test_r2,iteration,alg,leak,ds
6.070012176090593,94.35013492007522,9.71222929540621,0.7212831317244073,0,LR,True,197_cpu_act
6.07001217609059,94.3501349200752,9.71222929540621,0.7212831317244074,0,LR,False,197_cpu_act
6.071831479231603,93.77166063979882,9.67050182194346,0.7221318916445403,1,LR,True,197_cpu_act
6.071831479231602,93.77166063979888,9.67050182194346,0.7221318916445401,1,LR,False,197_cpu_act
6.0696678357494624,94.69719876268042,9.722083164485548,0.7201611636787283,2,LR,True,197_cpu_act
6.069667835749462,94.69719876268044,9.72208316448555,0.7201611636787283,2,LR,False,197_cpu_act
6.072282644731433,95.3429457906731,9.760850044529178,0.7178258715883843,3,LR,True,197_cpu_act
6.072282644731434,95.34294579067316,9.760850044529182,0.7178258715883842,3,LR,False,197_cpu_act
6.075638889481136,94.0156822578733,9.687643569596608,0.722513309164132,4,LR,True,197_cpu_act
6.075638889481136,94.0156822578733,9.687643569596606,0.7225133091641323,4,LR,False,197_cpu_act
6.080964550758741,93.70360164889334,9.678365022023648,0.7228738252511924,5,LR,True,197_cpu_act
6.080964550758737,93.70360164889334,9.678365022023645,0.7228738252511924,5,LR,False,197_cpu_act
2.2659423828125003,25.2864208984375,4.985802254548005,0.925232465136158,0,KNN,True,197_cpu_act
2.2718505859375,24.766713867187494,4.933036742988747,0.926831717570182,0,KNN,False,197_cpu_act
2.23779296875,24.004765625,4.8859669382255415,0.9285127623012016,1,KNN,True,197_cpu_act
2.24931640625,24.92982421875,4.964065207795843,0.92570401997157,1,KNN,False,197_cpu_act
2.2413818359375,23.478520507812505,4.8342049100336295,0.9306521585312496,2,KNN,True,197_cpu_act
2.24091796875,22.988574218750003,4.785141703955939,0.9320948548805932,2,KNN,False,197_cpu_act
2.248095703125,25.123466796875,4.987441946679001,0.9262822273493272,3,KNN,True,197_cpu_act
2.2305908203125004,24.0005224609375,4.859989010150068,0.9297500774917014,3,KNN,False,197_cpu_act
2.2379150390625,22.9321826171875,4.777713708441148,0.9318994947983786,4,KNN,True,197_cpu_act
2.24365234375,22.642421875,4.7483086366188845,0.9326720675084572,4,KNN,False,197_cpu_act
2.2572021484375,23.7289111328125,4.833588841672701,0.9291156673002022,5,KNN,True,197_cpu_act
2.2518310546875,23.282124023437497,4.7870761107477975,0.9304150019338192,5,KNN,False,197_cpu_act
2.459716796875,12.5634765625,3.5415206844708096,0.9628127053601594,0,DT,True,197_cpu_act
2.4598388671875,12.5770263671875,3.543462420868863,0.9627736261293168,0,DT,False,197_cpu_act
2.4639892578125,12.5958251953125,3.547830244544067,0.9619648495107498,1,DT,True,197_cpu_act
2.466064453125,12.603271484375,3.5489174412043423,0.9619449815580956,1,DT,False,197_cpu_act
2.42822265625,12.14453125,3.4845657983867184,0.964090553825154,2,DT,True,197_cpu_act
2.42529296875,12.0986328125,3.47796355310137,0.964225139680941,2,DT,False,197_cpu_act
2.4251708984375,12.2362060546875,3.4977253452558625,0.9637609985573148,3,DT,True,197_cpu_act
2.4271240234375,12.2637939453125,3.501693870000266,0.9636806573947336,3,DT,False,197_cpu_act
2.4158935546875,12.1165771484375,3.4806157410512384,0.9641826363649508,4,DT,True,197_cpu_act
2.417724609375,12.124267578125,3.4817413868127582,0.9641590354854676,4,DT,False,197_cpu_act
2.4949951171875,12.9652099609375,3.6003134908034164,0.9616089769380411,5,DT,True,197_cpu_act
2.4935302734375,12.8909912109375,3.590191957303692,0.9618268428349956,5,DT,False,197_cpu_act
1.718055419921875,6.271742077636718,2.503190700147805,0.981449455680109,0,RF,True,197_cpu_act
1.717725830078125,6.27032950439453,2.502892191915796,0.9814535244662896,0,RF,False,197_cpu_act
1.7062536621093751,5.992392810058594,2.446754977415276,0.9820749035428232,1,RF,True,197_cpu_act
1.70635986328125,5.9949256103515625,2.4472652602923,0.9820685774653396,1,RF,False,197_cpu_act
1.710633544921875,6.055127307128906,2.459398500412833,0.9820835523454764,2,RF,True,197_cpu_act
1.7109130859375,6.055744018554687,2.4595111723475727,0.9820816094336324,2,RF,False,197_cpu_act
1.7149951171875,6.0376833740234375,2.456617730861971,0.9820817857159474,3,RF,True,197_cpu_act
1.71525634765625,6.044357714843751,2.4580220869663165,0.9820639017334254,3,RF,False,197_cpu_act
1.7096203613281251,6.045085559082032,2.4565262036227757,0.9821443475254784,4,RF,True,197_cpu_act
1.710413818359375,6.052503283691406,2.457941674558444,0.982122210628572,4,RF,False,197_cpu_act
1.7143957519531248,6.222932971191407,2.4922703120810183,0.9815248233077823,5,RF,True,197_cpu_act
1.7145129394531249,6.225671545410156,2.4926868116218888,0.9815165475379548,5,RF,False,197_cpu_act
3.699782684312977,175.357602874423,13.061391325324378,0.484095783498132,0,SVR,True,197_cpu_act
3.6994468029420977,175.3481880729838,13.060936204003468,0.484125502405049,0,SVR,False,197_cpu_act
3.695289031809528,170.84592192212315,13.039554955706544,0.489543676419872,1,SVR,True,197_cpu_act
3.69538916919555,170.811665296183,13.038258950244709,0.4896480972462146,1,SVR,False,197_cpu_act
3.708123175544333,171.8809005820625,12.969381405816904,0.4916362655124672,2,SVR,True,197_cpu_act
3.708789277981115,171.8805983790618,12.969381705712582,0.4916363847428812,2,SVR,False,197_cpu_act
3.713804835096156,177.77995677578227,13.125405053033305,0.4710031904713322,3,SVR,True,197_cpu_act
3.713146318598537,177.79442282575212,13.12631385667058,0.4709573320518327,3,SVR,False,197_cpu_act
3.712197960911223,173.70876956726516,13.092549828864133,0.485943413476576,4,SVR,True,197_cpu_act
3.7120225247891634,173.7193298664872,13.093081534217704,0.4859207472091279,4,SVR,False,197_cpu_act
3.6926135662568345,170.86375528660722,13.022467958820489,0.4926674237940185,5,SVR,True,197_cpu_act
3.6915135183420658,170.9025437404363,13.023851124980595,0.4925484609135894,5,SVR,False,197_cpu_act
0.5416874868282769,1.97512850844747,1.2866079982524128,0.9735069220806318,0,LR,True,560_bodyfat
0.5416874868282794,1.975128508447484,1.2866079982524183,0.9735069220806316,0,LR,False,560_bodyfat
0.5557135981118495,1.9994199039793308,1.2634980594742555,0.9728857140990476,1,LR,True,560_bodyfat
0.5557135981118572,1.9994199039793352,1.2634980594742595,0.9728857140990476,1,LR,False,560_bodyfat
0.5429524736401732,1.9737099915431848,1.160855496913201,0.9735994317524737,2,LR,True,560_bodyfat
0.5429524736401703,1.9737099915431675,1.1608554969131957,0.973599431752474,2,LR,False,560_bodyfat
0.5657638927543578,2.0143140126667944,1.2028490848645432,0.967291782528252,3,LR,True,560_bodyfat
0.5657638927543626,2.0143140126668144,1.2028490848645508,0.9672917825282518,3,LR,False,560_bodyfat
0.5425034531919161,1.9773322197621328,1.2743075619871571,0.9690016227860244,4,LR,True,560_bodyfat
0.5425034531919172,1.9773322197621388,1.2743075619871609,0.9690016227860244,4,LR,False,560_bodyfat
0.5780344486822085,2.0324938715096343,1.2671328900901588,0.9680958072016552,5,LR,True,560_bodyfat
0.5780344486822053,2.032493871509621,1.2671328900901513,0.9680958072016554,5,LR,False,560_bodyfat
2.662619018696604,11.612633233598212,3.3824393784812115,0.8325570788972836,0,KNN,True,560_bodyfat
2.6538094947735478,11.846028505924677,3.4225229190120285,0.8278010654777254,0,KNN,False,560_bodyfat
2.856984093312233,12.5418634129308,3.5364115591578766,0.8125265743832399,1,KNN,True,560_bodyfat
2.914285679090591,12.911282444696155,3.590668970127985,0.8020292948105483,1,KNN,False,560_bodyfat
2.617777769858875,10.94993658947216,3.2673077821463377,0.8412537445769739,2,KNN,True,560_bodyfat
2.583888877289636,10.885033435827866,3.2625977186462363,0.8419648702348224,2,KNN,False,560_bodyfat
2.7584126612023705,12.449038159364685,3.518453080000062,0.8184701156306554,3,KNN,True,560_bodyfat
2.852142834568781,13.121077923492711,3.6140074527261663,0.8080403919428154,3,KNN,False,560_bodyfat
2.639841234352853,11.235739512067674,3.3335941118702843,0.8402919820847958,4,KNN,True,560_bodyfat
2.6931745599186607,11.62928233308974,3.3994721340731657,0.8335970789464031,4,KNN,False,560_bodyfat
2.6172221689943287,10.738985454957373,3.2458560384919197,0.8472678032894607,5,KNN,True,560_bodyfat
2.6781745617824884,11.057712461435536,3.305466432209278,0.8417663396308865,5,KNN,False,560_bodyfat
0.5587301559391474,2.6125396783962023,1.502192817666112,0.964481563618903,0,DT,True,560_bodyfat
0.5575396827762088,2.611944441814733,1.5020733394497754,0.9644888701969097,0,DT,False,560_bodyfat
0.6150794059984267,3.0739683830458806,1.702600745291015,0.9575336334085736,1,DT,True,560_bodyfat
0.6154762329090209,3.0742461614291643,1.7026687020875173,0.9575302989520696,1,DT,False,560_bodyfat
0.5301587311994465,3.082381039583961,1.5146084418985015,0.9559680872941244,2,DT,True,560_bodyfat
0.5301587311994465,3.082381039583961,1.5146084418985015,0.9559680872941244,2,DT,False,560_bodyfat
0.5107143237477259,2.041785922013073,1.31932191579617,0.9677386938877826,3,DT,True,560_bodyfat
0.5107143237477259,2.041785922013073,1.31932191579617,0.9677386938877826,3,DT,False,560_bodyfat
0.5777778034172362,3.006428666266564,1.5881621046266703,0.9559757977891126,4,DT,True,560_bodyfat
0.5785714648072683,3.006587399150071,1.5882120922220433,0.9559736997514215,4,DT,False,560_bodyfat
0.4630953501614311,1.8883731371547547,1.2870939258149168,0.9714085582826322,5,DT,True,560_bodyfat
0.4634921732876034,1.888492184168294,1.2871247402578814,0.9714065554332988,5,DT,False,560_bodyfat
0.5094167005731947,2.596820333163321,1.4670078274934806,0.9652481089687152,0,RF,True,560_bodyfat
0.5093968578747341,2.59443048578166,1.4665665649879362,0.9652780720774548,0,RF,False,560_bodyfat
0.453634912253372,2.1022080298558565,1.4285421885950362,0.9699132891842206,1,RF,True,560_bodyfat
0.4561785634406027,2.1076149437244918,1.4303672750220855,0.9698512474896112,1,RF,False,560_bodyfat
0.4119166554557899,1.8953630302411764,1.1638637529853282,0.9748441577566316,2,RF,True,560_bodyfat
0.4127023659788426,1.9006893302247208,1.1675237977478257,0.9747631486435177,2,RF,False,560_bodyfat
0.4452777403190968,2.136090396431768,1.3050314869606692,0.9671236986632712,3,RF,True,560_bodyfat
0.4451745657764728,2.135959451781812,1.305003135900253,0.9671241177735826,3,RF,False,560_bodyfat
0.4271071133443286,2.04214815725634,1.2942036702290352,0.9705641601475038,4,RF,True,560_bodyfat
0.4269285441840451,2.0397975647937585,1.2932130267715576,0.970597297318668,4,RF,False,560_bodyfat
0.4937777682216391,2.398199239349208,1.455080959919669,0.9639431993084668,5,RF,True,560_bodyfat
0.490853158677854,2.39117445154208,1.4487199632209102,0.9640437117495252,5,RF,False,560_bodyfat
0.5562702908282057,1.8217881492157304,1.2321350514514653,0.9756789970732712,0,SVR,True,560_bodyfat
0.5599377674687884,1.8240909406718344,1.233868976355518,0.9756249457040828,0,SVR,False,560_bodyfat
0.543669198387362,1.9181117142173445,1.2117251129836866,0.9740456762950914,1,SVR,True,560_bodyfat
0.5451431624381221,1.9189493175307235,1.2121151694314194,0.9740274922270484,1,SVR,False,560_bodyfat
0.5151250736067314,1.7569530454487818,1.0305485661425828,0.9766735043614292,2,SVR,True,560_bodyfat
0.5148929732875753,1.757806775875821,1.0306737881528187,0.9766632928643332,2,SVR,False,560_bodyfat
0.5474008555843941,1.8264243452883309,1.1101763524232873,0.9701166342739164,3,SVR,True,560_bodyfat
0.5463701923141789,1.8260642428836,1.109091008038651,0.9701138920336588,3,SVR,False,560_bodyfat
0.5367379130407137,1.8505242894496048,1.204486209342745,0.9708164225107684,4,SVR,True,560_bodyfat
0.537950479489773,1.8518498040365576,1.205272112435947,0.970806763002958,4,SVR,False,560_bodyfat
0.543067390963205,1.9271091764170156,1.2096982932333562,0.969575256040482,5,SVR,True,560_bodyfat
0.5432821493785998,1.926244927607663,1.209290332685844,0.9695882844500406,5,SVR,False,560_bodyfat
1.4558894936154014,8.449701000192375,2.546821393510009,0.5056513941218543,0,LR,True,1096_FacultySalaries
1.4558894936153992,8.449701000192356,2.5468213935100064,0.5056513941218556,0,LR,False,1096_FacultySalaries
1.4454284513859263,10.28081971138344,2.6634407644298643,0.5421220092766016,1,LR,True,1096_FacultySalaries
1.4454284513859266,10.280819711383453,2.663440764429866,0.5421220092766009,1,LR,False,1096_FacultySalaries
1.2933742223406774,7.293141542030379,2.273910750666821,0.5930582819292436,2,LR,True,1096_FacultySalaries
1.2933742223406748,7.293141542030378,2.273910750666821,0.5930582819292437,2,LR,False,1096_FacultySalaries
1.3870989961664884,9.932502103266849,2.5570009736331434,0.396434099494814,3,LR,True,1096_FacultySalaries
1.3870989961664888,9.93250210326686,2.5570009736331443,0.3964340994948132,3,LR,False,1096_FacultySalaries
1.2735937221848792,7.255197248365622,2.251831382188286,0.3740198390642898,4,LR,True,1096_FacultySalaries
1.273593722184878,7.255197248365615,2.2518313821882847,0.3740198390642903,4,LR,False,1096_FacultySalaries
1.2854999387741497,7.042113290162845,2.2799484584907383,0.6780597532106832,5,LR,True,1096_FacultySalaries
1.2854999387741524,7.04211329016285,2.2799484584907392,0.6780597532106831,5,LR,False,1096_FacultySalaries
1.9505257655412724,6.140035305952751,2.426185893087194,0.6865596289922622,0,KNN,True,1096_FacultySalaries
1.9698206436939727,6.209461013745395,2.441754929502583,0.6833219589185613,0,KNN,False,1096_FacultySalaries
1.9065384815900752,5.601669665247529,2.3531917819117485,0.7179372623470881,1,KNN,True,1096_FacultySalaries
1.8707692390833144,5.434261913782671,2.3129207610945186,0.7295200905651178,1,KNN,False,1096_FacultySalaries
1.6285897878500126,4.721946208811544,2.146515874249314,0.7539015217425188,2,KNN,True,1096_FacultySalaries
1.733653912177452,5.209712774418024,2.2532945241630373,0.7297395853275892,2,KNN,False,1096_FacultySalaries
1.7922884928874476,5.142495114260727,2.2332563538952144,0.7361694975601729,3,KNN,True,1096_FacultySalaries
1.818442336106911,5.215848953724185,2.246264190185165,0.7334583215145563,3,KNN,False,1096_FacultySalaries
1.7489295751620564,5.624102290279725,2.349779103734796,0.7003891627396529,4,KNN,True,1096_FacultySalaries
1.7604680403684962,5.651802276986953,2.356188105834707,0.6989833160532183,4,KNN,False,1096_FacultySalaries
1.984589740557548,6.201240052838351,2.4654614021464845,0.6532656995262476,5,KNN,True,1096_FacultySalaries
2.024685900027935,6.401218862175471,2.5072850023263284,0.6456115844014672,5,KNN,False,1096_FacultySalaries
1.5885894848750173,4.937750747760636,2.1096907516452155,0.7292191822983242,0,DT,True,1096_FacultySalaries
1.5789741002596327,4.907943070124856,2.0985650897380084,0.7303509091037738,0,DT,False,1096_FacultySalaries
1.6469228512201544,5.488713062611216,2.289838479211137,0.6668908713189525,1,DT,True,1096_FacultySalaries
1.6469228512201544,5.488713062611216,2.289838479211137,0.6668908713189525,1,DT,False,1096_FacultySalaries
1.8512817774063488,6.341486848001806,2.4617610691723546,0.6172758620768782,2,DT,True,1096_FacultySalaries
1.8512817774063488,6.341486848001806,2.4617610691723546,0.6172758620768782,2,DT,False,1096_FacultySalaries
1.962179159506773,6.701178894631317,2.5771095728120823,0.647580342212833,3,DT,True,1096_FacultySalaries
1.962179159506773,6.701178894631317,2.5771095728120823,0.647580342212833,3,DT,False,1096_FacultySalaries
1.8166986795572129,6.02841879905475,2.4116184193346206,0.6136632904237431,4,DT,True,1096_FacultySalaries
1.7521153780130234,5.828210662814061,2.3716322698941648,0.6210325378885895,4,DT,False,1096_FacultySalaries
2.156923037308913,9.781481493310942,2.83037362187045,0.5653002100320945,5,DT,True,1096_FacultySalaries
2.156923037308913,9.781481493310942,2.83037362187045,0.5653002100320945,5,DT,False,1096_FacultySalaries
1.5727604914322872,4.262161780659114,1.9576243107269855,0.7638772006138319,0,RF,True,1096_FacultySalaries
1.572447991310021,4.261484064795545,1.9574236112861123,0.7638929877328945,0,RF,False,1096_FacultySalaries
1.5086330899214129,3.953627054287737,1.949513125090038,0.764521845304454,1,RF,True,1096_FacultySalaries
1.5055914235726375,3.9438258968707567,1.947655479393798,0.7652945690803132,1,RF,False,1096_FacultySalaries
1.5129617698375992,3.673988225432524,1.8738624302794291,0.7847203991364371,2,RF,True,1096_FacultySalaries
1.5129617698375992,3.673988225432524,1.8738624302794291,0.7847203991364371,2,RF,False,1096_FacultySalaries
1.7867298244207337,5.256113220231264,2.2848589628205875,0.7248094343912898,3,RF,True,1096_FacultySalaries
1.784800657859216,5.259645801222409,2.2853981400269285,0.7247542243681437,3,RF,False,1096_FacultySalaries
1.6835480289581493,4.671900377445626,2.159761954503908,0.7157892494021747,4,RF,True,1096_FacultySalaries
1.7078605219645375,4.706003484212312,2.1676252689611077,0.7145339845672747,4,RF,False,1096_FacultySalaries
1.7522773605126596,5.151167795818717,2.2384342937035653,0.7141077719027996,5,RF,True,1096_FacultySalaries
1.7515241861954711,5.1519805246389305,2.23857574185794,0.7140782960518408,5,RF,False,1096_FacultySalaries
1.443644246226659,3.536950399815778,1.833469319921912,0.8098959749006049,0,SVR,True,1096_FacultySalaries
1.4406102961005811,3.533520009186954,1.832715630928951,0.8091846418546527,0,SVR,False,1096_FacultySalaries
1.3755027817060224,3.231060847717284,1.7951967323968274,0.8297024861677157,1,SVR,True,1096_FacultySalaries
1.3824079976431751,3.270403159292675,1.805756438673023,0.8277916409613815,1,SVR,False,1096_FacultySalaries
1.3236310417907322,2.87183096722798,1.6416267767292332,0.8516778587039903,2,SVR,True,1096_FacultySalaries
1.322694460770129,2.869049214739617,1.646256641568608,0.8504908812731887,2,SVR,False,1096_FacultySalaries
1.3856996523326737,3.0723112921608773,1.7486321462002978,0.8360796541210943,3,SVR,True,1096_FacultySalaries
1.3783802829040546,3.016725679537608,1.7334762057942794,0.8390004495186292,3,SVR,False,1096_FacultySalaries
1.3236046833368065,2.859367374922068,1.6720518998811562,0.8146233916225809,4,SVR,True,1096_FacultySalaries
1.3145437807358709,2.802277730987274,1.65594959149416,0.8187181472842056,4,SVR,False,1096_FacultySalaries
1.380985353483622,3.053710106458171,1.7338832933287485,0.8218475723943741,5,SVR,True,1096_FacultySalaries
1.371387282464036,3.0357038388263264,1.7267779966004375,0.8209966750918913,5,SVR,False,1096_FacultySalaries
0.4046142985228038,0.2851131835891175,0.5331596706374971,0.8537022319120883,0,LR,True,1027_ESL
0.4046142985228037,0.2851131835891175,0.5331596706374973,0.8537022319120883,0,LR,False,1027_ESL
0.404985749147686,0.283109325109612,0.5313951439470123,0.8588245891228318,1,LR,True,1027_ESL
0.404985749147686,0.2831093251096119,0.5313951439470121,0.8588245891228318,1,LR,False,1027_ESL
0.4047901435027106,0.2821117998360097,0.5306033557895812,0.8568287859289743,2,LR,True,1027_ESL
0.4047901435027106,0.2821117998360097,0.5306033557895812,0.8568287859289742,2,LR,False,1027_ESL
0.4082716920246447,0.2869951083825511,0.5351508264237396,0.8563175028290593,3,LR,True,1027_ESL
0.4082716920246446,0.286995108382551,0.5351508264237395,0.8563175028290594,3,LR,False,1027_ESL
0.4055437611491639,0.2831829444701435,0.5281416205846277,0.8577985074115885,4,LR,True,1027_ESL
0.4055437611491639,0.2831829444701436,0.5281416205846277,0.8577985074115885,4,LR,False,1027_ESL
0.4081717211116751,0.2879516047942742,0.5351678527352405,0.8565112924635399,5,LR,True,1027_ESL
0.4081717211116751,0.2879516047942742,0.5351678527352405,0.8565112924635399,5,LR,False,1027_ESL
0.4016393442622951,0.3037704918032786,0.5493551348086221,0.8443516694627985,0,KNN,True,1027_ESL
0.4032786885245902,0.3022950819672131,0.5488576978947238,0.8455778212757088,0,KNN,False,1027_ESL
0.4040983606557378,0.3081967213114754,0.5540567088807645,0.8462606339278866,1,KNN,True,1027_ESL
0.403688524590164,0.3102459016393442,0.5560440311333741,0.8451462585493832,1,KNN,False,1027_ESL
0.4135245901639345,0.315327868852459,0.5612627144652791,0.8402931140186184,2,KNN,True,1027_ESL
0.4077868852459017,0.3120491803278688,0.5583397784049151,0.841931044709748,2,KNN,False,1027_ESL
0.4163934426229508,0.3111475409836065,0.5576169344414557,0.8449751450298512,3,KNN,True,1027_ESL
0.4065573770491804,0.3052459016393442,0.5521046956205238,0.8480158827722113,3,KNN,False,1027_ESL
0.3971311475409837,0.2954918032786885,0.5400536734051253,0.8523525649492671,4,KNN,True,1027_ESL
0.3918032786885247,0.2939344262295081,0.5383231206167339,0.8530255812057568,4,KNN,False,1027_ESL
0.409016393442623,0.3131147540983606,0.5584576944245006,0.844350982651395,5,KNN,True,1027_ESL
0.4069672131147541,0.3094262295081967,0.5548714780299706,0.8463383979066705,5,KNN,False,1027_ESL
0.4394549496496218,0.4901245801430235,0.694164159400929,0.7444105698558368,0,DT,True,1027_ESL
0.4384303594856874,0.4883315473561382,0.6929336081758672,0.7449263634071327,0,DT,False,1027_ESL
0.3947168553213635,0.3859279320600432,0.6205873006142569,0.8065704760068706,1,DT,True,1027_ESL
0.3947168553213635,0.3818295714043055,0.6174884548970837,0.8086232421934367,1,DT,False,1027_ESL
0.4234476645849597,0.4221042049371357,0.6477959576625527,0.7847937666754962,2,DT,True,1027_ESL
0.4364258066614624,0.4478328023870446,0.667020965378058,0.7724640032286644,2,DT,False,1027_ESL
0.4489240552252847,0.4720549839981156,0.683841512040658,0.7645736709805167,3,DT,True,1027_ESL
0.4435961863728257,0.459923836457132,0.6761229768728121,0.7709525948861847,3,DT,False,1027_ESL
0.4189614233671611,0.4200733515119582,0.6430591402380712,0.791713515839506,4,DT,True,1027_ESL
0.4312565053343741,0.4405651547906466,0.6570598604008259,0.7818649589200539,4,DT,False,1027_ESL
0.4363559709871185,0.4471816181790941,0.6656197377438233,0.7761672438532352,5,DT,True,1027_ESL
0.4363559709871185,0.4471816181790941,0.6656197377438233,0.7761672438532352,5,DT,False,1027_ESL
0.4040334960892601,0.342213262443832,0.5828429271777266,0.8235189440631867,0,RF,True,1027_ESL
0.4051549906011234,0.3419886865383258,0.5828030419995833,0.8234095236799144,0,RF,False,1027_ESL
0.3934524877059405,0.320261459342791,0.5656254345072104,0.8396334593907628,1,RF,True,1027_ESL
0.3935605161756493,0.3185000503281975,0.5640935326199397,0.8404816616491849,1,RF,False,1027_ESL
0.4025719638707913,0.3324387745844712,0.576000317830568,0.8317594518010146,2,RF,True,1027_ESL
0.4031219367235306,0.3334274960685862,0.5767560346559325,0.8313119539105642,2,RF,False,1027_ESL
0.4126496104034325,0.3401009739391897,0.5820700431178341,0.830491811623033,3,RF,True,1027_ESL
0.4110160063594802,0.3366905678141079,0.5792741059320654,0.8323083799771175,3,RF,False,1027_ESL
0.4037210204980803,0.332748954987727,0.57172049878224,0.8340066398091135,4,RF,True,1027_ESL
0.407628398013552,0.3362484065120203,0.5744997988772186,0.8321456108200297,4,RF,False,1027_ESL
0.4090632082544506,0.3459102476909264,0.5854297227458751,0.8279296075754692,5,RF,True,1027_ESL
0.4096629986052655,0.3454731457597642,0.5849371407137617,0.8281176488870864,5,RF,False,1027_ESL
0.4028589441688906,0.2822716620740915,0.5307380664094458,0.8551888530285354,0,SVR,True,1027_ESL
0.402817742873929,0.2822018887643041,0.5306689706787007,0.8552200714334721,0,SVR,False,1027_ESL
0.4029946886888897,0.2828382883230604,0.5311810917958123,0.8589220831438914,1,SVR,True,1027_ESL
0.4030699094235808,0.2829698198771008,0.5313031099271437,0.8588582462009257,1,SVR,False,1027_ESL
0.4034417991042089,0.2833414659500807,0.531798789705573,0.8561833675779966,2,SVR,True,1027_ESL
0.4033985262705167,0.2831937920183965,0.5316522856005786,0.8562601613196443,2,SVR,False,1027_ESL
0.4047820211728141,0.2850299441754567,0.5333385703672381,0.857588597400522,3,SVR,True,1027_ESL
0.404755234337918,0.2849730462715018,0.5332830546190797,0.857615671110142,3,SVR,False,1027_ESL
0.4043570706887914,0.28283262613793,0.5283267917662589,0.857979297593661,4,SVR,True,1027_ESL
0.4042904671531891,0.2827803044874217,0.5282650040681848,0.8580068496762028,4,SVR,False,1027_ESL
0.406089092656503,0.2863720598122059,0.5334017909436808,0.8576207189337929,5,SVR,True,1027_ESL
0.4059521496783576,0.2864490118445444,0.5334812669736463,0.8575809919223472,5,SVR,False,1027_ESL
0.5092056819909556,0.3995136235447302,0.6315995685902711,0.3910988265203978,0,LR,True,1028_SWD
0.5092056819909557,0.3995136235447302,0.6315995685902711,0.3910988265203976,0,LR,False,1028_SWD
0.5101356908600524,0.3991394543272172,0.6310090765255505,0.3906329896938051,1,LR,True,1028_SWD
0.5101356908600524,0.3991394543272172,0.6310090765255505,0.3906329896938051,1,LR,False,1028_SWD
0.5105954235542445,0.4026916134065814,0.6342379287664364,0.3815052124537521,2,LR,True,1028_SWD
0.5105954235542445,0.4026916134065814,0.6342379287664364,0.3815052124537521,2,LR,False,1028_SWD
0.5101153242416951,0.4039211886959533,0.6351084415630106,0.3833316022142333,3,LR,True,1028_SWD
0.5101153242416953,0.4039211886959534,0.6351084415630107,0.3833316022142332,3,LR,False,1028_SWD
0.5100370257887693,0.3994590227987674,0.6318920691323633,0.3857803206185436,4,LR,True,1028_SWD
0.5100370257887693,0.3994590227987674,0.6318920691323634,0.3857803206185438,4,LR,False,1028_SWD
0.5102357328341154,0.3992440785125686,0.6312249580356791,0.3918013328173539,5,LR,True,1028_SWD
0.5102357328341153,0.3992440785125685,0.6312249580356791,0.391801332817354,5,LR,False,1028_SWD
0.5188,0.4268799999999999,0.6533121548655202,0.3470251515325401,0,KNN,True,1028_SWD
0.5088,0.4151199999999999,0.6442525306692245,0.3655991238419152,0,KNN,False,1028_SWD
0.5196000000000001,0.43928,0.6618296344737302,0.3277458226269877,1,KNN,True,1028_SWD
0.5224,0.444,0.6656276410832409,0.320417271537497,1,KNN,False,1028_SWD
0.516,0.43456,0.6589278724860451,0.3331435189464209,2,KNN,True,1028_SWD
0.5174000000000001,0.43084,0.6562254304177966,0.3382972150572052,2,KNN,False,1028_SWD
0.5062000000000001,0.419,0.6468456130265348,0.3588206681845932,3,KNN,True,1028_SWD
0.5096,0.42232,0.6492573305274428,0.3534862876927093,3,KNN,False,1028_SWD
0.5224,0.43816,0.6618373272319397,0.3234777309100821,4,KNN,True,1028_SWD
0.5254,0.43988,0.6630612743026776,0.3199284192896618,4,KNN,False,1028_SWD
0.5212,0.44264,0.664885777470376,0.3251167814944278,5,KNN,True,1028_SWD
0.5174000000000001,0.44028,0.6631981547197744,0.3280688740757741,5,KNN,False,1028_SWD
0.50694840992341,0.4225489892246679,0.6499994740984796,0.3535424347570139,0,DT,True,1028_SWD
0.50694840992341,0.4225489892246679,0.6499994740984796,0.3535424347570139,0,DT,False,1028_SWD
0.5107616133866134,0.4243305460733027,0.6504512710868604,0.3504492515414388,1,DT,True,1028_SWD
0.5107616133866134,0.4243305460733027,0.6504512710868604,0.3504492515414388,1,DT,False,1028_SWD
0.5072353507603508,0.422061482316793,0.6493327117399466,0.3529674724814802,2,DT,True,1028_SWD
0.5072353507603508,0.422061482316793,0.6493327117399466,0.3529674724814802,2,DT,False,1028_SWD
0.5012159590409591,0.4102860158798556,0.6402009369055384,0.3734001063426342,3,DT,True,1028_SWD
0.5012159590409591,0.4102860158798556,0.6402009369055384,0.3734001063426342,3,DT,False,1028_SWD
0.508598001998002,0.4260709358829617,0.6525124695725157,0.3419044518174994,4,DT,True,1028_SWD
0.508598001998002,0.4260709358829617,0.6525124695725157,0.3419044518174994,4,DT,False,1028_SWD
0.5086569125319125,0.4220848027403108,0.6494498886782778,0.3559246503870918,5,DT,True,1028_SWD
0.5086569125319125,0.4220848027403108,0.6494498886782778,0.3559246503870918,5,DT,False,1028_SWD
0.509491975659593,0.4194531132078446,0.6476104806409883,0.3581848124399276,0,RF,True,1028_SWD
0.509450327640945,0.41941465700275,0.6475808561184339,0.3582461911956222,0,RF,False,1028_SWD
0.5103065035533706,0.4220295514199279,0.6487726644469859,0.3538772648950142,1,RF,True,1028_SWD
0.5102855138878074,0.4220410596360168,0.6487821204006985,0.3538617958128949,1,RF,False,1028_SWD
0.509394097609813,0.4206274768053739,0.6481366488319511,0.3548024819599634,2,RF,True,1028_SWD
0.5093264071336225,0.4205362562122058,0.6480638581298314,0.3549483613822843,2,RF,False,1028_SWD
0.5023597105691996,0.4094110612127787,0.6394231278823432,0.3749608669969436,3,RF,True,1028_SWD
0.5023934973934865,0.4094048139340526,0.6394184977983983,0.3749702022053239,3,RF,False,1028_SWD
0.5090926178300943,0.4218919480983266,0.6492363960898082,0.3477022439965876,4,RF,True,1028_SWD
0.5090957401244666,0.4218936544388878,0.6492373665685041,0.3477029555321242,4,RF,False,1028_SWD
0.5108072326942433,0.4222658222137561,0.64953129808205,0.3556389037909317,5,RF,True,1028_SWD
0.5107987049164655,0.422262610246022,0.6495287317862388,0.355644710350489,5,RF,False,1028_SWD
0.5047215116006869,0.4052559698618612,0.6361808139638772,0.3819909016478164,0,SVR,True,1028_SWD
0.5047918405684538,0.4053177278210194,0.6362299784893286,0.3818917474155286,0,SVR,False,1028_SWD
0.5071012991940796,0.4067903247119289,0.6369356421597904,0.3786205659161608,1,SVR,True,1028_SWD
0.5070922828971594,0.4068205586121742,0.6369580065665442,0.3785701731763666,1,SVR,False,1028_SWD
0.5054109602603037,0.4061520286255071,0.6371380942947001,0.3752911003321542,2,SVR,True,1028_SWD
0.5054772342673977,0.4062193409374309,0.6371899090578217,0.3751901379074899,2,SVR,False,1028_SWD
0.5044063099856699,0.4065099761282628,0.6369378096115624,0.3785228147517692,3,SVR,True,1028_SWD
0.5042369263121469,0.406221296660215,0.6367240099168743,0.3789776423065869,3,SVR,False,1028_SWD
0.5086036029927913,0.4095682925377625,0.6397572855012809,0.3690593389619356,4,SVR,True,1028_SWD
0.5085315644501646,0.4094545697011217,0.6396682349771288,0.3692428633585847,4,SVR,False,1028_SWD
0.5072400932266709,0.4080248607902142,0.6378690069657075,0.3783655591608789,5,SVR,True,1028_SWD
0.5073594231634014,0.4080803793375683,0.6379157753779771,0.3782751013469614,5,SVR,False,1028_SWD
0.4885751217726938,0.3986096371319117,0.631077957012868,0.558690983161567,0,LR,True,1029_LEV
0.4885751217726938,0.3986096371319116,0.631077957012868,0.558690983161567,0,LR,False,1029_LEV
0.4877216571074393,0.400568695437105,0.6325261461598067,0.559565362575995,1,LR,True,1029_LEV
0.4877216571074393,0.400568695437105,0.6325261461598067,0.5595653625759951,1,LR,False,1029_LEV
0.4908465315439411,0.4028061518879908,0.6332016330185183,0.556963024040348,2,LR,True,1029_LEV
0.4908465315439411,0.4028061518879907,0.6332016330185182,0.5569630240403483,2,LR,False,1029_LEV
0.4877705404319704,0.3974127417877961,0.629904771255068,0.5631614405027561,3,LR,True,1029_LEV
0.4877705404319703,0.3974127417877961,0.629904771255068,0.5631614405027561,3,LR,False,1029_LEV
0.485566467369253,0.3954591254379442,0.6281638932101131,0.5654804513464823,4,LR,True,1029_LEV
0.485566467369253,0.3954591254379442,0.628163893210113,0.5654804513464823,4,LR,False,1029_LEV
0.4882086937552963,0.3982866372772277,0.6303483827538117,0.5589654626951455,5,LR,True,1029_LEV
0.4882086937552962,0.3982866372772277,0.6303483827538117,0.5589654626951455,5,LR,False,1029_LEV
0.501,0.46348,0.6802995034387339,0.4864825995359105,0,KNN,True,1029_LEV
0.5018,0.4681999999999999,0.6838898208498659,0.4815728165192783,0,KNN,False,1029_LEV
0.5062,0.46668,0.6826674197009616,0.4874123905235267,1,KNN,True,1029_LEV
0.5012,0.46152,0.6786676611428577,0.4933468329407995,1,KNN,False,1029_LEV
0.5078,0.47788,0.6895327365274754,0.4743583948889922,2,KNN,True,1029_LEV
0.509,0.47916,0.6912959599591896,0.4715105765994827,2,KNN,False,1029_LEV
0.5042,0.45756,0.6763648704994752,0.4958934745217641,3,KNN,True,1029_LEV
0.505,0.45348,0.6733589676544934,0.5002907598465401,3,KNN,False,1029_LEV
0.4966,0.45012,0.6703769956674333,0.504479634961423,4,KNN,True,1029_LEV
0.4954,0.45148,0.6713676946773544,0.5030642156725591,4,KNN,False,1029_LEV
0.5076,0.48192,0.6936919332427401,0.4674696182511343,5,KNN,True,1029_LEV
0.5076,0.48128,0.693271173852053,0.4680679560076214,5,KNN,False,1029_LEV
0.4939250388869816,0.4408942246982971,0.6633824602514355,0.5113149789766398,0,DT,True,1029_LEV
0.4939250388869816,0.4408942246982971,0.6633824602514355,0.5113149789766398,0,DT,False,1029_LEV
0.4984794827334688,0.4478675510254096,0.6683607146214752,0.5083783976057608,1,DT,True,1029_LEV
0.4984794827334688,0.4478675510254096,0.6683607146214752,0.5083783976057608,1,DT,False,1029_LEV
0.5006364269141591,0.4559745960514756,0.6738271176256746,0.4980077648462566,2,DT,True,1029_LEV
0.5006364269141591,0.4559745960514756,0.6738271176256746,0.4980077648462566,2,DT,False,1029_LEV
0.4921151212650438,0.433865610001487,0.6585233744297921,0.52150580436693,3,DT,True,1029_LEV
0.4921151212650438,0.433865610001487,0.6585233744297921,0.52150580436693,3,DT,False,1029_LEV
0.4896938112712881,0.4336925643866578,0.657897306880878,0.5229336108232361,4,DT,True,1029_LEV
0.4896938112712881,0.4336925643866578,0.657897306880878,0.5229336108232361,4,DT,False,1029_LEV
0.4917809928911369,0.4434807486536715,0.6651252020746301,0.5109836119700385,5,DT,True,1029_LEV
0.4917809928911369,0.4434807486536715,0.6651252020746301,0.5109836119700385,5,DT,False,1029_LEV
0.4951687601934871,0.4395980645599459,0.6624162031953451,0.512779954164872,0,RF,True,1029_LEV
0.4951015004532273,0.4395270346353743,0.6623626958456923,0.5128573967261136,0,RF,False,1029_LEV
0.5002649108669137,0.4489149581459439,0.6692170562792747,0.507282719886615,1,RF,True,1029_LEV
0.5002649108669137,0.4489227066552797,0.6692226648511377,0.5072744534344527,1,RF,False,1029_LEV
0.5010649354466865,0.4552116533996899,0.6733497078162793,0.4989162892771686,2,RF,True,1029_LEV
0.5010521301245576,0.4552698107074272,0.6733960565910926,0.4988423430948854,2,RF,False,1029_LEV
0.4939189750961889,0.4331262841704218,0.6579816634511566,0.5223792020996326,3,RF,True,1029_LEV
0.4938834261451399,0.4330920381101404,0.6579546919451454,0.5224158738677601,3,RF,False,1029_LEV
0.4914073652716425,0.4343153519106961,0.6583988756528014,0.5221721898523259,4,RF,True,1029_LEV
0.4913923273928546,0.4343131990789211,0.6583977134527582,0.52217463918172,4,RF,False,1029_LEV
0.4947620416017155,0.445351183262259,0.6665414844363688,0.5089656267502127,5,RF,True,1029_LEV
0.4946875978232717,0.4452823761227256,0.6664876842896077,0.5090500136359493,5,RF,False,1029_LEV
0.4843056027168394,0.4031096314924477,0.6345961004585152,0.5536650953364584,0,SVR,True,1029_LEV
0.484342094442482,0.4032948306677528,0.6347357654948064,0.5534465602346939,0,SVR,False,1029_LEV
0.4832267446451831,0.4022855450608694,0.6337376860944665,0.5576729255834333,1,SVR,True,1029_LEV
0.4831844011776901,0.4023189655358276,0.6337614489302178,0.557634687063941,1,SVR,False,1029_LEV
0.4846522776452698,0.4049040805447734,0.6348716847797032,0.554375807197582,2,SVR,True,1029_LEV
0.484668099895779,0.4048020518853376,0.6347883039228712,0.5544859565333453,2,SVR,False,1029_LEV
0.485282209668989,0.4053145843475531,0.6360278574220268,0.554620163672253,3,SVR,True,1029_LEV
0.4852073029994889,0.4053853871392018,0.6360835282640522,0.5545396576882278,3,SVR,False,1029_LEV
0.4825310753139396,0.4012074865275616,0.6326978168513833,0.559125605616231,4,SVR,True,1029_LEV
0.4824845010028689,0.4011430510546763,0.6326475873392107,0.5591927351338295,4,SVR,False,1029_LEV
0.4831517228813465,0.4022691952724531,0.6332222103554727,0.5544190863629859,5,SVR,True,1029_LEV
0.4831567894399818,0.4022553081300188,0.6332128779814856,0.5544377262532496,5,SVR,False,1029_LEV
1.25436903393156,2.464847283867957,1.568955074463299,0.3683225216548619,0,LR,True,1030_ERA
1.2543690339315603,2.4648472838679574,1.5689550744632987,0.368322521654862,0,LR,False,1030_ERA
1.2580460939363272,2.476531039788591,1.571886106920488,0.3696135138912492,1,LR,True,1030_ERA
1.2580460939363272,2.4765310397885907,1.571886106920488,0.3696135138912492,1,LR,False,1030_ERA
1.2598725233384918,2.482394134095411,1.5754044648112524,0.3668121124117506,2,LR,True,1030_ERA
1.2598725233384918,2.482394134095411,1.5754044648112522,0.3668121124117506,2,LR,False,1030_ERA
1.259321172847644,2.4830342426050445,1.5752966316746466,0.3641208091114174,3,LR,True,1030_ERA
1.259321172847644,2.4830342426050445,1.5752966316746466,0.3641208091114173,3,LR,False,1030_ERA
1.2511966926943128,2.4566290495664704,1.5656659290110029,0.3743566789416697,4,LR,True,1030_ERA
1.2511966926943128,2.4566290495664704,1.5656659290110029,0.3743566789416697,4,LR,False,1030_ERA
1.2545374653747798,2.465158276831513,1.5692921040701897,0.3695689785780626,5,LR,True,1030_ERA
1.2545374653747798,2.465158276831513,1.5692921040701897,0.3695689785780625,5,LR,False,1030_ERA
1.3323999999999998,2.78112,1.6670972955885182,0.2864682072102995,0,KNN,True,1030_ERA
1.3198,2.76548,1.6624992643911605,0.2907791413268777,0,KNN,False,1030_ERA
1.3446,2.85612,1.6890092594557489,0.2720560221513487,1,KNN,True,1030_ERA
1.3548,2.8951200000000004,1.700911915864528,0.2613162915368379,1,KNN,False,1030_ERA
1.3544,2.91136,1.7062147215125942,0.2571992228105535,2,KNN,True,1030_ERA
1.3394,2.86084,1.691315196114382,0.2706011752723531,2,KNN,False,1030_ERA
1.3232,2.87576,1.6937537712151505,0.2647691889662423,3,KNN,True,1030_ERA
1.2946,2.78508,1.6669207647200182,0.2872649815484854,3,KNN,False,1030_ERA
1.3472,2.87408,1.6912444787960583,0.2693900303073582,4,KNN,True,1030_ERA
1.3521999999999998,2.87724,1.6922374403545029,0.2685608115783511,4,KNN,False,1030_ERA
1.3254,2.8006800000000003,1.672185625810631,0.2836609529359492,5,KNN,True,1030_ERA
1.3143999999999998,2.76104,1.6608043690056242,0.2934813516183707,5,KNN,False,1030_ERA
1.2610163487144388,2.510738137711237,1.5836911995434362,0.3559079741233115,0,DT,True,1030_ERA
1.2610163487144388,2.510738137711237,1.5836911995434362,0.3559079741233115,0,DT,False,1030_ERA
1.277099186819124,2.580815856017766,1.604617103405697,0.3430047453970818,1,DT,True,1030_ERA
1.277099186819124,2.580815856017766,1.604617103405697,0.3430047453970818,1,DT,False,1030_ERA
1.2659864012718858,2.5290989861931736,1.5902214746625982,0.3550702384490714,2,DT,True,1030_ERA
1.2659864012718858,2.5290989861931736,1.5902214746625982,0.3550702384490714,2,DT,False,1030_ERA
1.2709458470055544,2.5621909068016104,1.5991754271543148,0.3441746029294816,3,DT,True,1030_ERA
1.2709458470055544,2.5621909068016104,1.5991754271543148,0.3441746029294816,3,DT,False,1030_ERA
1.2561118800836173,2.50111727332344,1.5796497777093803,0.3630667087661623,4,DT,True,1030_ERA
1.2561118800836173,2.50111727332344,1.5796497777093803,0.3630667087661623,4,DT,False,1030_ERA
1.2620430531770246,2.531092729601895,1.5903611783193443,0.3510179576315935,5,DT,True,1030_ERA
1.2620430531770246,2.531092729601895,1.5903611783193443,0.3510179576315935,5,DT,False,1030_ERA
1.260063281123358,2.5054867536999,1.5820220111644907,0.3573056629049589,0,RF,True,1030_ERA
1.260063281123358,2.5054867536999,1.5820220111644907,0.3573056629049589,0,RF,False,1030_ERA
1.2776059764361316,2.58440201787194,1.6056161638597126,0.3421272916200756,1,RF,True,1030_ERA
1.2776059764361316,2.58440201787194,1.6056161638597126,0.3421272916200756,1,RF,False,1030_ERA
1.2665833305033698,2.532540748313,1.591292187556846,0.3541798249288224,2,RF,True,1030_ERA
1.2665833305033698,2.532540748313,1.591292187556846,0.3541798249288224,2,RF,False,1030_ERA
1.2706529614377458,2.561858482468481,1.5991628799694315,0.3442790187131525,3,RF,True,1030_ERA
1.2706529614377458,2.561858482468481,1.5991628799694315,0.3442790187131525,3,RF,False,1030_ERA
1.2590652783079053,2.509854758781588,1.5823850684250365,0.3608386330954464,4,RF,True,1030_ERA
1.2590652783079053,2.509854758781588,1.5823850684250365,0.3608386330954464,4,RF,False,1030_ERA
1.2632223404071483,2.5374108666724897,1.592334790718542,0.349391127461362,5,RF,True,1030_ERA
1.2632223404071483,2.5374108666724897,1.592334790718542,0.349391127461362,5,RF,False,1030_ERA
1.242468912003582,2.5296158899669594,1.5889611936299115,0.3515223758852679,0,SVR,True,1030_ERA
1.2431258671389729,2.5302678004295904,1.5891765572971983,0.3513588376150794,0,SVR,False,1030_ERA
1.2466279527810729,2.537083209182461,1.590793504438918,0.3544505743079789,1,SVR,True,1030_ERA
1.2468321452322275,2.5384265101394505,1.5912167619757696,0.3541026595297112,1,SVR,False,1030_ERA
1.2550790775763097,2.5494163325181862,1.5963729657009815,0.3495820171769234,2,SVR,True,1030_ERA
1.2551948450687127,2.5485380004214684,1.5961023759383104,0.3498169409544175,2,SVR,False,1030_ERA
1.247345044653072,2.530477422713885,1.5902451984731056,0.3510513955508154,3,SVR,True,1030_ERA
1.2473211785094735,2.5311909928030056,1.5904685832203862,0.350867971380015,3,SVR,False,1030_ERA
1.2424594728531386,2.5030630777819867,1.5807134493836497,0.362242276020615,4,SVR,True,1030_ERA
1.2424253981590088,2.5029238169237957,1.5806705212103926,0.3622769659799421,4,SVR,False,1030_ERA
1.2499934941689916,2.537842129155667,1.5927672470946348,0.3493877874390394,5,SVR,True,1030_ERA
1.250149296165096,2.5391362651548697,1.593174882936589,0.3490610940063607,5,SVR,False,1030_ERA
1.131896697002625,2.044691148144885,1.429821609767782,0.793049516373188,0,LR,True,529_pollen
1.131896697002625,2.044691148144886,1.429821609767782,0.793049516373188,0,LR,False,529_pollen
1.1302979857768292,2.040099547585618,1.4280359744502538,0.7935460917846238,1,LR,True,529_pollen
1.1302979857768292,2.040099547585618,1.4280359744502538,0.7935460917846238,1,LR,False,529_pollen
1.1301744964318463,2.0398152482013296,1.4279668651818225,0.7927878744704762,2,LR,True,529_pollen
1.1301744964318463,2.03981524820133,1.4279668651818225,0.7927878744704762,2,LR,False,529_pollen
1.131464333166848,2.0429407014151884,1.4291276246364313,0.792426150442849,3,LR,True,529_pollen
1.131464333166848,2.042940701415189,1.4291276246364313,0.792426150442849,3,LR,False,529_pollen
1.1303432981145871,2.041028555056334,1.428427980808467,0.7931652943649445,4,LR,True,529_pollen
1.1303432981145871,2.041028555056334,1.428427980808467,0.7931652943649445,4,LR,False,529_pollen
1.130964073318669,2.0411687481949774,1.4282465331464391,0.7930185829695612,5,LR,True,529_pollen
1.130964073318669,2.0411687481949774,1.4282465331464391,0.7930185829695613,5,LR,False,529_pollen
1.350993158261649,3.028050838311442,1.7398777414694897,0.6935502655052725,0,KNN,True,529_pollen
1.3507878050556854,3.0227535609367657,1.73833346203589,0.6940894899038241,0,KNN,False,529_pollen
1.3482175189103076,3.018467951860928,1.736846654533723,0.6947346205594356,1,KNN,True,529_pollen
1.3475280179000042,3.016275572193679,1.7361699216080324,0.6949843399846035,1,KNN,False,529_pollen
1.3697729027665242,3.091648927711541,1.7580085720727836,0.6865112501892048,2,KNN,True,529_pollen
1.3697572375461118,3.0984983990867576,1.7599088991462613,0.6857874962692772,2,KNN,False,529_pollen
1.3726807198985074,3.119365350724465,1.7659789911675126,0.6832050639399994,3,KNN,True,529_pollen
1.3731911773222456,3.1212056025998494,1.76649381505074,0.683014237665468,3,KNN,False,529_pollen
1.3577528250206932,3.0474133906308216,1.7443540598518967,0.6920680564772081,4,KNN,True,529_pollen
1.3576321441636383,3.0456538696440174,1.743864348759374,0.6922428583382644,4,KNN,False,529_pollen
1.3679019308369944,3.079972257420311,1.7546476309964172,0.6876383812880014,5,KNN,True,529_pollen
1.3685765047692946,3.0800570864454277,1.754633360231875,0.6876151090242857,5,KNN,False,529_pollen
1.734666446014864,4.828801736469201,2.196700219144176,0.5112328643640591,0,DT,True,529_pollen
1.734680869091973,4.82889271386443,2.1967215625506884,0.5112232674952022,0,DT,False,529_pollen
1.6887924326588584,4.6500970343029895,2.1560716703615403,0.5291629773831134,1,DT,True,529_pollen
1.68879061353997,4.650096678849213,2.1560715886547226,0.5291630141947399,1,DT,False,529_pollen
1.6754877830549626,4.592199701525081,2.142715034311673,0.5338018591650227,2,DT,True,529_pollen
1.6754877830549626,4.592199701525081,2.1427150343263754,0.5338018591611187,2,DT,False,529_pollen
1.6904221097421988,4.681897314061692,2.163715149932511,0.5239756720210091,3,DT,True,529_pollen
1.6904220577623943,4.681897307527832,2.163715148432348,0.5239756726861791,3,DT,False,529_pollen
1.6782359629754495,4.562383030791908,2.1355530962581186,0.5367166168956435,4,DT,True,529_pollen
1.678236014961063,4.562383037326512,2.135553097774869,0.5367166162040611,4,DT,False,529_pollen
1.6813755954397704,4.565306239194634,2.136173621859406,0.5371273259201842,5,DT,True,529_pollen
1.6813756473924677,4.565306242817686,2.136173622715556,0.537127325545398,5,DT,False,529_pollen
1.233975346999381,2.4544057835893502,1.5666007780698687,0.7515360784494005,0,RF,True,529_pollen
1.2339864091121042,2.4544634150059723,1.566619304158432,0.7515302049737219,0,RF,False,529_pollen
1.21503330490978,2.390606421457219,1.5460453891687798,0.7579604916532053,1,RF,True,529_pollen
1.2150501146612591,2.3905176378066786,1.5460172325867758,0.7579693524776525,1,RF,False,529_pollen
1.221146698723232,2.423366059247817,1.5563759866247924,0.754049493931872,2,RF,True,529_pollen
1.2211511667587347,2.423355376710317,1.5563725352333122,0.7540505571214128,2,RF,False,529_pollen
1.235217882159012,2.466873733569692,1.5706180238939766,0.7492807353721416,3,RF,True,529_pollen
1.2352805032802547,2.466993250609653,1.5706560932264817,0.7492683138471343,3,RF,False,529_pollen
1.2324860324913949,2.441535042736513,1.5621273389585082,0.7528646691115992,4,RF,True,529_pollen
1.23249580718107,2.441553434981221,1.562132560265427,0.7528632961010491,4,RF,False,529_pollen
1.218600966121516,2.4036292647231123,1.550009659289381,0.7563545928945682,5,RF,True,529_pollen
1.218602951309528,2.403622945955437,1.5500086079176636,0.7563552023020539,5,RF,False,529_pollen
1.132077808359814,2.046841659335523,1.4305609354166946,0.7928448827304481,0,SVR,True,529_pollen
1.132538332561486,2.048379094575682,1.4310961913936877,0.7926936082720287,0,SVR,False,529_pollen
1.1306009812722977,2.042786162717848,1.4289632562592356,0.7932874214698156,1,SVR,True,529_pollen
1.1303165623472036,2.042397334739261,1.428825885604731,0.7933261229806742,1,SVR,False,529_pollen
1.1301346167885375,2.0413354841673983,1.4284974554496164,0.7926430028507088,2,SVR,True,529_pollen
1.1300857408931266,2.041485099547522,1.428550199461539,0.7926273163513223,2,SVR,False,529_pollen
1.1321012621011408,2.045678070090002,1.4300982237560085,0.7921403930165984,3,SVR,True,529_pollen
1.1319713050449909,2.0455169932028507,1.430039659823143,0.7921581480265658,3,SVR,False,529_pollen
1.1305329819475365,2.04347276416049,1.4292829053084404,0.7929498379944876,4,SVR,True,529_pollen
1.1303678582758048,2.0431598169177967,1.429171797205106,0.7929823632706118,4,SVR,False,529_pollen
1.130922525194641,2.0433966201343976,1.4290098684007488,0.7927919307758977,5,SVR,True,529_pollen
1.1309465816229567,2.043728128366864,1.4291302938023078,0.792757707856696,5,SVR,False,529_pollen
1.0190345718278655,1.4727030129645442,1.213488742938944,0.6995074864564771,0,LR,True,294_satellite_image
1.0190345718278655,1.4727030129645442,1.213488742938944,0.6995074864564771,0,LR,False,294_satellite_image
1.0180621856499494,1.4695829675023249,1.2122217111006652,0.6998288442561519,1,LR,True,294_satellite_image
1.0180621856499494,1.4695829675023249,1.2122217111006652,0.6998288442561519,1,LR,False,294_satellite_image
1.018040292539915,1.4731813399826468,1.2135972325034206,0.698969207732662,2,LR,True,294_satellite_image
1.018040292539915,1.4731813399826468,1.2135972325034206,0.698969207732662,2,LR,False,294_satellite_image
1.0173342837902837,1.4684290217052869,1.2117118250844618,0.7002471869045059,3,LR,True,294_satellite_image
1.017334283790284,1.4684290217052869,1.2117118250844618,0.7002471869045059,3,LR,False,294_satellite_image
1.0190233207377628,1.4758073497158275,1.2145528001838144,0.6989357826033952,4,LR,True,294_satellite_image
1.0190233207377628,1.475807349715827,1.2145528001838144,0.6989357826033952,4,LR,False,294_satellite_image
1.0199640690711993,1.474778317850648,1.214206864865825,0.6989885095991,5,LR,True,294_satellite_image
1.019964069071199,1.474778317850648,1.214206864865825,0.6989885095991,5,LR,False,294_satellite_image
0.2738147554644428,0.466199815867833,0.6827844205378233,0.9048576896841424,0,KNN,True,294_satellite_image
0.2738769638445436,0.465951318608944,0.6826005739777963,0.9049096012246832,0,KNN,False,294_satellite_image
0.2733804563261999,0.4679159902785637,0.6836807149164748,0.9043287364238642,1,KNN,True,294_satellite_image
0.2731318740356638,0.4667849031721442,0.6828308774348905,0.9045639549586164,1,KNN,False,294_satellite_image
0.2745600578524407,0.4681889302709572,0.6833798077483588,0.904528959691119,2,KNN,True,294_satellite_image
0.2749330762285527,0.4685494567250757,0.6836769719537021,0.9044527210897666,2,KNN,False,294_satellite_image
0.2747441513687003,0.4653466778908441,0.6813952820855521,0.9050401130194335,3,KNN,True,294_satellite_image
0.2747129602144653,0.4657380399123092,0.6816510895948273,0.9049624626531436,3,KNN,False,294_satellite_image
0.2731016491501473,0.4657381945153041,0.6821521220011124,0.9050078791842524,4,KNN,True,294_satellite_image
0.2726041560377107,0.464544222640681,0.6813139162540318,0.9052471318929822,4,KNN,False,294_satellite_image
0.2771709545807321,0.4691212404416698,0.6846362222326373,0.9042803181056654,5,KNN,True,294_satellite_image
0.2775438570045979,0.4708738895639886,0.6859315514006746,0.9039172825114764,5,KNN,False,294_satellite_image
0.352452795840561,1.0241036698112915,1.0113589140955237,0.7911017564564361,0,DT,True,294_satellite_image
0.3512103675222396,1.0194443220504068,1.0089125206421747,0.7920713921844753,0,DT,False,294_satellite_image
0.3704763163672006,1.079109772764518,1.038414955924022,0.7797074277457152,1,DT,True,294_satellite_image
0.3721862254915602,1.0882812089335796,1.0427262225920837,0.7778474447160111,1,DT,False,294_satellite_image
0.3894349917596604,1.1599156370107202,1.075733567760802,0.7632619569071408,2,DT,True,294_satellite_image
0.3888134877198841,1.1574298141053587,1.074598769429382,0.7637477944227355,2,DT,False,294_satellite_image
0.3700016851726452,1.078612144374461,1.0373749332176403,0.7798793550379219,3,DT,True,294_satellite_image
0.3713999726352699,1.0803207973494864,1.038032447937342,0.779535999184594,3,DT,False,294_satellite_image
0.3912993106252455,1.177319489408149,1.0845340440820073,0.7595992314861754,4,DT,True,294_satellite_image
0.3912988274908862,1.1766959562040635,1.0843326625321956,0.7597211815316477,4,DT,False,294_satellite_image
0.3619294762978148,1.0801919937293023,1.0386374942339067,0.7796464740752951,5,DT,True,294_satellite_image
0.3636381292728403,1.0850068141270033,1.0408619103119623,0.7786756125979546,5,DT,False,294_satellite_image
0.3612756631308962,0.4854663635578323,0.6967392685210785,0.9009212739139608,0,RF,True,294_satellite_image
0.3613284668175592,0.4861868637313742,0.6972570348947261,0.9007739696417308,0,RF,False,294_satellite_image
0.3607067047840351,0.4892990386109385,0.6990168055262953,0.8999640360965636,1,RF,True,294_satellite_image
0.3605653077836423,0.4890872201492537,0.6988470895549292,0.9000069460791764,1,RF,False,294_satellite_image
0.3668286896391257,0.4986065076362284,0.7055855198819252,0.8982792052990943,2,RF,True,294_satellite_image
0.3671177421624011,0.4991212847547533,0.7059601076330295,0.8981715706917102,2,RF,False,294_satellite_image
0.3598758769854889,0.4925170166491965,0.7008555460054722,0.8995034979323412,3,RF,True,294_satellite_image
0.3595930839509722,0.4921726277040064,0.7006269259013034,0.8995732570558661,3,RF,False,294_satellite_image
0.3629663183847698,0.4971752066172401,0.7051030491930999,0.898515810869295,4,RF,True,294_satellite_image
0.3629071711439694,0.4968715970624658,0.7048875470657928,0.8985802684580193,4,RF,False,294_satellite_image
0.3610350825116184,0.4852095141137074,0.6954599313792368,0.901095238581354,5,RF,True,294_satellite_image
0.3609946634911211,0.4855492975806177,0.6956769674868182,0.9010282602333088,5,RF,False,294_satellite_image
0.9920136123844844,1.5312719864908886,1.2373352887564666,0.6875723271597027,0,SVR,True,294_satellite_image
0.9918641566015124,1.5308667415285708,1.2371676239222966,0.6876567365742174,0,SVR,False,294_satellite_image
0.9905281540530284,1.5257739133523542,1.2351372433550774,0.6883923131640161,1,SVR,True,294_satellite_image
0.9903978993693736,1.5254244773454573,1.234993681241388,0.6884700701053263,1,SVR,False,294_satellite_image
0.9928696029021116,1.5365847744313907,1.2393156357978228,0.6860731465756945,2,SVR,True,294_satellite_image
0.992910562048008,1.535955713756108,1.2390743297816191,0.6861885328208136,2,SVR,False,294_satellite_image
0.9895229316773458,1.5255245099767485,1.2350349418597406,0.6885904158754412,3,SVR,True,294_satellite_image
0.9894160002194352,1.5255152426176488,1.2350338301364026,0.6885916347045966,3,SVR,False,294_satellite_image
0.9910600602858975,1.5305876957787574,1.2367304124210408,0.6878186658365282,4,SVR,True,294_satellite_image
0.9910877484475012,1.5307167693656258,1.2367828456612808,0.6877915238097474,4,SVR,False,294_satellite_image
0.9939938064956652,1.5370509185592949,1.2394868930860186,0.6863169221572025,5,SVR,True,294_satellite_image
0.9940085215866292,1.5374374533497177,1.2396431691811096,0.6862384161247576,5,SVR,False,294_satellite_image
2.5232215094319463,10.836645295428406,3.291233037600978,0.7581288868147333,0,LR,True,503_wind
2.5232215094319463,10.836645295428402,3.291233037600977,0.7581288868147336,0,LR,False,503_wind
2.5194938378984597,10.811329900985228,3.2878621193388518,0.7586018519349857,1,LR,True,503_wind
2.519493837898459,10.811329900985228,3.2878621193388518,0.7586018519349857,1,LR,False,503_wind
2.5217198024806717,10.827397863327793,3.2900736756933395,0.7581690578415619,2,LR,True,503_wind
2.5217198024806717,10.827397863327793,3.2900736756933395,0.758169057841562,2,LR,False,503_wind
2.5209589314390684,10.815338832789813,3.288468074632981,0.7585362614495272,3,LR,True,503_wind
2.520958931439068,10.815338832789806,3.288468074632981,0.7585362614495275,3,LR,False,503_wind
2.5223748515680637,10.83491728799988,3.2909470262111498,0.7584134955817742,4,LR,True,503_wind
2.5223748515680637,10.83491728799988,3.2909470262111498,0.7584134955817742,4,LR,False,503_wind
2.521174303767515,10.831882271941073,3.2901362261427947,0.7583114645237108,5,LR,True,503_wind
2.521174303767515,10.831882271941073,3.2901362261427947,0.7583114645237108,5,LR,False,503_wind
2.652250571184537,11.920937044222768,3.4522197493290694,0.7339408870437206,0,KNN,True,503_wind
2.652949264619988,11.927712901899143,3.4532488670090182,0.733795778932224,0,KNN,False,503_wind
2.663616580260507,11.96291253324072,3.4584433087735698,0.7327803207069932,1,KNN,True,503_wind
2.668633761026568,12.010889802432697,3.465333447438044,0.7317363914793871,1,KNN,False,503_wind
2.6604401644829165,11.990309407267787,3.4618617123568143,0.7321080419580785,2,KNN,True,503_wind
2.6638449047997845,12.01333612042326,3.4651816448501678,0.7315724543585017,2,KNN,False,503_wind
2.655539741919069,11.99955063585739,3.463377237483929,0.7323378042075235,3,KNN,True,503_wind
2.655658851857218,11.998031553596311,3.463072614571437,0.7323963547283078,3,KNN,False,503_wind
2.6607516604150394,12.01854186982575,3.466680439826076,0.7318778240349859,4,KNN,True,503_wind
2.661388906297937,12.034103753414827,3.4688835343005526,0.7315453591369665,4,KNN,False,503_wind
2.6596522499064643,12.1021222559068,3.477111153472356,0.7300467711890586,5,KNN,True,503_wind
2.660331834144789,12.10266936319098,3.477309797860925,0.7299979539124457,5,KNN,False,503_wind
3.5065432746910243,20.99526059329141,4.580032880595542,0.5317895529836436,0,DT,True,503_wind
3.513217338493908,21.104509999444492,4.591886195769347,0.5293470672078264,0,DT,False,503_wind
3.500023973736363,20.77302512589166,4.55686027822539,0.5363280789832683,1,DT,True,503_wind
3.495623421551778,20.72158928471018,4.551240740445602,0.53747000822379,1,DT,False,503_wind
3.501652477714606,21.03256557871356,4.585093692053669,0.5305110733147662,2,DT,True,503_wind
3.494243388308176,20.943088410179417,4.57540728510238,0.532495046541116,2,DT,False,503_wind
3.442869339358905,20.26024493011588,4.500048222267292,0.5480274802259772,3,DT,True,503_wind
3.439322186614148,20.225008969408925,4.496143750414167,0.5488293069061914,3,DT,False,503_wind
3.5276669787383925,20.81967996469403,4.561452284605792,0.5359086212298845,4,DT,True,503_wind
3.529339066581348,20.841379885728365,4.564055635689773,0.535383871828415,4,DT,False,503_wind
3.516141904104632,20.729415255988435,4.552500400602399,0.5363758195762234,5,DT,True,503_wind
3.5184693523341783,20.744668500370487,4.554173062292899,0.5360345730493326,5,DT,False,503_wind
2.402519966546092,9.99016412845027,3.160249631310693,0.7770429956756475,0,RF,True,503_wind
2.402335638356805,9.989545955497247,3.1601600403499046,0.7770569833374675,0,RF,False,503_wind
2.394517753187728,9.863810864129258,3.140214078148793,0.779811960211214,1,RF,True,503_wind
2.393830890796049,9.865341250533152,3.140460261769881,0.7797753886905215,1,RF,False,503_wind
2.397638747761435,9.909810351593054,3.1475194042242958,0.7786598923476904,2,RF,True,503_wind
2.3977785277572434,9.911547709652378,3.147795470134266,0.7786220898910187,2,RF,False,503_wind
2.409298243340952,10.06896386616662,3.172859467221718,0.7753116044179098,3,RF,True,503_wind
2.4090950462084737,10.067866470566,3.172685278228564,0.775336708559738,3,RF,False,503_wind
2.4052507643889247,9.945449539392476,3.1534088720364983,0.778165175786095,4,RF,True,503_wind
2.405527635305761,9.94884347089119,3.153943984714318,0.7780919050433439,4,RF,False,503_wind
2.4011230566118407,9.96134260026592,3.154634680016428,0.7777971049639958,5,RF,True,503_wind
2.400769950528247,9.963435349852832,3.1549599235587547,0.7777525440177147,5,RF,False,503_wind
2.518808835921788,10.877184172866984,3.297392604835088,0.7572321466117377,0,SVR,True,503_wind
2.5184178865134186,10.876821206941193,3.29732712834772,0.7572394933342179,0,SVR,False,503_wind
2.5153613856613632,10.855211548431798,3.294436412538981,0.7576424800543016,1,SVR,True,503_wind
2.515172106888293,10.85536152351396,3.2944598623313848,0.7576395197368122,1,SVR,False,503_wind
2.517064753766607,10.866312648999749,3.295905295540723,0.7573279840534721,2,SVR,True,503_wind
2.51721506674289,10.871835469368625,3.296749082183643,0.7572054713731498,2,SVR,False,503_wind
2.515602074294097,10.861844437581798,3.295569790096615,0.757479494349499,3,SVR,True,503_wind
2.5155539027163307,10.861251695440515,3.2954792594314357,0.7574951267045832,3,SVR,False,503_wind
2.518320816431056,10.88485544672311,3.298557173978556,0.7573010544186052,4,SVR,True,503_wind
2.5183072982050048,10.88302529454326,3.298282048779245,0.7573417999481827,4,SVR,False,503_wind
2.516433361198725,10.870379167258957,3.295852176306412,0.7574839179896644,5,SVR,True,503_wind
2.5163532491874365,10.869502221932562,3.29572032917518,0.7575027648285027,5,SVR,False,503_wind
3.6446497249652543,19.90222076308687,4.4603862029582215,0.3705257455027052,0,LR,True,225_puma8NH
3.6446497249652543,19.902220763086877,4.4603862029582215,0.370525745502705,0,LR,False,225_puma8NH
3.646916380816286,19.924468797188837,4.463417283023452,0.3695482992810192,1,LR,True,225_puma8NH
3.646916380816286,19.92446879718883,4.463417283023452,0.3695482992810193,1,LR,False,225_puma8NH
3.644775797450818,19.905305591967817,4.461407859216295,0.3700606006852612,2,LR,True,225_puma8NH
3.644775797450818,19.905305591967814,4.461407859216295,0.3700606006852612,2,LR,False,225_puma8NH
3.649085261993104,19.94857913379729,4.465792237900499,0.3689732356490146,3,LR,True,225_puma8NH
3.649085261993103,19.94857913379729,4.465792237900499,0.3689732356490147,3,LR,False,225_puma8NH
3.6462066441160097,19.921861513771194,4.462953269524051,0.3694916725070622,4,LR,True,225_puma8NH
3.6462066441160097,19.921861513771194,4.462953269524052,0.3694916725070622,4,LR,False,225_puma8NH
3.647380676618495,19.92884755960581,4.463871366883804,0.3690482360629876,5,LR,True,225_puma8NH
3.647380676618494,19.928847559605806,4.463871366883803,0.3690482360629877,5,LR,False,225_puma8NH
3.0272353558285445,14.940506643907096,3.865034677220495,0.527155302773308,0,KNN,True,225_puma8NH
3.03089612621866,14.971256654172285,3.868958885404253,0.5261796013292723,0,KNN,False,225_puma8NH
3.0271698353436456,14.904334658217133,3.860509534492024,0.5283370222073084,1,KNN,True,225_puma8NH
3.027791852008366,14.9136192907557,3.861730870098281,0.5280371556322571,1,KNN,False,225_puma8NH
3.0222167548474927,14.935846131115191,3.863949695746191,0.5274626008284917,2,KNN,True,225_puma8NH
3.024849452257852,14.939522663735543,3.864430925024213,0.527340292037169,2,KNN,False,225_puma8NH
3.0133611034902392,14.826871552730143,3.8498984856744007,0.5310279718340257,3,KNN,True,225_puma8NH
3.0147218088047643,14.845087847474815,3.852266543351977,0.5304515475438514,3,KNN,False,225_puma8NH
3.027931970961723,15.038102294748583,3.87768217006766,0.5241073931633119,4,KNN,True,225_puma8NH
3.029155745495806,15.050391096763867,3.8792548718638553,0.5237174875183079,4,KNN,False,225_puma8NH
3.026898465475782,15.012455431172038,3.874355612935513,0.5245908142294531,5,KNN,True,225_puma8NH
3.029319157850617,15.037709356485744,3.8776096293788,0.5237878853232243,5,KNN,False,225_puma8NH
3.436833174857542,20.84493960778225,4.565428796069964,0.3402409334236269,0,DT,True,225_puma8NH
3.436833174857542,20.84493960778225,4.565428796069964,0.3402409334236269,0,DT,False,225_puma8NH
3.419548328717135,20.466861499817128,4.52338556079792,0.3521820089019689,1,DT,True,225_puma8NH
3.419548328717135,20.466861499817128,4.52338556079792,0.3521820089019689,1,DT,False,225_puma8NH
3.4019466318998672,20.3445359548644,4.510252821374467,0.3559579995103412,2,DT,True,225_puma8NH
3.4019466318998672,20.3445359548644,4.510252821374467,0.3559579995103412,2,DT,False,225_puma8NH
3.431310032714188,20.6820401367446,4.547307357492088,0.3453196631739734,3,DT,True,225_puma8NH
3.431310032714188,20.6820401367446,4.547307357492088,0.3453196631739734,3,DT,False,225_puma8NH
3.4419731831988907,20.509975985536904,4.528441342380964,0.3507723467691416,4,DT,True,225_puma8NH
3.4419731831988907,20.509975985536904,4.528441342380964,0.3507723467691416,4,DT,False,225_puma8NH
3.377858746123378,20.06902558619592,4.478804316568778,0.3645731000329541,5,DT,True,225_puma8NH
3.377858746123378,20.06902558619592,4.478804316568778,0.3645731000329541,5,DT,False,225_puma8NH
2.50426549921134,10.65238738985227,3.2635909240521643,0.6628123595625284,0,RF,True,225_puma8NH
2.5042725648387725,10.652411355272765,3.263594546061646,0.6628116041263048,0,RF,False,225_puma8NH
2.5042987177972984,10.653315891220323,3.263832395947056,0.6628497642436244,1,RF,True,225_puma8NH
2.504306576612814,10.653329807233291,3.2638345201173924,0.6628493212437725,1,RF,False,225_puma8NH
2.5063607290960275,10.660626553359515,3.26384427578038,0.6628069639333942,2,RF,True,225_puma8NH
2.506371440676499,10.66062253468328,3.263844729624068,0.6628069555815059,2,RF,False,225_puma8NH
2.509916711046733,10.710458777332178,3.2725565246737003,0.6611312249722983,3,RF,True,225_puma8NH
2.509913108336093,10.710442419868167,3.272554010616787,0.6611317483366664,3,RF,False,225_puma8NH
2.5029635584942094,10.63086184025994,3.260285066159021,0.6635206551257387,4,RF,True,225_puma8NH
2.5029942893128987,10.630990576207758,3.260304509646474,0.6635166828406787,4,RF,False,225_puma8NH
2.502243355356244,10.59005034900994,3.2540486550217294,0.6648271012247432,5,RF,True,225_puma8NH
2.502245531684516,10.590052934113888,3.254049049398957,0.6648270206664441,5,RF,False,225_puma8NH
3.5880573860355613,20.68090884645693,4.546787474953156,0.3459102590913659,0,SVR,True,225_puma8NH
3.5878870471317823,20.694145232477588,4.548257046396362,0.3454870503121794,0,SVR,False,225_puma8NH
3.5916877030873247,20.72973935775478,4.552530559485879,0.3440445425524062,1,SVR,True,225_puma8NH
3.591548652462465,20.704206883380813,4.549743315070756,0.3448524086829626,1,SVR,False,225_puma8NH
3.588629883373803,20.693759910379683,4.548981561375543,0.3450053763349858,2,SVR,True,225_puma8NH
3.58795769493204,20.69011481011424,4.5485764501119785,0.3451294856361474,2,SVR,False,225_puma8NH
3.5927282411919497,20.74432477228378,4.5537244825679135,0.3437924280760296,3,SVR,True,225_puma8NH
3.592417260346627,20.74069285396172,4.553347380625389,0.3439020449187686,3,SVR,False,225_puma8NH
3.5895572504907625,20.704505013997014,4.549672180625691,0.3446008927151386,4,SVR,True,225_puma8NH
3.5892169697613023,20.67708517313136,4.54667368875662,0.3454801220227604,4,SVR,False,225_puma8NH
3.5921264148525527,20.743077625389983,4.554130572093804,0.3432157873709156,5,SVR,True,225_puma8NH
3.592011743732097,20.73470221501334,4.553194478802681,0.3434707808612152,5,SVR,False,225_puma8NH
6.17352264753483,98.69785305800798,9.932361723350695,0.7084122003379262,0,LR,True,227_cpu_small
6.173522647534828,98.69785305800798,9.932361723350695,0.7084122003379262,0,LR,False,227_cpu_small
6.17415970608992,97.50397381126804,9.857273402577572,0.7115862093242393,1,LR,True,227_cpu_small
6.17415970608992,97.503973811268,9.857273402577574,0.7115862093242393,1,LR,False,227_cpu_small
6.174081839149061,98.24414556051904,9.906853447608126,0.7097235648015447,2,LR,True,227_cpu_small
6.1740818391490615,98.24414556051904,9.906853447608126,0.709723564801545,2,LR,False,227_cpu_small
6.171956593551674,98.96970546676069,9.945425790918192,0.7069603850013004,3,LR,True,227_cpu_small
6.171956593551673,98.96970546676069,9.945425790918192,0.7069603850013004,3,LR,False,227_cpu_small
6.178007809782397,97.51748851400788,9.867109394259028,0.7121286878771815,4,LR,True,227_cpu_small
6.178007809782394,97.51748851400788,9.867109394259028,0.7121286878771815,4,LR,False,227_cpu_small
6.174610551530593,97.25244733914916,9.85938466206621,0.7124209038590539,5,LR,True,227_cpu_small
6.174610551530592,97.2524473391492,9.859384662066212,0.7124209038590537,5,LR,False,227_cpu_small
2.296435546875,14.455810546875,3.788899526724213,0.9573354244180238,0,KNN,True,227_cpu_small
2.2900390625,14.322871093750004,3.776728220438558,0.9577284395475032,0,KNN,False,227_cpu_small
2.304248046875,14.35248046875,3.778542406045661,0.9566947591808204,1,KNN,True,227_cpu_small
2.3031005859375,14.1963134765625,3.756557186371065,0.9571071539549812,1,KNN,False,227_cpu_small
2.2793212890625005,13.2229638671875,3.6138231475002343,0.9609929130004844,2,KNN,True,227_cpu_small
2.2800048828125004,13.091508789062498,3.597769340009114,0.9613843555954628,2,KNN,False,227_cpu_small
2.2889160156250004,13.856943359375,3.713776858799132,0.9592349328067488,3,KNN,True,227_cpu_small
2.2953857421875004,13.9878955078125,3.729754283086404,0.958877667343889,3,KNN,False,227_cpu_small
2.2958007812500005,13.620224609375,3.6878648021002327,0.9597716170004468,4,KNN,True,227_cpu_small
2.283984375,13.55775390625,3.679193442210447,0.9599547740908632,4,KNN,False,227_cpu_small
2.2899414062500005,13.910322265625,3.714335279170919,0.9587382107258392,5,KNN,True,227_cpu_small
2.2908447265625003,13.8918798828125,3.712064368031273,0.958791922973266,5,KNN,False,227_cpu_small
2.77783203125,16.19580078125,4.023524621310052,0.9521369310067246,0,DT,True,227_cpu_small
2.7757568359375,16.1663818359375,4.019882662421505,0.952226855054918,0,DT,False,227_cpu_small
2.84423828125,16.96337890625,4.118111969386641,0.949072104311812,1,DT,True,227_cpu_small
2.8438720703125,16.9090576171875,4.111493006947795,0.9492214663735256,1,DT,False,227_cpu_small
2.7974853515625,16.2845458984375,4.035386507506584,0.9518814512568924,2,DT,True,227_cpu_small
2.7965087890625,16.2733154296875,4.033989867390022,0.9519147605468,2,DT,False,227_cpu_small
2.832275390625,16.98388671875,4.120441658637184,0.9497584148392334,3,DT,True,227_cpu_small
2.8359375,17.01416015625,4.124079615460106,0.9496718372441144,3,DT,False,227_cpu_small
2.808837890625,16.84716796875,4.104416466920543,0.9501567435801522,4,DT,True,227_cpu_small
2.8038330078125,16.7762451171875,4.095721545095011,0.9503631192905624,4,DT,False,227_cpu_small
2.8172607421875,16.8516845703125,4.104806391909334,0.9500856129171444,5,DT,True,227_cpu_small
2.8182373046875,16.8680419921875,4.106829285324391,0.9500463925231704,5,DT,False,227_cpu_small
1.9956286621093748,8.439423254394532,2.903958270335771,0.9750430702527116,0,RF,True,227_cpu_small
1.99514892578125,8.4374830078125,2.9036274039942493,0.9750486811835192,0,RF,False,227_cpu_small
1.994591064453125,8.243639953613283,2.870654253250601,0.9753320575415522,1,RF,True,227_cpu_small
1.994423828125,8.243750512695312,2.870675292546755,0.9753322713909276,1,RF,False,227_cpu_small
1.9774450683593752,8.087106896972657,2.8421512907122644,0.9760699491247272,2,RF,True,227_cpu_small
1.977412109375,8.083987939453126,2.841588543340815,0.9760791671798266,2,RF,False,227_cpu_small
1.983388671875,8.170176025390624,2.8564405521223684,0.9757139043089232,3,RF,True,227_cpu_small
1.9842919921875,8.181980151367187,2.858550981784626,0.975680220958823,3,RF,False,227_cpu_small
1.978057861328125,8.126017883300781,2.8493168231487425,0.9759896865762598,4,RF,True,227_cpu_small
1.978175048828125,8.132058679199218,2.850312053481548,0.9759718675627876,4,RF,False,227_cpu_small
1.99110595703125,8.384246997070314,2.892333735240416,0.9750992789023862,5,RF,True,227_cpu_small
1.992415771484375,8.39841697998047,2.8946940792474947,0.9750560429482568,5,RF,False,227_cpu_small
4.160570587075025,171.31546760412624,12.935759301923207,0.4958184189158335,0,SVR,True,227_cpu_small
4.159187930674612,171.21042051945773,12.931980159227171,0.4961269439127535,0,SVR,False,227_cpu_small
4.15226476957772,167.17813829245594,12.903888176805747,0.5004849232740459,1,SVR,True,227_cpu_small
4.152313882141157,167.17491140266463,12.90377297312642,0.5004851437980539,1,SVR,False,227_cpu_small
4.170608367616632,169.9541169182599,12.90165281570692,0.4972487621096101,2,SVR,True,227_cpu_small
4.170051627908958,169.86012868581906,12.89851753337409,0.4975252253697861,2,SVR,False,227_cpu_small
4.177798802274537,175.22450282794964,13.043741908019433,0.4788458132675018,3,SVR,True,227_cpu_small
4.1780079647486215,175.2455588843314,13.044511490823536,0.4787936195683174,3,SVR,False,227_cpu_small
4.172816644436105,170.31969011661647,12.9789008407135,0.4958293877249924,4,SVR,True,227_cpu_small
4.172993648381249,170.3365527025294,12.97948623034438,0.495782369387133,4,SVR,False,227_cpu_small
4.151126715571983,167.77185565159292,12.908655074375227,0.5018641749383468,5,SVR,True,227_cpu_small
4.15122242170351,167.77761829785112,12.90895254646201,0.5018446831771582,5,SVR,False,227_cpu_small
26.599347353556677,930.5568956603078,30.504031858073866,0.4653157942153032,0,LR,True,201_pol
26.59934735355668,930.556895660308,30.50403185807387,0.4653157942153031,0,LR,False,201_pol
26.61077755634461,931.115431099087,30.513981735659748,0.4651324025928976,1,LR,True,201_pol
26.61077755634461,931.1154310990868,30.513981735659748,0.4651324025928977,1,LR,False,201_pol
26.59547026145226,930.382555590199,30.501564893788107,0.4647080240705349,2,LR,True,201_pol
26.59547026145226,930.3825555901992,30.501564893788107,0.4647080240705349,2,LR,False,201_pol
26.593610583930616,930.2998059032832,30.50004185014017,0.4656141010866862,3,LR,True,201_pol
26.59361058393062,930.2998059032832,30.50004185014017,0.4656141010866862,3,LR,False,201_pol
26.61511143388685,931.902691615341,30.52623366448255,0.4645170453822683,4,LR,True,201_pol
26.61511143388685,931.902691615341,30.52623366448255,0.4645170453822683,4,LR,False,201_pol
26.609779880010755,930.6749625110646,30.506806828609875,0.4653398533274973,5,LR,True,201_pol
26.609779880010755,930.6749625110645,30.506806828609875,0.4653398533274974,5,LR,False,201_pol
3.6394666666666655,87.07786666666667,9.331138453052866,0.9499512483762846,0,KNN,True,201_pol
3.6504,87.4464,9.350799387068182,0.9497412982078977,0,KNN,False,201_pol
3.6274666666666655,85.74293333333333,9.25697404449228,0.9507388958015108,1,KNN,True,201_pol
3.630133333333333,85.78986666666667,9.259843631681232,0.95071254717326,1,KNN,False,201_pol
3.6189333333333336,86.272,9.284672588217544,0.9502657310904928,2,KNN,True,201_pol
3.620666666666666,86.35226666666668,9.288572395059802,0.9502170819875034,2,KNN,False,201_pol
3.6392,85.87946666666667,9.259122709246382,0.9506851060804442,3,KNN,True,201_pol
3.629333333333333,85.33600000000001,9.228638995382209,0.9509970078217288,3,KNN,False,201_pol
3.6036,85.33146666666667,9.22447906666433,0.9509121074172606,4,KNN,True,201_pol
3.606133333333333,85.79573333333335,9.248083974337206,0.9506434460740982,4,KNN,False,201_pol
3.6550666666666665,87.2568,9.320806690210308,0.9498674582337616,5,KNN,True,201_pol
3.6576,87.44693333333333,9.329667131327415,0.9497579781585748,5,KNN,False,201_pol
2.078666666666667,49.42666666666667,7.015524421484375,0.9715951429395576,0,DT,True,201_pol
2.079333333333333,49.22,7.000235081090112,0.9717114190794652,0,DT,False,201_pol
2.030666666666667,48.17333333333333,6.92199422776884,0.9723311733071288,1,DT,True,201_pol
2.031333333333333,48.39333333333333,6.939279543717924,0.972204174678608,1,DT,False,201_pol
2.0006666666666666,48.43333333333333,6.954107579933927,0.9720573479757644,2,DT,True,201_pol
1.9953333333333332,48.02,6.924675476898691,0.9722988189409584,2,DT,False,201_pol
2.027333333333333,48.83333333333333,6.982195616323749,0.9719507061080956,3,DT,True,201_pol
2.024,48.73333333333333,6.974858282229823,0.9720071817323342,3,DT,False,201_pol
2.0733333333333333,50.81333333333333,7.127198353545421,0.9708058634022388,4,DT,True,201_pol
2.0766666666666667,51.46,7.172433092671911,0.9704301910531636,4,DT,False,201_pol
2.057333333333333,51.89333333333333,7.199803034401361,0.9701920143789606,5,DT,True,201_pol
2.0586666666666664,51.81333333333333,7.193694699400053,0.9702374430867132,5,DT,False,201_pol
1.7198666666666664,22.481474666666667,4.733259316193931,0.9870743687898932,0,RF,True,201_pol
1.71976,22.46684,4.73135886023082,0.987083024550679,0,RF,False,201_pol
1.7198533333333332,21.72976,4.6590140314701,0.9875188344152884,1,RF,True,201_pol
1.72086,21.728488666666664,4.6588366593969095,0.9875195370604672,1,RF,False,201_pol
1.7433666666666667,23.02581,4.797745861158337,0.9867470834150578,2,RF,True,201_pol
1.74308,22.990178666666665,4.79395138676423,0.986768756846082,2,RF,False,201_pol
1.7194133333333332,22.329576,4.722057119820439,0.9871750291429898,3,RF,True,201_pol
1.7187466666666666,22.260541333333336,4.714379395627768,0.987214949957,3,RF,False,201_pol
1.69632,21.84402,4.668202999689444,0.9874403108995276,4,RF,True,201_pol
1.695973333333333,21.984072,4.681224822764078,0.9873599554873832,4,RF,False,201_pol
1.727593333333333,22.49886733333333,4.741321309119995,0.987077019128926,5,RF,True,201_pol
1.727126666666667,22.493094,4.741012692688787,0.9870802767594772,5,RF,False,201_pol
26.435110497892577,952.476600133772,30.860322598489724,0.4527770557954266,0,SVR,True,201_pol
26.43716931179761,952.6975857579376,30.86389392156997,0.4526500966743893,0,SVR,False,201_pol
26.423654896850916,952.0343209030632,30.85477896771249,0.4531250363253349,1,SVR,True,201_pol
26.425639646896183,951.9211662070452,30.852949725412863,0.4531903581222084,1,SVR,False,201_pol
26.46034620241938,957.6383554348344,30.94356338524049,0.449291781961031,2,SVR,True,201_pol
26.45551213402743,957.532842056175,30.941881747966278,0.4493523351506261,2,SVR,False,201_pol
26.417829044896788,951.5470175563536,30.8464097826224,0.4534211298120942,3,SVR,True,201_pol
26.41619180307512,951.7315513495886,30.84938031477314,0.4533170656775129,3,SVR,False,201_pol
26.447172506207004,955.0086279422428,30.902484210810925,0.4512700172774492,4,SVR,True,201_pol
26.447671158241864,955.07192159642,30.903552280604444,0.4512301228486187,4,SVR,False,201_pol
26.43745919844448,953.3740795305162,30.87672430094223,0.4523140039941292,5,SVR,True,201_pol
26.440631015440317,953.8711034479254,30.88476601850596,0.4520295245565908,5,SVR,False,201_pol
50808.73892076002,4849636615.447975,69636.41545660244,0.6357031903861189,0,LR,True,537_houses
50808.73892076002,4849636615.447975,69636.41545660244,0.6357031903861189,0,LR,False,537_houses
50798.859282276455,4846840795.01529,69617.29935334,0.6358537903516482,1,LR,True,537_houses
50798.859282276455,4846840795.01529,69617.29935334,0.6358537903516482,1,LR,False,537_houses
50784.36145697918,4842810502.983261,69584.85794023916,0.6361451328337291,2,LR,True,537_houses
50784.36145697917,4842810502.983261,69584.85794023916,0.6361451328337291,2,LR,False,537_houses
50826.98648994409,4864594236.742745,69740.80106707301,0.6346032631360365,3,LR,True,537_houses
50826.98648994409,4864594236.742745,69740.80106707301,0.6346032631360365,3,LR,False,537_houses
50816.674980186224,4850262779.748896,69632.38331187965,0.6357041647669041,4,LR,True,537_houses
50816.674980186224,4850262779.748897,69632.38331187966,0.6357041647669041,4,LR,False,537_houses
50802.54278484813,4844988824.58046,69603.92287591146,0.6360654965658046,5,LR,True,537_houses
50802.54278484813,4844988824.580461,69603.92287591146,0.6360654965658046,5,LR,False,537_houses
42265.264467054265,3895196531.257041,62408.89625324868,0.707419436009409,0,KNN,True,537_houses
42254.53975775194,3894790595.755928,62405.46820271593,0.7074487956649276,0,KNN,False,537_houses
42311.40350775194,3894943611.376721,62406.07975053186,0.7073098191786951,1,KNN,True,537_houses
42306.97517441861,3894655545.922795,62403.90815406232,0.7073341533430173,1,KNN,False,537_houses
42369.4561627907,3892559648.767613,62375.51611772369,0.7075752117452478,2,KNN,True,537_houses
42365.9241375969,3892594680.043924,62375.26319669488,0.7075736548237983,2,KNN,False,537_houses
42236.44044573644,3880763471.291101,62294.598856802775,0.7085218102619364,3,KNN,True,537_houses
42243.422945736434,3881869724.039903,62303.25004095309,0.7084399227981608,3,KNN,False,537_houses
42302.42031007752,3862266444.388764,62140.4347527576,0.709800205954145,4,KNN,True,537_houses
42280.77512596899,3859994130.22718,62122.2523913633,0.7099658211520938,4,KNN,False,537_houses
42476.03055232558,3895418119.037122,62412.37835547581,0.707363895638697,5,KNN,True,537_houses
42503.66429263566,3902016491.076631,62465.50913108807,0.7068644004774008,5,KNN,False,537_houses
43838.63468992248,4787678526.207364,69187.8798910172,0.6403021865524569,0,DT,True,537_houses
43818.00004844961,4790019819.191909,69205.36542821617,0.6401252320585917,0,DT,False,537_houses
44258.01739341085,4853238799.625921,69662.52428303586,0.6353674406155243,1,DT,True,537_houses
44284.72747093023,4857177548.7536335,69691.47588606525,0.635067440762233,1,DT,False,537_houses
43140.14331395349,4655912179.692732,68221.91516983771,0.6502631505632501,2,DT,True,537_houses
43151.13628875969,4655228836.271948,68216.78273149289,0.6503158941582249,2,DT,False,537_houses
44063.15828488373,4797655593.21158,69260.8560499469,0.6397002343992355,3,DT,True,537_houses
44025.94878875969,4788890809.984642,69197.42153860399,0.6403564340748225,3,DT,False,537_houses
44090.56148255814,4852613970.0043125,69646.99780618378,0.6353771716127009,4,DT,True,537_houses
44104.882994186046,4855198497.25218,69665.0994258638,0.6351943717396111,4,DT,False,537_houses
43803.56085271318,4759915414.917442,68985.77799202337,0.6425346956909603,5,DT,True,537_houses
43822.15087209302,4758785809.936725,68978.94436999474,0.6426054473079037,5,DT,False,537_houses
31916.323308139537,2445939318.097958,49447.21443655802,0.8163448736817724,0,RF,True,537_houses
31906.53558236434,2445179412.6279573,49439.66377551801,0.8164007579753343,0,RF,False,537_houses
32024.95932703489,2438016612.91403,49370.15419432976,0.8168960760864077,1,RF,True,537_houses
32027.677786821703,2436652319.9322505,49356.62841724356,0.8169965745340173,1,RF,False,537_houses
32014.84587112403,2417481077.928647,49162.61034756851,0.8183457444926399,2,RF,True,537_houses
32015.625086724805,2417284300.9871645,49160.39030109333,0.8183612889409131,2,RF,False,537_houses
31887.602817829465,2414390265.1649075,49129.82288612134,0.8186598250462892,3,RF,True,537_houses
31897.784875484496,2415438054.8226466,49140.44756576652,0.8185802628726733,3,RF,False,537_houses
31784.865603682167,2390601785.3115687,48889.50949070195,0.8204224075871867,4,RF,True,537_houses
31781.59959011628,2390639324.807107,48889.89492582881,0.820420971950159,4,RF,False,537_houses
31985.876437984494,2434865679.026022,49343.51150317063,0.8170611657721973,5,RF,True,537_houses
31994.176874031007,2436305069.3688745,49358.18862216403,0.8169537145142862,5,RF,False,537_houses
49594.47081529409,4989585270.599996,70633.22889063394,0.6252259071026601,0,SVR,True,537_houses
49594.00836510689,4991407989.620043,70646.26258685437,0.6250877150945862,0,SVR,False,537_houses
49591.55903731091,4990989819.449514,70645.11301812873,0.6250280010408661,1,SVR,True,537_houses
49594.00021242304,4990858764.698188,70644.13983383805,0.6250385586721169,1,SVR,False,537_houses
49594.33651240336,4991249864.195388,70639.92266799808,0.6250320023614973,2,SVR,True,537_houses
49591.75430541477,4989857097.842813,70630.32679973444,0.625133203901191,2,SVR,False,537_houses
49601.53148763879,4996156014.059946,70680.26455669112,0.6247437895046092,3,SVR,True,537_houses
49600.004336679136,4996951033.861142,70685.76490189279,0.6246822697445897,3,SVR,False,537_houses
49621.8503190349,4996186373.70157,70670.8020224888,0.6247578499891717,4,SVR,True,537_houses
49630.25721583812,4997487938.722984,70679.75502894765,0.6246647575175637,4,SVR,False,537_houses
49602.31811542863,4990726815.678492,70641.40549384618,0.6251599423383696,5,SVR,True,537_houses
49600.57251003663,4992594414.783378,70654.56500322184,0.6250214548532529,5,SVR,False,537_houses
24364.010245065158,1733092108.4656408,41599.719552486655,0.3800122536900664,0,LR,True,218_house_8L
24364.010245065158,1733092108.4656408,41599.719552486655,0.3800122536900664,0,LR,False,218_house_8L
24354.86505664389,1729857863.8800411,41586.82375732111,0.3800784563747149,1,LR,True,218_house_8L
24354.865056643896,1729857863.8800411,41586.82375732111,0.3800784563747149,1,LR,False,218_house_8L
24372.21154246175,1742587232.343674,41737.09434257846,0.3759762381070031,2,LR,True,218_house_8L
24372.211542461748,1742587232.343674,41737.09434257846,0.3759762381070031,2,LR,False,218_house_8L
24381.71843522911,1741953557.4087424,41723.73418719458,0.3761765943009869,3,LR,True,218_house_8L
24381.71843522911,1741953557.4087422,41723.73418719458,0.376176594300987,3,LR,False,218_house_8L
24363.261814783345,1731715667.7100346,41598.07736592043,0.3798014065970684,4,LR,True,218_house_8L
24363.261814783345,1731715667.7100346,41598.07736592043,0.3798014065970683,4,LR,False,218_house_8L
24340.948985419735,1728663612.4891355,41571.01114218203,0.3808138528262903,5,LR,True,218_house_8L
24340.94898541974,1728663612.4891355,41571.011142182026,0.3808138528262904,5,LR,False,218_house_8L
17649.501062148876,1101397173.6151912,33158.82829368534,0.6059292704563827,0,KNN,True,218_house_8L
17636.5971383427,1098853209.8219416,33119.847538123315,0.6068963058802244,0,KNN,False,218_house_8L
17610.184032654495,1107561267.7108092,33276.60144611039,0.6023417712698571,1,KNN,True,218_house_8L
17594.860472261236,1103054589.4503212,33208.847894751765,0.6039963099675395,1,KNN,False,218_house_8L
17793.370786516854,1127823516.9187536,33566.72942241074,0.5962673532759852,2,KNN,True,218_house_8L
17764.58032830056,1120859836.2308867,33461.58741018255,0.598780551124603,2,KNN,False,218_house_8L
17700.256653792134,1114143138.5430512,33373.35747382642,0.6006254526717929,3,KNN,True,218_house_8L
17657.868065308987,1109196920.2728653,33299.68416299079,0.6023404853684116,3,KNN,False,218_house_8L
17745.41165730337,1120706502.7411866,33463.20244178236,0.5984001107601997,4,KNN,True,218_house_8L
17767.984576896066,1123125477.1532743,33498.655260312975,0.5975128586438019,4,KNN,False,218_house_8L
17634.16882022472,1111401857.3450704,33322.15937043049,0.6015895175426089,5,KNN,True,218_house_8L
17636.075561797756,1110159348.9542558,33302.37419469586,0.6019962688357892,5,KNN,False,218_house_8L
21485.104327598317,1779366369.3579266,42177.04652335069,0.3617840172874736,0,DT,True,218_house_8L
21463.045075491573,1776276660.4131408,42140.425599646245,0.3629218807072666,0,DT,False,218_house_8L
21669.64830582865,1805992335.068513,42473.68036621829,0.3510703849132635,1,DT,True,218_house_8L
21686.19057233146,1808987252.9757729,42508.54074274695,0.3499598030337512,1,DT,False,218_house_8L
21260.418275983146,1723050325.811973,41497.78118837835,0.3826482638072682,2,DT,True,218_house_8L
21265.97923981741,1723336006.868987,41501.23838502111,0.382545353317138,2,DT,False,218_house_8L
21316.80811095505,1759353708.9930654,41938.85003749654,0.3692900255274915,3,DT,True,218_house_8L
21309.65848841292,1757798081.184208,41920.25134193557,0.3698329787093937,3,DT,False,218_house_8L
21468.30604810393,1789521164.989686,42294.91318126604,0.3576287012042863,4,DT,True,218_house_8L
21468.8241309691,1789479640.551659,42294.36781102867,0.3576448341342205,4,DT,False,218_house_8L
21276.88057408708,1762484609.0533268,41937.61605054271,0.3697635528734471,5,DT,True,218_house_8L
21279.09717345505,1762466159.676703,41937.360099965386,0.3697701509870783,5,DT,False,218_house_8L
15725.081850421348,882282070.1746447,29680.522195509653,0.6842195006030529,0,RF,True,218_house_8L
15726.42495610955,882086097.5546333,29677.33959915456,0.6842861823017383,0,RF,False,218_house_8L
15841.676446190308,916845593.9712626,30275.37941493983,0.6713990990714,1,RF,True,218_house_8L
15841.867351211378,916524197.5811652,30270.211238533426,0.6715046139764324,1,RF,False,218_house_8L
15765.965529757726,897296521.2495728,29950.27675660904,0.6786864558671502,2,RF,True,218_house_8L
15767.143265888342,897240851.3585532,29949.38870949817,0.6787056670034962,2,RF,False,218_house_8L
15749.851035814609,899237530.5275826,29984.393121443405,0.6774925262933744,3,RF,True,218_house_8L
15750.249420207165,899143885.5310895,29982.88670742663,0.6775253841053215,3,RF,False,218_house_8L
15714.52181838132,892545410.1535066,29853.53273868371,0.6802675777134166,4,RF,True,218_house_8L
15716.334051088485,892583093.4533751,29854.132372735272,0.6802547882308168,4,RF,False,218_house_8L
15710.12852440309,882296118.3141677,29689.85712215185,0.6837119071789156,5,RF,True,218_house_8L
15711.20668846559,882345006.9755757,29690.65172811362,0.6836942073357479,5,RF,False,218_house_8L
21149.603035868888,2079161113.327755,45545.83389891671,0.2566877446494123,0,SVR,True,218_house_8L
21147.547678499723,2080191824.250177,45557.13505411305,0.2563366668783261,0,SVR,False,218_house_8L
21124.883910301,2075816730.51493,45538.83680137068,0.2566924891399473,1,SVR,True,218_house_8L
21124.714442701086,2078171500.4395125,45564.5572751877,0.2558490990482156,1,SVR,False,218_house_8L
21178.367935241644,2097727107.5517175,45794.10726194744,0.248379505055057,2,SVR,True,218_house_8L
21176.5098389899,2095341297.9976952,45768.34761258962,0.2492407887001316,2,SVR,False,218_house_8L
21175.164938158603,2099058757.7608836,45793.49589552887,0.2465245375297257,3,SVR,True,218_house_8L
21175.885756340416,2099154697.7462375,45794.6769065736,0.2464881054573232,3,SVR,False,218_house_8L
21164.569269261887,2088873355.07724,45670.74037507103,0.2517492612076621,4,SVR,True,218_house_8L
21164.586412144425,2090138774.7602515,45684.24903606431,0.251292502620515,4,SVR,False,218_house_8L
21151.24031068574,2092859712.7869663,45703.88171040114,0.2517692136567546,5,SVR,True,218_house_8L
21151.28548662776,2093039871.8210087,45705.53846914822,0.2517084905926406,5,SVR,False,218_house_8L
25475.398407045443,2077088201.3703797,45550.52612214224,0.2564576930840915,0,LR,True,574_house_16H
25475.398407045443,2077088201.37038,45550.52612214224,0.2564576930840914,0,LR,False,574_house_16H
25455.20805386635,2070081485.5584855,45486.19526555861,0.2585055903750747,1,LR,True,574_house_16H
25455.20805386635,2070081485.5584855,45486.19526555861,0.2585055903750747,1,LR,False,574_house_16H
25516.436335766768,2101308965.715756,45837.970224328994,0.2474080898816495,2,LR,True,574_house_16H
25516.43633576677,2101308965.715756,45837.970224328994,0.2474080898816496,2,LR,False,574_house_16H
25488.83900658493,2090617930.3612957,45701.49162553753,0.2516439484531376,3,LR,True,574_house_16H
25488.83900658493,2090617930.361296,45701.49162553753,0.2516439484531375,3,LR,False,574_house_16H
25490.104270126605,2076553121.3501227,45554.7473794498,0.2558646428255368,4,LR,True,574_house_16H
25490.10427012661,2076553121.350123,45554.7473794498,0.2558646428255368,4,LR,False,574_house_16H
25454.440692445627,2073431386.4451797,45533.01835292377,0.2567228474279567,5,LR,True,574_house_16H
25454.440692445623,2073431386.4451792,45533.01835292376,0.2567228474279567,5,LR,False,574_house_16H
18771.97670294944,1412804335.4285357,37546.439714151486,0.4950205895118533,0,KNN,True,574_house_16H
18785.623876404494,1417342217.5806775,37605.87521349202,0.493440254383635,0,KNN,False,574_house_16H
18689.11018258427,1386524741.1075492,37235.366461651625,0.5026672664161058,1,KNN,True,574_house_16H
18669.99677844101,1386833165.7966626,37239.45134540042,0.5025535001016648,1,KNN,False,574_house_16H
18626.921962780896,1389078619.4062886,37258.62524991548,0.5025923900929227,2,KNN,True,574_house_16H
18671.614641853936,1396737846.055885,37363.34387753984,0.4998368461241018,2,KNN,False,574_house_16H
18698.48668363764,1398569978.8395982,37390.47154748721,0.498499715935328,3,KNN,True,574_house_16H
18760.424912219103,1407564260.824491,37512.24076726212,0.4953735890290326,3,KNN,False,574_house_16H
18777.06581811797,1411884200.4191644,37562.47512955168,0.4942501730677912,4,KNN,True,574_house_16H
18790.846330758428,1409429793.8625455,37532.6975475986,0.494957344796588,4,KNN,False,574_house_16H
18753.357294592697,1404792099.4047632,37478.443353807845,0.496187980091229,5,KNN,True,574_house_16H
18741.21793363764,1403014442.6525722,37454.57261023584,0.4968550771108668,5,KNN,False,574_house_16H
22583.589799859557,2202718207.806268,46911.79421223612,0.2108221252537529,0,DT,True,574_house_16H
22584.392995084272,2202795787.502546,46912.657456149216,0.2107916204928079,0,DT,False,574_house_16H
22644.40936622191,2231076380.2038717,47213.94803269426,0.1993029934187574,1,DT,True,574_house_16H
22636.140405547754,2228785949.97213,47190.76084724879,0.2001517703801652,1,DT,False,574_house_16H
22308.70461727528,2203188209.505267,46914.13774192476,0.2108522824327895,2,DT,True,574_house_16H
22310.43829002809,2203359524.8757024,46915.90921832927,0.2107905138311644,2,DT,False,574_house_16H
22463.466599367974,2194395695.67543,46837.760774596856,0.2136434332809548,3,DT,True,574_house_16H
22461.77681706461,2194235790.8035903,46836.08948854123,0.2136978567857262,3,DT,False,574_house_16H
22195.79709445225,2094138995.391108,45757.60059637608,0.247866645866704,4,DT,True,574_house_16H
22200.541564255615,2094491268.5476213,45761.40450008424,0.2477319853553035,4,DT,False,574_house_16H
22499.552975772476,2185807813.25812,46719.60060956322,0.2167907570810358,5,DT,True,574_house_16H
22493.31184164326,2182551537.239861,46685.75700760923,0.2179484630758066,5,DT,False,574_house_16H
16127.144595330055,1036320513.6021324,32166.464079465448,0.6292616906217414,0,RF,True,574_house_16H
16125.800127721208,1036346891.6457764,32167.053366830223,0.6292464392304504,0,RF,False,574_house_16H
16018.727211639743,1021074336.9670706,31951.201298090844,0.6336906025243425,1,RF,True,574_house_16H
16018.663692942417,1021152034.5917308,31952.40010378442,0.6336642401300643,1,RF,False,574_house_16H
16060.52587473666,1040264533.3141568,32239.455032252823,0.6274676601692869,2,RF,True,574_house_16H
16060.081389132723,1040217964.9764044,32238.722406441804,0.6274843004191559,2,RF,False,574_house_16H
16017.228339624296,1029920606.273151,32086.604490839654,0.6307669988212269,3,RF,True,574_house_16H
16016.757573735957,1029887359.768862,32086.097154875388,0.6307768790986005,3,RF,False,574_house_16H
15992.268037658008,1012561420.1161304,31804.387392243385,0.6371878704776455,4,RF,True,574_house_16H
15993.119919241572,1012539918.9449644,31804.13405466439,0.6371944724912995,4,RF,False,574_house_16H
16107.966871927669,1037289438.3351308,32202.468682530583,0.6282941671862257,5,RF,True,574_house_16H
16106.862411341292,1037165189.742799,32200.58092846288,0.6283383695807636,5,RF,False,574_house_16H
22749.27315645494,2277012260.460432,47686.38446535534,0.1853005183603765,0,SVR,True,574_house_16H
22751.592898232877,2278019729.167445,47696.19810455282,0.1849714624439072,0,SVR,False,574_house_16H
22709.71251844692,2257160642.5293484,47496.54443895351,0.1915916724065839,1,SVR,True,574_house_16H
22711.353789769182,2256263381.490144,47487.34489044907,0.1919104326678237,1,SVR,False,574_house_16H
22765.89064341098,2297127547.901819,47926.48401375992,0.1771649451853252,2,SVR,True,574_house_16H
22769.01872323652,2296144946.523908,47916.30644885371,0.1775187514372244,2,SVR,False,574_house_16H
22760.92367422205,2294471929.477488,47869.53548513053,0.179027399903245,3,SVR,True,574_house_16H
22759.165054889483,2293942015.7158422,47864.10558590265,0.1792107168672225,3,SVR,False,574_house_16H
22724.701984113228,2259887744.5361547,47519.32642094354,0.1906444168896637,4,SVR,True,574_house_16H
22722.037966232485,2259946353.70695,47519.9250718425,0.1906200146950694,4,SVR,False,574_house_16H
22712.319500359958,2257209318.775302,47506.10854136101,0.1911910864186519,5,SVR,True,574_house_16H
22714.51471574436,2257486718.2167377,47508.94820357866,0.1911031203874034,5,SVR,False,574_house_16H
2.0385055119994178,6.923667994611522,2.631210896882441,0.7226574022252482,0,LR,True,564_fried
2.0385055119994173,6.923667994611522,2.631210896882441,0.7226574022252482,0,LR,False,564_fried
2.038660154224499,6.924036756120609,2.6312996408883023,0.722631926807876,1,LR,True,564_fried
2.038660154224498,6.924036756120609,2.6312996408883023,0.722631926807876,1,LR,False,564_fried
2.038413995497097,6.922886631390893,2.631123823002667,0.7227259333894066,2,LR,True,564_fried
2.038413995497097,6.9228866313908926,2.6311238230026666,0.7227259333894066,2,LR,False,564_fried
2.038643769151424,6.924095662711073,2.631358945142546,0.7226840881219865,3,LR,True,564_fried
2.038643769151424,6.924095662711073,2.631358945142546,0.7226840881219865,3,LR,False,564_fried
2.039050140814707,6.927203311406398,2.6318513423058056,0.7224778046587349,4,LR,True,564_fried
2.039050140814707,6.927203311406399,2.6318513423058056,0.7224778046587349,4,LR,False,564_fried
2.038656215476001,6.924463303576934,2.6314018043228105,0.7226864473329031,5,LR,True,564_fried
2.038656215476,6.924463303576934,2.6314018043228105,0.7226864473329031,5,LR,False,564_fried
1.557207720646316,3.889029291873433,1.9720575683781647,0.8442337051757178,0,KNN,True,564_fried
1.5573321906418438,3.88930214414172,1.9721284999190576,0.8442246817833716,0,KNN,False,564_fried
1.5523919237690234,3.8747975697748713,1.9684377955841583,0.8447930502911323,1,KNN,True,564_fried
1.5526111053338338,3.876659874169424,1.968910914155771,0.8447179615880229,1,KNN,False,564_fried
1.554453447765124,3.8837258693587455,1.970701289366673,0.8444480214872636,2,KNN,True,564_fried
1.554227000440316,3.882318644473959,1.9703444315624157,0.8445049340227349,2,KNN,False,564_fried
1.547167680645252,3.843979481428781,1.960605742759807,0.8460444807643454,3,KNN,True,564_fried
1.546865070170249,3.843786815120647,1.960557375251299,0.8460509488053848,3,KNN,False,564_fried
1.5521219228212304,3.866213690494973,1.966210951189208,0.8451118384897351,4,KNN,True,564_fried
1.5520538841198042,3.867193528545397,1.966453452643042,0.8450732628673874,4,KNN,False,564_fried
1.5560472075491516,3.8768649248961697,1.968877338288204,0.844755206482195,5,KNN,True,564_fried
1.555622977354115,3.87423913737348,1.9682178232536032,0.8448593346149806,5,KNN,False,564_fried
1.5846046427313425,4.105432949585023,2.026160715833728,0.8355765312238838,0,DT,True,564_fried
1.58382243602416,4.10198937916106,2.025307024605941,0.8357151585538047,0,DT,False,564_fried
1.5832289276583182,4.111313176565811,2.027368666030013,0.8353472441345393,1,DT,True,564_fried
1.5833615803275276,4.112758954788344,2.027727366546116,0.8352899461901675,1,DT,False,564_fried
1.5774096871427958,4.061104901686687,2.015070396274684,0.8373407849192949,2,DT,True,564_fried
1.5777148775854315,4.062887021618125,2.0155183451778016,0.8372696814217764,2,DT,False,564_fried
1.5737011406497206,4.040814942352957,2.010145687003818,0.8381560965375299,3,DT,True,564_fried
1.5737646461910022,4.041002738871999,2.0101936876774973,0.8381485211647435,3,DT,False,564_fried
1.5812190936577144,4.065574218426825,2.0163189006968576,0.8370969435992137,4,DT,True,564_fried
1.581408899197036,4.065024627274459,2.016183239819102,0.8371201562310364,4,DT,False,564_fried
1.5780504053464786,4.063374033792465,2.01572291186943,0.8372653154345323,5,DT,True,564_fried
1.5781764600821078,4.066444635269423,2.0164874184853203,0.8371430009362485,5,DT,False,564_fried
1.02153496930186,1.6804795819754212,1.2962481762502376,0.9326848648348848,0,RF,True,564_fried
1.02142008411798,1.6802505707114468,1.2961571792234776,0.932693841108735,0,RF,False,564_fried
1.0217447182561656,1.67915365736582,1.2956946821637063,0.9327534779593004,1,RF,True,564_fried
1.0217814128866565,1.679345777546697,1.2957671621436329,0.9327457996734296,1,RF,False,564_fried
1.021664920293158,1.6827314633813408,1.2971924817514973,0.9326007905494532,2,RF,True,564_fried
1.0215516563837657,1.6824162001066298,1.297071231077914,0.9326133505941768,2,RF,False,564_fried
1.0182484908179534,1.674968519052616,1.2941869170333815,0.9329125317471308,3,RF,True,564_fried
1.018280026848641,1.6749510616920655,1.294179680921167,0.932913158424492,3,RF,False,564_fried
1.0225472855282725,1.6818403368678527,1.2968526398139724,0.9326092855532314,4,RF,True,564_fried
1.0224858250953566,1.6815351959426157,1.2967352381688428,0.9326211825323484,4,RF,False,564_fried
1.020194543032272,1.6803023098066707,1.2961921457425027,0.932711843957442,5,RF,True,564_fried
1.0200702269777295,1.6799906700418252,1.2960718433512228,0.9327243830599836,5,RF,False,564_fried
2.0183620107672247,7.054591559290854,2.655960443014274,0.7174056964863853,0,SVR,True,564_fried
2.018259195215105,7.04940340301557,2.654982002125883,0.7176137235052136,0,SVR,False,564_fried
2.0185474709123024,7.050059981321619,2.655148196634898,0.717587799448798,1,SVR,True,564_fried
2.0186599953272784,7.052150779404524,2.6555395378965443,0.717502205009575,1,SVR,False,564_fried
2.01827718214279,7.053903540343861,2.6558992706890128,0.717484658631631,2,SVR,True,564_fried
2.01847175901705,7.049379119009242,2.655050026117595,0.7176639027665491,2,SVR,False,564_fried
2.018368271773461,7.052148456118267,2.6555785958827007,0.7175465837712751,3,SVR,True,564_fried
2.0184826202667674,7.050952934214508,2.6553504500230427,0.7175935005125105,3,SVR,False,564_fried
2.018682694126256,7.056903350908016,2.656354876597746,0.7172687976596183,4,SVR,True,564_fried
2.0187471381283766,7.0555531905897135,2.6561055042446013,0.7173212141750926,4,SVR,False,564_fried
2.0184883823717583,7.050686058812614,2.6552701000717875,0.7176301479500264,5,SVR,True,564_fried
2.018419069565481,7.055737657594032,2.6562217569385385,0.7174277361251007,5,SVR,False,564_fried
9.219925759004877,139.13103233225866,11.794650035005796,0.4420840012515269,0,LR,True,1199_BNG_echoMonths
9.219925759004871,139.13103233225866,11.794650035005796,0.4420840012515269,0,LR,False,1199_BNG_echoMonths
9.223892557419724,139.23300025447077,11.798727860463089,0.4416493238155854,1,LR,True,1199_BNG_echoMonths
9.223892557419724,139.23300025447077,11.798727860463089,0.4416493238155854,1,LR,False,1199_BNG_echoMonths
9.222183437254127,139.18632990974,11.797080196217792,0.441975308000799,2,LR,True,1199_BNG_echoMonths
9.222183437254127,139.18632990974,11.797080196217792,0.441975308000799,2,LR,False,1199_BNG_echoMonths
9.225671940039716,139.25358044099005,11.800352481360516,0.4417209791457024,3,LR,True,1199_BNG_echoMonths
9.225671940039716,139.25358044099005,11.800352481360516,0.4417209791457024,3,LR,False,1199_BNG_echoMonths
9.220885967312263,139.15828277489027,11.79648113192935,0.4421127570646567,4,LR,True,1199_BNG_echoMonths
9.220885967312263,139.15828277489027,11.796481131929347,0.4421127570646568,4,LR,False,1199_BNG_echoMonths
9.219832439115384,139.114397678996,11.79420743392236,0.4423178067870176,5,LR,True,1199_BNG_echoMonths
9.219832439115384,139.114397678996,11.79420743392236,0.4423178067870177,5,LR,False,1199_BNG_echoMonths
9.369438432999209,154.0119588114134,12.409582784013953,0.3823662625621489,0,KNN,True,1199_BNG_echoMonths
9.371635846174351,154.02995085593574,12.4103445258431,0.3823007485519574,0,KNN,False,1199_BNG_echoMonths
9.412400801609786,154.88337774716732,12.443766821556084,0.3787783616034462,1,KNN,True,1199_BNG_echoMonths
9.409748392637708,154.82971289168245,12.441617863384977,0.3789858230838041,1,KNN,False,1199_BNG_echoMonths
9.416636030747377,155.05560967071284,12.452123465235562,0.3781929785515722,2,KNN,True,1199_BNG_echoMonths
9.411386890781536,154.90466352751167,12.446062882070324,0.3787952263063661,2,KNN,False,1199_BNG_echoMonths
9.372067676036965,154.1390806781535,12.414160511720752,0.3820764871440123,3,KNN,True,1199_BNG_echoMonths
9.365448383043663,154.08330161551785,12.411943828849177,0.3822996573257362,3,KNN,False,1199_BNG_echoMonths
9.378062710346056,154.1553998894958,12.415917165099527,0.3819824055909303,4,KNN,True,1199_BNG_echoMonths
9.378794325348842,154.10143098775671,12.413739167676251,0.3821993970896715,4,KNN,False,1199_BNG_echoMonths
9.428030484071092,155.18409910225074,12.456627774257464,0.377865315623654,5,KNN,True,1199_BNG_echoMonths
9.42775017795137,155.24855540934564,12.45921774970618,0.3776068629727506,5,KNN,False,1199_BNG_echoMonths
11.69674569566896,258.99712080568673,16.092427844289958,-0.0387253038547001,0,DT,True,1199_BNG_echoMonths
11.69674569566896,258.99712080568673,16.092427844289958,-0.0387253038547001,0,DT,False,1199_BNG_echoMonths
11.871770701402829,264.2434947414285,16.255145342860043,-0.0598017608585795,1,DT,True,1199_BNG_echoMonths
11.871770701402829,264.2434947414285,16.255145342860043,-0.0598017608585795,1,DT,False,1199_BNG_echoMonths
11.814111897434891,261.7943028288519,16.179985927417746,-0.049859040860643,2,DT,True,1199_BNG_echoMonths
11.814111897434891,261.7943028288519,16.179985927417746,-0.049859040860643,2,DT,False,1199_BNG_echoMonths
11.792716829934095,261.4479842573715,16.167617831591766,-0.0480477656620971,3,DT,True,1199_BNG_echoMonths
11.792716829934095,261.4479842573715,16.167617831591766,-0.0480477656620971,3,DT,False,1199_BNG_echoMonths
11.769735387276915,260.4323449202071,16.13758238517667,-0.0440779748100503,4,DT,True,1199_BNG_echoMonths
11.769735387276915,260.4323449202071,16.13758238517667,-0.0440779748100503,4,DT,False,1199_BNG_echoMonths
11.72248829582234,260.9302639584576,16.152422532469814,-0.0460068999028329,5,DT,True,1199_BNG_echoMonths
11.72248829582234,260.9302639584576,16.152422532469814,-0.0460068999028329,5,DT,False,1199_BNG_echoMonths
8.826502373023235,132.9232043266822,11.528491871581547,0.4670399914660078,0,RF,True,1199_BNG_echoMonths
8.826503938627907,132.92366877983045,11.528511371692744,0.4670382494387227,0,RF,False,1199_BNG_echoMonths
8.851421562868019,133.58872980236933,11.556971964752176,0.4642718306061297,1,RF,True,1199_BNG_echoMonths
8.851421562868019,133.58872980236933,11.556971964752176,0.4642718306061297,1,RF,False,1199_BNG_echoMonths
8.857967530956932,133.76485376069746,11.565407154467314,0.4636520044782894,2,RF,True,1199_BNG_echoMonths
8.857972812084354,133.76500889933857,11.565413793580662,0.4636513797669659,2,RF,False,1199_BNG_echoMonths
8.86896680369004,134.17452794283355,11.58291672987344,0.4621019940156171,3,RF,True,1199_BNG_echoMonths
8.868933373358361,134.1744886562233,11.582915104711264,0.4621021487756445,3,RF,False,1199_BNG_echoMonths
8.838725845126271,133.66497354744442,11.561176742621608,0.4641306448917277,4,RF,True,1199_BNG_echoMonths
8.8387429780478,133.66528719052243,11.561190352837803,0.4641293851710314,4,RF,False,1199_BNG_echoMonths
8.878976975114178,134.0445221215514,11.576760690659146,0.4626569950003498,5,RF,True,1199_BNG_echoMonths
8.878976265904482,134.044449342402,11.576757613550512,0.4626572819917045,5,RF,False,1199_BNG_echoMonths
9.009066655940714,145.92648225772265,12.079352186319207,0.4148224211529838,0,SVR,True,1199_BNG_echoMonths
9.009524692019356,145.82966061935275,12.075357467725905,0.4152095577008776,0,SVR,False,1199_BNG_echoMonths
9.011532862510125,145.90047012425885,12.077942723870976,0.4149161732749631,1,SVR,True,1199_BNG_echoMonths
9.011005891967155,145.79962458299215,12.0737753454972,0.4153249096714121,1,SVR,False,1199_BNG_echoMonths
9.011770794638046,145.84219159891083,12.075434738575526,0.4153384611293511,2,SVR,True,1199_BNG_echoMonths
9.01183730389071,145.92773721198563,12.07895422176104,0.4149967692327217,2,SVR,False,1199_BNG_echoMonths
9.01718903739956,145.91750172643046,12.079309170654174,0.4150253116078901,3,SVR,True,1199_BNG_echoMonths
9.0165125454239,145.85334693520403,12.076644658502008,0.4152835658250969,3,SVR,False,1199_BNG_echoMonths
9.00902922103619,145.7564174076855,12.072756862802327,0.4156643527980755,4,SVR,True,1199_BNG_echoMonths
9.00880010244384,145.8674854908193,12.077362024165293,0.4152193077085747,4,SVR,False,1199_BNG_echoMonths
9.009221484845291,145.85358629543356,12.076141453110653,0.4153232704308971,5,SVR,True,1199_BNG_echoMonths
9.008670207890772,145.9316565720532,12.079362777343896,0.4150117427806838,5,SVR,False,1199_BNG_echoMonths
18.919570398227233,465.42826341734235,21.542590291928875,0.6671735501516084,0,LR,True,1089_USCrime
18.91957039822723,465.42826341734207,21.542590291928864,0.6671735501516087,0,LR,False,1089_USCrime
15.732241940064982,407.3707070061454,19.20418326578399,0.7264798482810058,1,LR,True,1089_USCrime
15.732241940064988,407.3707070061458,19.204183265784003,0.7264798482810055,1,LR,False,1089_USCrime
17.39801323709058,417.48245723834003,20.339801573544474,0.7209604331504433,2,LR,True,1089_USCrime
17.39801323709058,417.48245723834,20.339801573544467,0.7209604331504436,2,LR,False,1089_USCrime
14.752902694078486,299.5691897329482,17.015370634108073,0.7717146278977932,3,LR,True,1089_USCrime
14.752902694078486,299.5691897329484,17.015370634108077,0.7717146278977931,3,LR,False,1089_USCrime
15.681889919861732,366.52353131972825,18.78787368629424,0.7298120849674508,4,LR,True,1089_USCrime
15.681889919861721,366.5235313197277,18.787873686294226,0.7298120849674514,4,LR,False,1089_USCrime
16.68301222665182,405.0757760454735,20.007730667295867,0.6866808932645025,5,LR,True,1089_USCrime
16.683012226651822,405.0757760454734,20.007730667295863,0.6866808932645025,5,LR,False,1089_USCrime
17.39659090909091,485.7335606060606,21.688624647151318,0.6582448682762885,0,KNN,True,1089_USCrime
17.456439393939398,512.9444696969698,22.514250874299663,0.6357916540762213,0,KNN,False,1089_USCrime
15.672348484848488,408.9578030303031,20.1578964554501,0.7305983286185556,1,KNN,True,1089_USCrime
15.421969696969699,387.4759090909091,19.629047213130193,0.7448560445221568,1,KNN,False,1089_USCrime
16.292045454545455,439.97916666666674,20.938431440147003,0.7032901938646139,2,KNN,True,1089_USCrime
16.112121212121213,430.0406060606062,20.701291804519798,0.7104007487139308,2,KNN,False,1089_USCrime
17.048863636363638,447.8991666666668,20.63736639640811,0.6561594493998186,3,KNN,True,1089_USCrime
16.725,471.22424242424245,21.11921905979313,0.6452284596989792,3,KNN,False,1089_USCrime
17.01060606060606,454.41666666666663,21.276205803831086,0.670623746664526,4,KNN,True,1089_USCrime
17.31401515151515,451.1179545454546,21.164748007476682,0.6697483171365991,4,KNN,False,1089_USCrime
16.35492424242424,406.6249242424242,20.065813102628564,0.7074839995427094,5,KNN,True,1089_USCrime
16.006060606060608,393.95469696969695,19.627307722238207,0.721796543227306,5,KNN,False,1089_USCrime
18.53219696969697,621.0776515151514,23.631467235452906,0.5163441062347465,0,DT,True,1089_USCrime
18.59469696969697,623.6401515151515,23.67496488715093,0.5137289446345435,0,DT,False,1089_USCrime
17.386363636363637,588.8712121212121,22.774593441383395,0.6142637890677933,1,DT,True,1089_USCrime
16.90909090909091,571.4848484848485,22.30668332641669,0.6251224140290816,1,DT,False,1089_USCrime
16.115530303030305,455.3011363636364,20.857533644580183,0.6887306237680035,2,DT,True,1089_USCrime
16.053030303030305,449.2386363636364,20.719267619900176,0.6935054207160715,2,DT,False,1089_USCrime
22.613636363636363,727.8409090909091,26.59277199331703,0.40572491250142984,3,DT,True,1089_USCrime
22.68939393939394,737.1439393939394,26.780006731727422,0.402190090384284,3,DT,False,1089_USCrime
18.460227272727273,590.1685606060606,22.598368905515454,0.5387763782756583,4,DT,True,1089_USCrime
18.460227272727273,590.6685606060606,22.604563223727453,0.5383837418978189,4,DT,False,1089_USCrime
18.78219696969697,583.8693181818182,23.70118393893403,0.5350581898120494,5,DT,True,1089_USCrime
18.78219696969697,583.8693181818182,23.70118393893403,0.5350581898120494,5,DT,False,1089_USCrime
17.292897727272724,451.62021420454533,20.8136134938645,0.6759166612030318,0,RF,True,1089_USCrime
17.369166666666665,456.4542314393938,20.890997674555944,0.6713612371683078,0,RF,False,1089_USCrime
13.950454545454546,326.1663742424243,17.787536753434328,0.7858527842614748,1,RF,True,1089_USCrime
13.607348484848485,315.06318939393935,17.50493951975943,0.7929968631017917,1,RF,False,1089_USCrime
14.930435606060605,370.90995473484844,19.10129407751926,0.7525442683280638,2,RF,True,1089_USCrime
14.939621212121214,371.4781731060606,19.112047581821574,0.7522183458950193,2,RF,False,1089_USCrime
16.809943181818184,418.44745890151523,20.164196539097237,0.6898711390118764,3,RF,True,1089_USCrime
16.788219696969698,415.47984696969695,20.10584336866051,0.6925144125148668,3,RF,False,1089_USCrime
15.752689393939395,373.2346950757576,19.08935627919321,0.719495100830548,4,RF,True,1089_USCrime
15.771193181818182,372.3548183712121,19.069973629511765,0.7200963520826742,4,RF,False,1089_USCrime
16.860378787878787,446.3231371212122,20.901153322183667,0.6528162538306534,5,RF,True,1089_USCrime
16.851799242424242,444.7277392045454,20.865874651991046,0.6528126308747002,5,RF,False,1089_USCrime
18.00036190013927,422.2467164133849,20.44186160589499,0.6829341337816374,0,SVR,True,1089_USCrime
18.28339740773989,431.53937110404416,20.652494560564786,0.6747076748044352,0,SVR,False,1089_USCrime
15.006073440143426,378.1105546989841,18.784060243397086,0.7468813054199972,1,SVR,True,1089_USCrime
15.047156609974905,379.3713353984821,18.82135331642815,0.7460446334938937,1,SVR,False,1089_USCrime
17.980063996621244,465.40803343930384,21.040870852925828,0.6989209049202515,2,SVR,True,1089_USCrime
17.970837490773544,460.66351674325904,20.97454433044223,0.7013336464173577,2,SVR,False,1089_USCrime
13.222950282141191,254.23034385199935,15.846573384680685,0.8044113409090188,3,SVR,True,1089_USCrime
13.17343017686914,252.5019028043949,15.795111460800499,0.8055452911703311,3,SVR,False,1089_USCrime
14.359018516299297,289.78789969123494,16.814347512490333,0.7792855962528398,4,SVR,True,1089_USCrime
14.423031909036373,294.01227948485837,16.918311653616314,0.775822077730194,4,SVR,False,1089_USCrime
16.66228809368618,411.3576840850188,20.132559574156183,0.6806223400673581,5,SVR,True,1089_USCrime
16.83956633103019,420.4951004141744,20.286392316599194,0.6706503478968371,5,SVR,False,1089_USCrime
35.71767804922399,2285.277890260888,47.56598378490984,0.3654525435021791,0,LR,True,542_pollution
35.71767804922401,2285.2778902608848,47.565983784909825,0.3654525435021799,0,LR,False,542_pollution
35.04561699199455,2081.804668809072,45.27244332697977,0.34425784605104137,1,LR,True,542_pollution
35.04561699199454,2081.8046688090726,45.27244332697977,0.3442578460510408,1,LR,False,542_pollution
37.79888725699254,2817.0114766326833,49.98580034649187,0.18532890145523748,2,LR,True,542_pollution
37.79888725699265,2817.0114766327156,49.98580034649207,0.18532890145523118,2,LR,False,542_pollution
33.581569406435804,2173.665987395577,45.156799883138454,0.4195350193798961,3,LR,True,542_pollution
33.58156940643579,2173.6659873955728,45.15679988313842,0.41953501937989734,3,LR,False,542_pollution
38.00119782639635,2433.5829901218794,48.944746151391726,0.2763050597101722,4,LR,True,542_pollution
38.00119782639633,2433.582990121875,48.94474615139167,0.27630505971017383,4,LR,False,542_pollution
31.43813541331,1907.4973388964518,42.49703020091381,0.40896653354632717,5,LR,True,542_pollution
31.438135413309972,1907.4973388964484,42.497030200913784,0.40896653354632867,5,LR,False,542_pollution
42.46055074055988,2755.690110933554,52.251391500370865,0.2580414870508655,0,KNN,True,542_pollution
42.73383056640623,2770.101299334684,52.3158527876994,0.25574683993978614,0,KNN,False,542_pollution
38.94636271158854,2321.0607360001995,47.62562381109102,0.2941368393597321,1,KNN,True,542_pollution
38.2934238688151,2324.3605328159897,47.61939451055919,0.2953819901062854,1,KNN,False,542_pollution
39.41656249999999,2453.0672566662925,48.630833510994634,0.2361584385152417,2,KNN,True,542_pollution
41.225054931640614,2613.364759296601,50.06934714646981,0.1899368025002961,2,KNN,False,542_pollution
37.739209391276034,2385.428585448136,47.7485095541556,0.3751944968058606,3,KNN,True,542_pollution
37.23469970703125,2401.610041507244,47.926464478781384,0.3700583401587336,3,KNN,False,542_pollution
39.6873262532552,2593.5423964123765,50.49263937886436,0.2625145833028595,4,KNN,True,542_pollution
39.53723185221354,2530.9042812570283,49.84072869576717,0.28286441730800926,4,KNN,False,542_pollution
36.66454121907552,2266.5207349705524,46.485922731942786,0.38889562272453004,5,KNN,True,542_pollution
37.05729044596354,2295.2279827661814,46.829968069768825,0.3789413745263933,5,KNN,False,542_pollution
52.487411499023416,3962.0398846670346,62.61690537160749,-0.09787803908131776,0,DT,True,542_pollution
52.10409444173175,3914.9934712553377,62.276195418417984,-0.08416010490518133,0,DT,False,542_pollution
47.07770080566405,3424.5462202288813,57.12117321288919,-0.12285199485941026,1,DT,True,542_pollution
46.367318725585925,3362.6911227577043,56.69821556221356,-0.10224620228994871,1,DT,False,542_pollution
45.74939880371092,3060.3149803584415,55.04736992605334,-0.03338741946438975,2,DT,True,542_pollution
45.74939880371092,3060.3149803584415,55.04736992605334,-0.03338741946438975,2,DT,False,542_pollution
52.0011006673177,3867.332113982736,61.587027731691265,-0.24101988161128868,3,DT,True,542_pollution
52.128700764973956,3871.7863885343068,61.621467185125994,-0.2432409873739077,3,DT,False,542_pollution
36.398280843098945,2107.151953182616,45.79915968525546,0.37688525233343745,4,DT,True,542_pollution
35.36316426595051,1961.8971851464967,44.06739293266421,0.4251811203249831,4,DT,False,542_pollution
50.493716430664044,3438.4038781192767,58.22417506904941,-0.06967112762089839,5,DT,True,542_pollution
50.493716430664044,3438.4038781192767,58.22417506904941,-0.06967112762089839,5,DT,False,542_pollution
34.387572947184225,1933.4473407652977,43.87426134404357,0.4699730014907368,0,RF,True,542_pollution
34.511727549235005,1950.3545731739196,44.083450300600155,0.46517427067288886,0,RF,False,542_pollution
34.75182916259765,1983.0040825161232,44.02682354542105,0.39793692073125086,1,RF,True,542_pollution
34.85871447753905,1986.7668837931442,44.037991389736945,0.39744686978888294,1,RF,False,542_pollution
36.1796360575358,2093.4730331626206,44.42034556799729,0.3943134757609308,2,RF,True,542_pollution
36.235664621988924,2092.8083779042945,44.43163569481587,0.39269875933125103,2,RF,False,542_pollution
33.56862053426108,1919.8919729371655,42.558371295940134,0.4892111977428032,3,RF,True,542_pollution
33.71064299519857,1936.5263326082904,42.730932874937366,0.48510824891979626,3,RF,False,542_pollution
34.1797537943522,1949.8541811133814,43.850781338129,0.4358881748600753,4,RF,True,542_pollution
33.98626160685221,1950.0675461471578,43.85489736099012,0.436426788232803,4,RF,False,542_pollution
32.504700632731115,1741.0832274082354,40.66270605815558,0.5285890335910038,5,RF,True,542_pollution
32.765955027262365,1758.0381326563465,40.876659415759356,0.5238341938861047,5,RF,False,542_pollution
34.47214882821331,1976.4643802848086,44.059086828356314,0.45970649854585105,0,SVR,True,542_pollution
34.45918818927721,1970.6744217030857,44.01071537304285,0.46091844906437485,0,SVR,False,542_pollution
33.02508514855011,1996.6216832021187,43.47690337688356,0.41672878076767395,1,SVR,True,542_pollution
33.34478425299841,2002.9806913842676,43.56149595480689,0.4142367986080767,1,SVR,False,542_pollution
37.904088289386735,2518.6820876073352,48.89513096235579,0.2232992954956548,2,SVR,True,542_pollution
40.78534242061236,3437.0878658942606,54.699165506377035,0.049428507763268764,2,SVR,False,542_pollution
34.79379778155635,2094.034807015694,44.9261506876343,0.42937262319012304,3,SVR,True,542_pollution
34.353936656857236,2097.191726640249,44.91832394186569,0.42858792184901534,3,SVR,False,542_pollution
32.29323502869491,1708.0640335357953,40.177963882823136,0.5314806513741784,4,SVR,True,542_pollution
32.945196661535434,1754.8529373568356,40.703946964890065,0.5170825444044649,4,SVR,False,542_pollution
28.78796062887424,1561.0193605998215,39.24568125459552,0.5434510269707605,5,SVR,True,542_pollution
28.8463971395374,1583.5258672760947,39.51923816794988,0.5356786798576257,5,SVR,False,542_pollution
0.9772862566724065,4.680870751730502,1.9568887061545528,0.975437584281835,0,LR,True,505_tecator
0.9772862765339463,4.680871024921506,1.9568887558872559,0.9754375829092425,0,LR,False,505_tecator
0.9518931663663505,2.4637876687976306,1.5302220709566576,0.9868078761902468,1,LR,True,505_tecator
0.9518931487836124,2.463787536907496,1.530222035745888,0.9868078769279718,1,LR,False,505_tecator
0.998186426610584,3.609026021943876,1.6420718459743453,0.9830489350034349,2,LR,True,505_tecator
0.9981864155715339,3.6090259361829258,1.642071833109878,0.9830489353826058,2,LR,False,505_tecator
0.8168774391439819,1.930516280087749,1.3711192476539447,0.989642244063095,3,LR,True,505_tecator
0.8168774407679962,1.9305162996474121,1.3711192556498895,0.9896422439452173,3,LR,False,505_tecator
0.9439019492060761,2.6792064394259043,1.5548985230110872,0.986345161417025,4,LR,True,505_tecator
0.9439019486971945,2.679206500026722,1.5548985387058383,0.9863451611355736,4,LR,False,505_tecator
0.8974463513191572,2.0746079531074946,1.4071635494787633,0.9900221794285029,5,LR,True,505_tecator
0.897446345896932,2.07460791490884,1.407163535479957,0.9900221796157838,5,LR,False,505_tecator
4.228091633816561,34.853505717758104,5.872240088074342,0.8302987755489667,0,KNN,True,505_tecator
4.136983297566573,33.26583619263858,5.736067914821281,0.8382284247756546,0,KNN,False,505_tecator
4.089866641759873,29.864765421553887,5.402246673295511,0.8551172312069623,1,KNN,True,505_tecator
4.012866641879081,29.610692090084985,5.379955932213246,0.8565710425085914,1,KNN,False,505_tecator
4.271766618688901,36.001134656442844,5.894308739695655,0.8208906587177753,2,KNN,True,505_tecator
4.2640999502937005,36.289354544225574,5.916774544762763,0.8198837156594696,2,KNN,False,505_tecator
4.047974975307782,37.808331615324185,5.875837249001522,0.8290426730333291,3,KNN,True,505_tecator
4.0239749679962795,35.38072172953384,5.738289498363164,0.8366898336231104,3,KNN,False,505_tecator
4.4086416672666875,38.800984615926865,6.190707478537931,0.8105608883714877,4,KNN,True,505_tecator
4.33022498736779,38.30362623541844,6.159194812538747,0.8121622516827725,4,KNN,False,505_tecator
4.404233260055383,37.585491970683606,6.090761038727091,0.813536185334512,5,KNN,True,505_tecator
4.360649919609229,36.54229692435729,5.9965877781270995,0.8185219655976681,5,KNN,False,505_tecator
1.3859999825557074,4.264919034697768,2.0590691200339877,0.9790472709422608,0,DT,True,505_tecator
1.3772499889135361,4.237794067758468,2.0520599238840145,0.9791756903162281,0,DT,False,505_tecator
1.4032083158691724,4.194901117786922,2.039985441942822,0.9789121104559679,1,DT,True,505_tecator
1.4032083317637443,4.194901162291711,2.0399854537046727,0.9789121101929782,1,DT,False,505_tecator
1.3292500346899034,3.8105476743527396,1.949893035289875,0.9782921912299262,2,DT,True,505_tecator
1.3296667029460272,3.8109226756243046,1.9499885685115461,0.978290583214669,2,DT,False,505_tecator
1.3576666767398518,4.147774990713966,2.0213869243901796,0.9783392393093148,3,DT,True,505_tecator
1.3064166799187662,3.7661500005686,1.933769353276879,0.980346754818804,3,DT,False,505_tecator
1.3343750476837157,4.015353846024246,1.9848227706657684,0.9799570755527124,4,DT,True,505_tecator
1.346041711171468,4.076020505061516,1.9988074532290527,0.9796636242107691,4,DT,False,505_tecator
1.4874583502610523,4.86379385249663,2.1896775269912685,0.9756316190277063,5,DT,True,505_tecator
1.4874583502610523,4.86379385249663,2.1896775269912685,0.9756316190277063,5,DT,False,505_tecator
1.0899850046585002,2.363480878741518,1.4990274568031468,0.9886073101324913,0,RF,True,505_tecator
1.0898529208799204,2.358180358239193,1.4984406111890314,0.9886324585409084,0,RF,False,505_tecator
1.0607846066256363,2.1749292834848455,1.4668064690281402,0.9888915224200082,1,RF,True,505_tecator
1.0579221075971923,2.171968689477156,1.4660597706436218,0.9889155159015453,1,RF,False,505_tecator
1.0302116840978464,2.1553224821386516,1.4546045246119694,0.989030052498085,2,RF,True,505_tecator
1.0289658502439658,2.1539315870699767,1.4542976187793974,0.9890325048452885,2,RF,False,505_tecator
1.0442983234773078,2.258382505330975,1.476529799412433,0.9887911534549498,3,RF,True,505_tecator
1.0458358231137197,2.2570657773161975,1.4751464306248872,0.9887959805183271,3,RF,False,505_tecator
1.089546259795626,2.5873469451162996,1.5982994789616378,0.9873318512726321,4,RF,True,505_tecator
1.0827420917997759,2.573927990150784,1.593708480523628,0.9874012434439171,4,RF,False,505_tecator
1.0858887644807496,2.292786493660212,1.5063058922739259,0.9883963788727718,5,RF,True,505_tecator
1.0791679339011508,2.2897925907263037,1.5047440604135351,0.9884203062691904,5,RF,False,505_tecator
0.9453529952315451,1.8537643257769836,1.3163621593062227,0.9903216600694945,0,SVR,True,505_tecator
0.9513062163672843,1.8712501846156213,1.32784386639896,0.990251276763715,0,SVR,False,505_tecator
0.9107038201392337,1.7200878270662252,1.308026599227956,0.9914507430375281,1,SVR,True,505_tecator
0.9125983894359231,1.7295731071622484,1.312339461072786,0.9913934484352251,1,SVR,False,505_tecator
0.7965656500605042,1.375261841922636,1.1484434980563147,0.9931584368118216,2,SVR,True,505_tecator
0.7838813476111863,1.2942817278524616,1.11908374821003,0.9935220964712637,2,SVR,False,505_tecator
0.8437575305146737,1.5778439503145543,1.2509705092312604,0.9919347226776147,3,SVR,True,505_tecator
0.8489798328392711,1.5750270766001224,1.2517388069112472,0.9919418183206514,3,SVR,False,505_tecator
0.8268388240129008,1.4944664746227734,1.205200311758188,0.9923328297334766,4,SVR,True,505_tecator
0.8264960117602043,1.4859172704105648,1.202118534752027,0.9923832133219693,4,SVR,False,505_tecator
0.8255087246294059,1.4685750114392941,1.1968406024112275,0.9929045312537801,5,SVR,True,505_tecator
0.8215564012905254,1.4459911462483732,1.1872334761713468,0.9930127234388098,5,SVR,False,505_tecator
