ds,alg,iteration,perc,test_r2_noleak,test_r2_leak,test_rmse_noleak,test_rmse_leak,delta_r2,tie_r2,delta_rmse,tie_rmse,n_instances,n_features,ratio_feat_inst
1027_ESL,DT,0,1,0.727146794907507,0.727146794907507,0.7862811760953565,0.7862811760953565,0.0,True,0.0,True,488,4,0.00819672131147541
1027_ESL,DT,0,5,0.727146794907507,0.727146794907507,0.7862811760953565,0.7862811760953565,0.0,True,0.0,True,488,4,0.00819672131147541
1027_ESL,DT,0,10,0.727146794907507,0.727146794907507,0.7862811760953565,0.7862811760953565,0.0,True,0.0,True,488,4,0.00819672131147541
1027_ESL,DT,0,20,0.727146794907507,0.727146794907507,0.7862811760953565,0.7862811760953565,0.0,True,0.0,True,488,4,0.00819672131147541
1027_ESL,DT,1,1,0.6104010981123043,0.6104010981123043,0.8626639396634631,0.8626639396634631,0.0,True,0.0,True,488,4,0.00819672131147541
1027_ESL,DT,1,5,0.6104010981123043,0.6104010981123043,0.8626639396634631,0.8626639396634631,0.0,True,0.0,True,488,4,0.00819672131147541
1027_ESL,DT,1,10,0.6104010981123043,0.6104010981123043,0.8626639396634631,0.8626639396634631,0.0,True,0.0,True,488,4,0.00819672131147541
1027_ESL,DT,1,20,0.6104010981123043,0.6104010981123043,0.8626639396634631,0.8626639396634631,0.0,True,0.0,True,488,4,0.00819672131147541
1027_ESL,DT,2,1,0.6399414402313284,0.6399414402313284,0.8364268213989294,0.8364268213989294,0.0,True,0.0,True,488,4,0.00819672131147541
1027_ESL,DT,2,5,0.6399414402313284,0.6399414402313284,0.8364268213989294,0.8364268213989294,0.0,True,0.0,True,488,4,0.00819672131147541
1027_ESL,DT,2,10,0.6399414402313284,0.6399414402313284,0.8364268213989294,0.8364268213989294,0.0,True,0.0,True,488,4,0.00819672131147541
1027_ESL,DT,2,20,0.6399414402313284,0.6399414402313284,0.8364268213989294,0.8364268213989294,0.0,True,0.0,True,488,4,0.00819672131147541
1027_ESL,DT,3,1,0.6612408350766918,0.6612408350766918,0.7589256751124771,0.7589256751124771,0.0,True,0.0,True,488,4,0.00819672131147541
1027_ESL,DT,3,5,0.6612408350766918,0.6612408350766918,0.7589256751124771,0.7589256751124771,0.0,True,0.0,True,488,4,0.00819672131147541
1027_ESL,DT,3,10,0.6612408350766918,0.6612408350766918,0.7589256751124771,0.7589256751124771,0.0,True,0.0,True,488,4,0.00819672131147541
1027_ESL,DT,3,20,0.6612408350766918,0.6612408350766918,0.7589256751124771,0.7589256751124771,0.0,True,0.0,True,488,4,0.00819672131147541
1027_ESL,DT,4,1,0.6585370938108082,0.6585370938108082,0.8206295331689115,0.8206295331689115,0.0,True,0.0,True,488,4,0.00819672131147541
1027_ESL,DT,4,5,0.6585370938108082,0.6585370938108082,0.8206295331689115,0.8206295331689115,0.0,True,0.0,True,488,4,0.00819672131147541
1027_ESL,DT,4,10,0.6585370938108082,0.6585370938108082,0.8206295331689115,0.8206295331689115,0.0,True,0.0,True,488,4,0.00819672131147541
1027_ESL,DT,4,20,0.6585370938108082,0.6585370938108082,0.8206295331689115,0.8206295331689115,0.0,True,0.0,True,488,4,0.00819672131147541
1027_ESL,DT,5,1,0.7382332939647549,0.7382332939647549,0.7641727442192727,0.7641727442192727,0.0,True,0.0,True,488,4,0.00819672131147541
1027_ESL,DT,5,5,0.7382332939647549,0.7382332939647549,0.7641727442192727,0.7641727442192727,0.0,True,0.0,True,488,4,0.00819672131147541
1027_ESL,DT,5,10,0.7382332939647549,0.7382332939647549,0.7641727442192727,0.7641727442192727,0.0,True,0.0,True,488,4,0.00819672131147541
1027_ESL,DT,5,20,0.7382332939647549,0.7382332939647549,0.7641727442192727,0.7641727442192727,0.0,True,0.0,True,488,4,0.00819672131147541
1027_ESL,KNN,0,1,0.672147419695786,0.672147419695786,0.8618916073713347,0.8618916073713347,0.0,True,0.0,True,488,4,0.00819672131147541
1027_ESL,KNN,0,5,0.672147419695786,0.672147419695786,0.8618916073713347,0.8618916073713347,0.0,True,0.0,True,488,4,0.00819672131147541
1027_ESL,KNN,0,10,0.672147419695786,0.672147419695786,0.8618916073713347,0.8618916073713347,0.0,True,0.0,True,488,4,0.00819672131147541
1027_ESL,KNN,0,20,0.672147419695786,0.672147419695786,0.8618916073713347,0.8618916073713347,0.0,True,0.0,True,488,4,0.00819672131147541
1027_ESL,KNN,1,1,0.6228509130553285,0.6228509130553285,0.8487686158578828,0.8487686158578828,0.0,True,0.0,True,488,4,0.00819672131147541
1027_ESL,KNN,1,5,0.6228509130553285,0.6228509130553285,0.8487686158578828,0.8487686158578828,0.0,True,0.0,True,488,4,0.00819672131147541
1027_ESL,KNN,1,10,0.6228509130553285,0.6228509130553285,0.8487686158578828,0.8487686158578828,0.0,True,0.0,True,488,4,0.00819672131147541
1027_ESL,KNN,1,20,0.6228509130553285,0.6228509130553285,0.8487686158578828,0.8487686158578828,0.0,True,0.0,True,488,4,0.00819672131147541
1027_ESL,KNN,2,1,0.5693692728149619,0.5693692728149619,0.9147320339189782,0.9147320339189782,0.0,True,0.0,True,488,4,0.00819672131147541
1027_ESL,KNN,2,5,0.5693692728149619,0.5693692728149619,0.9147320339189782,0.9147320339189782,0.0,True,0.0,True,488,4,0.00819672131147541
1027_ESL,KNN,2,10,0.5693692728149619,0.5693692728149619,0.9147320339189782,0.9147320339189782,0.0,True,0.0,True,488,4,0.00819672131147541
1027_ESL,KNN,2,20,0.5693692728149619,0.5693692728149619,0.9147320339189782,0.9147320339189782,0.0,True,0.0,True,488,4,0.00819672131147541
1027_ESL,KNN,3,1,0.5426786698511851,0.5426786698511851,0.881788534972055,0.881788534972055,0.0,True,0.0,True,488,4,0.00819672131147541
1027_ESL,KNN,3,5,0.5426786698511851,0.5426786698511851,0.881788534972055,0.881788534972055,0.0,True,0.0,True,488,4,0.00819672131147541
1027_ESL,KNN,3,10,0.5426786698511851,0.5426786698511851,0.881788534972055,0.881788534972055,0.0,True,0.0,True,488,4,0.00819672131147541
1027_ESL,KNN,3,20,0.5426786698511851,0.5426786698511851,0.881788534972055,0.881788534972055,0.0,True,0.0,True,488,4,0.00819672131147541
1027_ESL,KNN,4,1,0.6372018372841982,0.6372018372841982,0.8458783624621408,0.8458783624621408,0.0,True,0.0,True,488,4,0.00819672131147541
1027_ESL,KNN,4,5,0.6372018372841982,0.6372018372841982,0.8458783624621408,0.8458783624621408,0.0,True,0.0,True,488,4,0.00819672131147541
1027_ESL,KNN,4,10,0.6372018372841982,0.6372018372841982,0.8458783624621408,0.8458783624621408,0.0,True,0.0,True,488,4,0.00819672131147541
1027_ESL,KNN,4,20,0.6372018372841982,0.6372018372841982,0.8458783624621408,0.8458783624621408,0.0,True,0.0,True,488,4,0.00819672131147541
1027_ESL,KNN,5,1,0.695731155192532,0.695731155192532,0.823878334588355,0.823878334588355,0.0,True,0.0,True,488,4,0.00819672131147541
1027_ESL,KNN,5,5,0.695731155192532,0.695731155192532,0.823878334588355,0.823878334588355,0.0,True,0.0,True,488,4,0.00819672131147541
1027_ESL,KNN,5,10,0.695731155192532,0.695731155192532,0.823878334588355,0.823878334588355,0.0,True,0.0,True,488,4,0.00819672131147541
1027_ESL,KNN,5,20,0.695731155192532,0.695731155192532,0.823878334588355,0.823878334588355,0.0,True,0.0,True,488,4,0.00819672131147541
1027_ESL,LR,0,1,0.732274587335743,0.732274587335743,0.7788577525368046,0.7788577525368046,0.0,True,0.0,True,488,4,0.00819672131147541
1027_ESL,LR,0,5,0.732274587335743,0.732274587335743,0.7788577525368046,0.7788577525368046,0.0,True,0.0,True,488,4,0.00819672131147541
1027_ESL,LR,0,10,0.732274587335743,0.732274587335743,0.7788577525368046,0.7788577525368046,0.0,True,0.0,True,488,4,0.00819672131147541
1027_ESL,LR,0,20,0.732274587335743,0.732274587335743,0.7788577525368046,0.7788577525368046,0.0,True,0.0,True,488,4,0.00819672131147541
1027_ESL,LR,1,1,0.6116308267209929,0.6116308267209929,0.8613014089237848,0.8613014089237848,0.0,True,0.0,True,488,4,0.00819672131147541
1027_ESL,LR,1,5,0.6116308267209929,0.6116308267209929,0.8613014089237848,0.8613014089237848,0.0,True,0.0,True,488,4,0.00819672131147541
1027_ESL,LR,1,10,0.6116308267209929,0.6116308267209929,0.8613014089237848,0.8613014089237848,0.0,True,0.0,True,488,4,0.00819672131147541
1027_ESL,LR,1,20,0.6116308267209929,0.6116308267209929,0.8613014089237848,0.8613014089237848,0.0,True,0.0,True,488,4,0.00819672131147541
1027_ESL,LR,2,1,0.6591467673760312,0.6591467673760312,0.8138138737036094,0.8138138737036094,0.0,True,0.0,True,488,4,0.00819672131147541
1027_ESL,LR,2,5,0.6591467673760312,0.6591467673760312,0.8138138737036094,0.8138138737036094,0.0,True,0.0,True,488,4,0.00819672131147541
1027_ESL,LR,2,10,0.6591467673760312,0.6591467673760312,0.8138138737036094,0.8138138737036094,0.0,True,0.0,True,488,4,0.00819672131147541
1027_ESL,LR,2,20,0.6591467673760312,0.6591467673760312,0.8138138737036094,0.8138138737036094,0.0,True,0.0,True,488,4,0.00819672131147541
1027_ESL,LR,3,1,0.6703728304016776,0.6703728304016776,0.7486265400152068,0.7486265400152068,0.0,True,0.0,True,488,4,0.00819672131147541
1027_ESL,LR,3,5,0.6703728304016776,0.6703728304016776,0.7486265400152068,0.7486265400152068,0.0,True,0.0,True,488,4,0.00819672131147541
1027_ESL,LR,3,10,0.6703728304016776,0.6703728304016776,0.7486265400152068,0.7486265400152068,0.0,True,0.0,True,488,4,0.00819672131147541
1027_ESL,LR,3,20,0.6703728304016776,0.6703728304016776,0.7486265400152068,0.7486265400152068,0.0,True,0.0,True,488,4,0.00819672131147541
1027_ESL,LR,4,1,0.6630520336713963,0.6630520336713963,0.8151861569316207,0.8151861569316207,0.0,True,0.0,True,488,4,0.00819672131147541
1027_ESL,LR,4,5,0.6630520336713963,0.6630520336713963,0.8151861569316207,0.8151861569316207,0.0,True,0.0,True,488,4,0.00819672131147541
1027_ESL,LR,4,10,0.6630520336713963,0.6630520336713963,0.8151861569316207,0.8151861569316207,0.0,True,0.0,True,488,4,0.00819672131147541
1027_ESL,LR,4,20,0.6630520336713963,0.6630520336713963,0.8151861569316207,0.8151861569316207,0.0,True,0.0,True,488,4,0.00819672131147541
1027_ESL,LR,5,1,0.7322641242932475,0.7322641242932475,0.7728364984482378,0.7728364984482378,0.0,True,0.0,True,488,4,0.00819672131147541
1027_ESL,LR,5,5,0.7322641242932475,0.7322641242932475,0.7728364984482378,0.7728364984482378,0.0,True,0.0,True,488,4,0.00819672131147541
1027_ESL,LR,5,10,0.7322641242932475,0.7322641242932475,0.7728364984482378,0.7728364984482378,0.0,True,0.0,True,488,4,0.00819672131147541
1027_ESL,LR,5,20,0.7322641242932475,0.7322641242932475,0.7728364984482378,0.7728364984482378,0.0,True,0.0,True,488,4,0.00819672131147541
1027_ESL,RF,0,1,0.7260513316510582,0.7260513316510582,0.7878579934352359,0.7878579934352359,0.0,True,0.0,True,488,4,0.00819672131147541
1027_ESL,RF,0,5,0.7260513316510582,0.7260513316510582,0.7878579934352359,0.7878579934352359,0.0,True,0.0,True,488,4,0.00819672131147541
1027_ESL,RF,0,10,0.7260513316510582,0.7260513316510582,0.7878579934352359,0.7878579934352359,0.0,True,0.0,True,488,4,0.00819672131147541
1027_ESL,RF,0,20,0.7260513316510582,0.7260513316510582,0.7878579934352359,0.7878579934352359,0.0,True,0.0,True,488,4,0.00819672131147541
1027_ESL,RF,1,1,0.6122604723232152,0.6122604723232152,0.8606029309450496,0.8606029309450496,0.0,True,0.0,True,488,4,0.00819672131147541
1027_ESL,RF,1,5,0.6122604723232152,0.6122604723232152,0.8606029309450496,0.8606029309450496,0.0,True,0.0,True,488,4,0.00819672131147541
1027_ESL,RF,1,10,0.6122604723232152,0.6122604723232152,0.8606029309450496,0.8606029309450496,0.0,True,0.0,True,488,4,0.00819672131147541
1027_ESL,RF,1,20,0.6122604723232152,0.6122604723232152,0.8606029309450496,0.8606029309450496,0.0,True,0.0,True,488,4,0.00819672131147541
1027_ESL,RF,2,1,0.6435448087093685,0.6435448087093685,0.8322309307033814,0.8322309307033814,0.0,True,0.0,True,488,4,0.00819672131147541
1027_ESL,RF,2,5,0.6435448087093685,0.6435448087093685,0.8322309307033814,0.8322309307033814,0.0,True,0.0,True,488,4,0.00819672131147541
1027_ESL,RF,2,10,0.6435448087093685,0.6435448087093685,0.8322309307033814,0.8322309307033814,0.0,True,0.0,True,488,4,0.00819672131147541
1027_ESL,RF,2,20,0.6435448087093685,0.6435448087093685,0.8322309307033814,0.8322309307033814,0.0,True,0.0,True,488,4,0.00819672131147541
1027_ESL,RF,3,1,0.6613846137963229,0.6613846137963229,0.7587646035405115,0.7587646035405115,0.0,True,0.0,True,488,4,0.00819672131147541
1027_ESL,RF,3,5,0.6613846137963229,0.6613846137963229,0.7587646035405115,0.7587646035405115,0.0,True,0.0,True,488,4,0.00819672131147541
1027_ESL,RF,3,10,0.6613846137963229,0.6613846137963229,0.7587646035405115,0.7587646035405115,0.0,True,0.0,True,488,4,0.00819672131147541
1027_ESL,RF,3,20,0.6613846137963229,0.6613846137963229,0.7587646035405115,0.7587646035405115,0.0,True,0.0,True,488,4,0.00819672131147541
1027_ESL,RF,4,1,0.6589932670950267,0.6589932670950267,0.8200811948678463,0.8200811948678463,0.0,True,0.0,True,488,4,0.00819672131147541
1027_ESL,RF,4,5,0.6589932670950267,0.6589932670950267,0.8200811948678463,0.8200811948678463,0.0,True,0.0,True,488,4,0.00819672131147541
1027_ESL,RF,4,10,0.6589932670950267,0.6589932670950267,0.8200811948678463,0.8200811948678463,0.0,True,0.0,True,488,4,0.00819672131147541
1027_ESL,RF,4,20,0.6589932670950267,0.6589932670950267,0.8200811948678463,0.8200811948678463,0.0,True,0.0,True,488,4,0.00819672131147541
1027_ESL,RF,5,1,0.7374055081891153,0.7374055081891153,0.7653800635741735,0.7653800635741735,0.0,True,0.0,True,488,4,0.00819672131147541
1027_ESL,RF,5,5,0.7374055081891153,0.7374055081891153,0.7653800635741735,0.7653800635741735,0.0,True,0.0,True,488,4,0.00819672131147541
1027_ESL,RF,5,10,0.7374055081891153,0.7374055081891153,0.7653800635741735,0.7653800635741735,0.0,True,0.0,True,488,4,0.00819672131147541
1027_ESL,RF,5,20,0.7374055081891153,0.7374055081891153,0.7653800635741735,0.7653800635741735,0.0,True,0.0,True,488,4,0.00819672131147541
1027_ESL,SVR,0,1,0.7323053630787886,0.7323053630787886,0.7788129853727283,0.7788129853727283,0.0,True,0.0,True,488,4,0.00819672131147541
1027_ESL,SVR,0,5,0.7323053630787886,0.7323053630787886,0.7788129853727283,0.7788129853727283,0.0,True,0.0,True,488,4,0.00819672131147541
1027_ESL,SVR,0,10,0.7323053630787886,0.7323053630787886,0.7788129853727283,0.7788129853727283,0.0,True,0.0,True,488,4,0.00819672131147541
1027_ESL,SVR,0,20,0.7323053630787886,0.7323053630787886,0.7788129853727283,0.7788129853727283,0.0,True,0.0,True,488,4,0.00819672131147541
1027_ESL,SVR,1,1,0.6107906524521376,0.6107906524521376,0.8622325491668275,0.8622325491668275,0.0,True,0.0,True,488,4,0.00819672131147541
1027_ESL,SVR,1,5,0.6107906524521376,0.6107906524521376,0.8622325491668275,0.8622325491668275,0.0,True,0.0,True,488,4,0.00819672131147541
1027_ESL,SVR,1,10,0.6107906524521376,0.6107906524521376,0.8622325491668275,0.8622325491668275,0.0,True,0.0,True,488,4,0.00819672131147541
1027_ESL,SVR,1,20,0.6107906524521376,0.6107906524521376,0.8622325491668275,0.8622325491668275,0.0,True,0.0,True,488,4,0.00819672131147541
1027_ESL,SVR,2,1,0.6586634004895715,0.6586634004895715,0.8143907074825921,0.8143907074825921,0.0,True,0.0,True,488,4,0.00819672131147541
1027_ESL,SVR,2,5,0.6586634004895715,0.6586634004895715,0.8143907074825921,0.8143907074825921,0.0,True,0.0,True,488,4,0.00819672131147541
1027_ESL,SVR,2,10,0.6586634004895715,0.6586634004895715,0.8143907074825921,0.8143907074825921,0.0,True,0.0,True,488,4,0.00819672131147541
1027_ESL,SVR,2,20,0.6586634004895715,0.6586634004895715,0.8143907074825921,0.8143907074825921,0.0,True,0.0,True,488,4,0.00819672131147541
1027_ESL,SVR,3,1,0.6743362251815288,0.6743362251815288,0.7441122344040005,0.7441122344040005,0.0,True,0.0,True,488,4,0.00819672131147541
1027_ESL,SVR,3,5,0.6743362251815288,0.6743362251815288,0.7441122344040005,0.7441122344040005,0.0,True,0.0,True,488,4,0.00819672131147541
1027_ESL,SVR,3,10,0.6743362251815288,0.6743362251815288,0.7441122344040005,0.7441122344040005,0.0,True,0.0,True,488,4,0.00819672131147541
1027_ESL,SVR,3,20,0.6743362251815288,0.6743362251815288,0.7441122344040005,0.7441122344040005,0.0,True,0.0,True,488,4,0.00819672131147541
1027_ESL,SVR,4,1,0.6681891041417857,0.6681891041417857,0.8089481718739854,0.8089481718739854,0.0,True,0.0,True,488,4,0.00819672131147541
1027_ESL,SVR,4,5,0.6681891041417857,0.6681891041417857,0.8089481718739854,0.8089481718739854,0.0,True,0.0,True,488,4,0.00819672131147541
1027_ESL,SVR,4,10,0.6681891041417857,0.6681891041417857,0.8089481718739854,0.8089481718739854,0.0,True,0.0,True,488,4,0.00819672131147541
1027_ESL,SVR,4,20,0.6681891041417857,0.6681891041417857,0.8089481718739854,0.8089481718739854,0.0,True,0.0,True,488,4,0.00819672131147541
1027_ESL,SVR,5,1,0.7310298041919036,0.7310298041919036,0.774615921352722,0.774615921352722,0.0,True,0.0,True,488,4,0.00819672131147541
1027_ESL,SVR,5,5,0.7310298041919036,0.7310298041919036,0.774615921352722,0.774615921352722,0.0,True,0.0,True,488,4,0.00819672131147541
1027_ESL,SVR,5,10,0.7310298041919036,0.7310298041919036,0.774615921352722,0.774615921352722,0.0,True,0.0,True,488,4,0.00819672131147541
1027_ESL,SVR,5,20,0.7310298041919036,0.7310298041919036,0.774615921352722,0.774615921352722,0.0,True,0.0,True,488,4,0.00819672131147541
1028_SWD,DT,0,1,0.2430969628545833,0.2430969628545833,0.6793677571649588,0.6793677571649588,0.0,True,0.0,True,1000,10,0.01
1028_SWD,DT,0,5,0.2430969628545833,0.2430969628545833,0.6793677571649588,0.6793677571649588,0.0,True,0.0,True,1000,10,0.01
1028_SWD,DT,0,10,0.2430969628545833,0.2430969628545833,0.6793677571649588,0.6793677571649588,0.0,True,0.0,True,1000,10,0.01
1028_SWD,DT,0,20,0.3211829734561411,0.3780794263736802,0.6433705404825291,0.615817844644818,0.056896452917539087,False,4.2825547804918855,False,1000,10,0.01
1028_SWD,DT,1,1,0.1552640025463393,0.1552640025463393,0.7345721453835982,0.7345721453835982,0.0,True,0.0,True,1000,10,0.01
1028_SWD,DT,1,5,0.1552640025463393,0.1552640025463393,0.7345721453835982,0.7345721453835982,0.0,True,0.0,True,1000,10,0.01
1028_SWD,DT,1,10,0.1552640025463393,0.1552640025463393,0.7345721453835982,0.7345721453835982,0.0,True,0.0,True,1000,10,0.01
1028_SWD,DT,1,20,0.2499599055113912,0.2658161139861837,0.692175455615815,0.6848199119392451,0.01585620847479252,False,1.0626703990862825,False,1000,10,0.01
1028_SWD,DT,2,1,0.2168255093183441,0.2168255093183441,0.6815429483336248,0.6815429483336248,0.0,True,0.0,True,1000,10,0.01
1028_SWD,DT,2,5,0.2168255093183441,0.2168255093183441,0.6815429483336248,0.6815429483336248,0.0,True,0.0,True,1000,10,0.01
1028_SWD,DT,2,10,0.2168255093183441,0.2168255093183441,0.6815429483336248,0.6815429483336248,0.0,True,0.0,True,1000,10,0.01
1028_SWD,DT,2,20,0.2664737922271361,0.2664737922271361,0.6595865324808303,0.6595865324808303,0.0,True,0.0,True,1000,10,0.01
1028_SWD,DT,3,1,0.2759150507931274,0.2759150507931274,0.7245298379302625,0.7245298379302625,0.0,True,0.0,True,1000,10,0.01
1028_SWD,DT,3,5,0.2759150507931274,0.2759150507931274,0.7245298379302625,0.7245298379302625,0.0,True,0.0,True,1000,10,0.01
1028_SWD,DT,3,10,0.2759150507931274,0.2759150507931274,0.7245298379302625,0.7245298379302625,0.0,True,0.0,True,1000,10,0.01
1028_SWD,DT,3,20,0.344708784828561,0.344708784828561,0.6892530367861385,0.6892530367861385,0.0,True,0.0,True,1000,10,0.01
1028_SWD,DT,4,1,0.265212031097213,0.265212031097213,0.7177463653671428,0.7177463653671428,0.0,True,0.0,True,1000,10,0.01
1028_SWD,DT,4,5,0.265212031097213,0.265212031097213,0.7177463653671428,0.7177463653671428,0.0,True,0.0,True,1000,10,0.01
1028_SWD,DT,4,10,0.265212031097213,0.265212031097213,0.7177463653671428,0.7177463653671428,0.0,True,0.0,True,1000,10,0.01
1028_SWD,DT,4,20,0.3229992166917075,0.3229992166917075,0.6889450262375394,0.6889450262375394,0.0,True,0.0,True,1000,10,0.01
1028_SWD,DT,5,1,0.2848859121439209,0.2848859121439209,0.69523061783981,0.69523061783981,0.0,True,0.0,True,1000,10,0.01
1028_SWD,DT,5,5,0.2848859121439209,0.2848859121439209,0.69523061783981,0.69523061783981,0.0,True,0.0,True,1000,10,0.01
1028_SWD,DT,5,10,0.2848859121439209,0.2848859121439209,0.69523061783981,0.69523061783981,0.0,True,0.0,True,1000,10,0.01
1028_SWD,DT,5,20,0.371484005226297,0.371484005226297,0.6517775394009415,0.6517775394009415,0.0,True,0.0,True,1000,10,0.01
1028_SWD,KNN,0,1,0.1767455208888526,0.1767455208888526,0.708519583356734,0.708519583356734,0.0,True,0.0,True,1000,10,0.01
1028_SWD,KNN,0,5,0.1767455208888526,0.1767455208888526,0.708519583356734,0.708519583356734,0.0,True,0.0,True,1000,10,0.01
1028_SWD,KNN,0,10,0.1767455208888526,0.1767455208888526,0.708519583356734,0.708519583356734,0.0,True,0.0,True,1000,10,0.01
1028_SWD,KNN,0,20,0.1288590053708335,0.3240129555983765,0.7288346863315439,0.6420280367709809,0.195153950227543,False,11.910334563999477,False,1000,10,0.01
1028_SWD,KNN,1,1,-0.0254001800320926,-0.0254001800320926,0.8093207028119321,0.8093207028119321,0.0,True,0.0,True,1000,10,0.01
1028_SWD,KNN,1,5,-0.0254001800320926,-0.0254001800320926,0.8093207028119321,0.8093207028119321,0.0,True,0.0,True,1000,10,0.01
1028_SWD,KNN,1,10,-0.0254001800320926,-0.0254001800320926,0.8093207028119321,0.8093207028119321,0.0,True,0.0,True,1000,10,0.01
1028_SWD,KNN,1,20,0.1602676998943288,0.0854369691988572,0.7323933369440222,0.7643297717608545,-0.0748307306954716,False,-4.360557804920777,False,1000,10,0.01
1028_SWD,KNN,2,1,0.1306693643567693,0.1306693643567693,0.7180529228406497,0.7180529228406497,0.0,True,0.0,True,1000,10,0.01
1028_SWD,KNN,2,5,0.1306693643567693,0.1306693643567693,0.7180529228406497,0.7180529228406497,0.0,True,0.0,True,1000,10,0.01
1028_SWD,KNN,2,10,0.1306693643567693,0.1306693643567693,0.7180529228406497,0.7180529228406497,0.0,True,0.0,True,1000,10,0.01
1028_SWD,KNN,2,20,0.2264373630079243,0.2264373630079243,0.6773477688750439,0.6773477688750439,0.0,True,0.0,True,1000,10,0.01
1028_SWD,KNN,3,1,0.2170764509121002,0.2170764509121002,0.7533923280734945,0.7533923280734945,0.0,True,0.0,True,1000,10,0.01
1028_SWD,KNN,3,5,0.2170764509121002,0.2170764509121002,0.7533923280734945,0.7533923280734945,0.0,True,0.0,True,1000,10,0.01
1028_SWD,KNN,3,10,0.2170764509121002,0.2170764509121002,0.7533923280734945,0.7533923280734945,0.0,True,0.0,True,1000,10,0.01
1028_SWD,KNN,3,20,0.2021793854960514,0.2021793854960514,0.7605261336732617,0.7605261336732617,0.0,True,0.0,True,1000,10,0.01
1028_SWD,KNN,4,1,0.0426472685779486,0.0426472685779486,0.8192679659305618,0.8192679659305618,0.0,True,0.0,True,1000,10,0.01
1028_SWD,KNN,4,5,0.0426472685779486,0.0426472685779486,0.8192679659305618,0.8192679659305618,0.0,True,0.0,True,1000,10,0.01
1028_SWD,KNN,4,10,0.0426472685779486,0.0426472685779486,0.8192679659305618,0.8192679659305618,0.0,True,0.0,True,1000,10,0.01
1028_SWD,KNN,4,20,0.1867066039081444,0.1867066039081444,0.7551158851461145,0.7551158851461145,0.0,True,0.0,True,1000,10,0.01
1028_SWD,KNN,5,1,0.0587364994821717,0.0587364994821717,0.7976214641043708,0.7976214641043708,0.0,True,0.0,True,1000,10,0.01
1028_SWD,KNN,5,5,0.0587364994821717,0.0587364994821717,0.7976214641043708,0.7976214641043708,0.0,True,0.0,True,1000,10,0.01
1028_SWD,KNN,5,10,0.0587364994821717,0.0587364994821717,0.7976214641043708,0.7976214641043708,0.0,True,0.0,True,1000,10,0.01
1028_SWD,KNN,5,20,0.1723627755585144,0.1723627755585144,0.7479304780526063,0.7479304780526063,0.0,True,0.0,True,1000,10,0.01
1028_SWD,LR,0,1,0.2416702741473014,0.2416702741473014,0.6800077268545037,0.6800077268545037,0.0,True,0.0,True,1000,10,0.01
1028_SWD,LR,0,5,0.2416702741473014,0.2416702741473014,0.6800077268545037,0.6800077268545037,0.0,True,0.0,True,1000,10,0.01
1028_SWD,LR,0,10,0.2416702741473014,0.2416702741473014,0.6800077268545037,0.6800077268545037,0.0,True,0.0,True,1000,10,0.01
1028_SWD,LR,0,20,0.2905541805071225,0.3431148002043694,0.6577251132359698,0.6328919123399988,0.0525606196972469,False,3.7756199962919386,False,1000,10,0.01
1028_SWD,LR,1,1,0.1359295786113596,0.1359295786113596,0.7429310758223328,0.7429310758223328,0.0,True,0.0,True,1000,10,0.01
1028_SWD,LR,1,5,0.1359295786113596,0.1359295786113596,0.7429310758223328,0.7429310758223328,0.0,True,0.0,True,1000,10,0.01
1028_SWD,LR,1,10,0.1359295786113596,0.1359295786113596,0.7429310758223328,0.7429310758223328,0.0,True,0.0,True,1000,10,0.01
1028_SWD,LR,1,20,0.1876365683320533,0.2383292759260127,0.7203592513903688,0.6975214812250309,0.050692707593959385,False,3.1703306539422735,False,1000,10,0.01
1028_SWD,LR,2,1,0.2269622911681306,0.2269622911681306,0.6771179107867268,0.6771179107867268,0.0,True,0.0,True,1000,10,0.01
1028_SWD,LR,2,5,0.2269622911681306,0.2269622911681306,0.6771179107867268,0.6771179107867268,0.0,True,0.0,True,1000,10,0.01
1028_SWD,LR,2,10,0.2269622911681306,0.2269622911681306,0.6771179107867268,0.6771179107867268,0.0,True,0.0,True,1000,10,0.01
1028_SWD,LR,2,20,0.2659343173533061,0.2659343173533062,0.6598290357189157,0.6598290357189156,0.0,True,0.0,True,1000,10,0.01
1028_SWD,LR,3,1,0.2690615002173455,0.2690615002173455,0.7279506431619728,0.7279506431619728,0.0,True,0.0,True,1000,10,0.01
1028_SWD,LR,3,5,0.2690615002173455,0.2690615002173455,0.7279506431619728,0.7279506431619728,0.0,True,0.0,True,1000,10,0.01
1028_SWD,LR,3,10,0.2690615002173455,0.2690615002173455,0.7279506431619728,0.7279506431619728,0.0,True,0.0,True,1000,10,0.01
1028_SWD,LR,3,20,0.3194174287469479,0.3194174287469479,0.7024281810933993,0.7024281810933993,0.0,True,0.0,True,1000,10,0.01
1028_SWD,LR,4,1,0.2487817184148462,0.2487817184148462,0.725726627056877,0.725726627056877,0.0,True,0.0,True,1000,10,0.01
1028_SWD,LR,4,5,0.2487817184148462,0.2487817184148462,0.725726627056877,0.725726627056877,0.0,True,0.0,True,1000,10,0.01
1028_SWD,LR,4,10,0.2487817184148462,0.2487817184148462,0.725726627056877,0.725726627056877,0.0,True,0.0,True,1000,10,0.01
1028_SWD,LR,4,20,0.3057861305056431,0.3057861305056429,0.6976484386153915,0.6976484386153915,0.0,True,0.0,True,1000,10,0.01
1028_SWD,LR,5,1,0.2838415647261214,0.2838415647261214,0.6957380875024843,0.6957380875024843,0.0,True,0.0,True,1000,10,0.01
1028_SWD,LR,5,5,0.2838415647261214,0.2838415647261214,0.6957380875024843,0.6957380875024843,0.0,True,0.0,True,1000,10,0.01
1028_SWD,LR,5,10,0.2838415647261214,0.2838415647261214,0.6957380875024843,0.6957380875024843,0.0,True,0.0,True,1000,10,0.01
1028_SWD,LR,5,20,0.334550495868201,0.334550495868201,0.6706543967220993,0.6706543967220993,0.0,True,0.0,True,1000,10,0.01
1028_SWD,RF,0,1,0.2434712174199333,0.2434712174199333,0.6791997779724019,0.6791997779724019,0.0,True,0.0,True,1000,10,0.01
1028_SWD,RF,0,5,0.2434712174199333,0.2434712174199333,0.6791997779724019,0.6791997779724019,0.0,True,0.0,True,1000,10,0.01
1028_SWD,RF,0,10,0.2434712174199333,0.2434712174199333,0.6791997779724019,0.6791997779724019,0.0,True,0.0,True,1000,10,0.01
1028_SWD,RF,0,20,0.3205601594378122,0.3787743394632799,0.6436656187639729,0.6154737014314897,0.05821418002546769,False,4.379901071401006,False,1000,10,0.01
1028_SWD,RF,1,1,0.1557524287282434,0.1557524287282434,0.7343597499448865,0.7343597499448865,0.0,True,0.0,True,1000,10,0.01
1028_SWD,RF,1,5,0.1557524287282434,0.1557524287282434,0.7343597499448865,0.7343597499448865,0.0,True,0.0,True,1000,10,0.01
1028_SWD,RF,1,10,0.1557524287282434,0.1557524287282434,0.7343597499448865,0.7343597499448865,0.0,True,0.0,True,1000,10,0.01
1028_SWD,RF,1,20,0.2526475958802235,0.267914522689136,0.6909341733780506,0.6838405521532392,0.015266926808912507,False,1.0266710633416665,False,1000,10,0.01
1028_SWD,RF,2,1,0.21679521941125,0.21679521941125,0.681556127818676,0.681556127818676,0.0,True,0.0,True,1000,10,0.01
1028_SWD,RF,2,5,0.21679521941125,0.21679521941125,0.681556127818676,0.681556127818676,0.0,True,0.0,True,1000,10,0.01
1028_SWD,RF,2,10,0.21679521941125,0.21679521941125,0.681556127818676,0.681556127818676,0.0,True,0.0,True,1000,10,0.01
1028_SWD,RF,2,20,0.2652650873501284,0.2652650873501284,0.6601297423178558,0.6601297423178558,0.0,True,0.0,True,1000,10,0.01
1028_SWD,RF,3,1,0.2758057430900908,0.2758057430900908,0.7245845232981872,0.7245845232981872,0.0,True,0.0,True,1000,10,0.01
1028_SWD,RF,3,5,0.2758057430900908,0.2758057430900908,0.7245845232981872,0.7245845232981872,0.0,True,0.0,True,1000,10,0.01
1028_SWD,RF,3,10,0.2758057430900908,0.2758057430900908,0.7245845232981872,0.7245845232981872,0.0,True,0.0,True,1000,10,0.01
1028_SWD,RF,3,20,0.3450854947671553,0.3450854947671553,0.6890548914500074,0.6890548914500074,0.0,True,0.0,True,1000,10,0.01
1028_SWD,RF,4,1,0.2649929558604484,0.2649929558604484,0.7178533545552598,0.7178533545552598,0.0,True,0.0,True,1000,10,0.01
1028_SWD,RF,4,5,0.2649929558604484,0.2649929558604484,0.7178533545552598,0.7178533545552598,0.0,True,0.0,True,1000,10,0.01
1028_SWD,RF,4,10,0.2649929558604484,0.2649929558604484,0.7178533545552598,0.7178533545552598,0.0,True,0.0,True,1000,10,0.01
1028_SWD,RF,4,20,0.3219187798938743,0.3219187798938743,0.6894945564806184,0.6894945564806184,0.0,True,0.0,True,1000,10,0.01
1028_SWD,RF,5,1,0.2848675358777399,0.2848675358777399,0.6952395504430365,0.6952395504430365,0.0,True,0.0,True,1000,10,0.01
1028_SWD,RF,5,5,0.2848675358777399,0.2848675358777399,0.6952395504430365,0.6952395504430365,0.0,True,0.0,True,1000,10,0.01
1028_SWD,RF,5,10,0.2848675358777399,0.2848675358777399,0.6952395504430365,0.6952395504430365,0.0,True,0.0,True,1000,10,0.01
1028_SWD,RF,5,20,0.3728145383455971,0.3728145383455971,0.6510872856477931,0.6510872856477931,0.0,True,0.0,True,1000,10,0.01
1028_SWD,SVR,0,1,0.2064586845206567,0.2064586845206567,0.6956160260132142,0.6956160260132142,0.0,True,0.0,True,1000,10,0.01
1028_SWD,SVR,0,5,0.2064586845206567,0.2064586845206567,0.6956160260132142,0.6956160260132142,0.0,True,0.0,True,1000,10,0.01
1028_SWD,SVR,0,10,0.2064586845206567,0.2064586845206567,0.6956160260132142,0.6956160260132142,0.0,True,0.0,True,1000,10,0.01
1028_SWD,SVR,0,20,0.2487604376224107,0.3126511427849264,0.676821323651076,0.6474010730670142,0.06389070516251569,False,4.34682678514852,False,1000,10,0.01
1028_SWD,SVR,1,1,0.0766240297345897,0.0766240297345897,0.7680035712197486,0.7680035712197486,0.0,True,0.0,True,1000,10,0.01
1028_SWD,SVR,1,5,0.0766240297345897,0.0766240297345897,0.7680035712197486,0.7680035712197486,0.0,True,0.0,True,1000,10,0.01
1028_SWD,SVR,1,10,0.0766240297345897,0.0766240297345897,0.7680035712197486,0.7680035712197486,0.0,True,0.0,True,1000,10,0.01
1028_SWD,SVR,1,20,0.1195421601126773,0.1824946149715756,0.7499429689476557,0.7226354560368123,0.06295245485889829,False,3.641278609380406,False,1000,10,0.01
1028_SWD,SVR,2,1,0.1658241316816536,0.1658241316816536,0.7033844663479647,0.7033844663479647,0.0,True,0.0,True,1000,10,0.01
1028_SWD,SVR,2,5,0.1658241316816536,0.1658241316816536,0.7033844663479647,0.7033844663479647,0.0,True,0.0,True,1000,10,0.01
1028_SWD,SVR,2,10,0.1658241316816536,0.1658241316816536,0.7033844663479647,0.7033844663479647,0.0,True,0.0,True,1000,10,0.01
1028_SWD,SVR,2,20,0.2028249352199665,0.202824935219254,0.6876078322132738,0.6876078322135811,0.0,True,0.0,True,1000,10,0.01
1028_SWD,SVR,3,1,0.2619720585589047,0.2619720585589047,0.7314723554901156,0.7314723554901156,0.0,True,0.0,True,1000,10,0.01
1028_SWD,SVR,3,5,0.2619720585589047,0.2619720585589047,0.7314723554901156,0.7314723554901156,0.0,True,0.0,True,1000,10,0.01
1028_SWD,SVR,3,10,0.2619720585589047,0.2619720585589047,0.7314723554901156,0.7314723554901156,0.0,True,0.0,True,1000,10,0.01
1028_SWD,SVR,3,20,0.3304153175664455,0.3304153175664456,0.6967296140880378,0.6967296140880378,0.0,True,0.0,True,1000,10,0.01
1028_SWD,SVR,4,1,0.1995089218404206,0.1995089218404206,0.7491490471846581,0.7491490471846581,0.0,True,0.0,True,1000,10,0.01
1028_SWD,SVR,4,5,0.1995089218404206,0.1995089218404206,0.7491490471846581,0.7491490471846581,0.0,True,0.0,True,1000,10,0.01
1028_SWD,SVR,4,10,0.1995089218404206,0.1995089218404206,0.7491490471846581,0.7491490471846581,0.0,True,0.0,True,1000,10,0.01
1028_SWD,SVR,4,20,0.291160215719292,0.291160215719292,0.7049592702838968,0.7049592702838968,0.0,True,0.0,True,1000,10,0.01
1028_SWD,SVR,5,1,0.2604438901598501,0.2604438901598501,0.7070120045946584,0.7070120045946584,0.0,True,0.0,True,1000,10,0.01
1028_SWD,SVR,5,5,0.2604438901598501,0.2604438901598501,0.7070120045946584,0.7070120045946584,0.0,True,0.0,True,1000,10,0.01
1028_SWD,SVR,5,10,0.2604438901598501,0.2604438901598501,0.7070120045946584,0.7070120045946584,0.0,True,0.0,True,1000,10,0.01
1028_SWD,SVR,5,20,0.325233195973581,0.3252331959733676,0.6753331643281385,0.6753331643282454,0.0,True,0.0,True,1000,10,0.01
1029_LEV,DT,0,1,0.3339707743504118,0.3339707743504118,0.7761165065101293,0.7761165065101293,0.0,True,0.0,True,1000,4,0.004
1029_LEV,DT,0,5,0.3339707743504118,0.3339707743504118,0.7761165065101293,0.7761165065101293,0.0,True,0.0,True,1000,4,0.004
1029_LEV,DT,0,10,0.3339707743504118,0.3339707743504118,0.7761165065101293,0.7761165065101293,0.0,True,0.0,True,1000,4,0.004
1029_LEV,DT,0,20,0.3339707743504118,0.3339707743504118,0.7761165065101293,0.7761165065101293,0.0,True,0.0,True,1000,4,0.004
1029_LEV,DT,1,1,0.3936747854023237,0.3936747854023237,0.752685274460517,0.752685274460517,0.0,True,0.0,True,1000,4,0.004
1029_LEV,DT,1,5,0.3936747854023237,0.3936747854023237,0.752685274460517,0.752685274460517,0.0,True,0.0,True,1000,4,0.004
1029_LEV,DT,1,10,0.3936747854023237,0.3936747854023237,0.752685274460517,0.752685274460517,0.0,True,0.0,True,1000,4,0.004
1029_LEV,DT,1,20,0.3936747854023237,0.3936747854023237,0.752685274460517,0.752685274460517,0.0,True,0.0,True,1000,4,0.004
1029_LEV,DT,2,1,0.29688711051353,0.29688711051353,0.83477852438239,0.83477852438239,0.0,True,0.0,True,1000,4,0.004
1029_LEV,DT,2,5,0.29688711051353,0.29688711051353,0.83477852438239,0.83477852438239,0.0,True,0.0,True,1000,4,0.004
1029_LEV,DT,2,10,0.29688711051353,0.29688711051353,0.83477852438239,0.83477852438239,0.0,True,0.0,True,1000,4,0.004
1029_LEV,DT,2,20,0.29688711051353,0.29688711051353,0.83477852438239,0.83477852438239,0.0,True,0.0,True,1000,4,0.004
1029_LEV,DT,3,1,0.3572492279030932,0.3572492279030932,0.7927582457389218,0.7927582457389218,0.0,True,0.0,True,1000,4,0.004
1029_LEV,DT,3,5,0.3572492279030932,0.3572492279030932,0.7927582457389218,0.7927582457389218,0.0,True,0.0,True,1000,4,0.004
1029_LEV,DT,3,10,0.3572492279030932,0.3572492279030932,0.7927582457389218,0.7927582457389218,0.0,True,0.0,True,1000,4,0.004
1029_LEV,DT,3,20,0.3572492279030932,0.3572492279030932,0.7927582457389218,0.7927582457389218,0.0,True,0.0,True,1000,4,0.004
1029_LEV,DT,4,1,0.3318808102363033,0.3318808102363033,0.7383213710358113,0.7383213710358113,0.0,True,0.0,True,1000,4,0.004
1029_LEV,DT,4,5,0.3318808102363033,0.3318808102363033,0.7383213710358113,0.7383213710358113,0.0,True,0.0,True,1000,4,0.004
1029_LEV,DT,4,10,0.3318808102363033,0.3318808102363033,0.7383213710358113,0.7383213710358113,0.0,True,0.0,True,1000,4,0.004
1029_LEV,DT,4,20,0.3318808102363033,0.3318808102363033,0.7383213710358113,0.7383213710358113,0.0,True,0.0,True,1000,4,0.004
1029_LEV,DT,5,1,0.3268749465665641,0.3268749465665641,0.7961986857545509,0.7961986857545509,0.0,True,0.0,True,1000,4,0.004
1029_LEV,DT,5,5,0.3268749465665641,0.3268749465665641,0.7961986857545509,0.7961986857545509,0.0,True,0.0,True,1000,4,0.004
1029_LEV,DT,5,10,0.3268749465665641,0.3268749465665641,0.7961986857545509,0.7961986857545509,0.0,True,0.0,True,1000,4,0.004
1029_LEV,DT,5,20,0.3268749465665641,0.3268749465665641,0.7961986857545509,0.7961986857545509,0.0,True,0.0,True,1000,4,0.004
1029_LEV,KNN,0,1,0.0371517027863776,0.0371517027863776,0.9331666517830564,0.9331666517830564,0.0,True,0.0,True,1000,4,0.004
1029_LEV,KNN,0,5,0.0371517027863776,0.0371517027863776,0.9331666517830564,0.9331666517830564,0.0,True,0.0,True,1000,4,0.004
1029_LEV,KNN,0,10,0.0371517027863776,0.0371517027863776,0.9331666517830564,0.9331666517830564,0.0,True,0.0,True,1000,4,0.004
1029_LEV,KNN,0,20,0.0371517027863776,0.0371517027863776,0.9331666517830564,0.9331666517830564,0.0,True,0.0,True,1000,4,0.004
1029_LEV,KNN,1,1,0.4006688963210703,0.4006688963210703,0.7483314773547883,0.7483314773547883,0.0,True,0.0,True,1000,4,0.004
1029_LEV,KNN,1,5,0.4006688963210703,0.4006688963210703,0.7483314773547883,0.7483314773547883,0.0,True,0.0,True,1000,4,0.004
1029_LEV,KNN,1,10,0.4006688963210703,0.4006688963210703,0.7483314773547883,0.7483314773547883,0.0,True,0.0,True,1000,4,0.004
1029_LEV,KNN,1,20,0.4006688963210703,0.4006688963210703,0.7483314773547883,0.7483314773547883,0.0,True,0.0,True,1000,4,0.004
1029_LEV,KNN,2,1,0.0428816466552317,0.0428816466552317,0.9739609848448756,0.9739609848448756,0.0,True,0.0,True,1000,4,0.004
1029_LEV,KNN,2,5,0.0428816466552317,0.0428816466552317,0.9739609848448756,0.9739609848448756,0.0,True,0.0,True,1000,4,0.004
1029_LEV,KNN,2,10,0.0428816466552317,0.0428816466552317,0.9739609848448756,0.9739609848448756,0.0,True,0.0,True,1000,4,0.004
1029_LEV,KNN,2,20,0.0428816466552317,0.0428816466552317,0.9739609848448756,0.9739609848448756,0.0,True,0.0,True,1000,4,0.004
1029_LEV,KNN,3,1,0.0654291631510315,0.0654291631510315,0.955928867646542,0.955928867646542,0.0,True,0.0,True,1000,4,0.004
1029_LEV,KNN,3,5,0.0654291631510315,0.0654291631510315,0.955928867646542,0.955928867646542,0.0,True,0.0,True,1000,4,0.004
1029_LEV,KNN,3,10,0.0654291631510315,0.0654291631510315,0.955928867646542,0.955928867646542,0.0,True,0.0,True,1000,4,0.004
1029_LEV,KNN,3,20,0.0654291631510315,0.0654291631510315,0.955928867646542,0.955928867646542,0.0,True,0.0,True,1000,4,0.004
1029_LEV,KNN,4,1,0.1604363279813704,0.1604363279813704,0.8276472678623424,0.8276472678623424,0.0,True,0.0,True,1000,4,0.004
1029_LEV,KNN,4,5,0.1604363279813704,0.1604363279813704,0.8276472678623424,0.8276472678623424,0.0,True,0.0,True,1000,4,0.004
1029_LEV,KNN,4,10,0.1604363279813704,0.1604363279813704,0.8276472678623424,0.8276472678623424,0.0,True,0.0,True,1000,4,0.004
1029_LEV,KNN,4,20,0.1604363279813704,0.1604363279813704,0.8276472678623424,0.8276472678623424,0.0,True,0.0,True,1000,4,0.004
1029_LEV,KNN,5,1,0.0129277162804278,0.0129277162804278,0.964157663455516,0.964157663455516,0.0,True,0.0,True,1000,4,0.004
1029_LEV,KNN,5,5,0.0129277162804278,0.0129277162804278,0.964157663455516,0.964157663455516,0.0,True,0.0,True,1000,4,0.004
1029_LEV,KNN,5,10,0.0129277162804278,0.0129277162804278,0.964157663455516,0.964157663455516,0.0,True,0.0,True,1000,4,0.004
1029_LEV,KNN,5,20,0.0129277162804278,0.0129277162804278,0.964157663455516,0.964157663455516,0.0,True,0.0,True,1000,4,0.004
1029_LEV,LR,0,1,0.3347677396045693,0.3347677396045693,0.7756520201105827,0.7756520201105827,0.0,True,0.0,True,1000,4,0.004
1029_LEV,LR,0,5,0.3347677396045693,0.3347677396045693,0.7756520201105827,0.7756520201105827,0.0,True,0.0,True,1000,4,0.004
1029_LEV,LR,0,10,0.3347677396045693,0.3347677396045693,0.7756520201105827,0.7756520201105827,0.0,True,0.0,True,1000,4,0.004
1029_LEV,LR,0,20,0.3347677396045693,0.3347677396045693,0.7756520201105827,0.7756520201105827,0.0,True,0.0,True,1000,4,0.004
1029_LEV,LR,1,1,0.4087510648344367,0.4087510648344367,0.7432686081056586,0.7432686081056586,0.0,True,0.0,True,1000,4,0.004
1029_LEV,LR,1,5,0.4087510648344367,0.4087510648344367,0.7432686081056586,0.7432686081056586,0.0,True,0.0,True,1000,4,0.004
1029_LEV,LR,1,10,0.4087510648344367,0.4087510648344367,0.7432686081056586,0.7432686081056586,0.0,True,0.0,True,1000,4,0.004
1029_LEV,LR,1,20,0.4087510648344367,0.4087510648344367,0.7432686081056586,0.7432686081056586,0.0,True,0.0,True,1000,4,0.004
1029_LEV,LR,2,1,0.2959947238974422,0.2959947238974422,0.8353081043215402,0.8353081043215402,0.0,True,0.0,True,1000,4,0.004
1029_LEV,LR,2,5,0.2959947238974422,0.2959947238974422,0.8353081043215402,0.8353081043215402,0.0,True,0.0,True,1000,4,0.004
1029_LEV,LR,2,10,0.2959947238974422,0.2959947238974422,0.8353081043215402,0.8353081043215402,0.0,True,0.0,True,1000,4,0.004
1029_LEV,LR,2,20,0.2959947238974422,0.2959947238974422,0.8353081043215402,0.8353081043215402,0.0,True,0.0,True,1000,4,0.004
1029_LEV,LR,3,1,0.3495403467350013,0.3495403467350013,0.7974980799169261,0.7974980799169261,0.0,True,0.0,True,1000,4,0.004
1029_LEV,LR,3,5,0.3495403467350013,0.3495403467350013,0.7974980799169261,0.7974980799169261,0.0,True,0.0,True,1000,4,0.004
1029_LEV,LR,3,10,0.3495403467350013,0.3495403467350013,0.7974980799169261,0.7974980799169261,0.0,True,0.0,True,1000,4,0.004
1029_LEV,LR,3,20,0.3495403467350013,0.3495403467350013,0.7974980799169261,0.7974980799169261,0.0,True,0.0,True,1000,4,0.004
1029_LEV,LR,4,1,0.3259715920357995,0.3259715920357995,0.7415792459730729,0.7415792459730729,0.0,True,0.0,True,1000,4,0.004
1029_LEV,LR,4,5,0.3259715920357995,0.3259715920357995,0.7415792459730729,0.7415792459730729,0.0,True,0.0,True,1000,4,0.004
1029_LEV,LR,4,10,0.3259715920357995,0.3259715920357995,0.7415792459730729,0.7415792459730729,0.0,True,0.0,True,1000,4,0.004
1029_LEV,LR,4,20,0.3259715920357995,0.3259715920357995,0.7415792459730729,0.7415792459730729,0.0,True,0.0,True,1000,4,0.004
1029_LEV,LR,5,1,0.3340641450407673,0.3340641450407673,0.7919354391642234,0.7919354391642234,0.0,True,0.0,True,1000,4,0.004
1029_LEV,LR,5,5,0.3340641450407673,0.3340641450407673,0.7919354391642234,0.7919354391642234,0.0,True,0.0,True,1000,4,0.004
1029_LEV,LR,5,10,0.3340641450407673,0.3340641450407673,0.7919354391642234,0.7919354391642234,0.0,True,0.0,True,1000,4,0.004
1029_LEV,LR,5,20,0.3340641450407673,0.3340641450407673,0.7919354391642234,0.7919354391642234,0.0,True,0.0,True,1000,4,0.004
1029_LEV,RF,0,1,0.3341823388306142,0.3341823388306142,0.7759932298426273,0.7759932298426273,0.0,True,0.0,True,1000,4,0.004
1029_LEV,RF,0,5,0.3341823388306142,0.3341823388306142,0.7759932298426273,0.7759932298426273,0.0,True,0.0,True,1000,4,0.004
1029_LEV,RF,0,10,0.3341823388306142,0.3341823388306142,0.7759932298426273,0.7759932298426273,0.0,True,0.0,True,1000,4,0.004
1029_LEV,RF,0,20,0.3341823388306142,0.3341823388306142,0.7759932298426273,0.7759932298426273,0.0,True,0.0,True,1000,4,0.004
1029_LEV,RF,1,1,0.3942738316146055,0.3942738316146055,0.7523133579733268,0.7523133579733268,0.0,True,0.0,True,1000,4,0.004
1029_LEV,RF,1,5,0.3942738316146055,0.3942738316146055,0.7523133579733268,0.7523133579733268,0.0,True,0.0,True,1000,4,0.004
1029_LEV,RF,1,10,0.3942738316146055,0.3942738316146055,0.7523133579733268,0.7523133579733268,0.0,True,0.0,True,1000,4,0.004
1029_LEV,RF,1,20,0.3942738316146055,0.3942738316146055,0.7523133579733268,0.7523133579733268,0.0,True,0.0,True,1000,4,0.004
1029_LEV,RF,2,1,0.2975674295578078,0.2975674295578078,0.8343745685034131,0.8343745685034131,0.0,True,0.0,True,1000,4,0.004
1029_LEV,RF,2,5,0.2975674295578078,0.2975674295578078,0.8343745685034131,0.8343745685034131,0.0,True,0.0,True,1000,4,0.004
1029_LEV,RF,2,10,0.2975674295578078,0.2975674295578078,0.8343745685034131,0.8343745685034131,0.0,True,0.0,True,1000,4,0.004
1029_LEV,RF,2,20,0.2975674295578078,0.2975674295578078,0.8343745685034131,0.8343745685034131,0.0,True,0.0,True,1000,4,0.004
1029_LEV,RF,3,1,0.3557268849222331,0.3557268849222331,0.793696506918837,0.793696506918837,0.0,True,0.0,True,1000,4,0.004
1029_LEV,RF,3,5,0.3557268849222331,0.3557268849222331,0.793696506918837,0.793696506918837,0.0,True,0.0,True,1000,4,0.004
1029_LEV,RF,3,10,0.3557268849222331,0.3557268849222331,0.793696506918837,0.793696506918837,0.0,True,0.0,True,1000,4,0.004
1029_LEV,RF,3,20,0.3557268849222331,0.3557268849222331,0.793696506918837,0.793696506918837,0.0,True,0.0,True,1000,4,0.004
1029_LEV,RF,4,1,0.3321879768531943,0.3321879768531943,0.7381516305512567,0.7381516305512567,0.0,True,0.0,True,1000,4,0.004
1029_LEV,RF,4,5,0.3321879768531943,0.3321879768531943,0.7381516305512567,0.7381516305512567,0.0,True,0.0,True,1000,4,0.004
1029_LEV,RF,4,10,0.3321879768531943,0.3321879768531943,0.7381516305512567,0.7381516305512567,0.0,True,0.0,True,1000,4,0.004
1029_LEV,RF,4,20,0.3321879768531943,0.3321879768531943,0.7381516305512567,0.7381516305512567,0.0,True,0.0,True,1000,4,0.004
1029_LEV,RF,5,1,0.3261432243862908,0.3261432243862908,0.7966313230432263,0.7966313230432263,0.0,True,0.0,True,1000,4,0.004
1029_LEV,RF,5,5,0.3261432243862908,0.3261432243862908,0.7966313230432263,0.7966313230432263,0.0,True,0.0,True,1000,4,0.004
1029_LEV,RF,5,10,0.3261432243862908,0.3261432243862908,0.7966313230432263,0.7966313230432263,0.0,True,0.0,True,1000,4,0.004
1029_LEV,RF,5,20,0.3261432243862908,0.3261432243862908,0.7966313230432263,0.7966313230432263,0.0,True,0.0,True,1000,4,0.004
1029_LEV,SVR,0,1,0.3241908508151238,0.3241908508151238,0.7817939591240151,0.7817939591240151,0.0,True,0.0,True,1000,4,0.004
1029_LEV,SVR,0,5,0.3241908508151238,0.3241908508151238,0.7817939591240151,0.7817939591240151,0.0,True,0.0,True,1000,4,0.004
1029_LEV,SVR,0,10,0.3241908508151238,0.3241908508151238,0.7817939591240151,0.7817939591240151,0.0,True,0.0,True,1000,4,0.004
1029_LEV,SVR,0,20,0.3241908508151238,0.3241908508151238,0.7817939591240151,0.7817939591240151,0.0,True,0.0,True,1000,4,0.004
1029_LEV,SVR,1,1,0.3980596306483676,0.3980596306483676,0.7499586872707933,0.7499586872707933,0.0,True,0.0,True,1000,4,0.004
1029_LEV,SVR,1,5,0.3980596306483676,0.3980596306483676,0.7499586872707933,0.7499586872707933,0.0,True,0.0,True,1000,4,0.004
1029_LEV,SVR,1,10,0.3980596306483676,0.3980596306483676,0.7499586872707933,0.7499586872707933,0.0,True,0.0,True,1000,4,0.004
1029_LEV,SVR,1,20,0.3980596306483676,0.3980596306483676,0.7499586872707933,0.7499586872707933,0.0,True,0.0,True,1000,4,0.004
1029_LEV,SVR,2,1,0.2581778200114094,0.2581778200114094,0.8574496851633291,0.8574496851633291,0.0,True,0.0,True,1000,4,0.004
1029_LEV,SVR,2,5,0.2581778200114094,0.2581778200114094,0.8574496851633291,0.8574496851633291,0.0,True,0.0,True,1000,4,0.004
1029_LEV,SVR,2,10,0.2581778200114094,0.2581778200114094,0.8574496851633291,0.8574496851633291,0.0,True,0.0,True,1000,4,0.004
1029_LEV,SVR,2,20,0.2581778200114094,0.2581778200114094,0.8574496851633291,0.8574496851633291,0.0,True,0.0,True,1000,4,0.004
1029_LEV,SVR,3,1,0.3384996522148715,0.3384996522148715,0.8042378395447479,0.8042378395447479,0.0,True,0.0,True,1000,4,0.004
1029_LEV,SVR,3,5,0.3384996522148715,0.3384996522148715,0.8042378395447479,0.8042378395447479,0.0,True,0.0,True,1000,4,0.004
1029_LEV,SVR,3,10,0.3384996522148715,0.3384996522148715,0.8042378395447479,0.8042378395447479,0.0,True,0.0,True,1000,4,0.004
1029_LEV,SVR,3,20,0.3384996522148715,0.3384996522148715,0.8042378395447479,0.8042378395447479,0.0,True,0.0,True,1000,4,0.004
1029_LEV,SVR,4,1,0.2960196992321831,0.2960196992321831,0.7578769869817014,0.7578769869817014,0.0,True,0.0,True,1000,4,0.004
1029_LEV,SVR,4,5,0.2960196992321831,0.2960196992321831,0.7578769869817014,0.7578769869817014,0.0,True,0.0,True,1000,4,0.004
1029_LEV,SVR,4,10,0.2960196992321831,0.2960196992321831,0.7578769869817014,0.7578769869817014,0.0,True,0.0,True,1000,4,0.004
1029_LEV,SVR,4,20,0.2960196992321831,0.2960196992321831,0.7578769869817014,0.7578769869817014,0.0,True,0.0,True,1000,4,0.004
1029_LEV,SVR,5,1,0.3245278107221826,0.3245278107221826,0.797585619891129,0.797585619891129,0.0,True,0.0,True,1000,4,0.004
1029_LEV,SVR,5,5,0.3245278107221826,0.3245278107221826,0.797585619891129,0.797585619891129,0.0,True,0.0,True,1000,4,0.004
1029_LEV,SVR,5,10,0.3245278107221826,0.3245278107221826,0.797585619891129,0.797585619891129,0.0,True,0.0,True,1000,4,0.004
1029_LEV,SVR,5,20,0.3245278107221826,0.3245278107221826,0.797585619891129,0.797585619891129,0.0,True,0.0,True,1000,4,0.004
1030_ERA,DT,0,1,0.2743598449948959,0.2743598449948959,1.7074980464981526,1.7074980464981526,0.0,True,0.0,True,1000,4,0.004
1030_ERA,DT,0,5,0.2743598449948959,0.2743598449948959,1.7074980464981526,1.7074980464981526,0.0,True,0.0,True,1000,4,0.004
1030_ERA,DT,0,10,0.2743598449948959,0.2743598449948959,1.7074980464981526,1.7074980464981526,0.0,True,0.0,True,1000,4,0.004
1030_ERA,DT,0,20,0.2743598449948959,0.2743598449948959,1.7074980464981526,1.7074980464981526,0.0,True,0.0,True,1000,4,0.004
1030_ERA,DT,1,1,0.2242143832270254,0.2242143832270254,1.7387679911724736,1.7387679911724736,0.0,True,0.0,True,1000,4,0.004
1030_ERA,DT,1,5,0.2242143832270254,0.2242143832270254,1.7387679911724736,1.7387679911724736,0.0,True,0.0,True,1000,4,0.004
1030_ERA,DT,1,10,0.2242143832270254,0.2242143832270254,1.7387679911724736,1.7387679911724736,0.0,True,0.0,True,1000,4,0.004
1030_ERA,DT,1,20,0.2242143832270254,0.2242143832270254,1.7387679911724736,1.7387679911724736,0.0,True,0.0,True,1000,4,0.004
1030_ERA,DT,2,1,0.3265206194268716,0.3265206194268716,1.6144241087205082,1.6144241087205082,0.0,True,0.0,True,1000,4,0.004
1030_ERA,DT,2,5,0.3265206194268716,0.3265206194268716,1.6144241087205082,1.6144241087205082,0.0,True,0.0,True,1000,4,0.004
1030_ERA,DT,2,10,0.3265206194268716,0.3265206194268716,1.6144241087205082,1.6144241087205082,0.0,True,0.0,True,1000,4,0.004
1030_ERA,DT,2,20,0.3265206194268716,0.3265206194268716,1.6144241087205082,1.6144241087205082,0.0,True,0.0,True,1000,4,0.004
1030_ERA,DT,3,1,0.2763419918847608,0.2763419918847608,1.741669184135511,1.741669184135511,0.0,True,0.0,True,1000,4,0.004
1030_ERA,DT,3,5,0.2763419918847608,0.2763419918847608,1.741669184135511,1.741669184135511,0.0,True,0.0,True,1000,4,0.004
1030_ERA,DT,3,10,0.2763419918847608,0.2763419918847608,1.741669184135511,1.741669184135511,0.0,True,0.0,True,1000,4,0.004
1030_ERA,DT,3,20,0.2763419918847608,0.2763419918847608,1.741669184135511,1.741669184135511,0.0,True,0.0,True,1000,4,0.004
1030_ERA,DT,4,1,0.328845111977053,0.328845111977053,1.5804971932061778,1.5804971932061778,0.0,True,0.0,True,1000,4,0.004
1030_ERA,DT,4,5,0.328845111977053,0.328845111977053,1.5804971932061778,1.5804971932061778,0.0,True,0.0,True,1000,4,0.004
1030_ERA,DT,4,10,0.328845111977053,0.328845111977053,1.5804971932061778,1.5804971932061778,0.0,True,0.0,True,1000,4,0.004
1030_ERA,DT,4,20,0.328845111977053,0.328845111977053,1.5804971932061778,1.5804971932061778,0.0,True,0.0,True,1000,4,0.004
1030_ERA,DT,5,1,0.2113959302895977,0.2113959302895977,1.7665178075103103,1.7665178075103103,0.0,True,0.0,True,1000,4,0.004
1030_ERA,DT,5,5,0.2113959302895977,0.2113959302895977,1.7665178075103103,1.7665178075103103,0.0,True,0.0,True,1000,4,0.004
1030_ERA,DT,5,10,0.2113959302895977,0.2113959302895977,1.7665178075103103,1.7665178075103103,0.0,True,0.0,True,1000,4,0.004
1030_ERA,DT,5,20,0.2113959302895977,0.2113959302895977,1.7665178075103103,1.7665178075103103,0.0,True,0.0,True,1000,4,0.004
1030_ERA,KNN,0,1,0.177630105278877,0.177630105278877,1.817745856823775,1.817745856823775,0.0,True,0.0,True,1000,4,0.004
1030_ERA,KNN,0,5,0.177630105278877,0.177630105278877,1.817745856823775,1.817745856823775,0.0,True,0.0,True,1000,4,0.004
1030_ERA,KNN,0,10,0.177630105278877,0.177630105278877,1.817745856823775,1.817745856823775,0.0,True,0.0,True,1000,4,0.004
1030_ERA,KNN,0,20,0.177630105278877,0.177630105278877,1.817745856823775,1.817745856823775,0.0,True,0.0,True,1000,4,0.004
1030_ERA,KNN,1,1,0.1243232146981089,0.1243232146981089,1.847322386590928,1.847322386590928,0.0,True,0.0,True,1000,4,0.004
1030_ERA,KNN,1,5,0.1243232146981089,0.1243232146981089,1.847322386590928,1.847322386590928,0.0,True,0.0,True,1000,4,0.004
1030_ERA,KNN,1,10,0.1243232146981089,0.1243232146981089,1.847322386590928,1.847322386590928,0.0,True,0.0,True,1000,4,0.004
1030_ERA,KNN,1,20,0.1243232146981089,0.1243232146981089,1.847322386590928,1.847322386590928,0.0,True,0.0,True,1000,4,0.004
1030_ERA,KNN,2,1,0.2179844961240309,0.2179844961240309,1.739655138238611,1.739655138238611,0.0,True,0.0,True,1000,4,0.004
1030_ERA,KNN,2,5,0.2179844961240309,0.2179844961240309,1.739655138238611,1.739655138238611,0.0,True,0.0,True,1000,4,0.004
1030_ERA,KNN,2,10,0.2179844961240309,0.2179844961240309,1.739655138238611,1.739655138238611,0.0,True,0.0,True,1000,4,0.004
1030_ERA,KNN,2,20,0.2179844961240309,0.2179844961240309,1.739655138238611,1.739655138238611,0.0,True,0.0,True,1000,4,0.004
1030_ERA,KNN,3,1,0.226485200183693,0.226485200183693,1.8006665432555802,1.8006665432555802,0.0,True,0.0,True,1000,4,0.004
1030_ERA,KNN,3,5,0.226485200183693,0.226485200183693,1.8006665432555802,1.8006665432555802,0.0,True,0.0,True,1000,4,0.004
1030_ERA,KNN,3,10,0.226485200183693,0.226485200183693,1.8006665432555802,1.8006665432555802,0.0,True,0.0,True,1000,4,0.004
1030_ERA,KNN,3,20,0.226485200183693,0.226485200183693,1.8006665432555802,1.8006665432555802,0.0,True,0.0,True,1000,4,0.004
1030_ERA,KNN,4,1,0.18111717133722,0.18111717133722,1.7457949478675898,1.7457949478675898,0.0,True,0.0,True,1000,4,0.004
1030_ERA,KNN,4,5,0.18111717133722,0.18111717133722,1.7457949478675898,1.7457949478675898,0.0,True,0.0,True,1000,4,0.004
1030_ERA,KNN,4,10,0.18111717133722,0.18111717133722,1.7457949478675898,1.7457949478675898,0.0,True,0.0,True,1000,4,0.004
1030_ERA,KNN,4,20,0.18111717133722,0.18111717133722,1.7457949478675898,1.7457949478675898,0.0,True,0.0,True,1000,4,0.004
1030_ERA,KNN,5,1,0.1722726238912335,0.1722726238912335,1.809806619503863,1.809806619503863,0.0,True,0.0,True,1000,4,0.004
1030_ERA,KNN,5,5,0.1722726238912335,0.1722726238912335,1.809806619503863,1.809806619503863,0.0,True,0.0,True,1000,4,0.004
1030_ERA,KNN,5,10,0.1722726238912335,0.1722726238912335,1.809806619503863,1.809806619503863,0.0,True,0.0,True,1000,4,0.004
1030_ERA,KNN,5,20,0.1722726238912335,0.1722726238912335,1.809806619503863,1.809806619503863,0.0,True,0.0,True,1000,4,0.004
1030_ERA,LR,0,1,0.179840354155097,0.179840354155097,1.8153014738715536,1.8153014738715536,0.0,True,0.0,True,1000,4,0.004
1030_ERA,LR,0,5,0.179840354155097,0.179840354155097,1.8153014738715536,1.8153014738715536,0.0,True,0.0,True,1000,4,0.004
1030_ERA,LR,0,10,0.179840354155097,0.179840354155097,1.8153014738715536,1.8153014738715536,0.0,True,0.0,True,1000,4,0.004
1030_ERA,LR,0,20,0.179840354155097,0.179840354155097,1.8153014738715536,1.8153014738715536,0.0,True,0.0,True,1000,4,0.004
1030_ERA,LR,1,1,0.1286613127730824,0.1286613127730824,1.8427408927985565,1.8427408927985565,0.0,True,0.0,True,1000,4,0.004
1030_ERA,LR,1,5,0.1286613127730824,0.1286613127730824,1.8427408927985565,1.8427408927985565,0.0,True,0.0,True,1000,4,0.004
1030_ERA,LR,1,10,0.1286613127730824,0.1286613127730824,1.8427408927985565,1.8427408927985565,0.0,True,0.0,True,1000,4,0.004
1030_ERA,LR,1,20,0.1286613127730824,0.1286613127730824,1.8427408927985565,1.8427408927985565,0.0,True,0.0,True,1000,4,0.004
1030_ERA,LR,2,1,0.2212530882473975,0.2212530882473975,1.7360157108973904,1.7360157108973904,0.0,True,0.0,True,1000,4,0.004
1030_ERA,LR,2,5,0.2212530882473975,0.2212530882473975,1.7360157108973904,1.7360157108973904,0.0,True,0.0,True,1000,4,0.004
1030_ERA,LR,2,10,0.2212530882473975,0.2212530882473975,1.7360157108973904,1.7360157108973904,0.0,True,0.0,True,1000,4,0.004
1030_ERA,LR,2,20,0.2212530882473975,0.2212530882473975,1.7360157108973904,1.7360157108973904,0.0,True,0.0,True,1000,4,0.004
1030_ERA,LR,3,1,0.1601195814899398,0.1601195814899398,1.876323463931528,1.876323463931528,0.0,True,0.0,True,1000,4,0.004
1030_ERA,LR,3,5,0.1601195814899398,0.1601195814899398,1.876323463931528,1.876323463931528,0.0,True,0.0,True,1000,4,0.004
1030_ERA,LR,3,10,0.1601195814899398,0.1601195814899398,1.876323463931528,1.876323463931528,0.0,True,0.0,True,1000,4,0.004
1030_ERA,LR,3,20,0.1601195814899398,0.1601195814899398,1.876323463931528,1.876323463931528,0.0,True,0.0,True,1000,4,0.004
1030_ERA,LR,4,1,0.1945726885370767,0.1945726885370767,1.731392477323918,1.731392477323918,0.0,True,0.0,True,1000,4,0.004
1030_ERA,LR,4,5,0.1945726885370767,0.1945726885370767,1.731392477323918,1.731392477323918,0.0,True,0.0,True,1000,4,0.004
1030_ERA,LR,4,10,0.1945726885370767,0.1945726885370767,1.731392477323918,1.731392477323918,0.0,True,0.0,True,1000,4,0.004
1030_ERA,LR,4,20,0.1945726885370767,0.1945726885370767,1.731392477323918,1.731392477323918,0.0,True,0.0,True,1000,4,0.004
1030_ERA,LR,5,1,0.1334017980868855,0.1334017980868855,1.851814176636086,1.851814176636086,0.0,True,0.0,True,1000,4,0.004
1030_ERA,LR,5,5,0.1334017980868855,0.1334017980868855,1.851814176636086,1.851814176636086,0.0,True,0.0,True,1000,4,0.004
1030_ERA,LR,5,10,0.1334017980868855,0.1334017980868855,1.851814176636086,1.851814176636086,0.0,True,0.0,True,1000,4,0.004
1030_ERA,LR,5,20,0.1334017980868855,0.1334017980868855,1.851814176636086,1.851814176636086,0.0,True,0.0,True,1000,4,0.004
1030_ERA,RF,0,1,0.2764829904626148,0.2764829904626148,1.7049982383041515,1.7049982383041515,0.0,True,0.0,True,1000,4,0.004
1030_ERA,RF,0,5,0.2764829904626148,0.2764829904626148,1.7049982383041515,1.7049982383041515,0.0,True,0.0,True,1000,4,0.004
1030_ERA,RF,0,10,0.2764829904626148,0.2764829904626148,1.7049982383041515,1.7049982383041515,0.0,True,0.0,True,1000,4,0.004
1030_ERA,RF,0,20,0.2764829904626148,0.2764829904626148,1.7049982383041515,1.7049982383041515,0.0,True,0.0,True,1000,4,0.004
1030_ERA,RF,1,1,0.2269756740350846,0.2269756740350846,1.7356707927247816,1.7356707927247816,0.0,True,0.0,True,1000,4,0.004
1030_ERA,RF,1,5,0.2269756740350846,0.2269756740350846,1.7356707927247816,1.7356707927247816,0.0,True,0.0,True,1000,4,0.004
1030_ERA,RF,1,10,0.2269756740350846,0.2269756740350846,1.7356707927247816,1.7356707927247816,0.0,True,0.0,True,1000,4,0.004
1030_ERA,RF,1,20,0.2269756740350846,0.2269756740350846,1.7356707927247816,1.7356707927247816,0.0,True,0.0,True,1000,4,0.004
1030_ERA,RF,2,1,0.3275507266404511,0.3275507266404511,1.6131889808393354,1.6131889808393354,0.0,True,0.0,True,1000,4,0.004
1030_ERA,RF,2,5,0.3275507266404511,0.3275507266404511,1.6131889808393354,1.6131889808393354,0.0,True,0.0,True,1000,4,0.004
1030_ERA,RF,2,10,0.3275507266404511,0.3275507266404511,1.6131889808393354,1.6131889808393354,0.0,True,0.0,True,1000,4,0.004
1030_ERA,RF,2,20,0.3275507266404511,0.3275507266404511,1.6131889808393354,1.6131889808393354,0.0,True,0.0,True,1000,4,0.004
1030_ERA,RF,3,1,0.2748725155286891,0.2748725155286891,1.7434366238036096,1.7434366238036096,0.0,True,0.0,True,1000,4,0.004
1030_ERA,RF,3,5,0.2748725155286891,0.2748725155286891,1.7434366238036096,1.7434366238036096,0.0,True,0.0,True,1000,4,0.004
1030_ERA,RF,3,10,0.2748725155286891,0.2748725155286891,1.7434366238036096,1.7434366238036096,0.0,True,0.0,True,1000,4,0.004
1030_ERA,RF,3,20,0.2748725155286891,0.2748725155286891,1.7434366238036096,1.7434366238036096,0.0,True,0.0,True,1000,4,0.004
1030_ERA,RF,4,1,0.3307862888174613,0.3307862888174613,1.578209907347654,1.578209907347654,0.0,True,0.0,True,1000,4,0.004
1030_ERA,RF,4,5,0.3307862888174613,0.3307862888174613,1.578209907347654,1.578209907347654,0.0,True,0.0,True,1000,4,0.004
1030_ERA,RF,4,10,0.3307862888174613,0.3307862888174613,1.578209907347654,1.578209907347654,0.0,True,0.0,True,1000,4,0.004
1030_ERA,RF,4,20,0.3307862888174613,0.3307862888174613,1.578209907347654,1.578209907347654,0.0,True,0.0,True,1000,4,0.004
1030_ERA,RF,5,1,0.2097201895960995,0.2097201895960995,1.7683936885629497,1.7683936885629497,0.0,True,0.0,True,1000,4,0.004
1030_ERA,RF,5,5,0.2097201895960995,0.2097201895960995,1.7683936885629497,1.7683936885629497,0.0,True,0.0,True,1000,4,0.004
1030_ERA,RF,5,10,0.2097201895960995,0.2097201895960995,1.7683936885629497,1.7683936885629497,0.0,True,0.0,True,1000,4,0.004
1030_ERA,RF,5,20,0.2097201895960995,0.2097201895960995,1.7683936885629497,1.7683936885629497,0.0,True,0.0,True,1000,4,0.004
1030_ERA,SVR,0,1,0.1734025189480791,0.1734025189480791,1.8224121430451767,1.8224121430451767,0.0,True,0.0,True,1000,4,0.004
1030_ERA,SVR,0,5,0.1734025189480791,0.1734025189480791,1.8224121430451767,1.8224121430451767,0.0,True,0.0,True,1000,4,0.004
1030_ERA,SVR,0,10,0.1734025189480791,0.1734025189480791,1.8224121430451767,1.8224121430451767,0.0,True,0.0,True,1000,4,0.004
1030_ERA,SVR,0,20,0.1734025189480791,0.1734025189480791,1.8224121430451767,1.8224121430451767,0.0,True,0.0,True,1000,4,0.004
1030_ERA,SVR,1,1,0.1079571100983025,0.1079571100983025,1.8645053891678365,1.8645053891678365,0.0,True,0.0,True,1000,4,0.004
1030_ERA,SVR,1,5,0.1079571100983025,0.1079571100983025,1.8645053891678365,1.8645053891678365,0.0,True,0.0,True,1000,4,0.004
1030_ERA,SVR,1,10,0.1079571100983025,0.1079571100983025,1.8645053891678365,1.8645053891678365,0.0,True,0.0,True,1000,4,0.004
1030_ERA,SVR,1,20,0.1079571100983025,0.1079571100983025,1.8645053891678365,1.8645053891678365,0.0,True,0.0,True,1000,4,0.004
1030_ERA,SVR,2,1,0.2008875301480415,0.2008875301480415,1.7585690939872336,1.7585690939872336,0.0,True,0.0,True,1000,4,0.004
1030_ERA,SVR,2,5,0.2008875301480415,0.2008875301480415,1.7585690939872336,1.7585690939872336,0.0,True,0.0,True,1000,4,0.004
1030_ERA,SVR,2,10,0.2008875301480415,0.2008875301480415,1.7585690939872336,1.7585690939872336,0.0,True,0.0,True,1000,4,0.004
1030_ERA,SVR,2,20,0.2008875301480415,0.2008875301480415,1.7585690939872336,1.7585690939872336,0.0,True,0.0,True,1000,4,0.004
1030_ERA,SVR,3,1,0.1564357471108018,0.1564357471108018,1.880433871784546,1.880433871784546,0.0,True,0.0,True,1000,4,0.004
1030_ERA,SVR,3,5,0.1564357471108018,0.1564357471108018,1.880433871784546,1.880433871784546,0.0,True,0.0,True,1000,4,0.004
1030_ERA,SVR,3,10,0.1564357471108018,0.1564357471108018,1.880433871784546,1.880433871784546,0.0,True,0.0,True,1000,4,0.004
1030_ERA,SVR,3,20,0.1564357471108018,0.1564357471108018,1.880433871784546,1.880433871784546,0.0,True,0.0,True,1000,4,0.004
1030_ERA,SVR,4,1,0.1944675110738967,0.1944675110738967,1.7315055213697887,1.7315055213697887,0.0,True,0.0,True,1000,4,0.004
1030_ERA,SVR,4,5,0.1944675110738967,0.1944675110738967,1.7315055213697887,1.7315055213697887,0.0,True,0.0,True,1000,4,0.004
1030_ERA,SVR,4,10,0.1944675110738967,0.1944675110738967,1.7315055213697887,1.7315055213697887,0.0,True,0.0,True,1000,4,0.004
1030_ERA,SVR,4,20,0.1944675110738967,0.1944675110738967,1.7315055213697887,1.7315055213697887,0.0,True,0.0,True,1000,4,0.004
1030_ERA,SVR,5,1,0.1134571221722121,0.1134571221722121,1.873002621955544,1.873002621955544,0.0,True,0.0,True,1000,4,0.004
1030_ERA,SVR,5,5,0.1134571221722121,0.1134571221722121,1.873002621955544,1.873002621955544,0.0,True,0.0,True,1000,4,0.004
1030_ERA,SVR,5,10,0.1134571221722121,0.1134571221722121,1.873002621955544,1.873002621955544,0.0,True,0.0,True,1000,4,0.004
1030_ERA,SVR,5,20,0.1134571221722121,0.1134571221722121,1.873002621955544,1.873002621955544,0.0,True,0.0,True,1000,4,0.004
1089_USCrime,DT,0,1,0.0756780679016247,0.0756780679016247,27.03701166919155,27.03701166919155,0.0,True,0.0,True,47,13,0.2765957446808511
1089_USCrime,DT,0,5,0.0756780679016247,0.0756780679016247,27.03701166919155,27.03701166919155,0.0,True,0.0,True,47,13,0.2765957446808511
1089_USCrime,DT,0,10,0.4940886388063475,0.4940886388063475,20.002499843769527,20.002499843769527,0.0,True,0.0,True,47,13,0.2765957446808511
1089_USCrime,DT,0,20,0.3519630777012076,0.3519630777012076,22.638462845343543,22.638462845343543,0.0,True,0.0,True,47,13,0.2765957446808511
1089_USCrime,DT,1,1,0.1587381246122855,0.1587381246122855,34.741185932549854,34.741185932549854,0.0,True,0.0,True,47,13,0.2765957446808511
1089_USCrime,DT,1,5,0.1587381246122855,0.1587381246122855,34.741185932549854,34.741185932549854,0.0,True,0.0,True,47,13,0.2765957446808511
1089_USCrime,DT,1,10,-0.0363911367612515,-0.0363911367612515,38.560342322131945,38.560342322131945,0.0,True,0.0,True,47,13,0.2765957446808511
1089_USCrime,DT,1,20,0.491876293833511,0.491876293833511,27.0,27.0,0.0,True,0.0,True,47,13,0.2765957446808511
1089_USCrime,DT,2,1,0.3631530911790548,0.3631530911790548,30.578178493821373,30.578178493821373,0.0,True,0.0,True,47,13,0.2765957446808511
1089_USCrime,DT,2,5,0.3631530911790548,0.3631530911790548,30.578178493821373,30.578178493821373,0.0,True,0.0,True,47,13,0.2765957446808511
1089_USCrime,DT,2,10,0.5366466649866164,0.5366466649866164,26.08256122392891,26.08256122392891,0.0,True,0.0,True,47,13,0.2765957446808511
1089_USCrime,DT,2,20,0.5505411351237222,0.5505411351237222,25.68851883624278,25.68851883624278,0.0,True,0.0,True,47,13,0.2765957446808511
1089_USCrime,DT,3,1,-0.0112245476181482,-0.0112245476181482,32.7219345393881,32.7219345393881,0.0,True,0.0,True,47,13,0.2765957446808511
1089_USCrime,DT,3,5,-0.0112245476181482,-0.0112245476181482,32.7219345393881,32.7219345393881,0.0,True,0.0,True,47,13,0.2765957446808511
1089_USCrime,DT,3,10,0.3538211627819122,0.3538211627819122,26.15721697734681,26.15721697734681,0.0,True,0.0,True,47,13,0.2765957446808511
1089_USCrime,DT,3,20,0.4095425182274942,0.4095425182274942,25.00399968005119,25.00399968005119,0.0,True,0.0,True,47,13,0.2765957446808511
1089_USCrime,DT,4,1,0.7025836320191159,0.7025836320191159,19.957454747537323,19.957454747537323,0.0,True,0.0,True,47,13,0.2765957446808511
1089_USCrime,DT,4,5,0.7025836320191159,0.7025836320191159,19.957454747537323,19.957454747537323,0.0,True,0.0,True,47,13,0.2765957446808511
1089_USCrime,DT,4,10,0.7638888888888888,0.7638888888888888,17.782013384316187,17.782013384316187,0.0,True,0.0,True,47,13,0.2765957446808511
1089_USCrime,DT,4,20,0.7668010752688172,0.7668010752688172,17.67201177002777,17.67201177002777,0.0,True,0.0,True,47,13,0.2765957446808511
1089_USCrime,DT,5,1,0.2567138930006344,0.2567138930006344,29.04479299289289,29.04479299289289,0.0,True,0.0,True,47,13,0.2765957446808511
1089_USCrime,DT,5,5,0.2567138930006344,0.2567138930006344,29.04479299289289,29.04479299289289,0.0,True,0.0,True,47,13,0.2765957446808511
1089_USCrime,DT,5,10,0.0511559878762247,0.6355818707267217,32.81615455838786,20.33715811021786,0.584425882850497,False,38.02699193766549,False,47,13,0.2765957446808511
1089_USCrime,DT,5,20,0.1590893071121449,0.1590893071121449,30.893364983439405,30.893364983439405,0.0,True,0.0,True,47,13,0.2765957446808511
1089_USCrime,KNN,0,1,0.311090598722893,0.311090598722893,23.34146524963675,23.34146524963675,0.0,True,0.0,True,47,13,0.2765957446808511
1089_USCrime,KNN,0,5,0.311090598722893,0.311090598722893,23.34146524963675,23.34146524963675,0.0,True,0.0,True,47,13,0.2765957446808511
1089_USCrime,KNN,0,10,0.4673528482013024,0.4673528482013024,20.52422958359217,20.52422958359217,0.0,True,0.0,True,47,13,0.2765957446808511
1089_USCrime,KNN,0,20,0.5059745843080231,0.5059745843080231,19.76613265158361,19.76613265158361,0.0,True,0.0,True,47,13,0.2765957446808511
1089_USCrime,KNN,1,1,0.5890262007820505,0.5890262007820505,24.282092166862395,24.282092166862395,0.0,True,0.0,True,47,13,0.2765957446808511
1089_USCrime,KNN,1,5,0.5890262007820505,0.5890262007820505,24.282092166862395,24.282092166862395,0.0,True,0.0,True,47,13,0.2765957446808511
1089_USCrime,KNN,1,10,0.5512898256766268,0.5512898256766268,25.37242597782089,25.37242597782089,0.0,True,0.0,True,47,13,0.2765957446808511
1089_USCrime,KNN,1,20,0.6447678592587944,0.6447678592587944,22.575384825069985,22.575384825069985,0.0,True,0.0,True,47,13,0.2765957446808511
1089_USCrime,KNN,2,1,0.7530761948222666,0.7530761948222666,19.04037814750537,19.04037814750537,0.0,True,0.0,True,47,13,0.2765957446808511
1089_USCrime,KNN,2,5,0.7530761948222666,0.7530761948222666,19.04037814750537,19.04037814750537,0.0,True,0.0,True,47,13,0.2765957446808511
1089_USCrime,KNN,2,10,0.6946158928218715,0.6946158928218715,21.17470188692157,21.17470188692157,0.0,True,0.0,True,47,13,0.2765957446808511
1089_USCrime,KNN,2,20,0.8287247737040342,0.8287247737040342,15.857742588401411,15.857742588401411,0.0,True,0.0,True,47,13,0.2765957446808511
1089_USCrime,KNN,3,1,0.4719164368554266,0.4719164368554266,23.646479653428333,23.646479653428333,0.0,True,0.0,True,47,13,0.2765957446808511
1089_USCrime,KNN,3,5,0.4719164368554266,0.4719164368554266,23.646479653428333,23.646479653428333,0.0,True,0.0,True,47,13,0.2765957446808511
1089_USCrime,KNN,3,10,0.4057496883381813,0.4057496883381813,25.08417828034237,25.08417828034237,0.0,True,0.0,True,47,13,0.2765957446808511
1089_USCrime,KNN,3,20,0.4214121113671566,0.4214121113671566,24.75140400058146,24.75140400058146,0.0,True,0.0,True,47,13,0.2765957446808511
1089_USCrime,KNN,4,1,0.6325209080047789,0.6325209080047789,22.183958168009603,22.183958168009603,0.0,True,0.0,True,47,13,0.2765957446808511
1089_USCrime,KNN,4,5,0.6325209080047789,0.6325209080047789,22.183958168009603,22.183958168009603,0.0,True,0.0,True,47,13,0.2765957446808511
1089_USCrime,KNN,4,10,0.7551612903225806,0.7551612903225806,18.10767792954138,18.10767792954138,0.0,True,0.0,True,47,13,0.2765957446808511
1089_USCrime,KNN,4,20,0.8087933094384708,0.8087933094384708,16.00199987501562,16.00199987501562,0.0,True,0.0,True,47,13,0.2765957446808511
1089_USCrime,KNN,5,1,0.6730704165785577,0.6730704165785577,19.26271008970441,19.26271008970441,0.0,True,0.0,True,47,13,0.2765957446808511
1089_USCrime,KNN,5,5,0.6730704165785577,0.6730704165785577,19.26271008970441,19.26271008970441,0.0,True,0.0,True,47,13,0.2765957446808511
1089_USCrime,KNN,5,10,0.0508493691407625,0.5480052160428559,32.821456396692696,22.64941500348299,0.4971558469020934,False,30.992047611375064,False,47,13,0.2765957446808511
1089_USCrime,KNN,5,20,0.2617114259533375,0.2617114259533375,28.94698602618241,28.94698602618241,0.0,True,0.0,True,47,13,0.2765957446808511
1089_USCrime,LR,0,1,0.6516747176767237,0.6516747176767237,16.597380803167802,16.597380803167802,0.0,True,0.0,True,47,13,0.2765957446808511
1089_USCrime,LR,0,5,0.6516747176767237,0.6516747176767237,16.597380803167802,16.597380803167802,0.0,True,0.0,True,47,13,0.2765957446808511
1089_USCrime,LR,0,10,0.7335877304634311,0.7335877304634311,14.515238315749263,14.515238315749269,0.0,True,0.0,True,47,13,0.2765957446808511
1089_USCrime,LR,0,20,0.701192717543682,0.701192717543682,15.37243439831763,15.37243439831763,0.0,True,0.0,True,47,13,0.2765957446808511
1089_USCrime,LR,1,1,0.6217148193196023,0.6217148193196023,23.296393838325272,23.296393838325272,0.0,True,0.0,True,47,13,0.2765957446808511
1089_USCrime,LR,1,5,0.6217148193196023,0.6217148193196023,23.296393838325272,23.296393838325272,0.0,True,0.0,True,47,13,0.2765957446808511
1089_USCrime,LR,1,10,0.588313630179018,0.5883136301790179,24.30313391146221,24.30313391146221,0.0,True,0.0,True,47,13,0.2765957446808511
1089_USCrime,LR,1,20,0.6580981653447626,0.6580981653447626,22.147757068414908,22.147757068414908,0.0,True,0.0,True,47,13,0.2765957446808511
1089_USCrime,LR,2,1,0.7019490564750432,0.7019490564750432,20.91892386794256,20.91892386794256,0.0,True,0.0,True,47,13,0.2765957446808511
1089_USCrime,LR,2,5,0.7019490564750432,0.7019490564750432,20.91892386794256,20.91892386794256,0.0,True,0.0,True,47,13,0.2765957446808511
1089_USCrime,LR,2,10,0.7364659538166112,0.736465953816611,19.67036659411597,19.67036659411597,0.0,True,0.0,True,47,13,0.2765957446808511
1089_USCrime,LR,2,20,0.8017354119351394,0.8017354119351393,17.061478565549617,17.06147856554962,0.0,True,0.0,True,47,13,0.2765957446808511
1089_USCrime,LR,3,1,0.4767567915607333,0.4767567915607333,23.537859690800968,23.537859690800968,0.0,True,0.0,True,47,13,0.2765957446808511
1089_USCrime,LR,3,5,0.4767567915607333,0.4767567915607333,23.537859690800968,23.537859690800968,0.0,True,0.0,True,47,13,0.2765957446808511
1089_USCrime,LR,3,10,0.545276219767522,0.545276219767522,21.942646318558683,21.942646318558683,0.0,True,0.0,True,47,13,0.2765957446808511
1089_USCrime,LR,3,20,0.6068097401201236,0.6068097401201238,20.404057801604274,20.40405780160427,0.0,True,0.0,True,47,13,0.2765957446808511
1089_USCrime,LR,4,1,0.7616168240453207,0.7616168240453207,17.867365481192422,17.867365481192422,0.0,True,0.0,True,47,13,0.2765957446808511
1089_USCrime,LR,4,5,0.7616168240453207,0.7616168240453207,17.867365481192422,17.867365481192422,0.0,True,0.0,True,47,13,0.2765957446808511
1089_USCrime,LR,4,10,0.8154816875866344,0.8154816875866344,15.719634982529946,15.719634982529946,0.0,True,0.0,True,47,13,0.2765957446808511
1089_USCrime,LR,4,20,0.8462777282773191,0.8462777282773191,14.347991716300028,14.347991716300031,0.0,True,0.0,True,47,13,0.2765957446808511
1089_USCrime,LR,5,1,0.4967174861287647,0.4967174861287647,23.899906316621767,23.899906316621767,0.0,True,0.0,True,47,13,0.2765957446808511
1089_USCrime,LR,5,5,0.4967174861287647,0.4967174861287647,23.899906316621767,23.899906316621767,0.0,True,0.0,True,47,13,0.2765957446808511
1089_USCrime,LR,5,10,0.6126570799424049,0.5596029341833664,20.96708660135137,22.35694643325082,-0.05305414575903855,False,-6.628769453405467,False,47,13,0.2765957446808511
1089_USCrime,LR,5,20,0.6136166072968543,0.6136166072968552,20.94110062490418,20.94110062490416,0.0,True,0.0,True,47,13,0.2765957446808511
1089_USCrime,RF,0,1,0.2368401846114938,0.2368401846114938,24.56715164604965,24.56715164604965,0.0,True,0.0,True,47,13,0.2765957446808511
1089_USCrime,RF,0,5,0.2368401846114938,0.2368401846114938,24.56715164604965,24.56715164604965,0.0,True,0.0,True,47,13,0.2765957446808511
1089_USCrime,RF,0,10,0.4246904596320416,0.4246904596320416,21.330343410268853,21.330343410268853,0.0,True,0.0,True,47,13,0.2765957446808511
1089_USCrime,RF,0,20,0.4250354302332934,0.4250354302332934,21.32394733626961,21.32394733626961,0.0,True,0.0,True,47,13,0.2765957446808511
1089_USCrime,RF,1,1,0.3054753276317529,0.3054753276317529,31.56624149625673,31.56624149625673,0.0,True,0.0,True,47,13,0.2765957446808511
1089_USCrime,RF,1,5,0.3054753276317529,0.3054753276317529,31.56624149625673,31.56624149625673,0.0,True,0.0,True,47,13,0.2765957446808511
1089_USCrime,RF,1,10,0.3628552439899909,0.3628552439899909,30.23417288433735,30.23417288433735,0.0,True,0.0,True,47,13,0.2765957446808511
1089_USCrime,RF,1,20,0.4024153301410063,0.4024153301410063,29.280518267271155,29.280518267271155,0.0,True,0.0,True,47,13,0.2765957446808511
1089_USCrime,RF,2,1,0.5458342894295323,0.5458342894295323,25.8226768154788,25.8226768154788,0.0,True,0.0,True,47,13,0.2765957446808511
1089_USCrime,RF,2,5,0.5458342894295323,0.5458342894295323,25.8226768154788,25.8226768154788,0.0,True,0.0,True,47,13,0.2765957446808511
1089_USCrime,RF,2,10,0.6734733382826708,0.6734733382826708,21.895426691434903,21.895426691434903,0.0,True,0.0,True,47,13,0.2765957446808511
1089_USCrime,RF,2,20,0.6967948726680788,0.6967948726680788,21.099023674094493,21.099023674094493,0.0,True,0.0,True,47,13,0.2765957446808511
1089_USCrime,RF,3,1,0.2420054003988646,0.2420054003988646,28.3301076920238,28.3301076920238,0.0,True,0.0,True,47,13,0.2765957446808511
1089_USCrime,RF,3,5,0.2420054003988646,0.2420054003988646,28.3301076920238,28.3301076920238,0.0,True,0.0,True,47,13,0.2765957446808511
1089_USCrime,RF,3,10,0.4054326621585886,0.4054326621585886,25.09086845846512,25.09086845846512,0.0,True,0.0,True,47,13,0.2765957446808511
1089_USCrime,RF,3,20,0.4781100827320463,0.4781100827320463,23.507401387648105,23.507401387648105,0.0,True,0.0,True,47,13,0.2765957446808511
1089_USCrime,RF,4,1,0.7216173312425327,0.7216173312425327,19.30829018841389,19.30829018841389,0.0,True,0.0,True,47,13,0.2765957446808511
1089_USCrime,RF,4,5,0.7216173312425327,0.7216173312425327,19.30829018841389,19.30829018841389,0.0,True,0.0,True,47,13,0.2765957446808511
1089_USCrime,RF,4,10,0.7778532108721624,0.7778532108721624,17.248158742312178,17.248158742312178,0.0,True,0.0,True,47,13,0.2765957446808511
1089_USCrime,RF,4,20,0.7982487305854242,0.7982487305854242,16.437314257505694,16.437314257505694,0.0,True,0.0,True,47,13,0.2765957446808511
1089_USCrime,RF,5,1,0.5581245336570846,0.5581245336570846,22.39444081196392,22.39444081196392,0.0,True,0.0,True,47,13,0.2765957446808511
1089_USCrime,RF,5,5,0.5581245336570846,0.5581245336570846,22.39444081196392,22.39444081196392,0.0,True,0.0,True,47,13,0.2765957446808511
1089_USCrime,RF,5,10,0.6881039338121562,0.7472286159864664,18.814610261192104,16.93769199153179,0.05912468217431022,False,9.975855165768353,False,47,13,0.2765957446808511
1089_USCrime,RF,5,20,0.7252144657080425,0.7252144657080425,17.659858153450728,17.659858153450728,0.0,True,0.0,True,47,13,0.2765957446808511
1089_USCrime,SVR,0,1,0.6648241661328369,0.6648241661328369,16.281087439536893,16.281087439536893,0.0,True,0.0,True,47,13,0.2765957446808511
1089_USCrime,SVR,0,5,0.6648241661328369,0.6648241661328369,16.281087439536893,16.281087439536893,0.0,True,0.0,True,47,13,0.2765957446808511
1089_USCrime,SVR,0,10,0.7233399492759909,0.7233399492759909,14.791774779081877,14.791774779081877,0.0,True,0.0,True,47,13,0.2765957446808511
1089_USCrime,SVR,0,20,0.7625237698214854,0.7625237698214855,13.704308688754724,13.704308688754724,0.0,True,0.0,True,47,13,0.2765957446808511
1089_USCrime,SVR,1,1,0.6210861181702402,0.6210861181702402,23.31574483310233,23.31574483310233,0.0,True,0.0,True,47,13,0.2765957446808511
1089_USCrime,SVR,1,5,0.6210861181702402,0.6210861181702402,23.31574483310233,23.31574483310233,0.0,True,0.0,True,47,13,0.2765957446808511
1089_USCrime,SVR,1,10,0.5794161902924322,0.5794161902924322,24.564351934243057,24.56435193424305,0.0,True,0.0,True,47,13,0.2765957446808511
1089_USCrime,SVR,1,20,0.6427809182081861,0.6427809182081858,22.63843290636297,22.63843290636297,0.0,True,0.0,True,47,13,0.2765957446808511
1089_USCrime,SVR,2,1,0.6895095968832634,0.6895095968832634,21.350997980422925,21.350997980422925,0.0,True,0.0,True,47,13,0.2765957446808511
1089_USCrime,SVR,2,5,0.6895095968832634,0.6895095968832634,21.350997980422925,21.350997980422925,0.0,True,0.0,True,47,13,0.2765957446808511
1089_USCrime,SVR,2,10,0.7316409672287445,0.7316409672287445,19.84962003427484,19.84962003427484,0.0,True,0.0,True,47,13,0.2765957446808511
1089_USCrime,SVR,2,20,0.7697741945544896,0.7697741945544895,18.3853156027617,18.385315602761708,0.0,True,0.0,True,47,13,0.2765957446808511
1089_USCrime,SVR,3,1,0.4567903190648263,0.4567903190648263,23.98274668509425,23.98274668509425,0.0,True,0.0,True,47,13,0.2765957446808511
1089_USCrime,SVR,3,5,0.4567903190648263,0.4567903190648263,23.98274668509425,23.98274668509425,0.0,True,0.0,True,47,13,0.2765957446808511
1089_USCrime,SVR,3,10,0.529498283541648,0.5294982835416479,22.320081484052903,22.32008148405291,0.0,True,0.0,True,47,13,0.2765957446808511
1089_USCrime,SVR,3,20,0.5953027567049367,0.5953027567049367,20.70047412719199,20.70047412719199,0.0,True,0.0,True,47,13,0.2765957446808511
1089_USCrime,SVR,4,1,0.7422843107664404,0.7422843107664404,18.57775150607799,18.57775150607799,0.0,True,0.0,True,47,13,0.2765957446808511
1089_USCrime,SVR,4,5,0.7422843107664404,0.7422843107664404,18.57775150607799,18.57775150607799,0.0,True,0.0,True,47,13,0.2765957446808511
1089_USCrime,SVR,4,10,0.8087996951141302,0.8087996951141303,16.00173266565708,16.001732665657073,0.0,True,0.0,True,47,13,0.2765957446808511
1089_USCrime,SVR,4,20,0.8375989647740415,0.8375989647740415,14.747456267933243,14.747456267933243,0.0,True,0.0,True,47,13,0.2765957446808511
1089_USCrime,SVR,5,1,0.5038504696685937,0.5038504696685937,23.72993617658785,23.72993617658785,0.0,True,0.0,True,47,13,0.2765957446808511
1089_USCrime,SVR,5,5,0.5038504696685937,0.5038504696685937,23.72993617658785,23.72993617658785,0.0,True,0.0,True,47,13,0.2765957446808511
1089_USCrime,SVR,5,10,0.6212741900528959,0.5607843749199566,20.732550379959655,22.32693812059428,-0.06048981513293927,False,-7.690263433175024,False,47,13,0.2765957446808511
1089_USCrime,SVR,5,20,0.5832042385519711,0.5832042385519715,21.749632581104787,21.74963258110478,0.0,True,0.0,True,47,13,0.2765957446808511
1096_FacultySalaries,DT,0,1,0.675641972056506,0.675641972056506,3.262514957087129,3.262514957087129,0.0,True,0.0,True,50,4,0.08
1096_FacultySalaries,DT,0,5,0.675641972056506,0.675641972056506,3.262514957087129,3.262514957087129,0.0,True,0.0,True,50,4,0.08
1096_FacultySalaries,DT,0,10,0.675641972056506,0.675641972056506,3.262514957087129,3.262514957087129,0.0,True,0.0,True,50,4,0.08
1096_FacultySalaries,DT,0,20,0.675641972056506,0.675641972056506,3.262514957087129,3.262514957087129,0.0,True,0.0,True,50,4,0.08
1096_FacultySalaries,DT,1,1,0.4822146369378041,0.4822146369378041,2.9898583894707764,2.9898583894707764,0.0,True,0.0,True,50,4,0.08
1096_FacultySalaries,DT,1,5,0.4822146369378041,0.4822146369378041,2.9898583894707764,2.9898583894707764,0.0,True,0.0,True,50,4,0.08
1096_FacultySalaries,DT,1,10,0.4822146369378041,0.4822146369378041,2.9898583894707764,2.9898583894707764,0.0,True,0.0,True,50,4,0.08
1096_FacultySalaries,DT,1,20,0.4822146369378041,0.4822146369378041,2.9898583894707764,2.9898583894707764,0.0,True,0.0,True,50,4,0.08
1096_FacultySalaries,DT,2,1,0.5717015102542171,0.5717015102542171,2.467084545188805,2.467084545188805,0.0,True,0.0,True,50,4,0.08
1096_FacultySalaries,DT,2,5,0.5717015102542171,0.5717015102542171,2.467084545188805,2.467084545188805,0.0,True,0.0,True,50,4,0.08
1096_FacultySalaries,DT,2,10,0.5717015102542171,0.5717015102542171,2.467084545188805,2.467084545188805,0.0,True,0.0,True,50,4,0.08
1096_FacultySalaries,DT,2,20,0.5717015102542171,0.5717015102542171,2.467084545188805,2.467084545188805,0.0,True,0.0,True,50,4,0.08
1096_FacultySalaries,DT,3,1,0.6147195473473082,0.6147195473473082,2.6328335288713403,2.6328335288713403,0.0,True,0.0,True,50,4,0.08
1096_FacultySalaries,DT,3,5,0.6147195473473082,0.6147195473473082,2.6328335288713403,2.6328335288713403,0.0,True,0.0,True,50,4,0.08
1096_FacultySalaries,DT,3,10,0.6147195473473082,0.6147195473473082,2.6328335288713403,2.6328335288713403,0.0,True,0.0,True,50,4,0.08
1096_FacultySalaries,DT,3,20,0.6147195473473082,0.6147195473473082,2.6328335288713403,2.6328335288713403,0.0,True,0.0,True,50,4,0.08
1096_FacultySalaries,DT,4,1,0.8295069151091873,0.8295069151091873,2.423800846694068,2.423800846694068,0.0,True,0.0,True,50,4,0.08
1096_FacultySalaries,DT,4,5,0.8295069151091873,0.8295069151091873,2.423800846694068,2.423800846694068,0.0,True,0.0,True,50,4,0.08
1096_FacultySalaries,DT,4,10,0.8295069151091873,0.8295069151091873,2.423800846694068,2.423800846694068,0.0,True,0.0,True,50,4,0.08
1096_FacultySalaries,DT,4,20,0.8295069151091873,0.8295069151091873,2.423800846694068,2.423800846694068,0.0,True,0.0,True,50,4,0.08
1096_FacultySalaries,DT,5,1,0.4831050198806229,0.4831050198806229,2.477410300224169,2.477410300224169,0.0,True,0.0,True,50,4,0.08
1096_FacultySalaries,DT,5,5,0.4831050198806229,0.4831050198806229,2.477410300224169,2.477410300224169,0.0,True,0.0,True,50,4,0.08
1096_FacultySalaries,DT,5,10,0.4831050198806229,0.4831050198806229,2.477410300224169,2.477410300224169,0.0,True,0.0,True,50,4,0.08
1096_FacultySalaries,DT,5,20,0.4831050198806229,0.4831050198806229,2.477410300224169,2.477410300224169,0.0,True,0.0,True,50,4,0.08
1096_FacultySalaries,KNN,0,1,0.8337010294942793,0.8337010294942793,2.336065233495745,2.336065233495745,0.0,True,0.0,True,50,4,0.08
1096_FacultySalaries,KNN,0,5,0.8337010294942793,0.8337010294942793,2.336065233495745,2.336065233495745,0.0,True,0.0,True,50,4,0.08
1096_FacultySalaries,KNN,0,10,0.8337010294942793,0.8337010294942793,2.336065233495745,2.336065233495745,0.0,True,0.0,True,50,4,0.08
1096_FacultySalaries,KNN,0,20,0.8337010294942793,0.8337010294942793,2.336065233495745,2.336065233495745,0.0,True,0.0,True,50,4,0.08
1096_FacultySalaries,KNN,1,1,0.7449225542090645,0.7449225542090645,2.0985134838313906,2.0985134838313906,0.0,True,0.0,True,50,4,0.08
1096_FacultySalaries,KNN,1,5,0.7449225542090645,0.7449225542090645,2.0985134838313906,2.0985134838313906,0.0,True,0.0,True,50,4,0.08
1096_FacultySalaries,KNN,1,10,0.7449225542090645,0.7449225542090645,2.0985134838313906,2.0985134838313906,0.0,True,0.0,True,50,4,0.08
1096_FacultySalaries,KNN,1,20,0.7449225542090645,0.7449225542090645,2.0985134838313906,2.0985134838313906,0.0,True,0.0,True,50,4,0.08
1096_FacultySalaries,KNN,2,1,0.8300398309594765,0.8300398309594765,1.554119244782468,1.554119244782468,0.0,True,0.0,True,50,4,0.08
1096_FacultySalaries,KNN,2,5,0.8300398309594765,0.8300398309594765,1.554119244782468,1.554119244782468,0.0,True,0.0,True,50,4,0.08
1096_FacultySalaries,KNN,2,10,0.8300398309594765,0.8300398309594765,1.554119244782468,1.554119244782468,0.0,True,0.0,True,50,4,0.08
1096_FacultySalaries,KNN,2,20,0.8300398309594765,0.8300398309594765,1.554119244782468,1.554119244782468,0.0,True,0.0,True,50,4,0.08
1096_FacultySalaries,KNN,3,1,0.8387447182932052,0.8387447182932052,1.7033029022986357,1.7033029022986357,0.0,True,0.0,True,50,4,0.08
1096_FacultySalaries,KNN,3,5,0.8387447182932052,0.8387447182932052,1.7033029022986357,1.7033029022986357,0.0,True,0.0,True,50,4,0.08
1096_FacultySalaries,KNN,3,10,0.8387447182932052,0.8387447182932052,1.7033029022986357,1.7033029022986357,0.0,True,0.0,True,50,4,0.08
1096_FacultySalaries,KNN,3,20,0.8387447182932052,0.8387447182932052,1.7033029022986357,1.7033029022986357,0.0,True,0.0,True,50,4,0.08
1096_FacultySalaries,KNN,4,1,0.8091054047019286,0.8091054047019286,2.5647223987533487,2.5647223987533487,0.0,True,0.0,True,50,4,0.08
1096_FacultySalaries,KNN,4,5,0.8091054047019286,0.8091054047019286,2.5647223987533487,2.5647223987533487,0.0,True,0.0,True,50,4,0.08
1096_FacultySalaries,KNN,4,10,0.8091054047019286,0.8091054047019286,2.5647223987533487,2.5647223987533487,0.0,True,0.0,True,50,4,0.08
1096_FacultySalaries,KNN,4,20,0.8091054047019286,0.8091054047019286,2.5647223987533487,2.5647223987533487,0.0,True,0.0,True,50,4,0.08
1096_FacultySalaries,KNN,5,1,0.7408333261685822,0.7408333261685822,1.75422929444292,1.75422929444292,0.0,True,0.0,True,50,4,0.08
1096_FacultySalaries,KNN,5,5,0.7408333261685822,0.7408333261685822,1.75422929444292,1.75422929444292,0.0,True,0.0,True,50,4,0.08
1096_FacultySalaries,KNN,5,10,0.7408333261685822,0.7408333261685822,1.75422929444292,1.75422929444292,0.0,True,0.0,True,50,4,0.08
1096_FacultySalaries,KNN,5,20,0.7408333261685822,0.7408333261685822,1.75422929444292,1.75422929444292,0.0,True,0.0,True,50,4,0.08
1096_FacultySalaries,LR,0,1,0.9441566517171478,0.9441566517171478,1.3537108529784403,1.3537108529784403,0.0,True,0.0,True,50,4,0.08
1096_FacultySalaries,LR,0,5,0.9441566517171478,0.9441566517171478,1.3537108529784403,1.3537108529784403,0.0,True,0.0,True,50,4,0.08
1096_FacultySalaries,LR,0,10,0.9441566517171478,0.9441566517171478,1.3537108529784403,1.3537108529784403,0.0,True,0.0,True,50,4,0.08
1096_FacultySalaries,LR,0,20,0.9441566517171478,0.9441566517171478,1.3537108529784403,1.3537108529784403,0.0,True,0.0,True,50,4,0.08
1096_FacultySalaries,LR,1,1,0.7297473560082284,0.7297473560082284,2.16003461105406,2.16003461105406,0.0,True,0.0,True,50,4,0.08
1096_FacultySalaries,LR,1,5,0.7297473560082284,0.7297473560082284,2.16003461105406,2.16003461105406,0.0,True,0.0,True,50,4,0.08
1096_FacultySalaries,LR,1,10,0.7297473560082284,0.7297473560082284,2.16003461105406,2.16003461105406,0.0,True,0.0,True,50,4,0.08
1096_FacultySalaries,LR,1,20,0.7297473560082284,0.7297473560082284,2.16003461105406,2.16003461105406,0.0,True,0.0,True,50,4,0.08
1096_FacultySalaries,LR,2,1,0.9466799943177864,0.9466799943177864,0.8704741020448087,0.8704741020448087,0.0,True,0.0,True,50,4,0.08
1096_FacultySalaries,LR,2,5,0.9466799943177864,0.9466799943177864,0.8704741020448087,0.8704741020448087,0.0,True,0.0,True,50,4,0.08
1096_FacultySalaries,LR,2,10,0.9466799943177864,0.9466799943177864,0.8704741020448087,0.8704741020448087,0.0,True,0.0,True,50,4,0.08
1096_FacultySalaries,LR,2,20,0.9466799943177864,0.9466799943177864,0.8704741020448087,0.8704741020448087,0.0,True,0.0,True,50,4,0.08
1096_FacultySalaries,LR,3,1,0.8426756084067748,0.8426756084067748,1.6824142677421234,1.6824142677421234,0.0,True,0.0,True,50,4,0.08
1096_FacultySalaries,LR,3,5,0.8426756084067748,0.8426756084067748,1.6824142677421234,1.6824142677421234,0.0,True,0.0,True,50,4,0.08
1096_FacultySalaries,LR,3,10,0.8426756084067748,0.8426756084067748,1.6824142677421234,1.6824142677421234,0.0,True,0.0,True,50,4,0.08
1096_FacultySalaries,LR,3,20,0.8426756084067748,0.8426756084067748,1.6824142677421234,1.6824142677421234,0.0,True,0.0,True,50,4,0.08
1096_FacultySalaries,LR,4,1,0.9050771875491932,0.9050771875491932,1.8085430334835528,1.8085430334835528,0.0,True,0.0,True,50,4,0.08
1096_FacultySalaries,LR,4,5,0.9050771875491932,0.9050771875491932,1.8085430334835528,1.8085430334835528,0.0,True,0.0,True,50,4,0.08
1096_FacultySalaries,LR,4,10,0.9050771875491932,0.9050771875491932,1.8085430334835528,1.8085430334835528,0.0,True,0.0,True,50,4,0.08
1096_FacultySalaries,LR,4,20,0.9050771875491932,0.9050771875491932,1.8085430334835528,1.8085430334835528,0.0,True,0.0,True,50,4,0.08
1096_FacultySalaries,LR,5,1,0.7669377609661643,0.7669377609661643,1.6635380498582684,1.6635380498582684,0.0,True,0.0,True,50,4,0.08
1096_FacultySalaries,LR,5,5,0.7669377609661643,0.7669377609661643,1.6635380498582684,1.6635380498582684,0.0,True,0.0,True,50,4,0.08
1096_FacultySalaries,LR,5,10,0.7669377609661643,0.7669377609661643,1.6635380498582684,1.6635380498582684,0.0,True,0.0,True,50,4,0.08
1096_FacultySalaries,LR,5,20,0.7669377609661643,0.7669377609661643,1.6635380498582684,1.6635380498582684,0.0,True,0.0,True,50,4,0.08
1096_FacultySalaries,RF,0,1,0.7942174128120982,0.7942174128120982,2.598630295539325,2.598630295539325,0.0,True,0.0,True,50,4,0.08
1096_FacultySalaries,RF,0,5,0.7942174128120982,0.7942174128120982,2.598630295539325,2.598630295539325,0.0,True,0.0,True,50,4,0.08
1096_FacultySalaries,RF,0,10,0.7942174128120982,0.7942174128120982,2.598630295539325,2.598630295539325,0.0,True,0.0,True,50,4,0.08
1096_FacultySalaries,RF,0,20,0.7942174128120982,0.7942174128120982,2.598630295539325,2.598630295539325,0.0,True,0.0,True,50,4,0.08
1096_FacultySalaries,RF,1,1,0.6557693864353314,0.6557693864353314,2.4378135115276613,2.4378135115276613,0.0,True,0.0,True,50,4,0.08
1096_FacultySalaries,RF,1,5,0.6557693864353314,0.6557693864353314,2.4378135115276613,2.4378135115276613,0.0,True,0.0,True,50,4,0.08
1096_FacultySalaries,RF,1,10,0.6557693864353314,0.6557693864353314,2.4378135115276613,2.4378135115276613,0.0,True,0.0,True,50,4,0.08
1096_FacultySalaries,RF,1,20,0.6557693864353314,0.6557693864353314,2.4378135115276613,2.4378135115276613,0.0,True,0.0,True,50,4,0.08
1096_FacultySalaries,RF,2,1,0.7060270177281616,0.7060270177281616,2.0439227155255497,2.0439227155255497,0.0,True,0.0,True,50,4,0.08
1096_FacultySalaries,RF,2,5,0.7060270177281616,0.7060270177281616,2.0439227155255497,2.0439227155255497,0.0,True,0.0,True,50,4,0.08
1096_FacultySalaries,RF,2,10,0.7060270177281616,0.7060270177281616,2.0439227155255497,2.0439227155255497,0.0,True,0.0,True,50,4,0.08
1096_FacultySalaries,RF,2,20,0.7060270177281616,0.7060270177281616,2.0439227155255497,2.0439227155255497,0.0,True,0.0,True,50,4,0.08
1096_FacultySalaries,RF,3,1,0.7170972849426642,0.7170972849426642,2.256074672503773,2.256074672503773,0.0,True,0.0,True,50,4,0.08
1096_FacultySalaries,RF,3,5,0.7170972849426642,0.7170972849426642,2.256074672503773,2.256074672503773,0.0,True,0.0,True,50,4,0.08
1096_FacultySalaries,RF,3,10,0.7170972849426642,0.7170972849426642,2.256074672503773,2.256074672503773,0.0,True,0.0,True,50,4,0.08
1096_FacultySalaries,RF,3,20,0.7170972849426642,0.7170972849426642,2.256074672503773,2.256074672503773,0.0,True,0.0,True,50,4,0.08
1096_FacultySalaries,RF,4,1,0.8899712809188218,0.8899712809188218,1.947137302579926,1.947137302579926,0.0,True,0.0,True,50,4,0.08
1096_FacultySalaries,RF,4,5,0.8899712809188218,0.8899712809188218,1.947137302579926,1.947137302579926,0.0,True,0.0,True,50,4,0.08
1096_FacultySalaries,RF,4,10,0.8899712809188218,0.8899712809188218,1.947137302579926,1.947137302579926,0.0,True,0.0,True,50,4,0.08
1096_FacultySalaries,RF,4,20,0.8899712809188218,0.8899712809188218,1.947137302579926,1.947137302579926,0.0,True,0.0,True,50,4,0.08
1096_FacultySalaries,RF,5,1,0.6614673721351332,0.6614673721351332,2.0049199988004847,2.0049199988004847,0.0,True,0.0,True,50,4,0.08
1096_FacultySalaries,RF,5,5,0.6614673721351332,0.6614673721351332,2.0049199988004847,2.0049199988004847,0.0,True,0.0,True,50,4,0.08
1096_FacultySalaries,RF,5,10,0.6614673721351332,0.6614673721351332,2.0049199988004847,2.0049199988004847,0.0,True,0.0,True,50,4,0.08
1096_FacultySalaries,RF,5,20,0.6614673721351332,0.6614673721351332,2.0049199988004847,2.0049199988004847,0.0,True,0.0,True,50,4,0.08
1096_FacultySalaries,SVR,0,1,0.9435617119865888,0.9435617119865888,1.3609027807637573,1.3609027807637573,0.0,True,0.0,True,50,4,0.08
1096_FacultySalaries,SVR,0,5,0.9435617119865888,0.9435617119865888,1.3609027807637573,1.3609027807637573,0.0,True,0.0,True,50,4,0.08
1096_FacultySalaries,SVR,0,10,0.9435617119865888,0.9435617119865888,1.3609027807637573,1.3609027807637573,0.0,True,0.0,True,50,4,0.08
1096_FacultySalaries,SVR,0,20,0.9435617119865888,0.9435617119865888,1.3609027807637573,1.3609027807637573,0.0,True,0.0,True,50,4,0.08
1096_FacultySalaries,SVR,1,1,0.7298892225227962,0.7298892225227962,2.159467591980946,2.159467591980946,0.0,True,0.0,True,50,4,0.08
1096_FacultySalaries,SVR,1,5,0.7298892225227962,0.7298892225227962,2.159467591980946,2.159467591980946,0.0,True,0.0,True,50,4,0.08
1096_FacultySalaries,SVR,1,10,0.7298892225227962,0.7298892225227962,2.159467591980946,2.159467591980946,0.0,True,0.0,True,50,4,0.08
1096_FacultySalaries,SVR,1,20,0.7298892225227962,0.7298892225227962,2.159467591980946,2.159467591980946,0.0,True,0.0,True,50,4,0.08
1096_FacultySalaries,SVR,2,1,0.946858384185603,0.946858384185603,0.8690167329310762,0.8690167329310762,0.0,True,0.0,True,50,4,0.08
1096_FacultySalaries,SVR,2,5,0.946858384185603,0.946858384185603,0.8690167329310762,0.8690167329310762,0.0,True,0.0,True,50,4,0.08
1096_FacultySalaries,SVR,2,10,0.946858384185603,0.946858384185603,0.8690167329310762,0.8690167329310762,0.0,True,0.0,True,50,4,0.08
1096_FacultySalaries,SVR,2,20,0.946858384185603,0.946858384185603,0.8690167329310762,0.8690167329310762,0.0,True,0.0,True,50,4,0.08
1096_FacultySalaries,SVR,3,1,0.8458132500512681,0.8458132500512681,1.665552932216409,1.665552932216409,0.0,True,0.0,True,50,4,0.08
1096_FacultySalaries,SVR,3,5,0.8458132500512681,0.8458132500512681,1.665552932216409,1.665552932216409,0.0,True,0.0,True,50,4,0.08
1096_FacultySalaries,SVR,3,10,0.8458132500512681,0.8458132500512681,1.665552932216409,1.665552932216409,0.0,True,0.0,True,50,4,0.08
1096_FacultySalaries,SVR,3,20,0.8458132500512681,0.8458132500512681,1.665552932216409,1.665552932216409,0.0,True,0.0,True,50,4,0.08
1096_FacultySalaries,SVR,4,1,0.9125849117803726,0.9125849117803726,1.735548475702335,1.735548475702335,0.0,True,0.0,True,50,4,0.08
1096_FacultySalaries,SVR,4,5,0.9125849117803726,0.9125849117803726,1.735548475702335,1.735548475702335,0.0,True,0.0,True,50,4,0.08
1096_FacultySalaries,SVR,4,10,0.9125849117803726,0.9125849117803726,1.735548475702335,1.735548475702335,0.0,True,0.0,True,50,4,0.08
1096_FacultySalaries,SVR,4,20,0.9125849117803726,0.9125849117803726,1.735548475702335,1.735548475702335,0.0,True,0.0,True,50,4,0.08
1096_FacultySalaries,SVR,5,1,0.7697560126198941,0.7697560126198941,1.6534494825764214,1.6534494825764214,0.0,True,0.0,True,50,4,0.08
1096_FacultySalaries,SVR,5,5,0.7697560126198941,0.7697560126198941,1.6534494825764214,1.6534494825764214,0.0,True,0.0,True,50,4,0.08
1096_FacultySalaries,SVR,5,10,0.7697560126198941,0.7697560126198941,1.6534494825764214,1.6534494825764214,0.0,True,0.0,True,50,4,0.08
1096_FacultySalaries,SVR,5,20,0.7697560126198941,0.7697560126198941,1.6534494825764214,1.6534494825764214,0.0,True,0.0,True,50,4,0.08
1199_BNG_echoMonths,DT,0,1,0.4026445705860969,0.4026445705860969,12.071778353754915,12.071778353754915,0.0,True,0.0,True,17496,9,0.00051440329218107
1199_BNG_echoMonths,DT,0,5,0.4026445705860969,0.4026445705860969,12.071778353754915,12.071778353754915,0.0,True,0.0,True,17496,9,0.00051440329218107
1199_BNG_echoMonths,DT,0,10,0.4026445705860969,0.4026445705860969,12.071778353754915,12.071778353754915,0.0,True,0.0,True,17496,9,0.00051440329218107
1199_BNG_echoMonths,DT,0,20,0.4224253911061888,0.4224253911061888,11.870223372867708,11.870223372867708,0.0,True,0.0,True,17496,9,0.00051440329218107
1199_BNG_echoMonths,DT,1,1,0.3941911681000605,0.3941911681000605,12.162772189003904,12.162772189003904,0.0,True,0.0,True,17496,9,0.00051440329218107
1199_BNG_echoMonths,DT,1,5,0.3941911681000605,0.3941911681000605,12.162772189003904,12.162772189003904,0.0,True,0.0,True,17496,9,0.00051440329218107
1199_BNG_echoMonths,DT,1,10,0.3941911681000605,0.3941911681000605,12.162772189003904,12.162772189003904,0.0,True,0.0,True,17496,9,0.00051440329218107
1199_BNG_echoMonths,DT,1,20,0.4101811329206094,0.4101811329206094,12.001184225010237,12.001184225010237,0.0,True,0.0,True,17496,9,0.00051440329218107
1199_BNG_echoMonths,DT,2,1,0.404460077755789,0.404460077755789,12.222750916390424,12.222750916390424,0.0,True,0.0,True,17496,9,0.00051440329218107
1199_BNG_echoMonths,DT,2,5,0.404460077755789,0.404460077755789,12.222750916390424,12.222750916390424,0.0,True,0.0,True,17496,9,0.00051440329218107
1199_BNG_echoMonths,DT,2,10,0.404460077755789,0.404460077755789,12.222750916390424,12.222750916390424,0.0,True,0.0,True,17496,9,0.00051440329218107
1199_BNG_echoMonths,DT,2,20,0.4213189810978685,0.4213189810978685,12.048504391591385,12.048504391591385,0.0,True,0.0,True,17496,9,0.00051440329218107
1199_BNG_echoMonths,DT,3,1,0.3996864697908544,0.3996864697908544,12.321358846854112,12.321358846854112,0.0,True,0.0,True,17496,9,0.00051440329218107
1199_BNG_echoMonths,DT,3,5,0.3996864697908544,0.3996864697908544,12.321358846854112,12.321358846854112,0.0,True,0.0,True,17496,9,0.00051440329218107
1199_BNG_echoMonths,DT,3,10,0.3996864697908544,0.3996864697908544,12.321358846854112,12.321358846854112,0.0,True,0.0,True,17496,9,0.00051440329218107
1199_BNG_echoMonths,DT,3,20,0.4215688251869456,0.4215688251869456,12.094707949288107,12.094707949288107,0.0,True,0.0,True,17496,9,0.00051440329218107
1199_BNG_echoMonths,DT,4,1,0.4200215972378903,0.4200215972378903,12.018298794044195,12.018298794044195,0.0,True,0.0,True,17496,9,0.00051440329218107
1199_BNG_echoMonths,DT,4,5,0.4200215972378903,0.4200215972378903,12.018298794044195,12.018298794044195,0.0,True,0.0,True,17496,9,0.00051440329218107
1199_BNG_echoMonths,DT,4,10,0.4200215972378903,0.4200215972378903,12.018298794044195,12.018298794044195,0.0,True,0.0,True,17496,9,0.00051440329218107
1199_BNG_echoMonths,DT,4,20,0.4354903780880653,0.4354903780880653,11.856943779606205,11.856943779606205,0.0,True,0.0,True,17496,9,0.00051440329218107
1199_BNG_echoMonths,DT,5,1,0.4017510127797628,0.4017510127797628,12.292213080730692,12.292213080730692,0.0,True,0.0,True,17496,9,0.00051440329218107
1199_BNG_echoMonths,DT,5,5,0.4017510127797628,0.4017510127797628,12.292213080730692,12.292213080730692,0.0,True,0.0,True,17496,9,0.00051440329218107
1199_BNG_echoMonths,DT,5,10,0.4017510127797628,0.4017510127797628,12.292213080730692,12.292213080730692,0.0,True,0.0,True,17496,9,0.00051440329218107
1199_BNG_echoMonths,DT,5,20,0.4213279847590577,0.4213279847590577,12.089416335242705,12.089416335242705,0.0,True,0.0,True,17496,9,0.00051440329218107
1199_BNG_echoMonths,KNN,0,1,0.3716441785654785,0.3716441785654785,12.38105539436726,12.38105539436726,0.0,True,0.0,True,17496,9,0.00051440329218107
1199_BNG_echoMonths,KNN,0,5,0.3716441785654785,0.3716441785654785,12.38105539436726,12.38105539436726,0.0,True,0.0,True,17496,9,0.00051440329218107
1199_BNG_echoMonths,KNN,0,10,0.3716441785654785,0.3716441785654785,12.38105539436726,12.38105539436726,0.0,True,0.0,True,17496,9,0.00051440329218107
1199_BNG_echoMonths,KNN,0,20,0.3334366478247664,0.3334366478247664,12.751919468315505,12.751919468315505,0.0,True,0.0,True,17496,9,0.00051440329218107
1199_BNG_echoMonths,KNN,1,1,0.3909823880538688,0.3909823880538688,12.194940849922167,12.194940849922167,0.0,True,0.0,True,17496,9,0.00051440329218107
1199_BNG_echoMonths,KNN,1,5,0.3909823880538688,0.3909823880538688,12.194940849922167,12.194940849922167,0.0,True,0.0,True,17496,9,0.00051440329218107
1199_BNG_echoMonths,KNN,1,10,0.3909823880538688,0.3909823880538688,12.194940849922167,12.194940849922167,0.0,True,0.0,True,17496,9,0.00051440329218107
1199_BNG_echoMonths,KNN,1,20,0.3072065421148392,0.3072065421148392,13.006686157187389,13.006686157187389,0.0,True,0.0,True,17496,9,0.00051440329218107
1199_BNG_echoMonths,KNN,2,1,0.3905375995581699,0.3905375995581699,12.364796709313886,12.364796709313886,0.0,True,0.0,True,17496,9,0.00051440329218107
1199_BNG_echoMonths,KNN,2,5,0.3905375995581699,0.3905375995581699,12.364796709313886,12.364796709313886,0.0,True,0.0,True,17496,9,0.00051440329218107
1199_BNG_echoMonths,KNN,2,10,0.3905375995581699,0.3905375995581699,12.364796709313886,12.364796709313886,0.0,True,0.0,True,17496,9,0.00051440329218107
1199_BNG_echoMonths,KNN,2,20,0.3290687677405803,0.3290687677405803,12.973361687728136,12.973361687728136,0.0,True,0.0,True,17496,9,0.00051440329218107
1199_BNG_echoMonths,KNN,3,1,0.2942838806193968,0.2942838806193968,13.359326340349115,13.359326340349115,0.0,True,0.0,True,17496,9,0.00051440329218107
1199_BNG_echoMonths,KNN,3,5,0.2942838806193968,0.2942838806193968,13.359326340349115,13.359326340349115,0.0,True,0.0,True,17496,9,0.00051440329218107
1199_BNG_echoMonths,KNN,3,10,0.2942838806193968,0.2942838806193968,13.359326340349115,13.359326340349115,0.0,True,0.0,True,17496,9,0.00051440329218107
1199_BNG_echoMonths,KNN,3,20,0.317968412750047,0.317968412750047,13.133237093279288,13.133237093279288,0.0,True,0.0,True,17496,9,0.00051440329218107
1199_BNG_echoMonths,KNN,4,1,0.3913461752438522,0.3913461752438522,12.311820185525356,12.311820185525356,0.0,True,0.0,True,17496,9,0.00051440329218107
1199_BNG_echoMonths,KNN,4,5,0.3913461752438522,0.3913461752438522,12.311820185525356,12.311820185525356,0.0,True,0.0,True,17496,9,0.00051440329218107
1199_BNG_echoMonths,KNN,4,10,0.3913461752438522,0.3913461752438522,12.311820185525356,12.311820185525356,0.0,True,0.0,True,17496,9,0.00051440329218107
1199_BNG_echoMonths,KNN,4,20,0.362943932782105,0.362943932782105,12.595804588606295,12.595804588606295,0.0,True,0.0,True,17496,9,0.00051440329218107
1199_BNG_echoMonths,KNN,5,1,0.3630590716380459,0.3630590716380459,12.68348711995412,12.68348711995412,0.0,True,0.0,True,17496,9,0.00051440329218107
1199_BNG_echoMonths,KNN,5,5,0.3630590716380459,0.3630590716380459,12.68348711995412,12.68348711995412,0.0,True,0.0,True,17496,9,0.00051440329218107
1199_BNG_echoMonths,KNN,5,10,0.3630590716380459,0.3630590716380459,12.68348711995412,12.68348711995412,0.0,True,0.0,True,17496,9,0.00051440329218107
1199_BNG_echoMonths,KNN,5,20,0.3930438631694766,0.3930438631694766,12.3813427821629,12.3813427821629,0.0,True,0.0,True,17496,9,0.00051440329218107
1199_BNG_echoMonths,LR,0,1,0.4026445705860969,0.4026445705860969,12.071778353754915,12.071778353754915,0.0,True,0.0,True,17496,9,0.00051440329218107
1199_BNG_echoMonths,LR,0,5,0.4026445705860969,0.4026445705860969,12.071778353754915,12.071778353754915,0.0,True,0.0,True,17496,9,0.00051440329218107
1199_BNG_echoMonths,LR,0,10,0.4026445705860969,0.4026445705860969,12.071778353754915,12.071778353754915,0.0,True,0.0,True,17496,9,0.00051440329218107
1199_BNG_echoMonths,LR,0,20,0.4221345036179089,0.4221345036179089,11.873212133771698,11.873212133771698,0.0,True,0.0,True,17496,9,0.00051440329218107
1199_BNG_echoMonths,LR,1,1,0.3941911681000605,0.3941911681000605,12.162772189003904,12.162772189003904,0.0,True,0.0,True,17496,9,0.00051440329218107
1199_BNG_echoMonths,LR,1,5,0.3941911681000605,0.3941911681000605,12.162772189003904,12.162772189003904,0.0,True,0.0,True,17496,9,0.00051440329218107
1199_BNG_echoMonths,LR,1,10,0.3941911681000605,0.3941911681000605,12.162772189003904,12.162772189003904,0.0,True,0.0,True,17496,9,0.00051440329218107
1199_BNG_echoMonths,LR,1,20,0.4098370498366669,0.4098370498366669,12.004684284640142,12.004684284640142,0.0,True,0.0,True,17496,9,0.00051440329218107
1199_BNG_echoMonths,LR,2,1,0.404460077755789,0.404460077755789,12.222750916390424,12.222750916390424,0.0,True,0.0,True,17496,9,0.00051440329218107
1199_BNG_echoMonths,LR,2,5,0.404460077755789,0.404460077755789,12.222750916390424,12.222750916390424,0.0,True,0.0,True,17496,9,0.00051440329218107
1199_BNG_echoMonths,LR,2,10,0.404460077755789,0.404460077755789,12.222750916390424,12.222750916390424,0.0,True,0.0,True,17496,9,0.00051440329218107
1199_BNG_echoMonths,LR,2,20,0.4210556780293095,0.4210556780293095,12.051245147975724,12.051245147975724,0.0,True,0.0,True,17496,9,0.00051440329218107
1199_BNG_echoMonths,LR,3,1,0.3996864697908544,0.3996864697908544,12.321358846854112,12.321358846854112,0.0,True,0.0,True,17496,9,0.00051440329218107
1199_BNG_echoMonths,LR,3,5,0.3996864697908544,0.3996864697908544,12.321358846854112,12.321358846854112,0.0,True,0.0,True,17496,9,0.00051440329218107
1199_BNG_echoMonths,LR,3,10,0.3996864697908544,0.3996864697908544,12.321358846854112,12.321358846854112,0.0,True,0.0,True,17496,9,0.00051440329218107
1199_BNG_echoMonths,LR,3,20,0.4216317304795351,0.4216317304795351,12.094050272228408,12.094050272228408,0.0,True,0.0,True,17496,9,0.00051440329218107
1199_BNG_echoMonths,LR,4,1,0.4200215972378903,0.4200215972378903,12.018298794044195,12.018298794044195,0.0,True,0.0,True,17496,9,0.00051440329218107
1199_BNG_echoMonths,LR,4,5,0.4200215972378903,0.4200215972378903,12.018298794044195,12.018298794044195,0.0,True,0.0,True,17496,9,0.00051440329218107
1199_BNG_echoMonths,LR,4,10,0.4200215972378903,0.4200215972378903,12.018298794044195,12.018298794044195,0.0,True,0.0,True,17496,9,0.00051440329218107
1199_BNG_echoMonths,LR,4,20,0.4352819137346326,0.4352819137346326,11.859132867152695,11.859132867152695,0.0,True,0.0,True,17496,9,0.00051440329218107
1199_BNG_echoMonths,LR,5,1,0.4017510127797629,0.4017510127797629,12.29221308073069,12.29221308073069,0.0,True,0.0,True,17496,9,0.00051440329218107
1199_BNG_echoMonths,LR,5,5,0.4017510127797629,0.4017510127797629,12.29221308073069,12.29221308073069,0.0,True,0.0,True,17496,9,0.00051440329218107
1199_BNG_echoMonths,LR,5,10,0.4017510127797629,0.4017510127797629,12.29221308073069,12.29221308073069,0.0,True,0.0,True,17496,9,0.00051440329218107
1199_BNG_echoMonths,LR,5,20,0.4209769216639236,0.4209769216639236,12.093082923829042,12.093082923829042,0.0,True,0.0,True,17496,9,0.00051440329218107
1199_BNG_echoMonths,RF,0,1,0.4026596096776399,0.4026596096776399,12.07162639253259,12.07162639253259,0.0,True,0.0,True,17496,9,0.00051440329218107
1199_BNG_echoMonths,RF,0,5,0.4026596096776399,0.4026596096776399,12.07162639253259,12.07162639253259,0.0,True,0.0,True,17496,9,0.00051440329218107
1199_BNG_echoMonths,RF,0,10,0.4026596096776399,0.4026596096776399,12.07162639253259,12.07162639253259,0.0,True,0.0,True,17496,9,0.00051440329218107
1199_BNG_echoMonths,RF,0,20,0.4224487734481629,0.4224487734481629,11.869983095311277,11.869983095311277,0.0,True,0.0,True,17496,9,0.00051440329218107
1199_BNG_echoMonths,RF,1,1,0.3942284926347806,0.3942284926347806,12.162397502484358,12.162397502484358,0.0,True,0.0,True,17496,9,0.00051440329218107
1199_BNG_echoMonths,RF,1,5,0.3942284926347806,0.3942284926347806,12.162397502484358,12.162397502484358,0.0,True,0.0,True,17496,9,0.00051440329218107
1199_BNG_echoMonths,RF,1,10,0.3942284926347806,0.3942284926347806,12.162397502484358,12.162397502484358,0.0,True,0.0,True,17496,9,0.00051440329218107
1199_BNG_echoMonths,RF,1,20,0.4102193033182491,0.4102193033182491,12.000795887665332,12.000795887665332,0.0,True,0.0,True,17496,9,0.00051440329218107
1199_BNG_echoMonths,RF,2,1,0.4044543332031839,0.4044543332031839,12.222809866314416,12.222809866314416,0.0,True,0.0,True,17496,9,0.00051440329218107
1199_BNG_echoMonths,RF,2,5,0.4044543332031839,0.4044543332031839,12.222809866314416,12.222809866314416,0.0,True,0.0,True,17496,9,0.00051440329218107
1199_BNG_echoMonths,RF,2,10,0.4044543332031839,0.4044543332031839,12.222809866314416,12.222809866314416,0.0,True,0.0,True,17496,9,0.00051440329218107
1199_BNG_echoMonths,RF,2,20,0.4213269306886249,0.4213269306886249,12.048421633556334,12.048421633556334,0.0,True,0.0,True,17496,9,0.00051440329218107
1199_BNG_echoMonths,RF,3,1,0.3996504884897447,0.3996504884897447,12.321728097135413,12.321728097135413,0.0,True,0.0,True,17496,9,0.00051440329218107
1199_BNG_echoMonths,RF,3,5,0.3996504884897447,0.3996504884897447,12.321728097135413,12.321728097135413,0.0,True,0.0,True,17496,9,0.00051440329218107
1199_BNG_echoMonths,RF,3,10,0.3996504884897447,0.3996504884897447,12.321728097135413,12.321728097135413,0.0,True,0.0,True,17496,9,0.00051440329218107
1199_BNG_echoMonths,RF,3,20,0.4215123765415296,0.4215123765415296,12.095298091429656,12.095298091429656,0.0,True,0.0,True,17496,9,0.00051440329218107
1199_BNG_echoMonths,RF,4,1,0.4200318075854137,0.4200318075854137,12.018193004288218,12.018193004288218,0.0,True,0.0,True,17496,9,0.00051440329218107
1199_BNG_echoMonths,RF,4,5,0.4200318075854137,0.4200318075854137,12.018193004288218,12.018193004288218,0.0,True,0.0,True,17496,9,0.00051440329218107
1199_BNG_echoMonths,RF,4,10,0.4200318075854137,0.4200318075854137,12.018193004288218,12.018193004288218,0.0,True,0.0,True,17496,9,0.00051440329218107
1199_BNG_echoMonths,RF,4,20,0.4355041342326892,0.4355041342326892,11.856799311894084,11.856799311894084,0.0,True,0.0,True,17496,9,0.00051440329218107
1199_BNG_echoMonths,RF,5,1,0.4017591261994124,0.4017591261994124,12.292129727291387,12.292129727291387,0.0,True,0.0,True,17496,9,0.00051440329218107
1199_BNG_echoMonths,RF,5,5,0.4017591261994124,0.4017591261994124,12.292129727291387,12.292129727291387,0.0,True,0.0,True,17496,9,0.00051440329218107
1199_BNG_echoMonths,RF,5,10,0.4017591261994124,0.4017591261994124,12.292129727291387,12.292129727291387,0.0,True,0.0,True,17496,9,0.00051440329218107
1199_BNG_echoMonths,RF,5,20,0.4213436747148291,0.4213436747148291,12.089252439557091,12.089252439557091,0.0,True,0.0,True,17496,9,0.00051440329218107
1199_BNG_echoMonths,SVR,0,1,0.3615057256298977,0.3615057256298977,12.480539202088666,12.480539202088666,0.0,True,0.0,True,17496,9,0.00051440329218107
1199_BNG_echoMonths,SVR,0,5,0.3615057256298977,0.3615057256298977,12.480539202088666,12.480539202088666,0.0,True,0.0,True,17496,9,0.00051440329218107
1199_BNG_echoMonths,SVR,0,10,0.3615057256298977,0.3615057256298977,12.480539202088666,12.480539202088666,0.0,True,0.0,True,17496,9,0.00051440329218107
1199_BNG_echoMonths,SVR,0,20,0.3855087609372651,0.3855087609372651,12.243700369778557,12.243700369778557,0.0,True,0.0,True,17496,9,0.00051440329218107
1199_BNG_echoMonths,SVR,1,1,0.3556014793195049,0.3556014793195049,12.544173135295,12.544173135295,0.0,True,0.0,True,17496,9,0.00051440329218107
1199_BNG_echoMonths,SVR,1,5,0.3556014793195049,0.3556014793195049,12.544173135295,12.544173135295,0.0,True,0.0,True,17496,9,0.00051440329218107
1199_BNG_echoMonths,SVR,1,10,0.3556014793195049,0.3556014793195049,12.544173135295,12.544173135295,0.0,True,0.0,True,17496,9,0.00051440329218107
1199_BNG_echoMonths,SVR,1,20,0.3745855744469619,0.3745855744469619,12.358015036368656,12.358015036368656,0.0,True,0.0,True,17496,9,0.00051440329218107
1199_BNG_echoMonths,SVR,2,1,0.3684542920410504,0.3684542920410504,12.58681692811415,12.58681692811415,0.0,True,0.0,True,17496,9,0.00051440329218107
1199_BNG_echoMonths,SVR,2,5,0.3684542920410504,0.3684542920410504,12.58681692811415,12.58681692811415,0.0,True,0.0,True,17496,9,0.00051440329218107
1199_BNG_echoMonths,SVR,2,10,0.3684542920410504,0.3684542920410504,12.58681692811415,12.58681692811415,0.0,True,0.0,True,17496,9,0.00051440329218107
1199_BNG_echoMonths,SVR,2,20,0.3931690278222159,0.3931690278222161,12.338074574987912,12.33807457498791,0.0,True,0.0,True,17496,9,0.00051440329218107
1199_BNG_echoMonths,SVR,3,1,0.3582551233333403,0.3582551233333403,12.739451956339677,12.739451956339677,0.0,True,0.0,True,17496,9,0.00051440329218107
1199_BNG_echoMonths,SVR,3,5,0.3582551233333403,0.3582551233333403,12.739451956339677,12.739451956339677,0.0,True,0.0,True,17496,9,0.00051440329218107
1199_BNG_echoMonths,SVR,3,10,0.3582551233333403,0.3582551233333403,12.739451956339677,12.739451956339677,0.0,True,0.0,True,17496,9,0.00051440329218107
1199_BNG_echoMonths,SVR,3,20,0.3774937162034729,0.3774937162034731,12.547043684780324,12.547043684780324,0.0,True,0.0,True,17496,9,0.00051440329218107
1199_BNG_echoMonths,SVR,4,1,0.3824573030096243,0.3824573030096243,12.401396164892304,12.401396164892304,0.0,True,0.0,True,17496,9,0.00051440329218107
1199_BNG_echoMonths,SVR,4,5,0.3824573030096243,0.3824573030096243,12.401396164892304,12.401396164892304,0.0,True,0.0,True,17496,9,0.00051440329218107
1199_BNG_echoMonths,SVR,4,10,0.3824573030096243,0.3824573030096243,12.401396164892304,12.401396164892304,0.0,True,0.0,True,17496,9,0.00051440329218107
1199_BNG_echoMonths,SVR,4,20,0.4031068232275482,0.4031068232275483,12.192293071831536,12.192293071831534,0.0,True,0.0,True,17496,9,0.00051440329218107
1199_BNG_echoMonths,SVR,5,1,0.3620026905203312,0.3620026905203312,12.694000689452,12.694000689452,0.0,True,0.0,True,17496,9,0.00051440329218107
1199_BNG_echoMonths,SVR,5,5,0.3620026905203312,0.3620026905203312,12.694000689452,12.694000689452,0.0,True,0.0,True,17496,9,0.00051440329218107
1199_BNG_echoMonths,SVR,5,10,0.3620026905203312,0.3620026905203312,12.694000689452,12.694000689452,0.0,True,0.0,True,17496,9,0.00051440329218107
1199_BNG_echoMonths,SVR,5,20,0.3823960330137912,0.3823960330137912,12.489473543978391,12.489473543978391,0.0,True,0.0,True,17496,9,0.00051440329218107
197_cpu_act,DT,0,1,0.6998265418814471,0.6998265418814471,10.171521308089092,10.171521308089092,0.0,True,0.0,True,8192,21,0.0025634765625
197_cpu_act,DT,0,5,0.6998265418814471,0.6998265418814471,10.171521308089092,10.171521308089092,0.0,True,0.0,True,8192,21,0.0025634765625
197_cpu_act,DT,0,10,0.7140361185309183,0.7140361185309183,9.927853516191368,9.927853516191368,0.0,True,0.0,True,8192,21,0.0025634765625
197_cpu_act,DT,0,20,0.9070667424012728,0.9070667424012728,5.659594936605543,5.659594936605543,0.0,True,0.0,True,8192,21,0.0025634765625
197_cpu_act,DT,1,1,0.7147050948948126,0.7147050948948126,10.366072030457794,10.366072030457794,0.0,True,0.0,True,8192,21,0.0025634765625
197_cpu_act,DT,1,5,0.7147050948948126,0.7147050948948126,10.366072030457794,10.366072030457794,0.0,True,0.0,True,8192,21,0.0025634765625
197_cpu_act,DT,1,10,0.7269600639466667,0.7269600639466667,10.140988753809356,10.140988753809356,0.0,True,0.0,True,8192,21,0.0025634765625
197_cpu_act,DT,1,20,0.9188872688026328,0.9188872688026328,5.527283325339771,5.527283325339771,0.0,True,0.0,True,8192,21,0.0025634765625
197_cpu_act,DT,2,1,0.6935597444973685,0.6935597444973685,10.281207116433606,10.281207116433606,0.0,True,0.0,True,8192,21,0.0025634765625
197_cpu_act,DT,2,5,0.6935597444973685,0.6935597444973685,10.281207116433606,10.281207116433606,0.0,True,0.0,True,8192,21,0.0025634765625
197_cpu_act,DT,2,10,0.7221359204831496,0.7221359204831496,9.790106226185976,9.790106226185976,0.0,True,0.0,True,8192,21,0.0025634765625
197_cpu_act,DT,2,20,0.926848440364396,0.926848440364396,5.023229207634167,5.023229207634167,0.0,True,0.0,True,8192,21,0.0025634765625
197_cpu_act,DT,3,1,0.69809453672484,0.69809453672484,10.56308634019804,10.56308634019804,0.0,True,0.0,True,8192,21,0.0025634765625
197_cpu_act,DT,3,5,0.69809453672484,0.69809453672484,10.56308634019804,10.56308634019804,0.0,True,0.0,True,8192,21,0.0025634765625
197_cpu_act,DT,3,10,0.7312407351305646,0.7312407351305646,9.966371367420548,9.966371367420548,0.0,True,0.0,True,8192,21,0.0025634765625
197_cpu_act,DT,3,20,0.9244911111297248,0.9244911111297248,5.282680966005555,5.282680966005555,0.0,True,0.0,True,8192,21,0.0025634765625
197_cpu_act,DT,4,1,0.6642563888552222,0.6642563888552222,10.299603084322095,10.299603084322095,0.0,True,0.0,True,8192,21,0.0025634765625
197_cpu_act,DT,4,5,0.6642563888552222,0.6642563888552222,10.299603084322095,10.299603084322095,0.0,True,0.0,True,8192,21,0.0025634765625
197_cpu_act,DT,4,10,0.6960813881850402,0.6960813881850402,9.799304622955916,9.799304622955916,0.0,True,0.0,True,8192,21,0.0025634765625
197_cpu_act,DT,4,20,0.9110167195126376,0.9110167195126376,5.302379605042224,5.302379605042224,0.0,True,0.0,True,8192,21,0.0025634765625
197_cpu_act,DT,5,1,0.7116507390303793,0.7116507390303793,9.917478508997585,9.917478508997585,0.0,True,0.0,True,8192,21,0.0025634765625
197_cpu_act,DT,5,5,0.7116507390303793,0.7116507390303793,9.917478508997585,9.917478508997585,0.0,True,0.0,True,8192,21,0.0025634765625
197_cpu_act,DT,5,10,0.717906315791383,0.717906315791383,9.809311547939506,9.809311547939506,0.0,True,0.0,True,8192,21,0.0025634765625
197_cpu_act,DT,5,20,0.9262523723211932,0.9262523723211932,5.0155189303131404,5.0155189303131404,0.0,True,0.0,True,8192,21,0.0025634765625
197_cpu_act,KNN,0,1,0.8160614885563333,0.8160614885563333,7.962255376288946,7.962255376288946,0.0,True,0.0,True,8192,21,0.0025634765625
197_cpu_act,KNN,0,5,0.8160614885563333,0.8160614885563333,7.962255376288946,7.962255376288946,0.0,True,0.0,True,8192,21,0.0025634765625
197_cpu_act,KNN,0,10,0.838777005691477,0.8388439191239132,7.454409737004715,7.452862650281007,6.691343243625525e-05,False,0.020753980238405523,False,8192,21,0.0025634765625
197_cpu_act,KNN,0,20,0.9548171472965794,0.9548171472965794,3.946268153178485,3.946268153178485,0.0,True,0.0,True,8192,21,0.0025634765625
197_cpu_act,KNN,1,1,0.831197252881032,0.831197252881032,7.973646342643966,7.973646342643966,0.0,True,0.0,True,8192,21,0.0025634765625
197_cpu_act,KNN,1,5,0.831197252881032,0.831197252881032,7.973646342643966,7.973646342643966,0.0,True,0.0,True,8192,21,0.0025634765625
197_cpu_act,KNN,1,10,0.8525006094962657,0.8525006094962657,7.453535549681103,7.453535549681103,0.0,True,0.0,True,8192,21,0.0025634765625
197_cpu_act,KNN,1,20,0.957868434100579,0.957868434100579,3.9835568067011127,3.9835568067011127,0.0,True,0.0,True,8192,21,0.0025634765625
197_cpu_act,KNN,2,1,0.8114395886592612,0.8114395886592612,8.064853054427328,8.064853054427328,0.0,True,0.0,True,8192,21,0.0025634765625
197_cpu_act,KNN,2,5,0.8114395886592612,0.8114395886592612,8.064853054427328,8.064853054427328,0.0,True,0.0,True,8192,21,0.0025634765625
197_cpu_act,KNN,2,10,0.8357484146304773,0.8357395706321817,7.527070527506201,7.527273169394546,-8.843998295593458e-06,False,-0.002692174699365996,False,8192,21,0.0025634765625
197_cpu_act,KNN,2,20,0.9537715011331316,0.9537715011331316,3.993246281326923,3.993246281326923,0.0,True,0.0,True,8192,21,0.0025634765625
197_cpu_act,KNN,3,1,0.8138975786685964,0.8138975786685964,8.293375996416524,8.293375996416524,0.0,True,0.0,True,8192,21,0.0025634765625
197_cpu_act,KNN,3,5,0.8138975786685964,0.8138975786685964,8.293375996416524,8.293375996416524,0.0,True,0.0,True,8192,21,0.0025634765625
197_cpu_act,KNN,3,10,0.8383241058729372,0.8383241058729372,7.729973041445651,7.729973041445651,0.0,True,0.0,True,8192,21,0.0025634765625
197_cpu_act,KNN,3,20,0.9572307625011904,0.957234922669487,3.975768581610485,3.9755752151910353,4.160168296518663e-06,False,0.004863623610895705,False,8192,21,0.0025634765625
197_cpu_act,KNN,4,1,0.7951864070678605,0.7951864070678605,8.044443358273979,8.044443358273979,0.0,True,0.0,True,8192,21,0.0025634765625
197_cpu_act,KNN,4,5,0.7951864070678605,0.7951864070678605,8.044443358273979,8.044443358273979,0.0,True,0.0,True,8192,21,0.0025634765625
197_cpu_act,KNN,4,10,0.8087846829264884,0.8087846829264884,7.77280815888323,7.77280815888323,0.0,True,0.0,True,8192,21,0.0025634765625
197_cpu_act,KNN,4,20,0.9495742254091504,0.9495742254091504,3.99156218032668,3.99156218032668,0.0,True,0.0,True,8192,21,0.0025634765625
197_cpu_act,KNN,5,1,0.8187523095748418,0.8187523095748418,7.862815539762114,7.862815539762114,0.0,True,0.0,True,8192,21,0.0025634765625
197_cpu_act,KNN,5,5,0.8187523095748418,0.8187523095748418,7.862815539762114,7.862815539762114,0.0,True,0.0,True,8192,21,0.0025634765625
197_cpu_act,KNN,5,10,0.8458739287712498,0.8458353644129223,7.250699404525711,7.251606457689607,-3.8564358327497494e-05,False,-0.012509871300553501,False,8192,21,0.0025634765625
197_cpu_act,KNN,5,20,0.9533907874046466,0.9533907874046466,3.9872891392125966,3.9872891392125966,0.0,True,0.0,True,8192,21,0.0025634765625
197_cpu_act,LR,0,1,0.4669637603530882,0.4669637603530882,13.5543325673493,13.5543325673493,0.0,True,0.0,True,8192,21,0.0025634765625
197_cpu_act,LR,0,5,0.4669637603530882,0.4669637603530882,13.5543325673493,13.5543325673493,0.0,True,0.0,True,8192,21,0.0025634765625
197_cpu_act,LR,0,10,0.5770427795640336,0.5770427795640336,12.07391156760667,12.07391156760667,0.0,True,0.0,True,8192,21,0.0025634765625
197_cpu_act,LR,0,20,0.6708079682604883,0.6708079682604882,10.651834894042366,10.651834894042368,0.0,True,0.0,True,8192,21,0.0025634765625
197_cpu_act,LR,1,1,0.4774318959384456,0.4774318959384456,14.029385967447755,14.029385967447755,0.0,True,0.0,True,8192,21,0.0025634765625
197_cpu_act,LR,1,5,0.4774318959384456,0.4774318959384456,14.029385967447755,14.029385967447755,0.0,True,0.0,True,8192,21,0.0025634765625
197_cpu_act,LR,1,10,0.6189692652854472,0.6189692652854473,11.979735196638202,11.9797351966382,0.0,True,0.0,True,8192,21,0.0025634765625
197_cpu_act,LR,1,20,0.7034817801019815,0.7034817801019815,10.568002477755403,10.568002477755403,0.0,True,0.0,True,8192,21,0.0025634765625
197_cpu_act,LR,2,1,0.4557473223430285,0.4557473223430285,13.701606396797116,13.701606396797116,0.0,True,0.0,True,8192,21,0.0025634765625
197_cpu_act,LR,2,5,0.4557473223430285,0.4557473223430285,13.701606396797116,13.701606396797116,0.0,True,0.0,True,8192,21,0.0025634765625
197_cpu_act,LR,2,10,0.5812006766035822,0.5812006766035822,12.01916192029898,12.01916192029898,0.0,True,0.0,True,8192,21,0.0025634765625
197_cpu_act,LR,2,20,0.6816846350040191,0.6816846350040191,10.478521322834863,10.478521322834863,0.0,True,0.0,True,8192,21,0.0025634765625
197_cpu_act,LR,3,1,0.4742003261049299,0.4742003261049299,13.940087500599375,13.940087500599375,0.0,True,0.0,True,8192,21,0.0025634765625
197_cpu_act,LR,3,5,0.4742003261049299,0.4742003261049299,13.940087500599375,13.940087500599375,0.0,True,0.0,True,8192,21,0.0025634765625
197_cpu_act,LR,3,10,0.570842759682039,0.5708427596820389,12.593996420865912,12.593996420865912,0.0,True,0.0,True,8192,21,0.0025634765625
197_cpu_act,LR,3,20,0.6585909559697042,0.6585909559697041,11.23292487464376,11.23292487464376,0.0,True,0.0,True,8192,21,0.0025634765625
197_cpu_act,LR,4,1,0.4354823937639784,0.4354823937639784,13.355352512727489,13.355352512727489,0.0,True,0.0,True,8192,21,0.0025634765625
197_cpu_act,LR,4,5,0.4354823937639784,0.4354823937639784,13.355352512727489,13.355352512727489,0.0,True,0.0,True,8192,21,0.0025634765625
197_cpu_act,LR,4,10,0.5951190872440933,0.5951190872440933,11.310459830970402,11.310459830970402,0.0,True,0.0,True,8192,21,0.0025634765625
197_cpu_act,LR,4,20,0.7089818167981259,0.7089818167981259,9.589074053605222,9.589074053605222,0.0,True,0.0,True,8192,21,0.0025634765625
197_cpu_act,LR,5,1,0.4665765799883566,0.4665765799883566,13.488941974491045,13.488941974491045,0.0,True,0.0,True,8192,21,0.0025634765625
197_cpu_act,LR,5,5,0.4665765799883566,0.4665765799883566,13.488941974491045,13.488941974491045,0.0,True,0.0,True,8192,21,0.0025634765625
197_cpu_act,LR,5,10,0.6139169136366653,0.6139169136366653,11.475780554967209,11.475780554967209,0.0,True,0.0,True,8192,21,0.0025634765625
197_cpu_act,LR,5,20,0.7016570241198089,0.701657024119809,10.08787646766077,10.08787646766077,0.0,True,0.0,True,8192,21,0.0025634765625
197_cpu_act,RF,0,1,0.7796139026439574,0.7796139026439574,8.715491148893124,8.715491148893124,0.0,True,0.0,True,8192,21,0.0025634765625
197_cpu_act,RF,0,5,0.7796139026439574,0.7796139026439574,8.715491148893124,8.715491148893124,0.0,True,0.0,True,8192,21,0.0025634765625
197_cpu_act,RF,0,10,0.823131336935953,0.823131336935953,7.807737711893323,7.807737711893323,0.0,True,0.0,True,8192,21,0.0025634765625
197_cpu_act,RF,0,20,0.9581089153424466,0.9581089153424466,3.799798541191624,3.799798541191624,0.0,True,0.0,True,8192,21,0.0025634765625
197_cpu_act,RF,1,1,0.7920108327510547,0.7920108327510547,8.850902819808377,8.850902819808377,0.0,True,0.0,True,8192,21,0.0025634765625
197_cpu_act,RF,1,5,0.7920108327510547,0.7920108327510547,8.850902819808377,8.850902819808377,0.0,True,0.0,True,8192,21,0.0025634765625
197_cpu_act,RF,1,10,0.8368562397861843,0.8368562397861843,7.838851699638639,7.838851699638639,0.0,True,0.0,True,8192,21,0.0025634765625
197_cpu_act,RF,1,20,0.9614692828644396,0.9614692828644396,3.809524407345283,3.809524407345283,0.0,True,0.0,True,8192,21,0.0025634765625
197_cpu_act,RF,2,1,0.7710865733923642,0.7710865733923642,8.88601073294524,8.88601073294524,0.0,True,0.0,True,8192,21,0.0025634765625
197_cpu_act,RF,2,5,0.7710865733923642,0.7710865733923642,8.88601073294524,8.88601073294524,0.0,True,0.0,True,8192,21,0.0025634765625
197_cpu_act,RF,2,10,0.827327401884399,0.827327401884399,7.717611490243287,7.717611490243287,0.0,True,0.0,True,8192,21,0.0025634765625
197_cpu_act,RF,2,20,0.9588801368218488,0.9588801368218488,3.7661449480108153,3.7661449480108153,0.0,True,0.0,True,8192,21,0.0025634765625
197_cpu_act,RF,3,1,0.7753867145433099,0.7753867145433099,9.111147212850964,9.111147212850964,0.0,True,0.0,True,8192,21,0.0025634765625
197_cpu_act,RF,3,5,0.7753867145433099,0.7753867145433099,9.111147212850964,9.111147212850964,0.0,True,0.0,True,8192,21,0.0025634765625
197_cpu_act,RF,3,10,0.8241281460607928,0.8241281460607928,8.062199013972608,8.062199013972608,0.0,True,0.0,True,8192,21,0.0025634765625
197_cpu_act,RF,3,20,0.9625981076936544,0.9625981076936544,3.717937897636831,3.717937897636831,0.0,True,0.0,True,8192,21,0.0025634765625
197_cpu_act,RF,4,1,0.7576616582439744,0.7576616582439744,8.75039536356551,8.75039536356551,0.0,True,0.0,True,8192,21,0.0025634765625
197_cpu_act,RF,4,5,0.7576616582439744,0.7576616582439744,8.75039536356551,8.75039536356551,0.0,True,0.0,True,8192,21,0.0025634765625
197_cpu_act,RF,4,10,0.8057477023931453,0.8057477023931453,7.834290874570088,7.834290874570088,0.0,True,0.0,True,8192,21,0.0025634765625
197_cpu_act,RF,4,20,0.956687448351245,0.956687448351245,3.699333581766796,3.699333581766796,0.0,True,0.0,True,8192,21,0.0025634765625
197_cpu_act,RF,5,1,0.788668160778558,0.788668160778558,8.490324964894688,8.490324964894688,0.0,True,0.0,True,8192,21,0.0025634765625
197_cpu_act,RF,5,5,0.788668160778558,0.788668160778558,8.490324964894688,8.490324964894688,0.0,True,0.0,True,8192,21,0.0025634765625
197_cpu_act,RF,5,10,0.8300893477852965,0.8300893477852965,7.612935498326293,7.612935498326293,0.0,True,0.0,True,8192,21,0.0025634765625
197_cpu_act,RF,5,20,0.958989372166988,0.958989372166988,3.7401589187017272,3.7401589187017272,0.0,True,0.0,True,8192,21,0.0025634765625
197_cpu_act,SVR,0,1,0.2977294578871978,0.2977294578871978,15.557936507329392,15.557936507329392,0.0,True,0.0,True,8192,21,0.0025634765625
197_cpu_act,SVR,0,5,0.2977294578871978,0.2977294578871978,15.557936507329392,15.557936507329392,0.0,True,0.0,True,8192,21,0.0025634765625
197_cpu_act,SVR,0,10,0.2790036724453963,0.2790036724453963,15.763995248304148,15.763995248304148,0.0,True,0.0,True,8192,21,0.0025634765625
197_cpu_act,SVR,0,20,0.2545223152386794,0.2545223152386801,16.029393591331697,16.029393591331694,0.0,True,0.0,True,8192,21,0.0025634765625
197_cpu_act,SVR,1,1,0.3022320768664298,0.3022320768664298,16.211481860554258,16.211481860554258,0.0,True,0.0,True,8192,21,0.0025634765625
197_cpu_act,SVR,1,5,0.3022320768664298,0.3022320768664298,16.211481860554258,16.211481860554258,0.0,True,0.0,True,8192,21,0.0025634765625
197_cpu_act,SVR,1,10,0.5288794827344969,0.5288794827344969,13.32088942778914,13.32088942778914,0.0,True,0.0,True,8192,21,0.0025634765625
197_cpu_act,SVR,1,20,0.55761047731066,0.5576104773106603,12.90831725385561,12.908317253855603,0.0,True,0.0,True,8192,21,0.0025634765625
197_cpu_act,SVR,2,1,0.2909094210992174,0.2909094210992174,15.639470957708246,15.639470957708246,0.0,True,0.0,True,8192,21,0.0025634765625
197_cpu_act,SVR,2,5,0.2909094210992174,0.2909094210992174,15.639470957708246,15.639470957708246,0.0,True,0.0,True,8192,21,0.0025634765625
197_cpu_act,SVR,2,10,0.4555607845200089,0.4555607845200087,13.703954248237505,13.703954248237505,0.0,True,0.0,True,8192,21,0.0025634765625
197_cpu_act,SVR,2,20,0.5077689330208831,0.507768933020883,13.030338880155876,13.030338880155876,0.0,True,0.0,True,8192,21,0.0025634765625
197_cpu_act,SVR,3,1,0.2930984721112222,0.2930984721112222,16.163477527835308,16.163477527835308,0.0,True,0.0,True,8192,21,0.0025634765625
197_cpu_act,SVR,3,5,0.2930984721112222,0.2930984721112222,16.163477527835308,16.163477527835308,0.0,True,0.0,True,8192,21,0.0025634765625
197_cpu_act,SVR,3,10,0.2101106054820306,0.2101106054820307,17.085924579879848,17.085924579879844,0.0,True,0.0,True,8192,21,0.0025634765625
197_cpu_act,SVR,3,20,0.2027887546431291,0.2027887546431293,17.16493059270845,17.164930592708448,0.0,True,0.0,True,8192,21,0.0025634765625
197_cpu_act,SVR,4,1,0.2902473398057617,0.2902473398057617,14.975113561710195,14.975113561710195,0.0,True,0.0,True,8192,21,0.0025634765625
197_cpu_act,SVR,4,5,0.2902473398057617,0.2902473398057617,14.975113561710195,14.975113561710195,0.0,True,0.0,True,8192,21,0.0025634765625
197_cpu_act,SVR,4,10,0.461803680423952,0.4618036804239519,13.040281655596177,13.040281655596178,0.0,True,0.0,True,8192,21,0.0025634765625
197_cpu_act,SVR,4,20,0.5346320163706356,0.5346320163706355,12.125924523987797,12.125924523987797,0.0,True,0.0,True,8192,21,0.0025634765625
197_cpu_act,SVR,5,1,0.3119669172112421,0.3119669172112421,15.319567594187776,15.319567594187776,0.0,True,0.0,True,8192,21,0.0025634765625
197_cpu_act,SVR,5,5,0.3119669172112421,0.3119669172112421,15.319567594187776,15.319567594187776,0.0,True,0.0,True,8192,21,0.0025634765625
197_cpu_act,SVR,5,10,0.4412944578426161,0.4412944578426164,13.804902268859545,13.80490226885954,0.0,True,0.0,True,8192,21,0.0025634765625
197_cpu_act,SVR,5,20,0.4515147799082695,0.4515147799082695,13.678053916784926,13.678053916784926,0.0,True,0.0,True,8192,21,0.0025634765625
201_pol,DT,0,1,0.1971390572693794,0.1971390572693794,37.75896309024497,37.75896309024497,0.0,True,0.0,True,15000,48,0.0032
201_pol,DT,0,5,0.20699294489883,0.20699294489883,37.52653099967668,37.52653099967668,0.0,True,0.0,True,15000,48,0.0032
201_pol,DT,0,10,0.1753059416644939,0.1753059416644939,38.26893064157259,38.26893064157259,0.0,True,0.0,True,15000,48,0.0032
201_pol,DT,0,20,0.8726013067160926,0.8726013067160926,15.041196353371989,15.041196353371989,0.0,True,0.0,True,15000,48,0.0032
201_pol,DT,1,1,0.1914244135536599,0.1914244135536599,37.762923542776896,37.762923542776896,0.0,True,0.0,True,15000,48,0.0032
201_pol,DT,1,5,0.20608286344217,0.20608286344217,37.41906101186819,37.41906101186819,0.0,True,0.0,True,15000,48,0.0032
201_pol,DT,1,10,0.194179411439076,0.194179411439076,37.69853528601514,37.69853528601514,0.0,True,0.0,True,15000,48,0.0032
201_pol,DT,1,20,0.8592225264217845,0.8592225264217845,15.756939973988796,15.756939973988796,0.0,True,0.0,True,15000,48,0.0032
201_pol,DT,2,1,0.2000497719868501,0.2000497719868501,38.08125222929728,38.08125222929728,0.0,True,0.0,True,15000,48,0.0032
201_pol,DT,2,5,0.2149795839733889,0.2149795839733889,37.72421518056648,37.72421518056648,0.0,True,0.0,True,15000,48,0.0032
201_pol,DT,2,10,0.2048055113867553,0.2048055113867553,37.96788612416597,37.96788612416597,0.0,True,0.0,True,15000,48,0.0032
201_pol,DT,2,20,0.8777765424865273,0.8777765424865273,14.885280404437262,14.885280404437262,0.0,True,0.0,True,15000,48,0.0032
201_pol,DT,3,1,0.203891450491674,0.203891450491674,37.45932567096664,37.45932567096664,0.0,True,0.0,True,15000,48,0.0032
201_pol,DT,3,5,0.2292013562817449,0.2292013562817449,36.85906226205815,36.85906226205815,0.0,True,0.0,True,15000,48,0.0032
201_pol,DT,3,10,0.2027498511339676,0.2027498511339676,37.48617390835662,37.48617390835662,0.0,True,0.0,True,15000,48,0.0032
201_pol,DT,3,20,0.8607951640389119,0.8607951640389119,15.663938617871215,15.663938617871215,0.0,True,0.0,True,15000,48,0.0032
201_pol,DT,4,1,0.1971099969854255,0.1971099969854255,37.52485675819408,37.52485675819408,0.0,True,0.0,True,15000,48,0.0032
201_pol,DT,4,5,0.2148729107359029,0.2148729107359029,37.10744043010175,37.10744043010175,0.0,True,0.0,True,15000,48,0.0032
201_pol,DT,4,10,0.1950446046417401,0.1950446046417401,37.57309111913317,37.57309111913317,0.0,True,0.0,True,15000,48,0.0032
201_pol,DT,4,20,0.8807498588195726,0.8807498588195726,14.461737319677631,14.461737319677631,0.0,True,0.0,True,15000,48,0.0032
201_pol,DT,5,1,0.1991437946340617,0.1991437946340617,37.11088922187843,37.11088922187843,0.0,True,0.0,True,15000,48,0.0032
201_pol,DT,5,5,0.1980284812897715,0.1980284812897715,37.13672149311762,37.13672149311762,0.0,True,0.0,True,15000,48,0.0032
201_pol,DT,5,10,0.1603891899653508,0.1603891899653508,37.998206531902326,37.998206531902326,0.0,True,0.0,True,15000,48,0.0032
201_pol,DT,5,20,0.8613085959461972,0.8613085959461972,15.443611237570806,15.443611237570806,0.0,True,0.0,True,15000,48,0.0032
201_pol,KNN,0,1,0.0977924475988483,0.0977924475988483,40.02700754907033,40.02700754907033,0.0,True,0.0,True,15000,48,0.0032
201_pol,KNN,0,5,-0.0345532908986427,-0.0348273421649127,42.86238444137237,42.86806114890976,-0.0002740512662699965,False,-0.013244031127466704,False,15000,48,0.0032
201_pol,KNN,0,10,0.1438210471259872,0.1436588688423864,38.99259758808929,38.996290421867904,-0.00016217828360079456,False,-0.009470602132295704,False,15000,48,0.0032
201_pol,KNN,0,20,0.9024745396519052,0.9022395313057616,13.160091185094425,13.175937664292942,-0.00023500834614353927,False,-0.12041314133495813,False,15000,48,0.0032
201_pol,KNN,1,1,0.1609290415652919,0.1609290415652919,38.46844594382952,38.46844594382952,0.0,True,0.0,True,15000,48,0.0032
201_pol,KNN,1,5,0.2214855265559306,0.2223148706762143,37.05430249422236,37.034560435715534,0.0008293441202837093,False,0.0532787211684983,False,15000,48,0.0032
201_pol,KNN,1,10,0.208230384841313,0.2083301782997245,37.36841803805276,37.36606303407768,9.979345841149012e-05,False,0.0063021238219873234,False,15000,48,0.0032
201_pol,KNN,1,20,0.9035118218928186,0.9036962885886703,13.04494793652572,13.032472264821182,0.00018446669585170383,False,0.09563604059779962,False,15000,48,0.0032
201_pol,KNN,2,1,0.1123165861300503,0.1123165861300503,40.11518415762291,40.11518415762291,0.0,True,0.0,True,15000,48,0.0032
201_pol,KNN,2,5,0.1377455631311462,0.1409074527628843,39.53643045765934,39.46387377505322,0.0031618896317381073,False,0.18351854673330373,False,15000,48,0.0032
201_pol,KNN,2,10,0.1911667144737909,0.1925384111853962,38.29210536564075,38.25962188347745,0.0013716967116052803,False,0.08483075519907987,False,15000,48,0.0032
201_pol,KNN,2,20,0.9144907070305892,0.914914351698624,12.45048861156327,12.419608152702189,0.00042364466803479495,False,0.24802608013632946,False,15000,48,0.0032
201_pol,KNN,3,1,-0.1611253928248768,-0.1611253928248768,45.23903918814664,45.23903918814664,0.0,True,0.0,True,15000,48,0.0032
201_pol,KNN,3,5,0.2520345043649392,0.2524611528602128,36.30902550790001,36.298668478793175,0.00042664849527362936,False,0.02852466834887007,False,15000,48,0.0032
201_pol,KNN,3,10,-0.014790254228794,-0.0146820791670492,42.29236337685564,42.29010916672282,0.00010817506174480053,False,0.005330064231057058,False,15000,48,0.0032
201_pol,KNN,3,20,0.8971988937700469,0.896919000253644,13.460856832559609,13.479169113858614,-0.00027989351640289595,False,-0.13604097812489094,False,15000,48,0.0032
201_pol,KNN,4,1,0.041062623377565,0.041062623377565,41.009657399202936,41.009657399202936,0.0,True,0.0,True,15000,48,0.0032
201_pol,KNN,4,5,0.224779431697057,0.2273954535855805,36.87259144676435,36.81032463861192,0.002616021888523501,False,0.16887017079430341,False,15000,48,0.0032
201_pol,KNN,4,10,0.1977890192918371,0.1967429146366182,37.50898559012227,37.53343398447132,-0.001046104655218899,False,-0.06518010008644191,False,15000,48,0.0032
201_pol,KNN,4,20,0.905493263306493,0.9065294847055216,12.874263732993304,12.803489107791412,0.0010362213990285918,False,0.5497372639688564,False,15000,48,0.0032
201_pol,KNN,5,1,0.1296748118003282,0.1296748118003282,38.68698316833023,38.68698316833023,0.0,True,0.0,True,15000,48,0.0032
201_pol,KNN,5,5,0.1604192534523386,0.1631709247867392,37.997526235269575,37.93520792087477,0.0027516713344006016,False,0.16400624085092144,False,15000,48,0.0032
201_pol,KNN,5,10,0.156710816148186,0.1536893275062703,38.081351516632566,38.14951288461405,-0.003021488641915704,False,-0.17898883644324234,False,15000,48,0.0032
201_pol,KNN,5,20,0.8925902268333299,0.8920645482859297,13.590830241992824,13.624047367308536,-0.0005256785474001546,False,-0.24440836008000535,False,15000,48,0.0032
201_pol,LR,0,1,0.1589848505234372,0.1589848505234372,38.6457556391131,38.6457556391131,0.0,True,0.0,True,15000,48,0.0032
201_pol,LR,0,5,0.2087774714984298,0.2087774714984298,37.484283702334,37.484283702334,0.0,True,0.0,True,15000,48,0.0032
201_pol,LR,0,10,0.2092339908770615,0.2092339908770615,37.47346830567693,37.47346830567693,0.0,True,0.0,True,15000,48,0.0032
201_pol,LR,0,20,0.4264219501739479,0.4264219501739478,31.915096027944465,31.915096027944468,0.0,True,0.0,True,15000,48,0.0032
201_pol,LR,1,1,0.1530295919029543,0.1530295919029543,38.64910270256279,38.64910270256279,0.0,True,0.0,True,15000,48,0.0032
201_pol,LR,1,5,0.204400675104223,0.204400675104223,37.45868265325671,37.45868265325671,0.0,True,0.0,True,15000,48,0.0032
201_pol,LR,1,10,0.2055279610943711,0.2055279610943712,37.43213561179965,37.43213561179965,0.0,True,0.0,True,15000,48,0.0032
201_pol,LR,1,20,0.4257600105258633,0.4257600105258633,31.8237983270753,31.8237983270753,0.0,True,0.0,True,15000,48,0.0032
201_pol,LR,2,1,0.1649867407406401,0.1649867407406401,38.90688161387055,38.90688161387055,0.0,True,0.0,True,15000,48,0.0032
201_pol,LR,2,5,0.2155674811985846,0.2155674811985846,37.710086812203954,37.710086812203954,0.0,True,0.0,True,15000,48,0.0032
201_pol,LR,2,10,0.2176925744830226,0.2176925744830226,37.658972281173554,37.658972281173554,0.0,True,0.0,True,15000,48,0.0032
201_pol,LR,2,20,0.4413092714754681,0.441309271475468,31.82478437159336,31.82478437159336,0.0,True,0.0,True,15000,48,0.0032
201_pol,LR,3,1,0.1640571282776726,0.1640571282776726,38.38504999157232,38.38504999157232,0.0,True,0.0,True,15000,48,0.0032
201_pol,LR,3,5,0.2127033875949485,0.2127033875949485,37.25143459111708,37.25143459111708,0.0,True,0.0,True,15000,48,0.0032
201_pol,LR,3,10,0.2148551916285686,0.2148551916285686,37.20049277843323,37.20049277843323,0.0,True,0.0,True,15000,48,0.0032
201_pol,LR,3,20,0.4237065139106308,0.4237065139106308,31.870998253326416,31.870998253326416,0.0,True,0.0,True,15000,48,0.0032
201_pol,LR,4,1,0.158759679719367,0.158759679719367,38.41059705657122,38.41059705657122,0.0,True,0.0,True,15000,48,0.0032
201_pol,LR,4,5,0.2076917670730543,0.2076917670730543,37.27675525256243,37.27675525256243,0.0,True,0.0,True,15000,48,0.0032
201_pol,LR,4,10,0.2085173255262959,0.2085173255262959,37.257329630240136,37.257329630240136,0.0,True,0.0,True,15000,48,0.0032
201_pol,LR,4,20,0.4270363175221811,0.4270363175221811,31.69965716808316,31.69965716808316,0.0,True,0.0,True,15000,48,0.0032
201_pol,LR,5,1,0.1610282987981897,0.1610282987981897,37.98374172731167,37.98374172731167,0.0,True,0.0,True,15000,48,0.0032
201_pol,LR,5,5,0.199518755409783,0.199518755409783,37.102200547891904,37.102200547891904,0.0,True,0.0,True,15000,48,0.0032
201_pol,LR,5,10,0.2015039956986494,0.2015039956986494,37.05616417362854,37.05616417362854,0.0,True,0.0,True,15000,48,0.0032
201_pol,LR,5,20,0.4176694657960479,0.4176694657960479,31.64527466928756,31.64527466928756,0.0,True,0.0,True,15000,48,0.0032
201_pol,RF,0,1,0.1970906860187311,0.1970906860187311,37.76010053551179,37.76010053551179,0.0,True,0.0,True,15000,48,0.0032
201_pol,RF,0,5,0.2481685966910055,0.2481685966910055,36.53929173669574,36.53929173669574,0.0,True,0.0,True,15000,48,0.0032
201_pol,RF,0,10,0.2414907295012613,0.2414907295012613,36.701206435320266,36.701206435320266,0.0,True,0.0,True,15000,48,0.0032
201_pol,RF,0,20,0.9165158427361731,0.9165158427361731,12.175923974647365,12.175923974647365,0.0,True,0.0,True,15000,48,0.0032
201_pol,RF,1,1,0.1915591589603426,0.1915591589603426,37.75977690282012,37.75977690282012,0.0,True,0.0,True,15000,48,0.0032
201_pol,RF,1,5,0.2377434308548679,0.2377434308548679,36.66535421650509,36.66535421650509,0.0,True,0.0,True,15000,48,0.0032
201_pol,RF,1,10,0.2434769558786493,0.2434769558786493,36.52719959869838,36.52719959869838,0.0,True,0.0,True,15000,48,0.0032
201_pol,RF,1,20,0.9105282605794917,0.9105282605794917,12.56169479444394,12.56169479444394,0.0,True,0.0,True,15000,48,0.0032
201_pol,RF,2,1,0.1997128278208744,0.1997128278208744,38.08927141877626,38.08927141877626,0.0,True,0.0,True,15000,48,0.0032
201_pol,RF,2,5,0.2526932442426334,0.2526932442426334,36.80689580917121,36.80689580917121,0.0,True,0.0,True,15000,48,0.0032
201_pol,RF,2,10,0.2630880021087787,0.2630880021087787,36.550014312680126,36.550014312680126,0.0,True,0.0,True,15000,48,0.0032
201_pol,RF,2,20,0.9256965683037768,0.9256965683037768,11.60604295684716,11.60604295684716,0.0,True,0.0,True,15000,48,0.0032
201_pol,RF,3,1,0.2038229845857671,0.2038229845857671,37.46093640076565,37.46093640076565,0.0,True,0.0,True,15000,48,0.0032
201_pol,RF,3,5,0.2689507357792164,0.2689507357792164,35.89608900173618,35.89608900173618,0.0,True,0.0,True,15000,48,0.0032
201_pol,RF,3,10,0.2697448232657438,0.2697448232657438,35.876588004101784,35.876588004101784,0.0,True,0.0,True,15000,48,0.0032
201_pol,RF,3,20,0.9126992921078192,0.9126992921078192,12.404597979503718,12.404597979503718,0.0,True,0.0,True,15000,48,0.0032
201_pol,RF,4,1,0.1969592946108127,0.1969592946108127,37.52837829891536,37.52837829891536,0.0,True,0.0,True,15000,48,0.0032
201_pol,RF,4,5,0.2567533606746008,0.2567533606746008,36.10418076883639,36.10418076883639,0.0,True,0.0,True,15000,48,0.0032
201_pol,RF,4,10,0.2397915109811671,0.2397915109811671,36.51382883130852,36.51382883130852,0.0,True,0.0,True,15000,48,0.0032
201_pol,RF,4,20,0.9164125140271716,0.9164125140271716,12.107699941939224,12.107699941939224,0.0,True,0.0,True,15000,48,0.0032
201_pol,RF,5,1,0.1990137589848338,0.1990137589848338,37.11390196166069,37.11390196166069,0.0,True,0.0,True,15000,48,0.0032
201_pol,RF,5,5,0.2348472447203455,0.2348472447203455,36.27422658063845,36.27422658063845,0.0,True,0.0,True,15000,48,0.0032
201_pol,RF,5,10,0.2279656786205701,0.2279656786205701,36.43698149158587,36.43698149158587,0.0,True,0.0,True,15000,48,0.0032
201_pol,RF,5,20,0.906522743253786,0.906522743253786,12.678768365296392,12.678768365296392,0.0,True,0.0,True,15000,48,0.0032
201_pol,SVR,0,1,-0.3840538693464708,-0.3840538693464708,49.57656023705041,49.57656023705041,0.0,True,0.0,True,15000,48,0.0032
201_pol,SVR,0,5,-0.2590453082821162,-0.2590453082821162,47.284692978326056,47.284692978326056,0.0,True,0.0,True,15000,48,0.0032
201_pol,SVR,0,10,-0.2464049979830773,-0.2464049979830775,47.046734536416274,47.046734536416274,0.0,True,0.0,True,15000,48,0.0032
201_pol,SVR,0,20,0.3713607798392276,0.3713607798392254,33.411858257864864,33.41185825786492,0.0,True,0.0,True,15000,48,0.0032
201_pol,SVR,1,1,-0.3657489864601102,-0.3657489864601102,49.07843894525188,49.07843894525188,0.0,True,0.0,True,15000,48,0.0032
201_pol,SVR,1,5,-0.2423093497403452,-0.2423093497403452,46.8080095773956,46.8080095773956,0.0,True,0.0,True,15000,48,0.0032
201_pol,SVR,1,10,-0.2250844171154722,-0.2250844171154715,46.48237445184208,46.48237445184206,0.0,True,0.0,True,15000,48,0.0032
201_pol,SVR,1,20,0.3816114613590753,0.381611461359077,33.02448189531214,33.0244818953121,0.0,True,0.0,True,15000,48,0.0032
201_pol,SVR,2,1,-0.3859206786523583,-0.3859206786523583,50.12436975252798,50.12436975252798,0.0,True,0.0,True,15000,48,0.0032
201_pol,SVR,2,5,-0.2655019742097557,-0.2655019742097582,47.89731306583298,47.89731306583303,0.0,True,0.0,True,15000,48,0.0032
201_pol,SVR,2,10,-0.2561700821602566,-0.2561700821602559,47.72038738048341,47.7203873804834,0.0,True,0.0,True,15000,48,0.0032
201_pol,SVR,2,20,0.3746538439060742,0.3746538439060841,33.66975683923649,33.66975683923623,0.0,True,0.0,True,15000,48,0.0032
201_pol,SVR,3,1,-0.3629881578249394,-0.3629881578249394,49.01396681706317,49.01396681706317,0.0,True,0.0,True,15000,48,0.0032
201_pol,SVR,3,5,-0.2400066696878928,-0.2400066696878928,46.75045281590595,46.75045281590595,0.0,True,0.0,True,15000,48,0.0032
201_pol,SVR,3,10,-0.2272164304091706,-0.2272164304091704,46.508720490278726,46.50872049027872,0.0,True,0.0,True,15000,48,0.0032
201_pol,SVR,3,20,0.383681316840346,0.3836813168403454,32.95918603451911,32.95918603451912,0.0,True,0.0,True,15000,48,0.0032
201_pol,SVR,4,1,-0.3536572757095342,-0.3536572757095342,48.72427422994662,48.72427422994662,0.0,True,0.0,True,15000,48,0.0032
201_pol,SVR,4,5,-0.2254582681546921,-0.2254582681546924,46.35966414773765,46.35966414773765,0.0,True,0.0,True,15000,48,0.0032
201_pol,SVR,4,10,-0.2086956232899004,-0.2086956232899004,46.04150301598556,46.04150301598556,0.0,True,0.0,True,15000,48,0.0032
201_pol,SVR,4,20,0.3841381318441673,0.3841381318441672,32.86492726136794,32.864927261367946,0.0,True,0.0,True,15000,48,0.0032
201_pol,SVR,5,1,-0.3489869792601061,-0.3489869792601061,48.1646010192565,48.1646010192565,0.0,True,0.0,True,15000,48,0.0032
201_pol,SVR,5,5,-0.2180844819171146,-0.2180844819171146,45.76809048790631,45.76809048790631,0.0,True,0.0,True,15000,48,0.0032
201_pol,SVR,5,10,-0.2040688316366712,-0.2040688316366701,45.50401788513386,45.50401788513384,0.0,True,0.0,True,15000,48,0.0032
201_pol,SVR,5,20,0.3901038280586201,0.39010382805862,32.38560703922904,32.38560703922904,0.0,True,0.0,True,15000,48,0.0032
218_house_8L,DT,0,1,-0.2027125558973397,-0.2027125558973397,58924.64800866776,58924.64800866776,0.0,True,0.0,True,22784,8,0.00035112359550561797
218_house_8L,DT,0,5,-0.2027125558973397,-0.2027125558973397,58924.64800866776,58924.64800866776,0.0,True,0.0,True,22784,8,0.00035112359550561797
218_house_8L,DT,0,10,-0.2027125558973397,-0.2027125558973397,58924.64800866776,58924.64800866776,0.0,True,0.0,True,22784,8,0.00035112359550561797
218_house_8L,DT,0,20,-0.0438306051378667,-0.0438306051378667,54894.78488835307,54894.78488835307,0.0,True,0.0,True,22784,8,0.00035112359550561797
218_house_8L,DT,1,1,-0.303354237589597,-0.303354237589597,59758.52379359169,59758.52379359169,0.0,True,0.0,True,22784,8,0.00035112359550561797
218_house_8L,DT,1,5,-0.303354237589597,-0.303354237589597,59758.52379359169,59758.52379359169,0.0,True,0.0,True,22784,8,0.00035112359550561797
218_house_8L,DT,1,10,-0.303354237589597,-0.303354237589597,59758.52379359169,59758.52379359169,0.0,True,0.0,True,22784,8,0.00035112359550561797
218_house_8L,DT,1,20,-0.0785320435082317,-0.0785320435082317,54360.71405832965,54360.71405832965,0.0,True,0.0,True,22784,8,0.00035112359550561797
218_house_8L,DT,2,1,-0.1926445890211545,-0.1926445890211545,56870.36774491883,56870.36774491883,0.0,True,0.0,True,22784,8,0.00035112359550561797
218_house_8L,DT,2,5,-0.1926445890211545,-0.1926445890211545,56870.36774491883,56870.36774491883,0.0,True,0.0,True,22784,8,0.00035112359550561797
218_house_8L,DT,2,10,-0.1926445890211545,-0.1926445890211545,56870.36774491883,56870.36774491883,0.0,True,0.0,True,22784,8,0.00035112359550561797
218_house_8L,DT,2,20,-0.1215505801001131,-0.1215505801001131,55149.29279678396,55149.29279678396,0.0,True,0.0,True,22784,8,0.00035112359550561797
218_house_8L,DT,3,1,-0.4246527333932497,-0.4246527333932497,59855.32300565093,59855.32300565093,0.0,True,0.0,True,22784,8,0.00035112359550561797
218_house_8L,DT,3,5,-0.4246527333932497,-0.4246527333932497,59855.32300565093,59855.32300565093,0.0,True,0.0,True,22784,8,0.00035112359550561797
218_house_8L,DT,3,10,-0.4246527333932497,-0.4246527333932497,59855.32300565093,59855.32300565093,0.0,True,0.0,True,22784,8,0.00035112359550561797
218_house_8L,DT,3,20,-0.1979174481142123,-0.1979174481142123,54886.01705902794,54886.01705902794,0.0,True,0.0,True,22784,8,0.00035112359550561797
218_house_8L,DT,4,1,-0.0994506617324322,-0.0994506617324322,58681.74977853736,58681.74977853736,0.0,True,0.0,True,22784,8,0.00035112359550561797
218_house_8L,DT,4,5,-0.0994506617324322,-0.0994506617324322,58681.74977853736,58681.74977853736,0.0,True,0.0,True,22784,8,0.00035112359550561797
218_house_8L,DT,4,10,-0.0994506617324322,-0.0994506617324322,58681.74977853736,58681.74977853736,0.0,True,0.0,True,22784,8,0.00035112359550561797
218_house_8L,DT,4,20,0.0477796438755825,0.0477796438755825,54611.47586128528,54611.47586128528,0.0,True,0.0,True,22784,8,0.00035112359550561797
218_house_8L,DT,5,1,-0.2818540854057112,-0.2818540854057112,58243.206725626005,58243.206725626005,0.0,True,0.0,True,22784,8,0.00035112359550561797
218_house_8L,DT,5,5,-0.2818540854057112,-0.2818540854057112,58243.206725626005,58243.206725626005,0.0,True,0.0,True,22784,8,0.00035112359550561797
218_house_8L,DT,5,10,-0.2818540854057112,-0.2818540854057112,58243.206725626005,58243.206725626005,0.0,True,0.0,True,22784,8,0.00035112359550561797
218_house_8L,DT,5,20,-0.0734800035331111,-0.0734800035331111,53299.478733787575,53299.478733787575,0.0,True,0.0,True,22784,8,0.00035112359550561797
218_house_8L,KNN,0,1,0.2360474967586255,0.2360474967586255,46962.2886549799,46962.2886549799,0.0,True,0.0,True,22784,8,0.00035112359550561797
218_house_8L,KNN,0,5,0.2360474967586255,0.2360474967586255,46962.2886549799,46962.2886549799,0.0,True,0.0,True,22784,8,0.00035112359550561797
218_house_8L,KNN,0,10,0.2360474967586255,0.2360474967586255,46962.2886549799,46962.2886549799,0.0,True,0.0,True,22784,8,0.00035112359550561797
218_house_8L,KNN,0,20,0.3426160175223344,0.3426160175223344,43563.78775761865,43563.78775761865,0.0,True,0.0,True,22784,8,0.00035112359550561797
218_house_8L,KNN,1,1,0.2175356434391234,0.2175356434391234,46302.123407392726,46302.123407392726,0.0,True,0.0,True,22784,8,0.00035112359550561797
218_house_8L,KNN,1,5,0.2175356434391234,0.2175356434391234,46302.123407392726,46302.123407392726,0.0,True,0.0,True,22784,8,0.00035112359550561797
218_house_8L,KNN,1,10,0.2175356434391234,0.2175356434391234,46302.123407392726,46302.123407392726,0.0,True,0.0,True,22784,8,0.00035112359550561797
218_house_8L,KNN,1,20,0.3584286083442631,0.3584286083442631,41926.74253063001,41926.74253063001,0.0,True,0.0,True,22784,8,0.00035112359550561797
218_house_8L,KNN,2,1,0.1998890142278661,0.1998890142278661,46580.65940751467,46580.65940751467,0.0,True,0.0,True,22784,8,0.00035112359550561797
218_house_8L,KNN,2,5,0.1998890142278661,0.1998890142278661,46580.65940751467,46580.65940751467,0.0,True,0.0,True,22784,8,0.00035112359550561797
218_house_8L,KNN,2,10,0.1998890142278661,0.1998890142278661,46580.65940751467,46580.65940751467,0.0,True,0.0,True,22784,8,0.00035112359550561797
218_house_8L,KNN,2,20,0.3626041481328429,0.3626041481328429,41575.27512893293,41575.27512893293,0.0,True,0.0,True,22784,8,0.00035112359550561797
218_house_8L,KNN,3,1,0.1663591837479668,0.1663591837479668,45786.53262566389,45786.53262566389,0.0,True,0.0,True,22784,8,0.00035112359550561797
218_house_8L,KNN,3,5,0.1663591837479668,0.1663591837479668,45786.53262566389,45786.53262566389,0.0,True,0.0,True,22784,8,0.00035112359550561797
218_house_8L,KNN,3,10,0.1663591837479668,0.1663591837479668,45786.53262566389,45786.53262566389,0.0,True,0.0,True,22784,8,0.00035112359550561797
218_house_8L,KNN,3,20,0.3519328250254075,0.3519328250254075,40369.95667311809,40369.95667311809,0.0,True,0.0,True,22784,8,0.00035112359550561797
218_house_8L,KNN,4,1,0.2466380801378046,0.2466380801378046,48575.47038066711,48575.47038066711,0.0,True,0.0,True,22784,8,0.00035112359550561797
218_house_8L,KNN,4,5,0.2466380801378046,0.2466380801378046,48575.47038066711,48575.47038066711,0.0,True,0.0,True,22784,8,0.00035112359550561797
218_house_8L,KNN,4,10,0.2466380801378046,0.2466380801378046,48575.47038066711,48575.47038066711,0.0,True,0.0,True,22784,8,0.00035112359550561797
218_house_8L,KNN,4,20,0.4203684391680374,0.4203684391680374,42608.00450854297,42608.00450854297,0.0,True,0.0,True,22784,8,0.00035112359550561797
218_house_8L,KNN,5,1,0.2037407722072668,0.2037407722072668,45904.28437976184,45904.28437976184,0.0,True,0.0,True,22784,8,0.00035112359550561797
218_house_8L,KNN,5,5,0.2037407722072668,0.2037407722072668,45904.28437976184,45904.28437976184,0.0,True,0.0,True,22784,8,0.00035112359550561797
218_house_8L,KNN,5,10,0.2037407722072668,0.2037407722072668,45904.28437976184,45904.28437976184,0.0,True,0.0,True,22784,8,0.00035112359550561797
218_house_8L,KNN,5,20,0.3523270107729463,0.3523270107729463,41400.336869226056,41400.336869226056,0.0,True,0.0,True,22784,8,0.00035112359550561797
218_house_8L,LR,0,1,0.2120507248665692,0.2120507248665692,47694.16003704525,47694.16003704525,0.0,True,0.0,True,22784,8,0.00035112359550561797
218_house_8L,LR,0,5,0.2120507248665692,0.2120507248665692,47694.16003704525,47694.16003704525,0.0,True,0.0,True,22784,8,0.00035112359550561797
218_house_8L,LR,0,10,0.2120507248665692,0.2120507248665692,47694.16003704525,47694.16003704525,0.0,True,0.0,True,22784,8,0.00035112359550561797
218_house_8L,LR,0,20,0.2733131309753491,0.2733131309753491,45802.55773555024,45802.55773555024,0.0,True,0.0,True,22784,8,0.00035112359550561797
218_house_8L,LR,1,1,0.2093686565918708,0.2093686565918708,46543.13580108544,46543.13580108544,0.0,True,0.0,True,22784,8,0.00035112359550561797
218_house_8L,LR,1,5,0.2093686565918708,0.2093686565918708,46543.13580108544,46543.13580108544,0.0,True,0.0,True,22784,8,0.00035112359550561797
218_house_8L,LR,1,10,0.2093686565918708,0.2093686565918708,46543.13580108544,46543.13580108544,0.0,True,0.0,True,22784,8,0.00035112359550561797
218_house_8L,LR,1,20,0.3069774593312049,0.3069774593312049,43575.49273478995,43575.49273478995,0.0,True,0.0,True,22784,8,0.00035112359550561797
218_house_8L,LR,2,1,0.171112698670141,0.171112698670141,47410.90644283714,47410.90644283714,0.0,True,0.0,True,22784,8,0.00035112359550561797
218_house_8L,LR,2,5,0.171112698670141,0.171112698670141,47410.90644283714,47410.90644283714,0.0,True,0.0,True,22784,8,0.00035112359550561797
218_house_8L,LR,2,10,0.171112698670141,0.171112698670141,47410.90644283714,47410.90644283714,0.0,True,0.0,True,22784,8,0.00035112359550561797
218_house_8L,LR,2,20,0.2610924337811735,0.2610924337811735,44763.6583406673,44763.6583406673,0.0,True,0.0,True,22784,8,0.00035112359550561797
218_house_8L,LR,3,1,0.1876513346951506,0.1876513346951506,45198.0300522041,45198.0300522041,0.0,True,0.0,True,22784,8,0.00035112359550561797
218_house_8L,LR,3,5,0.1876513346951506,0.1876513346951506,45198.0300522041,45198.0300522041,0.0,True,0.0,True,22784,8,0.00035112359550561797
218_house_8L,LR,3,10,0.1876513346951506,0.1876513346951506,45198.0300522041,45198.0300522041,0.0,True,0.0,True,22784,8,0.00035112359550561797
218_house_8L,LR,3,20,0.2890459766673032,0.2890459766673032,42283.315053016726,42283.315053016726,0.0,True,0.0,True,22784,8,0.00035112359550561797
218_house_8L,LR,4,1,0.1985111954517296,0.1985111954517296,50103.0210126849,50103.0210126849,0.0,True,0.0,True,22784,8,0.00035112359550561797
218_house_8L,LR,4,5,0.1985111954517296,0.1985111954517296,50103.0210126849,50103.0210126849,0.0,True,0.0,True,22784,8,0.00035112359550561797
218_house_8L,LR,4,10,0.1985111954517296,0.1985111954517296,50103.0210126849,50103.0210126849,0.0,True,0.0,True,22784,8,0.00035112359550561797
218_house_8L,LR,4,20,0.2956660451743823,0.2956660451743823,46968.26259493368,46968.26259493368,0.0,True,0.0,True,22784,8,0.00035112359550561797
218_house_8L,LR,5,1,0.1994092498906287,0.1994092498906287,46028.97100823822,46028.97100823822,0.0,True,0.0,True,22784,8,0.00035112359550561797
218_house_8L,LR,5,5,0.1994092498906287,0.1994092498906287,46028.97100823822,46028.97100823822,0.0,True,0.0,True,22784,8,0.00035112359550561797
218_house_8L,LR,5,10,0.1994092498906287,0.1994092498906287,46028.97100823822,46028.97100823822,0.0,True,0.0,True,22784,8,0.00035112359550561797
218_house_8L,LR,5,20,0.2937286513235971,0.2937286513235971,43232.64198729141,43232.64198729141,0.0,True,0.0,True,22784,8,0.00035112359550561797
218_house_8L,RF,0,1,0.0911886590913106,0.0911886590913106,51221.57677641763,51221.57677641763,0.0,True,0.0,True,22784,8,0.00035112359550561797
218_house_8L,RF,0,5,0.0911886590913106,0.0911886590913106,51221.57677641763,51221.57677641763,0.0,True,0.0,True,22784,8,0.00035112359550561797
218_house_8L,RF,0,10,0.0911886590913106,0.0911886590913106,51221.57677641763,51221.57677641763,0.0,True,0.0,True,22784,8,0.00035112359550561797
218_house_8L,RF,0,20,0.3700749880243583,0.3700749880243583,42644.25198427501,42644.25198427501,0.0,True,0.0,True,22784,8,0.00035112359550561797
218_house_8L,RF,1,1,0.0433904942518657,0.0433904942518657,51195.9931784141,51195.9931784141,0.0,True,0.0,True,22784,8,0.00035112359550561797
218_house_8L,RF,1,5,0.0433904942518657,0.0433904942518657,51195.9931784141,51195.9931784141,0.0,True,0.0,True,22784,8,0.00035112359550561797
218_house_8L,RF,1,10,0.0433904942518657,0.0433904942518657,51195.9931784141,51195.9931784141,0.0,True,0.0,True,22784,8,0.00035112359550561797
218_house_8L,RF,1,20,0.3715045010078487,0.3715045010078487,41497.28775881391,41497.28775881391,0.0,True,0.0,True,22784,8,0.00035112359550561797
218_house_8L,RF,2,1,0.0833436563634371,0.0833436563634371,49857.87789400284,49857.87789400284,0.0,True,0.0,True,22784,8,0.00035112359550561797
218_house_8L,RF,2,5,0.0833436563634371,0.0833436563634371,49857.87789400284,49857.87789400284,0.0,True,0.0,True,22784,8,0.00035112359550561797
218_house_8L,RF,2,10,0.0833436563634371,0.0833436563634371,49857.87789400284,49857.87789400284,0.0,True,0.0,True,22784,8,0.00035112359550561797
218_house_8L,RF,2,20,0.3441078581946728,0.3441078581946728,42174.18796903267,42174.18796903267,0.0,True,0.0,True,22784,8,0.00035112359550561797
218_house_8L,RF,3,1,-0.0295936812706711,-0.0295936812706711,50883.995465700624,50883.995465700624,0.0,True,0.0,True,22784,8,0.00035112359550561797
218_house_8L,RF,3,5,-0.0295936812706711,-0.0295936812706711,50883.995465700624,50883.995465700624,0.0,True,0.0,True,22784,8,0.00035112359550561797
218_house_8L,RF,3,10,-0.0295936812706711,-0.0295936812706711,50883.995465700624,50883.995465700624,0.0,True,0.0,True,22784,8,0.00035112359550561797
218_house_8L,RF,3,20,0.3301996341256838,0.3301996341256838,41041.28605071549,41041.28605071549,0.0,True,0.0,True,22784,8,0.00035112359550561797
218_house_8L,RF,4,1,0.1370775997815141,0.1370775997815141,51987.753863248,51987.753863248,0.0,True,0.0,True,22784,8,0.00035112359550561797
218_house_8L,RF,4,5,0.1370775997815141,0.1370775997815141,51987.753863248,51987.753863248,0.0,True,0.0,True,22784,8,0.00035112359550561797
218_house_8L,RF,4,10,0.1370775997815141,0.1370775997815141,51987.753863248,51987.753863248,0.0,True,0.0,True,22784,8,0.00035112359550561797
218_house_8L,RF,4,20,0.4192678099384087,0.4192678099384087,42648.43827509911,42648.43827509911,0.0,True,0.0,True,22784,8,0.00035112359550561797
218_house_8L,RF,5,1,0.0420636416471562,0.0420636416471562,50349.40130188173,50349.40130188173,0.0,True,0.0,True,22784,8,0.00035112359550561797
218_house_8L,RF,5,5,0.0420636416471562,0.0420636416471562,50349.40130188173,50349.40130188173,0.0,True,0.0,True,22784,8,0.00035112359550561797
218_house_8L,RF,5,10,0.0420636416471562,0.0420636416471562,50349.40130188173,50349.40130188173,0.0,True,0.0,True,22784,8,0.00035112359550561797
218_house_8L,RF,5,20,0.3535441587481394,0.3535441587481394,41361.4175121757,41361.4175121757,0.0,True,0.0,True,22784,8,0.00035112359550561797
218_house_8L,SVR,0,1,0.1175458087770443,0.1175458087770443,50473.35337062418,50473.35337062418,0.0,True,0.0,True,22784,8,0.00035112359550561797
218_house_8L,SVR,0,5,0.1175458087770443,0.1175458087770443,50473.35337062418,50473.35337062418,0.0,True,0.0,True,22784,8,0.00035112359550561797
218_house_8L,SVR,0,10,0.1175458087770443,0.1175458087770443,50473.35337062418,50473.35337062418,0.0,True,0.0,True,22784,8,0.00035112359550561797
218_house_8L,SVR,0,20,0.1934340846593846,0.1934340846593846,48254.29857325643,48254.29857325643,0.0,True,0.0,True,22784,8,0.00035112359550561797
218_house_8L,SVR,1,1,0.118581496880516,0.118581496880516,49142.77855642512,49142.77855642512,0.0,True,0.0,True,22784,8,0.00035112359550561797
218_house_8L,SVR,1,5,0.118581496880516,0.118581496880516,49142.77855642512,49142.77855642512,0.0,True,0.0,True,22784,8,0.00035112359550561797
218_house_8L,SVR,1,10,0.118581496880516,0.118581496880516,49142.77855642512,49142.77855642512,0.0,True,0.0,True,22784,8,0.00035112359550561797
218_house_8L,SVR,1,20,0.225011458567355,0.225011458567355,46080.40284480759,46080.40284480759,0.0,True,0.0,True,22784,8,0.00035112359550561797
218_house_8L,SVR,2,1,0.0956556099542274,0.0956556099542274,49521.91608685168,49521.91608685168,0.0,True,0.0,True,22784,8,0.00035112359550561797
218_house_8L,SVR,2,5,0.0956556099542274,0.0956556099542274,49521.91608685168,49521.91608685168,0.0,True,0.0,True,22784,8,0.00035112359550561797
218_house_8L,SVR,2,10,0.0956556099542274,0.0956556099542274,49521.91608685168,49521.91608685168,0.0,True,0.0,True,22784,8,0.00035112359550561797
218_house_8L,SVR,2,20,0.1972473549815521,0.1972473549815521,46657.49176763618,46657.49176763618,0.0,True,0.0,True,22784,8,0.00035112359550561797
218_house_8L,SVR,3,1,0.1051329349376446,0.1051329349376446,47438.12697254986,47438.12697254986,0.0,True,0.0,True,22784,8,0.00035112359550561797
218_house_8L,SVR,3,5,0.1051329349376446,0.1051329349376446,47438.12697254986,47438.12697254986,0.0,True,0.0,True,22784,8,0.00035112359550561797
218_house_8L,SVR,3,10,0.1051329349376446,0.1051329349376446,47438.12697254986,47438.12697254986,0.0,True,0.0,True,22784,8,0.00035112359550561797
218_house_8L,SVR,3,20,0.2172696975104192,0.2172696975104192,44366.41575396168,44366.41575396168,0.0,True,0.0,True,22784,8,0.00035112359550561797
218_house_8L,SVR,4,1,0.0997111966248125,0.0997111966248125,53101.41662121346,53101.41662121346,0.0,True,0.0,True,22784,8,0.00035112359550561797
218_house_8L,SVR,4,5,0.0997111966248125,0.0997111966248125,53101.41662121346,53101.41662121346,0.0,True,0.0,True,22784,8,0.00035112359550561797
218_house_8L,SVR,4,10,0.0997111966248125,0.0997111966248125,53101.41662121346,53101.41662121346,0.0,True,0.0,True,22784,8,0.00035112359550561797
218_house_8L,SVR,4,20,0.1993293007664022,0.1993293007664022,50077.44360429376,50077.44360429376,0.0,True,0.0,True,22784,8,0.00035112359550561797
218_house_8L,SVR,5,1,0.1096929064825443,0.1096929064825443,48539.56712853597,48539.56712853597,0.0,True,0.0,True,22784,8,0.00035112359550561797
218_house_8L,SVR,5,5,0.1096929064825443,0.1096929064825443,48539.56712853597,48539.56712853597,0.0,True,0.0,True,22784,8,0.00035112359550561797
218_house_8L,SVR,5,10,0.1096929064825443,0.1096929064825443,48539.56712853597,48539.56712853597,0.0,True,0.0,True,22784,8,0.00035112359550561797
218_house_8L,SVR,5,20,0.2125280150373686,0.2125280150373686,45650.28974341979,45650.28974341979,0.0,True,0.0,True,22784,8,0.00035112359550561797
225_puma8NH,DT,0,1,-0.364797110651923,-0.364797110651923,6.470508268480594,6.470508268480594,0.0,True,0.0,True,8192,8,0.0009765625
225_puma8NH,DT,0,5,-0.364797110651923,-0.364797110651923,6.470508268480594,6.470508268480594,0.0,True,0.0,True,8192,8,0.0009765625
225_puma8NH,DT,0,10,-0.364797110651923,-0.364797110651923,6.470508268480594,6.470508268480594,0.0,True,0.0,True,8192,8,0.0009765625
225_puma8NH,DT,0,20,0.3490287895997623,0.3490287895997623,4.468741574789524,4.468741574789524,0.0,True,0.0,True,8192,8,0.0009765625
225_puma8NH,DT,1,1,-0.3366386713922786,-0.3366386713922786,6.520790914359461,6.520790914359461,0.0,True,0.0,True,8192,8,0.0009765625
225_puma8NH,DT,1,5,-0.3366386713922786,-0.3366386713922786,6.520790914359461,6.520790914359461,0.0,True,0.0,True,8192,8,0.0009765625
225_puma8NH,DT,1,10,-0.3366386713922786,-0.3366386713922786,6.520790914359461,6.520790914359461,0.0,True,0.0,True,8192,8,0.0009765625
225_puma8NH,DT,1,20,0.3770580683701378,0.3770580683701378,4.451609357639493,4.451609357639493,0.0,True,0.0,True,8192,8,0.0009765625
225_puma8NH,DT,2,1,-0.411790905714976,-0.411790905714976,6.711712097601692,6.711712097601692,0.0,True,0.0,True,8192,8,0.0009765625
225_puma8NH,DT,2,5,-0.411790905714976,-0.411790905714976,6.711712097601692,6.711712097601692,0.0,True,0.0,True,8192,8,0.0009765625
225_puma8NH,DT,2,10,-0.411790905714976,-0.411790905714976,6.711712097601692,6.711712097601692,0.0,True,0.0,True,8192,8,0.0009765625
225_puma8NH,DT,2,20,0.3473133257950351,0.3473133257950351,4.563525712827349,4.563525712827349,0.0,True,0.0,True,8192,8,0.0009765625
225_puma8NH,DT,3,1,-0.4086960966955373,-0.4086960966955373,6.576013698313217,6.576013698313217,0.0,True,0.0,True,8192,8,0.0009765625
225_puma8NH,DT,3,5,-0.4086960966955373,-0.4086960966955373,6.576013698313217,6.576013698313217,0.0,True,0.0,True,8192,8,0.0009765625
225_puma8NH,DT,3,10,-0.4086960966955373,-0.4086960966955373,6.576013698313217,6.576013698313217,0.0,True,0.0,True,8192,8,0.0009765625
225_puma8NH,DT,3,20,0.3551718256800412,0.3551718256800412,4.449139837616243,4.449139837616243,0.0,True,0.0,True,8192,8,0.0009765625
225_puma8NH,DT,4,1,-0.3124238492299596,-0.3124238492299596,6.366041505879845,6.366041505879845,0.0,True,0.0,True,8192,8,0.0009765625
225_puma8NH,DT,4,5,-0.3124238492299596,-0.3124238492299596,6.366041505879845,6.366041505879845,0.0,True,0.0,True,8192,8,0.0009765625
225_puma8NH,DT,4,10,-0.3124238492299596,-0.3124238492299596,6.366041505879845,6.366041505879845,0.0,True,0.0,True,8192,8,0.0009765625
225_puma8NH,DT,4,20,0.3610709204279365,0.3610709204279365,4.441797305235576,4.441797305235576,0.0,True,0.0,True,8192,8,0.0009765625
225_puma8NH,DT,5,1,-0.2933242713408368,-0.2933242713408368,6.44341935458484,6.44341935458484,0.0,True,0.0,True,8192,8,0.0009765625
225_puma8NH,DT,5,5,-0.2933242713408368,-0.2933242713408368,6.44341935458484,6.44341935458484,0.0,True,0.0,True,8192,8,0.0009765625
225_puma8NH,DT,5,10,-0.2933242713408368,-0.2933242713408368,6.44341935458484,6.44341935458484,0.0,True,0.0,True,8192,8,0.0009765625
225_puma8NH,DT,5,20,0.405726174786384,0.405726174786384,4.36773201834994,4.36773201834994,0.0,True,0.0,True,8192,8,0.0009765625
225_puma8NH,KNN,0,1,0.215433811840629,0.215433811840629,4.905905102749394,4.905905102749394,0.0,True,0.0,True,8192,8,0.0009765625
225_puma8NH,KNN,0,5,0.215433811840629,0.215433811840629,4.905905102749394,4.905905102749394,0.0,True,0.0,True,8192,8,0.0009765625
225_puma8NH,KNN,0,10,0.215433811840629,0.215433811840629,4.905905102749394,4.905905102749394,0.0,True,0.0,True,8192,8,0.0009765625
225_puma8NH,KNN,0,20,0.620450216070251,0.620450216070251,3.412233352171596,3.412233352171596,0.0,True,0.0,True,8192,8,0.0009765625
225_puma8NH,KNN,1,1,0.2000660506933292,0.2000660506933292,5.044525577628051,5.044525577628051,0.0,True,0.0,True,8192,8,0.0009765625
225_puma8NH,KNN,1,5,0.2000660506933292,0.2000660506933292,5.044525577628051,5.044525577628051,0.0,True,0.0,True,8192,8,0.0009765625
225_puma8NH,KNN,1,10,0.2000660506933292,0.2000660506933292,5.044525577628051,5.044525577628051,0.0,True,0.0,True,8192,8,0.0009765625
225_puma8NH,KNN,1,20,0.6358564757460985,0.6358564757460985,3.403529816702211,3.403529816702211,0.0,True,0.0,True,8192,8,0.0009765625
225_puma8NH,KNN,2,1,0.1663331519992162,0.1663331519992162,5.1575612549724505,5.1575612549724505,0.0,True,0.0,True,8192,8,0.0009765625
225_puma8NH,KNN,2,5,0.1663331519992162,0.1663331519992162,5.1575612549724505,5.1575612549724505,0.0,True,0.0,True,8192,8,0.0009765625
225_puma8NH,KNN,2,10,0.1663331519992162,0.1663331519992162,5.1575612549724505,5.1575612549724505,0.0,True,0.0,True,8192,8,0.0009765625
225_puma8NH,KNN,2,20,0.6087344822597118,0.6087344822597118,3.5333276869511776,3.5333276869511776,0.0,True,0.0,True,8192,8,0.0009765625
225_puma8NH,KNN,3,1,0.15496566325422,0.15496566325422,5.093205878956272,5.093205878956272,0.0,True,0.0,True,8192,8,0.0009765625
225_puma8NH,KNN,3,5,0.15496566325422,0.15496566325422,5.093205878956272,5.093205878956272,0.0,True,0.0,True,8192,8,0.0009765625
225_puma8NH,KNN,3,10,0.15496566325422,0.15496566325422,5.093205878956272,5.093205878956272,0.0,True,0.0,True,8192,8,0.0009765625
225_puma8NH,KNN,3,20,0.629592929623293,0.629592929623293,3.3720475304470203,3.3720475304470203,0.0,True,0.0,True,8192,8,0.0009765625
225_puma8NH,KNN,4,1,0.2013259159532141,0.2013259159532141,4.966119950080357,4.966119950080357,0.0,True,0.0,True,8192,8,0.0009765625
225_puma8NH,KNN,4,5,0.2013259159532141,0.2013259159532141,4.966119950080357,4.966119950080357,0.0,True,0.0,True,8192,8,0.0009765625
225_puma8NH,KNN,4,10,0.2013259159532141,0.2013259159532141,4.966119950080357,4.966119950080357,0.0,True,0.0,True,8192,8,0.0009765625
225_puma8NH,KNN,4,20,0.623541386422643,0.623541386422643,3.409502617702825,3.409502617702825,0.0,True,0.0,True,8192,8,0.0009765625
225_puma8NH,KNN,5,1,0.2250649247887824,0.2250649247887824,4.987642794273331,4.987642794273331,0.0,True,0.0,True,8192,8,0.0009765625
225_puma8NH,KNN,5,5,0.2250649247887824,0.2250649247887824,4.987642794273331,4.987642794273331,0.0,True,0.0,True,8192,8,0.0009765625
225_puma8NH,KNN,5,10,0.2250649247887824,0.2250649247887824,4.987642794273331,4.987642794273331,0.0,True,0.0,True,8192,8,0.0009765625
225_puma8NH,KNN,5,20,0.6521440272752552,0.6521440272752552,3.3416611965750525,3.3416611965750525,0.0,True,0.0,True,8192,8,0.0009765625
225_puma8NH,LR,0,1,0.2818538328194969,0.2818538328194969,4.693650768948524,4.693650768948524,0.0,True,0.0,True,8192,8,0.0009765625
225_puma8NH,LR,0,5,0.2818538328194969,0.2818538328194969,4.693650768948524,4.693650768948524,0.0,True,0.0,True,8192,8,0.0009765625
225_puma8NH,LR,0,10,0.2818538328194969,0.2818538328194969,4.693650768948524,4.693650768948524,0.0,True,0.0,True,8192,8,0.0009765625
225_puma8NH,LR,0,20,0.4091109115188547,0.4091109115188547,4.257526251311725,4.257526251311725,0.0,True,0.0,True,8192,8,0.0009765625
225_puma8NH,LR,1,1,0.2575036961476068,0.2575036961476068,4.860046360916258,4.860046360916258,0.0,True,0.0,True,8192,8,0.0009765625
225_puma8NH,LR,1,5,0.2575036961476068,0.2575036961476068,4.860046360916258,4.860046360916258,0.0,True,0.0,True,8192,8,0.0009765625
225_puma8NH,LR,1,10,0.2575036961476068,0.2575036961476068,4.860046360916258,4.860046360916258,0.0,True,0.0,True,8192,8,0.0009765625
225_puma8NH,LR,1,20,0.3735826180559486,0.3735826180559486,4.4640100544987895,4.4640100544987895,0.0,True,0.0,True,8192,8,0.0009765625
225_puma8NH,LR,2,1,0.2642920013514885,0.2642920013514885,4.845079056903021,4.845079056903021,0.0,True,0.0,True,8192,8,0.0009765625
225_puma8NH,LR,2,5,0.2642920013514885,0.2642920013514885,4.845079056903021,4.845079056903021,0.0,True,0.0,True,8192,8,0.0009765625
225_puma8NH,LR,2,10,0.2642920013514885,0.2642920013514885,4.845079056903021,4.845079056903021,0.0,True,0.0,True,8192,8,0.0009765625
225_puma8NH,LR,2,20,0.3740712398374594,0.3740712398374594,4.469002343705832,4.469002343705832,0.0,True,0.0,True,8192,8,0.0009765625
225_puma8NH,LR,3,1,0.2742928606148124,0.2742928606148124,4.7199212361771,4.7199212361771,0.0,True,0.0,True,8192,8,0.0009765625
225_puma8NH,LR,3,5,0.2742928606148124,0.2742928606148124,4.7199212361771,4.7199212361771,0.0,True,0.0,True,8192,8,0.0009765625
225_puma8NH,LR,3,10,0.2742928606148124,0.2742928606148124,4.7199212361771,4.7199212361771,0.0,True,0.0,True,8192,8,0.0009765625
225_puma8NH,LR,3,20,0.3762573681875822,0.3762573681875822,4.375792985704426,4.375792985704426,0.0,True,0.0,True,8192,8,0.0009765625
225_puma8NH,LR,4,1,0.2666346022649728,0.2666346022649728,4.758747004054128,4.758747004054128,0.0,True,0.0,True,8192,8,0.0009765625
225_puma8NH,LR,4,5,0.2666346022649728,0.2666346022649728,4.758747004054128,4.758747004054128,0.0,True,0.0,True,8192,8,0.0009765625
225_puma8NH,LR,4,10,0.2666346022649728,0.2666346022649728,4.758747004054128,4.758747004054128,0.0,True,0.0,True,8192,8,0.0009765625
225_puma8NH,LR,4,20,0.3467928780216267,0.3467928780216267,4.491153146674184,4.491153146674184,0.0,True,0.0,True,8192,8,0.0009765625
225_puma8NH,LR,5,1,0.285723407344538,0.285723407344538,4.788460314485739,4.788460314485739,0.0,True,0.0,True,8192,8,0.0009765625
225_puma8NH,LR,5,5,0.285723407344538,0.285723407344538,4.788460314485739,4.788460314485739,0.0,True,0.0,True,8192,8,0.0009765625
225_puma8NH,LR,5,10,0.285723407344538,0.285723407344538,4.788460314485739,4.788460314485739,0.0,True,0.0,True,8192,8,0.0009765625
225_puma8NH,LR,5,20,0.3919616190383208,0.3919616190383208,4.418025114435999,4.418025114435999,0.0,True,0.0,True,8192,8,0.0009765625
225_puma8NH,RF,0,1,0.0271609918331205,0.0271609918331205,5.462919959591191,5.462919959591191,0.0,True,0.0,True,8192,8,0.0009765625
225_puma8NH,RF,0,5,0.0271609918331205,0.0271609918331205,5.462919959591191,5.462919959591191,0.0,True,0.0,True,8192,8,0.0009765625
225_puma8NH,RF,0,10,0.0271609918331205,0.0271609918331205,5.462919959591191,5.462919959591191,0.0,True,0.0,True,8192,8,0.0009765625
225_puma8NH,RF,0,20,0.6267142122602373,0.6267142122602373,3.38395887851204,3.38395887851204,0.0,True,0.0,True,8192,8,0.0009765625
225_puma8NH,RF,1,1,0.0248621384682884,0.0248621384682884,5.569629081484167,5.569629081484167,0.0,True,0.0,True,8192,8,0.0009765625
225_puma8NH,RF,1,5,0.0248621384682884,0.0248621384682884,5.569629081484167,5.569629081484167,0.0,True,0.0,True,8192,8,0.0009765625
225_puma8NH,RF,1,10,0.0248621384682884,0.0248621384682884,5.569629081484167,5.569629081484167,0.0,True,0.0,True,8192,8,0.0009765625
225_puma8NH,RF,1,20,0.6331992267469325,0.6331992267469325,3.415925460695956,3.415925460695956,0.0,True,0.0,True,8192,8,0.0009765625
225_puma8NH,RF,2,1,-0.0428887120967633,-0.0428887120967633,5.768555990873558,5.768555990873558,0.0,True,0.0,True,8192,8,0.0009765625
225_puma8NH,RF,2,5,-0.0428887120967633,-0.0428887120967633,5.768555990873558,5.768555990873558,0.0,True,0.0,True,8192,8,0.0009765625
225_puma8NH,RF,2,10,-0.0428887120967633,-0.0428887120967633,5.768555990873558,5.768555990873558,0.0,True,0.0,True,8192,8,0.0009765625
225_puma8NH,RF,2,20,0.6055214416417145,0.6055214416417145,3.54780572444189,3.54780572444189,0.0,True,0.0,True,8192,8,0.0009765625
225_puma8NH,RF,3,1,-0.033070376272112,-0.033070376272112,5.631434117705521,5.631434117705521,0.0,True,0.0,True,8192,8,0.0009765625
225_puma8NH,RF,3,5,-0.033070376272112,-0.033070376272112,5.631434117705521,5.631434117705521,0.0,True,0.0,True,8192,8,0.0009765625
225_puma8NH,RF,3,10,-0.033070376272112,-0.033070376272112,5.631434117705521,5.631434117705521,0.0,True,0.0,True,8192,8,0.0009765625
225_puma8NH,RF,3,20,0.6426704719634457,0.6426704719634457,3.311986107776995,3.311986107776995,0.0,True,0.0,True,8192,8,0.0009765625
225_puma8NH,RF,4,1,0.0397460900363707,0.0397460900363707,5.445345634133294,5.445345634133294,0.0,True,0.0,True,8192,8,0.0009765625
225_puma8NH,RF,4,5,0.0397460900363707,0.0397460900363707,5.445345634133294,5.445345634133294,0.0,True,0.0,True,8192,8,0.0009765625
225_puma8NH,RF,4,10,0.0397460900363707,0.0397460900363707,5.445345634133294,5.445345634133294,0.0,True,0.0,True,8192,8,0.0009765625
225_puma8NH,RF,4,20,0.6257781328315819,0.6257781328315819,3.3993586681638104,3.3993586681638104,0.0,True,0.0,True,8192,8,0.0009765625
225_puma8NH,RF,5,1,0.0664776094730065,0.0664776094730065,5.474255366893201,5.474255366893201,0.0,True,0.0,True,8192,8,0.0009765625
225_puma8NH,RF,5,5,0.0664776094730065,0.0664776094730065,5.474255366893201,5.474255366893201,0.0,True,0.0,True,8192,8,0.0009765625
225_puma8NH,RF,5,10,0.0664776094730065,0.0664776094730065,5.474255366893201,5.474255366893201,0.0,True,0.0,True,8192,8,0.0009765625
225_puma8NH,RF,5,20,0.6518357910658839,0.6518357910658839,3.3431413966950125,3.3431413966950125,0.0,True,0.0,True,8192,8,0.0009765625
225_puma8NH,SVR,0,1,0.2703374087503336,0.2703374087503336,4.731135537630341,4.731135537630341,0.0,True,0.0,True,8192,8,0.0009765625
225_puma8NH,SVR,0,5,0.2703374087503336,0.2703374087503336,4.731135537630341,4.731135537630341,0.0,True,0.0,True,8192,8,0.0009765625
225_puma8NH,SVR,0,10,0.2703374087503336,0.2703374087503336,4.731135537630341,4.731135537630341,0.0,True,0.0,True,8192,8,0.0009765625
225_puma8NH,SVR,0,20,0.3992736891512757,0.3992736891512757,4.292819975412366,4.292819975412366,0.0,True,0.0,True,8192,8,0.0009765625
225_puma8NH,SVR,1,1,0.2368148036624099,0.2368148036624099,4.927291237670498,4.927291237670498,0.0,True,0.0,True,8192,8,0.0009765625
225_puma8NH,SVR,1,5,0.2368148036624099,0.2368148036624099,4.927291237670498,4.927291237670498,0.0,True,0.0,True,8192,8,0.0009765625
225_puma8NH,SVR,1,10,0.2368148036624099,0.2368148036624099,4.927291237670498,4.927291237670498,0.0,True,0.0,True,8192,8,0.0009765625
225_puma8NH,SVR,1,20,0.3598094322878167,0.3598094322878167,4.512818838286765,4.512818838286765,0.0,True,0.0,True,8192,8,0.0009765625
225_puma8NH,SVR,2,1,0.2446872069109195,0.2446872069109195,4.909209310945275,4.909209310945275,0.0,True,0.0,True,8192,8,0.0009765625
225_puma8NH,SVR,2,5,0.2446872069109195,0.2446872069109195,4.909209310945275,4.909209310945275,0.0,True,0.0,True,8192,8,0.0009765625
225_puma8NH,SVR,2,10,0.2446872069109195,0.2446872069109195,4.909209310945275,4.909209310945275,0.0,True,0.0,True,8192,8,0.0009765625
225_puma8NH,SVR,2,20,0.3621824901494755,0.3621824901494754,4.51124431485941,4.51124431485941,0.0,True,0.0,True,8192,8,0.0009765625
225_puma8NH,SVR,3,1,0.2604658226779546,0.2604658226779546,4.764673856248704,4.764673856248704,0.0,True,0.0,True,8192,8,0.0009765625
225_puma8NH,SVR,3,5,0.2604658226779546,0.2604658226779546,4.764673856248704,4.764673856248704,0.0,True,0.0,True,8192,8,0.0009765625
225_puma8NH,SVR,3,10,0.2604658226779546,0.2604658226779546,4.764673856248704,4.764673856248704,0.0,True,0.0,True,8192,8,0.0009765625
225_puma8NH,SVR,3,20,0.3435966295676994,0.3435966295676997,4.488895081123592,4.488895081123591,0.0,True,0.0,True,8192,8,0.0009765625
225_puma8NH,SVR,4,1,0.242801884204439,0.242801884204439,4.835453054749451,4.835453054749451,0.0,True,0.0,True,8192,8,0.0009765625
225_puma8NH,SVR,4,5,0.242801884204439,0.242801884204439,4.835453054749451,4.835453054749451,0.0,True,0.0,True,8192,8,0.0009765625
225_puma8NH,SVR,4,10,0.242801884204439,0.242801884204439,4.835453054749451,4.835453054749451,0.0,True,0.0,True,8192,8,0.0009765625
225_puma8NH,SVR,4,20,0.3070964019473153,0.3070964019473153,4.625607912547132,4.625607912547132,0.0,True,0.0,True,8192,8,0.0009765625
225_puma8NH,SVR,5,1,0.2782945615795579,0.2782945615795579,4.813297133777526,4.813297133777526,0.0,True,0.0,True,8192,8,0.0009765625
225_puma8NH,SVR,5,5,0.2782945615795579,0.2782945615795579,4.813297133777526,4.813297133777526,0.0,True,0.0,True,8192,8,0.0009765625
225_puma8NH,SVR,5,10,0.2782945615795579,0.2782945615795579,4.813297133777526,4.813297133777526,0.0,True,0.0,True,8192,8,0.0009765625
225_puma8NH,SVR,5,20,0.3713862938310754,0.3713862938310757,4.492153690124063,4.492153690124062,0.0,True,0.0,True,8192,8,0.0009765625
227_cpu_small,DT,0,1,0.6998265418814471,0.6998265418814471,10.171521308089092,10.171521308089092,0.0,True,0.0,True,8192,12,0.00146484375
227_cpu_small,DT,0,5,0.6998265418814471,0.6998265418814471,10.171521308089092,10.171521308089092,0.0,True,0.0,True,8192,12,0.00146484375
227_cpu_small,DT,0,10,0.7140361185309183,0.7140361185309183,9.927853516191368,9.927853516191368,0.0,True,0.0,True,8192,12,0.00146484375
227_cpu_small,DT,0,20,0.9070946475841856,0.9070946475841856,5.65874516606381,5.65874516606381,0.0,True,0.0,True,8192,12,0.00146484375
227_cpu_small,DT,1,1,0.7147050948948126,0.7147050948948126,10.366072030457794,10.366072030457794,0.0,True,0.0,True,8192,12,0.00146484375
227_cpu_small,DT,1,5,0.7147050948948126,0.7147050948948126,10.366072030457794,10.366072030457794,0.0,True,0.0,True,8192,12,0.00146484375
227_cpu_small,DT,1,10,0.7269600639466667,0.7269600639466667,10.140988753809356,10.140988753809356,0.0,True,0.0,True,8192,12,0.00146484375
227_cpu_small,DT,1,20,0.9077722593913292,0.9077722593913292,5.893835347092535,5.893835347092535,0.0,True,0.0,True,8192,12,0.00146484375
227_cpu_small,DT,2,1,0.6935597444973685,0.6935597444973685,10.281207116433606,10.281207116433606,0.0,True,0.0,True,8192,12,0.00146484375
227_cpu_small,DT,2,5,0.6935597444973685,0.6935597444973685,10.281207116433606,10.281207116433606,0.0,True,0.0,True,8192,12,0.00146484375
227_cpu_small,DT,2,10,0.7221359204831496,0.7221359204831496,9.790106226185976,9.790106226185976,0.0,True,0.0,True,8192,12,0.00146484375
227_cpu_small,DT,2,20,0.910870922176908,0.910870922176908,5.544736431497284,5.544736431497284,0.0,True,0.0,True,8192,12,0.00146484375
227_cpu_small,DT,3,1,0.69809453672484,0.69809453672484,10.56308634019804,10.56308634019804,0.0,True,0.0,True,8192,12,0.00146484375
227_cpu_small,DT,3,5,0.69809453672484,0.69809453672484,10.56308634019804,10.56308634019804,0.0,True,0.0,True,8192,12,0.00146484375
227_cpu_small,DT,3,10,0.7312407351305646,0.7312407351305646,9.966371367420548,9.966371367420548,0.0,True,0.0,True,8192,12,0.00146484375
227_cpu_small,DT,3,20,0.9085222808193965,0.9085222808193965,5.814508469782275,5.814508469782275,0.0,True,0.0,True,8192,12,0.00146484375
227_cpu_small,DT,4,1,0.6642563888552222,0.6642563888552222,10.299603084322095,10.299603084322095,0.0,True,0.0,True,8192,12,0.00146484375
227_cpu_small,DT,4,5,0.6642563888552222,0.6642563888552222,10.299603084322095,10.299603084322095,0.0,True,0.0,True,8192,12,0.00146484375
227_cpu_small,DT,4,10,0.6960813881850402,0.6960813881850402,9.799304622955916,9.799304622955916,0.0,True,0.0,True,8192,12,0.00146484375
227_cpu_small,DT,4,20,0.8974217156680656,0.8974217156680656,5.693041183535327,5.693041183535327,0.0,True,0.0,True,8192,12,0.00146484375
227_cpu_small,DT,5,1,0.7116507390303793,0.7116507390303793,9.917478508997585,9.917478508997585,0.0,True,0.0,True,8192,12,0.00146484375
227_cpu_small,DT,5,5,0.7116507390303793,0.7116507390303793,9.917478508997585,9.917478508997585,0.0,True,0.0,True,8192,12,0.00146484375
227_cpu_small,DT,5,10,0.717906315791383,0.717906315791383,9.809311547939506,9.809311547939506,0.0,True,0.0,True,8192,12,0.00146484375
227_cpu_small,DT,5,20,0.9087837912184352,0.9087837912184352,5.57799159536387,5.57799159536387,0.0,True,0.0,True,8192,12,0.00146484375
227_cpu_small,KNN,0,1,0.8160614885563333,0.8160614885563333,7.962255376288946,7.962255376288946,0.0,True,0.0,True,8192,12,0.00146484375
227_cpu_small,KNN,0,5,0.8160614885563333,0.8160614885563333,7.962255376288946,7.962255376288946,0.0,True,0.0,True,8192,12,0.00146484375
227_cpu_small,KNN,0,10,0.838777005691477,0.8388439191239132,7.454409737004715,7.452862650281007,6.691343243625525e-05,False,0.020753980238405523,False,8192,12,0.00146484375
227_cpu_small,KNN,0,20,0.9472145776381165,0.9472145776381165,4.265370583091736,4.265370583091736,0.0,True,0.0,True,8192,12,0.00146484375
227_cpu_small,KNN,1,1,0.831197252881032,0.831197252881032,7.973646342643966,7.973646342643966,0.0,True,0.0,True,8192,12,0.00146484375
227_cpu_small,KNN,1,5,0.831197252881032,0.831197252881032,7.973646342643966,7.973646342643966,0.0,True,0.0,True,8192,12,0.00146484375
227_cpu_small,KNN,1,10,0.8525006094962657,0.8525006094962657,7.453535549681103,7.453535549681103,0.0,True,0.0,True,8192,12,0.00146484375
227_cpu_small,KNN,1,20,0.950058211995706,0.950058211995706,4.337098222130503,4.337098222130503,0.0,True,0.0,True,8192,12,0.00146484375
227_cpu_small,KNN,2,1,0.8114395886592612,0.8114395886592612,8.064853054427328,8.064853054427328,0.0,True,0.0,True,8192,12,0.00146484375
227_cpu_small,KNN,2,5,0.8114395886592612,0.8114395886592612,8.064853054427328,8.064853054427328,0.0,True,0.0,True,8192,12,0.00146484375
227_cpu_small,KNN,2,10,0.8357484146304773,0.8357395706321817,7.527070527506201,7.527273169394546,-8.843998295593458e-06,False,-0.002692174699365996,False,8192,12,0.00146484375
227_cpu_small,KNN,2,20,0.943762783638006,0.9437610855903332,4.404363026235467,4.404429519230824,-1.6980476728045701e-06,False,-0.0015097074187754912,False,8192,12,0.00146484375
227_cpu_small,KNN,3,1,0.8138975786685964,0.8138975786685964,8.293375996416524,8.293375996416524,0.0,True,0.0,True,8192,12,0.00146484375
227_cpu_small,KNN,3,5,0.8138975786685964,0.8138975786685964,8.293375996416524,8.293375996416524,0.0,True,0.0,True,8192,12,0.00146484375
227_cpu_small,KNN,3,10,0.8383241058729372,0.8383241058729372,7.729973041445651,7.729973041445651,0.0,True,0.0,True,8192,12,0.00146484375
227_cpu_small,KNN,3,20,0.946338781556862,0.946338781556862,4.453337486099686,4.453337486099686,0.0,True,0.0,True,8192,12,0.00146484375
227_cpu_small,KNN,4,1,0.7951864070678605,0.7951864070678605,8.044443358273979,8.044443358273979,0.0,True,0.0,True,8192,12,0.00146484375
227_cpu_small,KNN,4,5,0.7951864070678605,0.7951864070678605,8.044443358273979,8.044443358273979,0.0,True,0.0,True,8192,12,0.00146484375
227_cpu_small,KNN,4,10,0.8087846829264884,0.8087846829264884,7.77280815888323,7.77280815888323,0.0,True,0.0,True,8192,12,0.00146484375
227_cpu_small,KNN,4,20,0.9370072712163244,0.9370072712163244,4.461304033471896,4.461304033471896,0.0,True,0.0,True,8192,12,0.00146484375
227_cpu_small,KNN,5,1,0.8187523095748418,0.8187523095748418,7.862815539762114,7.862815539762114,0.0,True,0.0,True,8192,12,0.00146484375
227_cpu_small,KNN,5,5,0.8187523095748418,0.8187523095748418,7.862815539762114,7.862815539762114,0.0,True,0.0,True,8192,12,0.00146484375
227_cpu_small,KNN,5,10,0.8458739287712498,0.8458353644129223,7.250699404525711,7.251606457689607,-3.8564358327497494e-05,False,-0.012509871300553501,False,8192,12,0.00146484375
227_cpu_small,KNN,5,20,0.9479392610254092,0.9479392610254092,4.214024060176182,4.214024060176182,0.0,True,0.0,True,8192,12,0.00146484375
227_cpu_small,LR,0,1,0.4669637603530882,0.4669637603530882,13.5543325673493,13.5543325673493,0.0,True,0.0,True,8192,12,0.00146484375
227_cpu_small,LR,0,5,0.4669637603530882,0.4669637603530882,13.5543325673493,13.5543325673493,0.0,True,0.0,True,8192,12,0.00146484375
227_cpu_small,LR,0,10,0.5770427795640336,0.5770427795640336,12.07391156760667,12.07391156760667,0.0,True,0.0,True,8192,12,0.00146484375
227_cpu_small,LR,0,20,0.6671774322667771,0.667177432266777,10.710411387090176,10.71041138709018,0.0,True,0.0,True,8192,12,0.00146484375
227_cpu_small,LR,1,1,0.4774318959384456,0.4774318959384456,14.029385967447755,14.029385967447755,0.0,True,0.0,True,8192,12,0.00146484375
227_cpu_small,LR,1,5,0.4774318959384456,0.4774318959384456,14.029385967447755,14.029385967447755,0.0,True,0.0,True,8192,12,0.00146484375
227_cpu_small,LR,1,10,0.6189692652854472,0.6189692652854473,11.979735196638202,11.9797351966382,0.0,True,0.0,True,8192,12,0.00146484375
227_cpu_small,LR,1,20,0.6979850435751448,0.6979850435751447,10.6655053931848,10.6655053931848,0.0,True,0.0,True,8192,12,0.00146484375
227_cpu_small,LR,2,1,0.4557473223430285,0.4557473223430285,13.701606396797116,13.701606396797116,0.0,True,0.0,True,8192,12,0.00146484375
227_cpu_small,LR,2,5,0.4557473223430285,0.4557473223430285,13.701606396797116,13.701606396797116,0.0,True,0.0,True,8192,12,0.00146484375
227_cpu_small,LR,2,10,0.5812006766035822,0.5812006766035822,12.01916192029898,12.01916192029898,0.0,True,0.0,True,8192,12,0.00146484375
227_cpu_small,LR,2,20,0.6793442302626826,0.6793442302626825,10.516972291069626,10.516972291069628,0.0,True,0.0,True,8192,12,0.00146484375
227_cpu_small,LR,3,1,0.4742003261049299,0.4742003261049299,13.940087500599375,13.940087500599375,0.0,True,0.0,True,8192,12,0.00146484375
227_cpu_small,LR,3,5,0.4742003261049299,0.4742003261049299,13.940087500599375,13.940087500599375,0.0,True,0.0,True,8192,12,0.00146484375
227_cpu_small,LR,3,10,0.570842759682039,0.5708427596820389,12.593996420865912,12.593996420865912,0.0,True,0.0,True,8192,12,0.00146484375
227_cpu_small,LR,3,20,0.6612679300023786,0.6612679300023785,11.188799761604509,11.188799761604509,0.0,True,0.0,True,8192,12,0.00146484375
227_cpu_small,LR,4,1,0.4354823937639784,0.4354823937639784,13.355352512727489,13.355352512727489,0.0,True,0.0,True,8192,12,0.00146484375
227_cpu_small,LR,4,5,0.4354823937639784,0.4354823937639784,13.355352512727489,13.355352512727489,0.0,True,0.0,True,8192,12,0.00146484375
227_cpu_small,LR,4,10,0.5951190872440933,0.5951190872440933,11.310459830970402,11.310459830970402,0.0,True,0.0,True,8192,12,0.00146484375
227_cpu_small,LR,4,20,0.7084873987857688,0.7084873987857688,9.597216154788075,9.597216154788075,0.0,True,0.0,True,8192,12,0.00146484375
227_cpu_small,LR,5,1,0.4665765799883566,0.4665765799883566,13.488941974491045,13.488941974491045,0.0,True,0.0,True,8192,12,0.00146484375
227_cpu_small,LR,5,5,0.4665765799883566,0.4665765799883566,13.488941974491045,13.488941974491045,0.0,True,0.0,True,8192,12,0.00146484375
227_cpu_small,LR,5,10,0.6139169136366653,0.6139169136366653,11.475780554967209,11.475780554967209,0.0,True,0.0,True,8192,12,0.00146484375
227_cpu_small,LR,5,20,0.7029977538325786,0.7029977538325787,10.065183885209295,10.065183885209295,0.0,True,0.0,True,8192,12,0.00146484375
227_cpu_small,RF,0,1,0.7796139026439574,0.7796139026439574,8.715491148893124,8.715491148893124,0.0,True,0.0,True,8192,12,0.00146484375
227_cpu_small,RF,0,5,0.7796139026439574,0.7796139026439574,8.715491148893124,8.715491148893124,0.0,True,0.0,True,8192,12,0.00146484375
227_cpu_small,RF,0,10,0.823131336935953,0.823131336935953,7.807737711893323,7.807737711893323,0.0,True,0.0,True,8192,12,0.00146484375
227_cpu_small,RF,0,20,0.9475037811513952,0.9475037811513952,4.253669867527969,4.253669867527969,0.0,True,0.0,True,8192,12,0.00146484375
227_cpu_small,RF,1,1,0.7920108327510547,0.7920108327510547,8.850902819808377,8.850902819808377,0.0,True,0.0,True,8192,12,0.00146484375
227_cpu_small,RF,1,5,0.7920108327510547,0.7920108327510547,8.850902819808377,8.850902819808377,0.0,True,0.0,True,8192,12,0.00146484375
227_cpu_small,RF,1,10,0.8368562397861843,0.8368562397861843,7.838851699638639,7.838851699638639,0.0,True,0.0,True,8192,12,0.00146484375
227_cpu_small,RF,1,20,0.9475094667126306,0.9475094667126306,4.446391578277477,4.446391578277477,0.0,True,0.0,True,8192,12,0.00146484375
227_cpu_small,RF,2,1,0.7710865733923642,0.7710865733923642,8.88601073294524,8.88601073294524,0.0,True,0.0,True,8192,12,0.00146484375
227_cpu_small,RF,2,5,0.7710865733923642,0.7710865733923642,8.88601073294524,8.88601073294524,0.0,True,0.0,True,8192,12,0.00146484375
227_cpu_small,RF,2,10,0.827327401884399,0.827327401884399,7.717611490243287,7.717611490243287,0.0,True,0.0,True,8192,12,0.00146484375
227_cpu_small,RF,2,20,0.9456674201911616,0.9456674201911616,4.329137337475032,4.329137337475032,0.0,True,0.0,True,8192,12,0.00146484375
227_cpu_small,RF,3,1,0.7753867145433099,0.7753867145433099,9.111147212850964,9.111147212850964,0.0,True,0.0,True,8192,12,0.00146484375
227_cpu_small,RF,3,5,0.7753867145433099,0.7753867145433099,9.111147212850964,9.111147212850964,0.0,True,0.0,True,8192,12,0.00146484375
227_cpu_small,RF,3,10,0.8241281460607928,0.8241281460607928,8.062199013972608,8.062199013972608,0.0,True,0.0,True,8192,12,0.00146484375
227_cpu_small,RF,3,20,0.9495793057780222,0.9495793057780222,4.316778391899671,4.316778391899671,0.0,True,0.0,True,8192,12,0.00146484375
227_cpu_small,RF,4,1,0.7576616582439744,0.7576616582439744,8.75039536356551,8.75039536356551,0.0,True,0.0,True,8192,12,0.00146484375
227_cpu_small,RF,4,5,0.7576616582439744,0.7576616582439744,8.75039536356551,8.75039536356551,0.0,True,0.0,True,8192,12,0.00146484375
227_cpu_small,RF,4,10,0.8057477023931453,0.8057477023931453,7.834290874570088,7.834290874570088,0.0,True,0.0,True,8192,12,0.00146484375
227_cpu_small,RF,4,20,0.937892038098099,0.937892038098099,4.429862528057073,4.429862528057073,0.0,True,0.0,True,8192,12,0.00146484375
227_cpu_small,RF,5,1,0.788668160778558,0.788668160778558,8.490324964894688,8.490324964894688,0.0,True,0.0,True,8192,12,0.00146484375
227_cpu_small,RF,5,5,0.788668160778558,0.788668160778558,8.490324964894688,8.490324964894688,0.0,True,0.0,True,8192,12,0.00146484375
227_cpu_small,RF,5,10,0.8300893477852965,0.8300893477852965,7.612935498326293,7.612935498326293,0.0,True,0.0,True,8192,12,0.00146484375
227_cpu_small,RF,5,20,0.9486562646913222,0.9486562646913222,4.184904744154981,4.184904744154981,0.0,True,0.0,True,8192,12,0.00146484375
227_cpu_small,SVR,0,1,0.2977294578871978,0.2977294578871978,15.557936507329392,15.557936507329392,0.0,True,0.0,True,8192,12,0.00146484375
227_cpu_small,SVR,0,5,0.2977294578871978,0.2977294578871978,15.557936507329392,15.557936507329392,0.0,True,0.0,True,8192,12,0.00146484375
227_cpu_small,SVR,0,10,0.2790036724453963,0.2790036724453963,15.763995248304148,15.763995248304148,0.0,True,0.0,True,8192,12,0.00146484375
227_cpu_small,SVR,0,20,0.3084578705759792,0.3084578705759792,15.43864177847561,15.43864177847561,0.0,True,0.0,True,8192,12,0.00146484375
227_cpu_small,SVR,1,1,0.3022320768664298,0.3022320768664298,16.211481860554258,16.211481860554258,0.0,True,0.0,True,8192,12,0.00146484375
227_cpu_small,SVR,1,5,0.3022320768664298,0.3022320768664298,16.211481860554258,16.211481860554258,0.0,True,0.0,True,8192,12,0.00146484375
227_cpu_small,SVR,1,10,0.5288794827344969,0.5288794827344969,13.32088942778914,13.32088942778914,0.0,True,0.0,True,8192,12,0.00146484375
227_cpu_small,SVR,1,20,0.5794136132427767,0.5794136132427767,12.586205551119356,12.586205551119354,0.0,True,0.0,True,8192,12,0.00146484375
227_cpu_small,SVR,2,1,0.2909094210992174,0.2909094210992174,15.639470957708246,15.639470957708246,0.0,True,0.0,True,8192,12,0.00146484375
227_cpu_small,SVR,2,5,0.2909094210992174,0.2909094210992174,15.639470957708246,15.639470957708246,0.0,True,0.0,True,8192,12,0.00146484375
227_cpu_small,SVR,2,10,0.4555607845200089,0.4555607845200087,13.703954248237505,13.703954248237505,0.0,True,0.0,True,8192,12,0.00146484375
227_cpu_small,SVR,2,20,0.5439785192500026,0.543978519250003,12.541914924564953,12.54191492456495,0.0,True,0.0,True,8192,12,0.00146484375
227_cpu_small,SVR,3,1,0.2930984721112222,0.2930984721112222,16.163477527835308,16.163477527835308,0.0,True,0.0,True,8192,12,0.00146484375
227_cpu_small,SVR,3,5,0.2930984721112222,0.2930984721112222,16.163477527835308,16.163477527835308,0.0,True,0.0,True,8192,12,0.00146484375
227_cpu_small,SVR,3,10,0.2101106054820306,0.2101106054820307,17.085924579879848,17.085924579879844,0.0,True,0.0,True,8192,12,0.00146484375
227_cpu_small,SVR,3,20,0.240205919381284,0.2402059193812837,16.757271127111807,16.757271127111807,0.0,True,0.0,True,8192,12,0.00146484375
227_cpu_small,SVR,4,1,0.2902473398057617,0.2902473398057617,14.975113561710195,14.975113561710195,0.0,True,0.0,True,8192,12,0.00146484375
227_cpu_small,SVR,4,5,0.2902473398057617,0.2902473398057617,14.975113561710195,14.975113561710195,0.0,True,0.0,True,8192,12,0.00146484375
227_cpu_small,SVR,4,10,0.461803680423952,0.4618036804239519,13.040281655596177,13.040281655596178,0.0,True,0.0,True,8192,12,0.00146484375
227_cpu_small,SVR,4,20,0.547345750048392,0.5473457500483918,11.959138930403007,11.959138930403013,0.0,True,0.0,True,8192,12,0.00146484375
227_cpu_small,SVR,5,1,0.3119669172112421,0.3119669172112421,15.319567594187776,15.319567594187776,0.0,True,0.0,True,8192,12,0.00146484375
227_cpu_small,SVR,5,5,0.3119669172112421,0.3119669172112421,15.319567594187776,15.319567594187776,0.0,True,0.0,True,8192,12,0.00146484375
227_cpu_small,SVR,5,10,0.4412944578426161,0.4412944578426164,13.804902268859545,13.80490226885954,0.0,True,0.0,True,8192,12,0.00146484375
227_cpu_small,SVR,5,20,0.4809933059453954,0.4809933059453961,13.30541198217472,13.30541198217471,0.0,True,0.0,True,8192,12,0.00146484375
294_satellite_image,DT,0,1,0.517728529642823,0.517728529642823,1.5194664885627769,1.5194664885627769,0.0,True,0.0,True,6435,36,0.005594405594405594
294_satellite_image,DT,0,5,0.4200180801701781,0.4200180801701781,1.6662975980031416,1.6662975980031416,0.0,True,0.0,True,6435,36,0.005594405594405594
294_satellite_image,DT,0,10,0.053550098876287,0.1156108198916781,2.128600480081136,2.057628899576019,0.0620607210153911,False,3.334189819519902,False,6435,36,0.005594405594405594
294_satellite_image,DT,0,20,0.100548600826076,0.100548600826076,2.075076879526167,2.075076879526167,0.0,True,0.0,True,6435,36,0.005594405594405594
294_satellite_image,DT,1,1,0.5327430134735536,0.5327430134735536,1.5011347821151388,1.5011347821151388,0.0,True,0.0,True,6435,36,0.005594405594405594
294_satellite_image,DT,1,5,0.4801731836615198,0.4801731836615198,1.5833288526509128,1.5833288526509128,0.0,True,0.0,True,6435,36,0.005594405594405594
294_satellite_image,DT,1,10,0.1382451984715736,0.1382451984715736,2.0386076142367693,2.0386076142367693,0.0,True,0.0,True,6435,36,0.005594405594405594
294_satellite_image,DT,1,20,0.0405649164852289,0.0974119083911363,2.151045434278364,2.086347211318869,0.0568469919059074,False,3.007757155124892,False,6435,36,0.005594405594405594
294_satellite_image,DT,2,1,0.5492251452651626,0.5492251452651626,1.4648884892071343,1.4648884892071343,0.0,True,0.0,True,6435,36,0.005594405594405594
294_satellite_image,DT,2,5,0.4919600672000724,0.4919600672000724,1.5551548901254115,1.5551548901254115,0.0,True,0.0,True,6435,36,0.005594405594405594
294_satellite_image,DT,2,10,0.1389567249363886,0.1809429159374992,2.024590594511105,1.9746121767219649,0.04198619100111059,False,2.468569098593929,False,6435,36,0.005594405594405594
294_satellite_image,DT,2,20,0.095519225657342,0.095519225657342,2.075030073456721,2.075030073456721,0.0,True,0.0,True,6435,36,0.005594405594405594
294_satellite_image,DT,3,1,0.5315661356497474,0.5315661356497474,1.5282103598631036,1.5282103598631036,0.0,True,0.0,True,6435,36,0.005594405594405594
294_satellite_image,DT,3,5,0.4997460171500929,0.4997460171500929,1.5792623254549143,1.5792623254549143,0.0,True,0.0,True,6435,36,0.005594405594405594
294_satellite_image,DT,3,10,0.2292795186026103,0.2292795186026103,1.9602318784190893,1.9602318784190893,0.0,True,0.0,True,6435,36,0.005594405594405594
294_satellite_image,DT,3,20,0.1049819968602582,0.1049819968602582,2.112393795091455,2.112393795091455,0.0,True,0.0,True,6435,36,0.005594405594405594
294_satellite_image,DT,4,1,0.5293313065994542,0.5293313065994542,1.503446795339945,1.503446795339945,0.0,True,0.0,True,6435,36,0.005594405594405594
294_satellite_image,DT,4,5,0.4484463596628347,0.4484463596628347,1.6275123219738663,1.6275123219738663,0.0,True,0.0,True,6435,36,0.005594405594405594
294_satellite_image,DT,4,10,0.1239610276774538,0.1639339940327638,2.051124967632884,2.0037830124113665,0.03997296635530999,False,2.3080970671500856,False,6435,36,0.005594405594405594
294_satellite_image,DT,4,20,0.1149994242319404,0.1149994242319404,2.061589455610505,2.061589455610505,0.0,True,0.0,True,6435,36,0.005594405594405594
294_satellite_image,DT,5,1,0.534796322234888,0.534796322234888,1.5041183010462975,1.5041183010462975,0.0,True,0.0,True,6435,36,0.005594405594405594
294_satellite_image,DT,5,5,0.4665334315758939,0.4665334315758939,1.6106976674115026,1.6106976674115026,0.0,True,0.0,True,6435,36,0.005594405594405594
294_satellite_image,DT,5,10,0.128488358910481,0.1652480232010826,2.058718759826155,2.0148334569179407,0.036759664290601596,False,2.1316803326706113,False,6435,36,0.005594405594405594
294_satellite_image,DT,5,20,0.1069146070317048,0.1069146070317048,2.084044167775744,2.084044167775744,0.0,True,0.0,True,6435,36,0.005594405594405594
294_satellite_image,KNN,0,1,0.4253833616494079,0.4253833616494079,1.6585724195411158,1.6585724195411158,0.0,True,0.0,True,6435,36,0.005594405594405594
294_satellite_image,KNN,0,5,0.389780229259316,0.3918317591344562,1.709182658847603,1.7063071445329154,0.0020515298751402344,False,0.16823914634298062,False,6435,36,0.005594405594405594
294_satellite_image,KNN,0,10,0.458474019160768,0.4604865959370132,1.610107931924923,1.6071131705056565,0.0020125767762451674,False,0.1859975570511076,False,6435,36,0.005594405594405594
294_satellite_image,KNN,0,20,0.488422460027926,0.4886237177055504,1.5649521938626014,1.5646443327836166,0.00020125767762441127,False,0.01967223536873539,False,6435,36,0.005594405594405594
294_satellite_image,KNN,1,1,0.3963961157970007,0.3963961157970007,1.7061523117692954,1.7061523117692954,0.0,True,0.0,True,6435,36,0.005594405594405594
294_satellite_image,KNN,1,5,0.4409349418030538,0.4400971401273503,1.641999274105082,1.643229144155501,-0.00083780167570352,False,-0.07490076699877161,False,6435,36,0.005594405594405594
294_satellite_image,KNN,1,10,0.4578005339977927,0.4618090927846203,1.6170421066951766,1.6110535048512185,0.0040085587868275985,False,0.37034297493942747,False,6435,36,0.005594405594405594
294_satellite_image,KNN,1,20,0.5181544777898179,0.5039376278159571,1.5243886262238655,1.5467136878954788,-0.014216849973860857,False,-1.4645255998082167,False,6435,36,0.005594405594405594
294_satellite_image,KNN,2,1,0.4953122958171171,0.4953122958171171,1.5500156652590844,1.5500156652590844,0.0,True,0.0,True,6435,36,0.005594405594405594
294_satellite_image,KNN,2,5,0.4623811325885013,0.4620742799573067,1.5997863105165762,1.6002427943212243,-0.0003068526311945652,False,-0.028534048681835095,False,6435,36,0.005594405594405594
294_satellite_image,KNN,2,10,0.513958489746722,0.4994254268310004,1.5211127485442997,1.5436865429769553,-0.014533062915721595,False,-1.4840316376454452,False,6435,36,0.005594405594405594
294_satellite_image,KNN,2,20,0.5262652388914366,0.5262717676708237,1.501731712123752,1.501721364024317,6.528779387116046e-06,False,0.0006890777727709975,False,6435,36,0.005594405594405594
294_satellite_image,KNN,3,1,0.4519047120829682,0.4519047120829682,1.6530539654189795,1.6530539654189795,0.0,True,0.0,True,6435,36,0.005594405594405594
294_satellite_image,KNN,3,5,0.4721712898177331,0.4739916037822215,1.622204127582664,1.6194044777234815,0.0018203139644883959,False,0.17258308073438178,False,6435,36,0.005594405594405594
294_satellite_image,KNN,3,10,0.4987777966685411,0.4968016339057234,1.5807898844870747,1.5839030995452432,-0.0019761627628177014,False,-0.19694047189444697,False,6435,36,0.005594405594405594
294_satellite_image,KNN,3,20,0.525097541730423,0.5251474133458884,1.538725696047469,1.5386448997179718,4.9871615465435504e-05,False,0.005250859831913656,False,6435,36,0.005594405594405594
294_satellite_image,KNN,4,1,0.4262031591312288,0.4262031591312288,1.660005336020856,1.660005336020856,0.0,True,0.0,True,6435,36,0.005594405594405594
294_satellite_image,KNN,4,5,0.4434697442684677,0.4395802323990972,1.6348382772299506,1.6405411580863467,-0.0038895118693704767,False,-0.3488345566546822,False,6435,36,0.005594405594405594
294_satellite_image,KNN,4,10,0.4998838457082399,0.4747476325624242,1.5497650021121143,1.5882337367297057,-0.02513621314581571,False,-2.4822301810380174,False,6435,36,0.005594405594405594
294_satellite_image,KNN,4,20,0.4944022873831869,0.4944605329852241,1.558235010547622,1.5581452524770043,5.8245602037154676e-05,False,0.00576023963073926,False,6435,36,0.005594405594405594
294_satellite_image,KNN,5,1,0.4370594259878364,0.4370594259878364,1.6545949769307706,1.6545949769307706,0.0,True,0.0,True,6435,36,0.005594405594405594
294_satellite_image,KNN,5,5,0.4597150919340601,0.456896714308592,1.6209583052953052,1.6251806426401103,-0.0028183776254681048,False,-0.26048401929967757,False,6435,36,0.005594405594405594
294_satellite_image,KNN,5,10,0.4720367065869006,0.4680935342628329,1.6023680999019942,1.608340730927345,-0.003943172324067712,False,-0.37273776392053937,False,6435,36,0.005594405594405594
294_satellite_image,KNN,5,20,0.497357369063329,0.4972103788470348,1.563471919941143,1.5637005100591626,-0.00014699021629421827,False,-0.014620673074068469,False,6435,36,0.005594405594405594
294_satellite_image,LR,0,1,0.4732903471471632,0.4732903471471632,1.5879286316894992,1.5879286316894992,0.0,True,0.0,True,6435,36,0.005594405594405594
294_satellite_image,LR,0,5,0.477928469844417,0.477928469844417,1.580921646581184,1.580921646581184,0.0,True,0.0,True,6435,36,0.005594405594405594
294_satellite_image,LR,0,10,0.4956098048132473,0.4976400830633143,1.5539200077245274,1.5507894242929388,0.002030278250067019,False,0.20146361563185758,False,6435,36,0.005594405594405594
294_satellite_image,LR,0,20,0.5022501260711758,0.5022501260711759,1.5436574029548018,1.5436574029548016,0.0,True,0.0,True,6435,36,0.005594405594405594
294_satellite_image,LR,1,1,0.501716740065651,0.501716740065651,1.5501721656177678,1.5501721656177678,0.0,True,0.0,True,6435,36,0.005594405594405594
294_satellite_image,LR,1,5,0.5126519522808224,0.5126519522808225,1.533067939024566,1.533067939024566,0.0,True,0.0,True,6435,36,0.005594405594405594
294_satellite_image,LR,1,10,0.5214236153698174,0.5214236153698174,1.519208628291188,1.519208628291188,0.0,True,0.0,True,6435,36,0.005594405594405594
294_satellite_image,LR,1,20,0.5236443870310701,0.5248821615609158,1.5156796842986378,1.5137092131314505,0.0012377745298457477,False,0.13000577810733832,False,6435,36,0.005594405594405594
294_satellite_image,LR,2,1,0.5079478570648865,0.5079478570648865,1.530489269869886,1.530489269869886,0.0,True,0.0,True,6435,36,0.005594405594405594
294_satellite_image,LR,2,5,0.5197959600919286,0.5197959600919286,1.5119506988539468,1.5119506988539466,0.0,True,0.0,True,6435,36,0.005594405594405594
294_satellite_image,LR,2,10,0.5324309211991352,0.5354839531646256,1.4919271481382277,1.4870483385051267,0.003053031965490449,False,0.32701393222780345,False,6435,36,0.005594405594405594
294_satellite_image,LR,2,20,0.5436325499724111,0.5436325499724111,1.4739476396787925,1.4739476396787925,0.0,True,0.0,True,6435,36,0.005594405594405594
294_satellite_image,LR,3,1,0.4826047333050119,0.4826047333050119,1.60609127642586,1.60609127642586,0.0,True,0.0,True,6435,36,0.005594405594405594
294_satellite_image,LR,3,5,0.5002752374798669,0.5002752374798669,1.578426751009397,1.5784267510093968,0.0,True,0.0,True,6435,36,0.005594405594405594
294_satellite_image,LR,3,10,0.5139158178284,0.5139158178283999,1.5567351870782231,1.5567351870782231,0.0,True,0.0,True,6435,36,0.005594405594405594
294_satellite_image,LR,3,20,0.5230726004459441,0.5230726004459441,1.5420027004004362,1.5420027004004362,0.0,True,0.0,True,6435,36,0.005594405594405594
294_satellite_image,LR,4,1,0.4931307885542518,0.4931307885542518,1.5601931383681966,1.5601931383681966,0.0,True,0.0,True,6435,36,0.005594405594405594
294_satellite_image,LR,4,5,0.5061398136015425,0.5061398136015425,1.5400414701093812,1.5400414701093812,0.0,True,0.0,True,6435,36,0.005594405594405594
294_satellite_image,LR,4,10,0.5138857719457266,0.5143306282557492,1.5279163349011855,1.5272170560502103,0.00044485631002255666,False,0.04576682865429466,False,6435,36,0.005594405594405594
294_satellite_image,LR,4,20,0.5233966551138587,0.5233966551138587,1.5128955680374008,1.5128955680374008,0.0,True,0.0,True,6435,36,0.005594405594405594
294_satellite_image,LR,5,1,0.4851366146707494,0.4851366146707494,1.5823641307213263,1.5823641307213263,0.0,True,0.0,True,6435,36,0.005594405594405594
294_satellite_image,LR,5,5,0.4896458381219838,0.4896458381219838,1.5754196429148144,1.5754196429148144,0.0,True,0.0,True,6435,36,0.005594405594405594
294_satellite_image,LR,5,10,0.5019433215787663,0.5026392536398677,1.556323265214084,1.5552355638338191,0.0006959320611014119,False,0.06988916792393993,False,6435,36,0.005594405594405594
294_satellite_image,LR,5,20,0.51013013032283,0.51013013032283,1.5434792304418894,1.5434792304418894,0.0,True,0.0,True,6435,36,0.005594405594405594
294_satellite_image,RF,0,1,0.5174127674142591,0.5174127674142591,1.5199638346069064,1.5199638346069064,0.0,True,0.0,True,6435,36,0.005594405594405594
294_satellite_image,RF,0,5,0.4519068379695924,0.4519068379695924,1.6198415421531558,1.6198415421531558,0.0,True,0.0,True,6435,36,0.005594405594405594
294_satellite_image,RF,0,10,0.4136464262609288,0.4341373753884001,1.6754255299806131,1.6458901473861052,0.020490949127471292,False,1.7628585732992683,False,6435,36,0.005594405594405594
294_satellite_image,RF,0,20,0.5288311565449291,0.5288311565449291,1.501874428671245,1.501874428671245,0.0,True,0.0,True,6435,36,0.005594405594405594
294_satellite_image,RF,1,1,0.5327664337013702,0.5327664337013702,1.5010971611055597,1.5010971611055597,0.0,True,0.0,True,6435,36,0.005594405594405594
294_satellite_image,RF,1,5,0.4983847286219353,0.4983847286219353,1.5553465169101284,1.5553465169101284,0.0,True,0.0,True,6435,36,0.005594405594405594
294_satellite_image,RF,1,10,0.4479086113221291,0.4479086113221291,1.6317261464739066,1.6317261464739066,0.0,True,0.0,True,6435,36,0.005594405594405594
294_satellite_image,RF,1,20,0.5231384544701292,0.5255126098889713,1.5164843648569686,1.5127045863282502,0.0023741554188421166,False,0.24924612586262035,False,6435,36,0.005594405594405594
294_satellite_image,RF,2,1,0.5482934192370648,0.5482934192370648,1.4664016283803043,1.4664016283803043,0.0,True,0.0,True,6435,36,0.005594405594405594
294_satellite_image,RF,2,5,0.5209298191121161,0.5209298191121161,1.5101646329660057,1.5101646329660057,0.0,True,0.0,True,6435,36,0.005594405594405594
294_satellite_image,RF,2,10,0.4995880337878364,0.5011395197789457,1.543435796562006,1.5410412914932865,0.0015514859911092693,False,0.15514121637280068,False,6435,36,0.005594405594405594
294_satellite_image,RF,2,20,0.5592126682055413,0.5592126682055413,1.4485693025487458,1.4485693025487458,0.0,True,0.0,True,6435,36,0.005594405594405594
294_satellite_image,RF,3,1,0.5313369985287056,0.5313369985287056,1.5285840806137128,1.5285840806137128,0.0,True,0.0,True,6435,36,0.005594405594405594
294_satellite_image,RF,3,5,0.5134590097035854,0.5134590097035854,1.5574665030841714,1.5574665030841714,0.0,True,0.0,True,6435,36,0.005594405594405594
294_satellite_image,RF,3,10,0.4930297678587175,0.4930297678587175,1.5898283141615883,1.5898283141615883,0.0,True,0.0,True,6435,36,0.005594405594405594
294_satellite_image,RF,3,20,0.5407375947523555,0.5407375947523555,1.5131760036984525,1.5131760036984525,0.0,True,0.0,True,6435,36,0.005594405594405594
294_satellite_image,RF,4,1,0.5288965525576694,0.5288965525576694,1.504140997770678,1.504140997770678,0.0,True,0.0,True,6435,36,0.005594405594405594
294_satellite_image,RF,4,5,0.4868938014376668,0.4868938014376668,1.5697628188113102,1.5697628188113102,0.0,True,0.0,True,6435,36,0.005594405594405594
294_satellite_image,RF,4,10,0.4649571807334034,0.4474014993353707,1.6029673538086238,1.6290531679857745,-0.017555681398032708,False,-1.6273453177428263,False,6435,36,0.005594405594405594
294_satellite_image,RF,4,20,0.5338620563412233,0.5338620563412233,1.4961930588531154,1.4961930588531154,0.0,True,0.0,True,6435,36,0.005594405594405594
294_satellite_image,RF,5,1,0.5347381182334254,0.5347381182334254,1.5042123920539865,1.5042123920539865,0.0,True,0.0,True,6435,36,0.005594405594405594
294_satellite_image,RF,5,5,0.4931399165766291,0.4931399165766291,1.5700174199606132,1.5700174199606132,0.0,True,0.0,True,6435,36,0.005594405594405594
294_satellite_image,RF,5,10,0.4586821289513776,0.4519220722151031,1.6225071088565943,1.632606728333406,-0.0067600567362745,False,-0.6224699677235351,False,6435,36,0.005594405594405594
294_satellite_image,RF,5,20,0.544479812461091,0.544479812461091,1.488381420386334,1.488381420386334,0.0,True,0.0,True,6435,36,0.005594405594405594
294_satellite_image,SVR,0,1,0.4544111315170142,0.4544111315170142,1.616136694759423,1.616136694759423,0.0,True,0.0,True,6435,36,0.005594405594405594
294_satellite_image,SVR,0,5,0.4568023413908879,0.4568023413908875,1.6125911993211244,1.612591199321125,0.0,True,0.0,True,6435,36,0.005594405594405594
294_satellite_image,SVR,0,10,0.4772537790664537,0.4804080415757945,1.581942856132881,1.5771628951544456,0.003154262509340755,False,0.3021576259789911,False,6435,36,0.005594405594405594
294_satellite_image,SVR,0,20,0.4837026795696076,0.4837026795696078,1.5721546921403982,1.572154692140398,0.0,True,0.0,True,6435,36,0.005594405594405594
294_satellite_image,SVR,1,1,0.4950609282530837,0.4950609282530837,1.560491023149683,1.560491023149683,0.0,True,0.0,True,6435,36,0.005594405594405594
294_satellite_image,SVR,1,5,0.5031876692257619,0.503187669225762,1.5478824251300276,1.5478824251300274,0.0,True,0.0,True,6435,36,0.005594405594405594
294_satellite_image,SVR,1,10,0.5132607836322693,0.5132607836322693,1.5321100286321727,1.5321100286321727,0.0,True,0.0,True,6435,36,0.005594405594405594
294_satellite_image,SVR,1,20,0.5156475997179839,0.5167574731058664,1.5283489191995678,1.5265968409173185,0.0011098733878824873,False,0.1146386312862988,False,6435,36,0.005594405594405594
294_satellite_image,SVR,2,1,0.4903229032462369,0.4903229032462369,1.557658626052338,1.557658626052338,0.0,True,0.0,True,6435,36,0.005594405594405594
294_satellite_image,SVR,2,5,0.5029639209347363,0.5029639209347363,1.5382208107921271,1.5382208107921271,0.0,True,0.0,True,6435,36,0.005594405594405594
294_satellite_image,SVR,2,10,0.5147521914109532,0.5186387089811457,1.5198702589842474,1.5137714391928938,0.003886517570192538,False,0.4012723951470411,False,6435,36,0.005594405594405594
294_satellite_image,SVR,2,20,0.528514186569659,0.528514186569659,1.4981629072495106,1.4981629072495106,0.0,True,0.0,True,6435,36,0.005594405594405594
294_satellite_image,SVR,3,1,0.4664137604222209,0.4664137604222209,1.6310275924523507,1.6310275924523507,0.0,True,0.0,True,6435,36,0.005594405594405594
294_satellite_image,SVR,3,5,0.4874796449140892,0.4874796449140894,1.5985070526467815,1.5985070526467813,0.0,True,0.0,True,6435,36,0.005594405594405594
294_satellite_image,SVR,3,10,0.5013937155793704,0.5013937155793704,1.576659353397157,1.576659353397157,0.0,True,0.0,True,6435,36,0.005594405594405594
294_satellite_image,SVR,3,20,0.5116500266133491,0.5116500266133491,1.560359184939367,1.560359184939367,0.0,True,0.0,True,6435,36,0.005594405594405594
294_satellite_image,SVR,4,1,0.4750290635383811,0.4750290635383811,1.587808190756739,1.587808190756739,0.0,True,0.0,True,6435,36,0.005594405594405594
294_satellite_image,SVR,4,5,0.4905574742708972,0.4905574742708972,1.5641485812531335,1.5641485812531335,0.0,True,0.0,True,6435,36,0.005594405594405594
294_satellite_image,SVR,4,10,0.4979090563874102,0.4987315771883432,1.5528217361532524,1.5515493056213296,0.0008225208009330354,False,0.08194311699132086,False,6435,36,0.005594405594405594
294_satellite_image,SVR,4,20,0.5077878120970807,0.5077878120970807,1.537469783897329,1.537469783897329,0.0,True,0.0,True,6435,36,0.005594405594405594
294_satellite_image,SVR,5,1,0.465238823096553,0.465238823096553,1.612650891303367,1.612650891303367,0.0,True,0.0,True,6435,36,0.005594405594405594
294_satellite_image,SVR,5,5,0.4710425625736123,0.4710425625736127,1.6038760034715438,1.603876003471543,0.0,True,0.0,True,6435,36,0.005594405594405594
294_satellite_image,SVR,5,10,0.4830215303239211,0.4825492922057516,1.585611014750752,1.5863350439778752,-0.0004722381181694879,False,-0.04566247461625547,False,6435,36,0.005594405594405594
294_satellite_image,SVR,5,20,0.4929153721737492,0.4929153721737495,1.5703651486530683,1.570365148653068,0.0,True,0.0,True,6435,36,0.005594405594405594
503_wind,DT,0,1,0.5734535943137684,0.5734535943137684,4.362761092255609,4.362761092255609,0.0,True,0.0,True,6574,14,0.0021296014602981443
503_wind,DT,0,5,0.5734535943137684,0.5734535943137684,4.362761092255609,4.362761092255609,0.0,True,0.0,True,6574,14,0.0021296014602981443
503_wind,DT,0,10,0.3295392014584429,0.3295392014584429,5.469718590029447,5.469718590029447,0.0,True,0.0,True,6574,14,0.0021296014602981443
503_wind,DT,0,20,0.3220967639337999,0.3220967639337999,5.499993060929816,5.499993060929816,0.0,True,0.0,True,6574,14,0.0021296014602981443
503_wind,DT,1,1,0.5921186526568791,0.5921186526568791,4.148778070370894,4.148778070370894,0.0,True,0.0,True,6574,14,0.0021296014602981443
503_wind,DT,1,5,0.5921186526568791,0.5921186526568791,4.148778070370894,4.148778070370894,0.0,True,0.0,True,6574,14,0.0021296014602981443
503_wind,DT,1,10,0.2862587464846141,0.2862587464846141,5.488121036510023,5.488121036510023,0.0,True,0.0,True,6574,14,0.0021296014602981443
503_wind,DT,1,20,0.2983343383654246,0.2983343383654246,5.441496985517896,5.441496985517896,0.0,True,0.0,True,6574,14,0.0021296014602981443
503_wind,DT,2,1,0.6065168033275781,0.6065168033275781,4.155106541543034,4.155106541543034,0.0,True,0.0,True,6574,14,0.0021296014602981443
503_wind,DT,2,5,0.6065168033275781,0.6065168033275781,4.155106541543034,4.155106541543034,0.0,True,0.0,True,6574,14,0.0021296014602981443
503_wind,DT,2,10,0.3271677365216813,0.3271677365216813,5.433409938539064,5.433409938539064,0.0,True,0.0,True,6574,14,0.0021296014602981443
503_wind,DT,2,20,0.3483261252141245,0.3483261252141245,5.347295984922693,5.347295984922693,0.0,True,0.0,True,6574,14,0.0021296014602981443
503_wind,DT,3,1,0.5846835091906124,0.5846835091906124,4.269327553252673,4.269327553252673,0.0,True,0.0,True,6574,14,0.0021296014602981443
503_wind,DT,3,5,0.5846835091906124,0.5846835091906124,4.269327553252673,4.269327553252673,0.0,True,0.0,True,6574,14,0.0021296014602981443
503_wind,DT,3,10,0.3244014906226476,0.3244014906226476,5.445204937564677,5.445204937564677,0.0,True,0.0,True,6574,14,0.0021296014602981443
503_wind,DT,3,20,0.3391707513116444,0.3391707513116444,5.3853572281118565,5.3853572281118565,0.0,True,0.0,True,6574,14,0.0021296014602981443
503_wind,DT,4,1,0.575878694160738,0.575878694160738,4.315008621334153,4.315008621334153,0.0,True,0.0,True,6574,14,0.0021296014602981443
503_wind,DT,4,5,0.575878694160738,0.575878694160738,4.315008621334153,4.315008621334153,0.0,True,0.0,True,6574,14,0.0021296014602981443
503_wind,DT,4,10,0.3176898815694111,0.3176898815694111,5.473026219378007,5.473026219378007,0.0,True,0.0,True,6574,14,0.0021296014602981443
503_wind,DT,4,20,0.3703562815551873,0.3703562815551873,5.257557853866458,5.257557853866458,0.0,True,0.0,True,6574,14,0.0021296014602981443
503_wind,DT,5,1,0.6144443063995393,0.6144443063995393,4.065183755069598,4.065183755069598,0.0,True,0.0,True,6574,14,0.0021296014602981443
503_wind,DT,5,5,0.6144443063995393,0.6144443063995393,4.065183755069598,4.065183755069598,0.0,True,0.0,True,6574,14,0.0021296014602981443
503_wind,DT,5,10,0.3441155204505564,0.3441155204505564,5.302129100404122,5.302129100404122,0.0,True,0.0,True,6574,14,0.0021296014602981443
503_wind,DT,5,20,0.3336498819821935,0.3336498819821935,5.344263469371824,5.344263469371824,0.0,True,0.0,True,6574,14,0.0021296014602981443
503_wind,KNN,0,1,0.5533757427410784,0.5533757427410784,4.464259603130181,4.464259603130181,0.0,True,0.0,True,6574,14,0.0021296014602981443
503_wind,KNN,0,5,0.5533757427410784,0.5533757427410784,4.464259603130181,4.464259603130181,0.0,True,0.0,True,6574,14,0.0021296014602981443
503_wind,KNN,0,10,0.6008284896880485,0.6010179561828677,4.220443169538831,4.219441435369369,0.00018946649481921263,False,0.023735283931617224,False,6574,14,0.0021296014602981443
503_wind,KNN,0,20,0.6241267280365934,0.6241267280365934,4.0954253132367775,4.0954253132367775,0.0,True,0.0,True,6574,14,0.0021296014602981443
503_wind,KNN,1,1,0.549460499812934,0.549460499812934,4.360333601819129,4.360333601819129,0.0,True,0.0,True,6574,14,0.0021296014602981443
503_wind,KNN,1,5,0.549460499812934,0.549460499812934,4.360333601819129,4.360333601819129,0.0,True,0.0,True,6574,14,0.0021296014602981443
503_wind,KNN,1,10,0.6066749201335735,0.6062928482171059,4.074075762482623,4.076054039719076,-0.00038207191646755234,False,-0.0485576938620114,False,6574,14,0.0021296014602981443
503_wind,KNN,1,20,0.6184423456471974,0.6184423456471974,4.012669273044336,4.012669273044336,0.0,True,0.0,True,6574,14,0.0021296014602981443
503_wind,KNN,2,1,0.5755528609138877,0.5755528609138877,4.315497545123521,4.315497545123521,0.0,True,0.0,True,6574,14,0.0021296014602981443
503_wind,KNN,2,5,0.5755528609138877,0.5755528609138877,4.315497545123521,4.315497545123521,0.0,True,0.0,True,6574,14,0.0021296014602981443
503_wind,KNN,2,10,0.6338223052951295,0.6343153248344273,4.008344236754728,4.005644922065293,0.0004930195392978121,False,0.06734238703062657,False,6574,14,0.0021296014602981443
503_wind,KNN,2,20,0.6318630930842938,0.6318630930842938,4.019053136530004,4.019053136530004,0.0,True,0.0,True,6574,14,0.0021296014602981443
503_wind,KNN,3,1,0.5724778962525006,0.5724778962525006,4.331608278702753,4.331608278702753,0.0,True,0.0,True,6574,14,0.0021296014602981443
503_wind,KNN,3,5,0.5724778962525006,0.5724778962525006,4.331608278702753,4.331608278702753,0.0,True,0.0,True,6574,14,0.0021296014602981443
503_wind,KNN,3,10,0.6222675458650702,0.6216691260519206,4.071571244072883,4.074795145851562,-0.0005984198131495644,False,-0.07918077777397932,False,6574,14,0.0021296014602981443
503_wind,KNN,3,20,0.631464394107268,0.631464394107268,4.021699480184656,4.021699480184656,0.0,True,0.0,True,6574,14,0.0021296014602981443
503_wind,KNN,4,1,0.5725747857970315,0.5725747857970315,4.3317829924187805,4.3317829924187805,0.0,True,0.0,True,6574,14,0.0021296014602981443
503_wind,KNN,4,5,0.5725747857970315,0.5725747857970315,4.3317829924187805,4.3317829924187805,0.0,True,0.0,True,6574,14,0.0021296014602981443
503_wind,KNN,4,10,0.6272967982418763,0.6277546004638626,4.044996821031497,4.04251176384525,0.00045780222198621434,False,0.06143533100758323,False,6574,14,0.0021296014602981443
503_wind,KNN,4,20,0.6276663298797364,0.6276663298797364,4.042991036018409,4.042991036018409,0.0,True,0.0,True,6574,14,0.0021296014602981443
503_wind,KNN,5,1,0.5816142000743612,0.5816142000743612,4.234723793165897,4.234723793165897,0.0,True,0.0,True,6574,14,0.0021296014602981443
503_wind,KNN,5,5,0.5816142000743612,0.5816142000743612,4.234723793165897,4.234723793165897,0.0,True,0.0,True,6574,14,0.0021296014602981443
503_wind,KNN,5,10,0.6575807549392758,0.6571015214134368,3.831031330675041,3.833711257034203,-0.0004792335258390068,False,-0.0699531308372179,False,6574,14,0.0021296014602981443
503_wind,KNN,5,20,0.6447668008932144,0.6447668008932144,3.902055071286398,3.902055071286398,0.0,True,0.0,True,6574,14,0.0021296014602981443
503_wind,LR,0,1,0.6315323406473954,0.6315323406473954,4.054879715847077,4.054879715847077,0.0,True,0.0,True,6574,14,0.0021296014602981443
503_wind,LR,0,5,0.6315323406473954,0.6315323406473954,4.054879715847077,4.054879715847077,0.0,True,0.0,True,6574,14,0.0021296014602981443
503_wind,LR,0,10,0.6567049756369648,0.6567049756369647,3.913920883097199,3.913920883097199,0.0,True,0.0,True,6574,14,0.0021296014602981443
503_wind,LR,0,20,0.6662665372378234,0.6662665372378234,3.85903009392688,3.8590300939268793,0.0,True,0.0,True,6574,14,0.0021296014602981443
503_wind,LR,1,1,0.6353714032548906,0.6353714032548906,3.9226417310559976,3.9226417310559976,0.0,True,0.0,True,6574,14,0.0021296014602981443
503_wind,LR,1,5,0.6353714032548906,0.6353714032548906,3.9226417310559976,3.9226417310559976,0.0,True,0.0,True,6574,14,0.0021296014602981443
503_wind,LR,1,10,0.6609875890512703,0.6609875890512703,3.782344480164378,3.782344480164378,0.0,True,0.0,True,6574,14,0.0021296014602981443
503_wind,LR,1,20,0.6717895384783146,0.6717895384783145,3.721598269755257,3.7215982697552574,0.0,True,0.0,True,6574,14,0.0021296014602981443
503_wind,LR,2,1,0.6447181047422383,0.6447181047422383,3.948258754773726,3.948258754773726,0.0,True,0.0,True,6574,14,0.0021296014602981443
503_wind,LR,2,5,0.6447181047422383,0.6447181047422383,3.948258754773726,3.948258754773726,0.0,True,0.0,True,6574,14,0.0021296014602981443
503_wind,LR,2,10,0.6824613125393875,0.6824613125393875,3.732651048173968,3.732651048173968,0.0,True,0.0,True,6574,14,0.0021296014602981443
503_wind,LR,2,20,0.6876852993969549,0.6876852993969549,3.701819868229271,3.701819868229271,0.0,True,0.0,True,6574,14,0.0021296014602981443
503_wind,LR,3,1,0.64236333835899,0.64236333835899,3.9617850101926746,3.9617850101926746,0.0,True,0.0,True,6574,14,0.0021296014602981443
503_wind,LR,3,5,0.64236333835899,0.64236333835899,3.9617850101926746,3.9617850101926746,0.0,True,0.0,True,6574,14,0.0021296014602981443
503_wind,LR,3,10,0.6707422664958869,0.6707422664958869,3.801350196318781,3.801350196318781,0.0,True,0.0,True,6574,14,0.0021296014602981443
503_wind,LR,3,20,0.6773466177274392,0.6773466177274392,3.763032761181852,3.763032761181852,0.0,True,0.0,True,6574,14,0.0021296014602981443
503_wind,LR,4,1,0.6376021647146213,0.6376021647146213,3.988682063620448,3.988682063620448,0.0,True,0.0,True,6574,14,0.0021296014602981443
503_wind,LR,4,5,0.6376021647146213,0.6376021647146213,3.988682063620448,3.988682063620448,0.0,True,0.0,True,6574,14,0.0021296014602981443
503_wind,LR,4,10,0.6763978152180339,0.6763978152180339,3.769140661968708,3.769140661968708,0.0,True,0.0,True,6574,14,0.0021296014602981443
503_wind,LR,4,20,0.6854881457618247,0.6854881457618247,3.7158239733797496,3.7158239733797496,0.0,True,0.0,True,6574,14,0.0021296014602981443
503_wind,LR,5,1,0.664099773618984,0.664099773618984,3.794388271750664,3.794388271750664,0.0,True,0.0,True,6574,14,0.0021296014602981443
503_wind,LR,5,5,0.664099773618984,0.664099773618984,3.794388271750664,3.794388271750664,0.0,True,0.0,True,6574,14,0.0021296014602981443
503_wind,LR,5,10,0.6895181816374343,0.6895181816374343,3.647998974811952,3.647998974811952,0.0,True,0.0,True,6574,14,0.0021296014602981443
503_wind,LR,5,20,0.6980447135526885,0.6980447135526885,3.5975591207957907,3.5975591207957907,0.0,True,0.0,True,6574,14,0.0021296014602981443
503_wind,RF,0,1,0.5818052024024594,0.5818052024024594,4.319839397280033,4.319839397280033,0.0,True,0.0,True,6574,14,0.0021296014602981443
503_wind,RF,0,5,0.5818052024024594,0.5818052024024594,4.319839397280033,4.319839397280033,0.0,True,0.0,True,6574,14,0.0021296014602981443
503_wind,RF,0,10,0.5830960366316892,0.5830960366316892,4.3131672600001965,4.3131672600001965,0.0,True,0.0,True,6574,14,0.0021296014602981443
503_wind,RF,0,20,0.6355881692725445,0.6355881692725445,4.032501355391959,4.032501355391959,0.0,True,0.0,True,6574,14,0.0021296014602981443
503_wind,RF,1,1,0.5939420735775998,0.5939420735775998,4.139494191040395,4.139494191040395,0.0,True,0.0,True,6574,14,0.0021296014602981443
503_wind,RF,1,5,0.5939420735775998,0.5939420735775998,4.139494191040395,4.139494191040395,0.0,True,0.0,True,6574,14,0.0021296014602981443
503_wind,RF,1,10,0.5722403676754473,0.5722403676754473,4.248671760620216,4.248671760620216,0.0,True,0.0,True,6574,14,0.0021296014602981443
503_wind,RF,1,20,0.6286198645090356,0.6286198645090356,3.958791384023143,3.958791384023143,0.0,True,0.0,True,6574,14,0.0021296014602981443
503_wind,RF,2,1,0.6067368847469832,0.6067368847469832,4.153944370378925,4.153944370378925,0.0,True,0.0,True,6574,14,0.0021296014602981443
503_wind,RF,2,5,0.6067368847469832,0.6067368847469832,4.153944370378925,4.153944370378925,0.0,True,0.0,True,6574,14,0.0021296014602981443
503_wind,RF,2,10,0.6114123758908632,0.6114123758908632,4.129177488935937,4.129177488935937,0.0,True,0.0,True,6574,14,0.0021296014602981443
503_wind,RF,2,20,0.6646887268652748,0.6646887268652748,3.835686869899241,3.835686869899241,0.0,True,0.0,True,6574,14,0.0021296014602981443
503_wind,RF,3,1,0.5934268496197119,0.5934268496197119,4.224149067637071,4.224149067637071,0.0,True,0.0,True,6574,14,0.0021296014602981443
503_wind,RF,3,5,0.5934268496197119,0.5934268496197119,4.224149067637071,4.224149067637071,0.0,True,0.0,True,6574,14,0.0021296014602981443
503_wind,RF,3,10,0.6135559489965133,0.6135559489965133,4.118254686734453,4.118254686734453,0.0,True,0.0,True,6574,14,0.0021296014602981443
503_wind,RF,3,20,0.6472033397816864,0.6472033397816864,3.934885694129092,3.934885694129092,0.0,True,0.0,True,6574,14,0.0021296014602981443
503_wind,RF,4,1,0.5876925133706254,0.5876925133706254,4.25448731565411,4.25448731565411,0.0,True,0.0,True,6574,14,0.0021296014602981443
503_wind,RF,4,5,0.5876925133706254,0.5876925133706254,4.25448731565411,4.25448731565411,0.0,True,0.0,True,6574,14,0.0021296014602981443
503_wind,RF,4,10,0.6055422283033385,0.6055422283033385,4.161375264264346,4.161375264264346,0.0,True,0.0,True,6574,14,0.0021296014602981443
503_wind,RF,4,20,0.6445755301444598,0.6445755301444598,3.950119961691698,3.950119961691698,0.0,True,0.0,True,6574,14,0.0021296014602981443
503_wind,RF,5,1,0.6200871814452417,0.6200871814452417,4.035325711903728,4.035325711903728,0.0,True,0.0,True,6574,14,0.0021296014602981443
503_wind,RF,5,5,0.6200871814452417,0.6200871814452417,4.035325711903728,4.035325711903728,0.0,True,0.0,True,6574,14,0.0021296014602981443
503_wind,RF,5,10,0.6236937763644679,0.6236937763644679,4.0161259244940295,4.0161259244940295,0.0,True,0.0,True,6574,14,0.0021296014602981443
503_wind,RF,5,20,0.6665630609151956,0.6665630609151956,3.7804498065416032,3.7804498065416032,0.0,True,0.0,True,6574,14,0.0021296014602981443
503_wind,SVR,0,1,0.6293334716575503,0.6293334716575503,4.066960676781403,4.066960676781403,0.0,True,0.0,True,6574,14,0.0021296014602981443
503_wind,SVR,0,5,0.6293334716575503,0.6293334716575503,4.066960676781403,4.066960676781403,0.0,True,0.0,True,6574,14,0.0021296014602981443
503_wind,SVR,0,10,0.6550762386673074,0.6550762386673072,3.923194545610129,3.923194545610129,0.0,True,0.0,True,6574,14,0.0021296014602981443
503_wind,SVR,0,20,0.6649167659754065,0.6649167659754065,3.866826063500632,3.866826063500632,0.0,True,0.0,True,6574,14,0.0021296014602981443
503_wind,SVR,1,1,0.6350290996404322,0.6350290996404322,3.924482534920187,3.924482534920187,0.0,True,0.0,True,6574,14,0.0021296014602981443
503_wind,SVR,1,5,0.6350290996404322,0.6350290996404322,3.924482534920187,3.924482534920187,0.0,True,0.0,True,6574,14,0.0021296014602981443
503_wind,SVR,1,10,0.6601176119670475,0.6601176119670475,3.787194515971221,3.787194515971221,0.0,True,0.0,True,6574,14,0.0021296014602981443
503_wind,SVR,1,20,0.671235995656384,0.671235995656384,3.724735275399559,3.724735275399559,0.0,True,0.0,True,6574,14,0.0021296014602981443
503_wind,SVR,2,1,0.6457520984169546,0.6457520984169546,3.942509166463708,3.942509166463708,0.0,True,0.0,True,6574,14,0.0021296014602981443
503_wind,SVR,2,5,0.6457520984169546,0.6457520984169546,3.942509166463708,3.942509166463708,0.0,True,0.0,True,6574,14,0.0021296014602981443
503_wind,SVR,2,10,0.6839352059709314,0.6839352059709314,3.7239782014635416,3.7239782014635416,0.0,True,0.0,True,6574,14,0.0021296014602981443
503_wind,SVR,2,20,0.6888222688909649,0.6888222688909649,3.6950755590644553,3.6950755590644553,0.0,True,0.0,True,6574,14,0.0021296014602981443
503_wind,SVR,3,1,0.640807261483969,0.640807261483969,3.970394517328971,3.970394517328971,0.0,True,0.0,True,6574,14,0.0021296014602981443
503_wind,SVR,3,5,0.640807261483969,0.640807261483969,3.970394517328971,3.970394517328971,0.0,True,0.0,True,6574,14,0.0021296014602981443
503_wind,SVR,3,10,0.6695228286228316,0.6695228286228316,3.8083830247707215,3.8083830247707215,0.0,True,0.0,True,6574,14,0.0021296014602981443
503_wind,SVR,3,20,0.6753107750361584,0.6753107750361584,3.77488587755476,3.77488587755476,0.0,True,0.0,True,6574,14,0.0021296014602981443
503_wind,SVR,4,1,0.6372022541711326,0.6372022541711326,3.990882237078479,3.990882237078479,0.0,True,0.0,True,6574,14,0.0021296014602981443
503_wind,SVR,4,5,0.6372022541711326,0.6372022541711326,3.990882237078479,3.990882237078479,0.0,True,0.0,True,6574,14,0.0021296014602981443
503_wind,SVR,4,10,0.6772402830990382,0.6772402830990382,3.764231162757072,3.764231162757072,0.0,True,0.0,True,6574,14,0.0021296014602981443
503_wind,SVR,4,20,0.6864100856536901,0.6864100856536901,3.7103738122644656,3.7103738122644656,0.0,True,0.0,True,6574,14,0.0021296014602981443
503_wind,SVR,5,1,0.6643779834265855,0.6643779834265855,3.792816592689924,3.792816592689924,0.0,True,0.0,True,6574,14,0.0021296014602981443
503_wind,SVR,5,5,0.6643779834265855,0.6643779834265855,3.792816592689924,3.792816592689924,0.0,True,0.0,True,6574,14,0.0021296014602981443
503_wind,SVR,5,10,0.689624994967341,0.689624994967341,3.647371420453826,3.647371420453826,0.0,True,0.0,True,6574,14,0.0021296014602981443
503_wind,SVR,5,20,0.6979058809854249,0.6979058809854249,3.598386066032666,3.598386066032666,0.0,True,0.0,True,6574,14,0.0021296014602981443
505_tecator,DT,0,1,0.9882562609176684,0.9882562609176684,1.6455090536710344,1.6455090536710344,0.0,True,0.0,True,240,124,0.5166666666666667
505_tecator,DT,0,5,0.9850177262778796,0.9850177262778796,1.8586000432597505,1.8586000432597505,0.0,True,0.0,True,240,124,0.5166666666666667
505_tecator,DT,0,10,0.9872270087878048,0.9872270087878048,1.7161031401385607,1.7161031401385607,0.0,True,0.0,True,240,124,0.5166666666666667
505_tecator,DT,0,20,0.9860722361023704,0.9860722361023704,1.7919990591919317,1.7919990591919317,0.0,True,0.0,True,240,124,0.5166666666666667
505_tecator,DT,1,1,0.9887407552196222,0.9887407552196222,1.5536388169030435,1.5536388169030435,0.0,True,0.0,True,240,124,0.5166666666666667
505_tecator,DT,1,5,0.9843424417507324,0.9843424417507324,1.8321349138377612,1.8321349138377612,0.0,True,0.0,True,240,124,0.5166666666666667
505_tecator,DT,1,10,0.9862531558182795,0.9862531558182795,1.7167100036077272,1.7167100036077272,0.0,True,0.0,True,240,124,0.5166666666666667
505_tecator,DT,1,20,0.9861927499153648,0.9861927499153648,1.720477622850132,1.720477622850132,0.0,True,0.0,True,240,124,0.5166666666666667
505_tecator,DT,2,1,0.9764143181236684,0.9764143181236684,2.170707335283176,2.170707335283176,0.0,True,0.0,True,240,124,0.5166666666666667
505_tecator,DT,2,5,0.9879221877024112,0.9879221877024112,1.5533566948750996,1.5533566948750996,0.0,True,0.0,True,240,124,0.5166666666666667
505_tecator,DT,2,10,0.988777334127198,0.988772120073685,1.4973560170312328,1.4977038126389095,-5.214053513058481e-06,False,-0.02322731559634637,False,240,124,0.5166666666666667
505_tecator,DT,2,20,0.9880077411035972,0.9880077411035972,1.5478453024394547,1.5478453024394547,0.0,True,0.0,True,240,124,0.5166666666666667
505_tecator,DT,3,1,0.982102720106252,0.982102720106252,1.914539210481297,1.914539210481297,0.0,True,0.0,True,240,124,0.5166666666666667
505_tecator,DT,3,5,0.9807965638603792,0.9807965638603792,1.9831712736876923,1.9831712736876923,0.0,True,0.0,True,240,124,0.5166666666666667
505_tecator,DT,3,10,0.9829289642097112,0.9829289642097112,1.869823814284448,1.869823814284448,0.0,True,0.0,True,240,124,0.5166666666666667
505_tecator,DT,3,20,0.9811172848579914,0.9811172848579914,1.9665408446978057,1.9665408446978057,0.0,True,0.0,True,240,124,0.5166666666666667
505_tecator,DT,4,1,0.9720579241168328,0.9720579241168328,2.0564938547499496,2.0564938547499496,0.0,True,0.0,True,240,124,0.5166666666666667
505_tecator,DT,4,5,0.983529317194712,0.983529317194712,1.578897306985484,1.578897306985484,0.0,True,0.0,True,240,124,0.5166666666666667
505_tecator,DT,4,10,0.980945706149504,0.980945706149504,1.6982221905009178,1.6982221905009178,0.0,True,0.0,True,240,124,0.5166666666666667
505_tecator,DT,4,20,0.9843042621776272,0.9843042621776272,1.5413062876406904,1.5413062876406904,0.0,True,0.0,True,240,124,0.5166666666666667
505_tecator,DT,5,1,0.9902414497031936,0.9902414497031936,1.4620970136954363,1.4620970136954363,0.0,True,0.0,True,240,124,0.5166666666666667
505_tecator,DT,5,5,0.9884631207076152,0.9884631207076152,1.5897458941613378,1.5897458941613378,0.0,True,0.0,True,240,124,0.5166666666666667
505_tecator,DT,5,10,0.991013720832506,0.991013720832506,1.4030511070002831,1.4030511070002831,0.0,True,0.0,True,240,124,0.5166666666666667
505_tecator,DT,5,20,0.9885809613682728,0.9885809613682728,1.5816060178185491,1.5816060178185491,0.0,True,0.0,True,240,124,0.5166666666666667
505_tecator,KNN,0,1,0.988817525821903,0.988817525821903,1.6057060040839894,1.6057060040839894,0.0,True,0.0,True,240,124,0.5166666666666667
505_tecator,KNN,0,5,0.9683356903043284,0.9683356903043284,2.7019797605180824,2.7019797605180824,0.0,True,0.0,True,240,124,0.5166666666666667
505_tecator,KNN,0,10,0.9507695735400938,0.9507695735400938,3.369099818033514,3.369099818033514,0.0,True,0.0,True,240,124,0.5166666666666667
505_tecator,KNN,0,20,0.9335109700085684,0.9335109700085684,3.915363409206275,3.915363409206275,0.0,True,0.0,True,240,124,0.5166666666666667
505_tecator,KNN,1,1,0.9802762723257168,0.9802762723257168,2.0563163641625,2.0563163641625,0.0,True,0.0,True,240,124,0.5166666666666667
505_tecator,KNN,1,5,0.970359085017899,0.970359085017899,2.5208165165567684,2.5208165165567684,0.0,True,0.0,True,240,124,0.5166666666666667
505_tecator,KNN,1,10,0.9526851752719424,0.9526851752719424,3.184887165166464,3.184887165166464,0.0,True,0.0,True,240,124,0.5166666666666667
505_tecator,KNN,1,20,0.9428261513439734,0.9428261513439734,3.5010164125042005,3.5010164125042005,0.0,True,0.0,True,240,124,0.5166666666666667
505_tecator,KNN,2,1,0.9885647184919372,0.9885530807040488,1.511473320630245,1.5122422449781343,-1.163778788837444e-05,False,-0.05087250548151258,False,240,124,0.5166666666666667
505_tecator,KNN,2,5,0.969336503490453,0.969336503490453,2.4750723197466966,2.4750723197466966,0.0,True,0.0,True,240,124,0.5166666666666667
505_tecator,KNN,2,10,0.9620437948381736,0.9617942718096034,2.753711563591472,2.7627481476645666,-0.0002495230285701755,False,-0.3281601527397661,False,240,124,0.5166666666666667
505_tecator,KNN,2,20,0.950720607706394,0.950720607706394,3.137687787453012,3.137687787453012,0.0,True,0.0,True,240,124,0.5166666666666667
505_tecator,KNN,3,1,0.9896227084443066,0.9896227084443066,1.457849726127498,1.457849726127498,0.0,True,0.0,True,240,124,0.5166666666666667
505_tecator,KNN,3,5,0.9672406241093068,0.9672406241093068,2.590231376858718,2.590231376858718,0.0,True,0.0,True,240,124,0.5166666666666667
505_tecator,KNN,3,10,0.956910779643296,0.956910779643296,2.970674500391425,2.970674500391425,0.0,True,0.0,True,240,124,0.5166666666666667
505_tecator,KNN,3,20,0.9194839875683282,0.9194839875683282,4.060802608550798,4.060802608550798,0.0,True,0.0,True,240,124,0.5166666666666667
505_tecator,KNN,4,1,0.9870032745361372,0.9870032745361372,1.4025393501412728,1.4025393501412728,0.0,True,0.0,True,240,124,0.5166666666666667
505_tecator,KNN,4,5,0.9565209223197828,0.9565209223197828,2.565300487168509,2.565300487168509,0.0,True,0.0,True,240,124,0.5166666666666667
505_tecator,KNN,4,10,0.932154499187601,0.932154499187601,3.204487696904808,3.204487696904808,0.0,True,0.0,True,240,124,0.5166666666666667
505_tecator,KNN,4,20,0.9304120694604816,0.9304120694604816,3.245376169530644,3.245376169530644,0.0,True,0.0,True,240,124,0.5166666666666667
505_tecator,KNN,5,1,0.9877260770327272,0.9877260770327272,1.639740918409495,1.639740918409495,0.0,True,0.0,True,240,124,0.5166666666666667
505_tecator,KNN,5,5,0.9655765281710452,0.9655765281710452,2.7460653766106184,2.7460653766106184,0.0,True,0.0,True,240,124,0.5166666666666667
505_tecator,KNN,5,10,0.9351913147670702,0.9351913147670702,3.767906724347431,3.767906724347431,0.0,True,0.0,True,240,124,0.5166666666666667
505_tecator,KNN,5,20,0.9113205858530112,0.9113205858530112,4.407526633438639,4.407526633438639,0.0,True,0.0,True,240,124,0.5166666666666667
505_tecator,LR,0,1,0.9915997769948268,0.9915997769948268,1.3916899375257958,1.3916899375257965,0.0,True,0.0,True,240,124,0.5166666666666667
505_tecator,LR,0,5,0.9926312910260988,0.9926312910260984,1.303445213309424,1.3034452133094545,0.0,True,0.0,True,240,124,0.5166666666666667
505_tecator,LR,0,10,0.9913276500189618,0.9913276500189866,1.4140523153868645,1.41405231538485,0.0,True,0.0,True,240,124,0.5166666666666667
505_tecator,LR,0,20,0.9919646068436404,0.9919646068436978,1.3611332549128112,1.36113325490794,0.0,True,0.0,True,240,124,0.5166666666666667
505_tecator,LR,1,1,0.9848449339721708,0.9848449339721708,1.802496164541262,1.8024961645412627,0.0,True,0.0,True,240,124,0.5166666666666667
505_tecator,LR,1,5,0.9865501191631312,0.9865501191631316,1.6980663318166973,1.6980663318166898,0.0,True,0.0,True,240,124,0.5166666666666667
505_tecator,LR,1,10,0.9884494717250925,0.9884494717250896,1.573607281951579,1.5736072819517637,0.0,True,0.0,True,240,124,0.5166666666666667
505_tecator,LR,1,20,0.9923028075879246,0.99230280758792,1.2845813260223051,1.2845813260226804,0.0,True,0.0,True,240,124,0.5166666666666667
505_tecator,LR,2,1,0.9890417466334412,0.9890417466334412,1.479611589412442,1.4796115894124415,0.0,True,0.0,True,240,124,0.5166666666666667
505_tecator,LR,2,5,0.991659048236746,0.991659048236746,1.2908769925787371,1.290876992578738,0.0,True,0.0,True,240,124,0.5166666666666667
505_tecator,LR,2,10,0.9895162970539128,0.9891348516821988,1.4472195111918251,1.473312539429105,-0.0003814453717139177,False,-1.8029765378018876,False,240,124,0.5166666666666667
505_tecator,LR,2,20,0.9909055808666862,0.9909055808666956,1.34792130699587,1.3479213069951796,0.0,True,0.0,True,240,124,0.5166666666666667
505_tecator,LR,3,1,0.9893589397360012,0.9893589397360012,1.47626118687739,1.4762611868773907,0.0,True,0.0,True,240,124,0.5166666666666667
505_tecator,LR,3,5,0.9921276983411392,0.9921276983411392,1.2697599187458164,1.2697599187458173,0.0,True,0.0,True,240,124,0.5166666666666667
505_tecator,LR,3,10,0.9865045791379266,0.9865045791379082,1.662508853160922,1.6625088531620538,0.0,True,0.0,True,240,124,0.5166666666666667
505_tecator,LR,3,20,0.9928462889667764,0.992846288966788,1.2104209919581517,1.210420991957169,0.0,True,0.0,True,240,124,0.5166666666666667
505_tecator,LR,4,1,0.9883079494841256,0.9883079494841256,1.3302811087851678,1.3302811087851674,0.0,True,0.0,True,240,124,0.5166666666666667
505_tecator,LR,4,5,0.9899883426832818,0.9899883426832816,1.2309802077176062,1.2309802077176188,0.0,True,0.0,True,240,124,0.5166666666666667
505_tecator,LR,4,10,0.983443780869676,0.983443780869726,1.5829917998389975,1.5829917998365983,0.0,True,0.0,True,240,124,0.5166666666666667
505_tecator,LR,4,20,0.9933791110538562,0.9933791110538795,1.001051069395194,1.0010510693934345,0.0,True,0.0,True,240,124,0.5166666666666667
505_tecator,LR,5,1,0.9901370231696812,0.9901370231696812,1.4698991680239752,1.4698991680239744,0.0,True,0.0,True,240,124,0.5166666666666667
505_tecator,LR,5,5,0.9907228696111826,0.9907228696111824,1.425575975893445,1.425575975893462,0.0,True,0.0,True,240,124,0.5166666666666667
505_tecator,LR,5,10,0.9902347426333968,0.9902347426333992,1.4625993783917344,1.4625993783915483,0.0,True,0.0,True,240,124,0.5166666666666667
505_tecator,LR,5,20,0.9922342115617052,0.9922342115616896,1.3042964587023458,1.3042964587036665,0.0,True,0.0,True,240,124,0.5166666666666667
505_tecator,RF,0,1,0.9917582448102288,0.9917582448102288,1.3785005204879937,1.3785005204879937,0.0,True,0.0,True,240,124,0.5166666666666667
505_tecator,RF,0,5,0.9880929864839172,0.9880929864839172,1.6569084111321772,1.6569084111321772,0.0,True,0.0,True,240,124,0.5166666666666667
505_tecator,RF,0,10,0.9882074859327644,0.9882074859327644,1.6489226392487435,1.6489226392487435,0.0,True,0.0,True,240,124,0.5166666666666667
505_tecator,RF,0,20,0.9878246903993566,0.9878246903993566,1.6754716590522216,1.6754716590522216,0.0,True,0.0,True,240,124,0.5166666666666667
505_tecator,RF,1,1,0.9890910857622948,0.9890910857622948,1.5292771398396656,1.5292771398396656,0.0,True,0.0,True,240,124,0.5166666666666667
505_tecator,RF,1,5,0.99084270522857,0.99084270522857,1.4011319292973374,1.4011319292973374,0.0,True,0.0,True,240,124,0.5166666666666667
505_tecator,RF,1,10,0.991157927215388,0.991157927215388,1.376805130334773,1.376805130334773,0.0,True,0.0,True,240,124,0.5166666666666667
505_tecator,RF,1,20,0.9907688109166576,0.9907688109166576,1.4067737510337062,1.4067737510337062,0.0,True,0.0,True,240,124,0.5166666666666667
505_tecator,RF,2,1,0.983789186240486,0.983789186240486,1.7996144172259605,1.7996144172259605,0.0,True,0.0,True,240,124,0.5166666666666667
505_tecator,RF,2,5,0.992372074580181,0.992372074580181,1.234469245260983,1.234469245260983,0.0,True,0.0,True,240,124,0.5166666666666667
505_tecator,RF,2,10,0.992334938823861,0.9923805138388068,1.2374705389655014,1.2337861703898054,4.557501494573124e-05,False,0.29773384171036804,False,240,124,0.5166666666666667
505_tecator,RF,2,20,0.992166811159866,0.992166811159866,1.2509684416963534,1.2509684416963534,0.0,True,0.0,True,240,124,0.5166666666666667
505_tecator,RF,3,1,0.9904397956842076,0.9904397956842076,1.399279067051579,1.399279067051579,0.0,True,0.0,True,240,124,0.5166666666666667
505_tecator,RF,3,5,0.9893400613829608,0.9893400613829608,1.4775701274025264,1.4775701274025264,0.0,True,0.0,True,240,124,0.5166666666666667
505_tecator,RF,3,10,0.9896533814262972,0.9896533814262972,1.455693590772906,1.455693590772906,0.0,True,0.0,True,240,124,0.5166666666666667
505_tecator,RF,3,20,0.9895486066464464,0.9895486066464464,1.4630455480675917,1.4630455480675917,0.0,True,0.0,True,240,124,0.5166666666666667
505_tecator,RF,4,1,0.9858436478365356,0.9858436478365356,1.4637730978872765,1.4637730978872765,0.0,True,0.0,True,240,124,0.5166666666666667
505_tecator,RF,4,5,0.9903891607497616,0.9903891607497616,1.2060872846814077,1.2060872846814077,0.0,True,0.0,True,240,124,0.5166666666666667
505_tecator,RF,4,10,0.9903172115487802,0.9903172115487802,1.2105934058714007,1.2105934058714007,0.0,True,0.0,True,240,124,0.5166666666666667
505_tecator,RF,4,20,0.9898864096763744,0.9898864096763744,1.2372309083005866,1.2372309083005866,0.0,True,0.0,True,240,124,0.5166666666666667
505_tecator,RF,5,1,0.9918626775464896,0.9918626775464896,1.335132293693453,1.335132293693453,0.0,True,0.0,True,240,124,0.5166666666666667
505_tecator,RF,5,5,0.9935269079015986,0.9935269079015986,1.1908016581459793,1.1908016581459793,0.0,True,0.0,True,240,124,0.5166666666666667
505_tecator,RF,5,10,0.9936343874814588,0.9936343874814588,1.1808742083144532,1.1808742083144532,0.0,True,0.0,True,240,124,0.5166666666666667
505_tecator,RF,5,20,0.9929409449572808,0.9929409449572808,1.2435315884599651,1.2435315884599651,0.0,True,0.0,True,240,124,0.5166666666666667
505_tecator,SVR,0,1,0.9913956431465182,0.9913956431465182,1.4084981672509664,1.4084981672509669,0.0,True,0.0,True,240,124,0.5166666666666667
505_tecator,SVR,0,5,0.9918224372028768,0.9918224372028768,1.373121676872076,1.3731216768720766,0.0,True,0.0,True,240,124,0.5166666666666667
505_tecator,SVR,0,10,0.9920450943081798,0.9920450943081796,1.3542991221172591,1.3542991221172662,0.0,True,0.0,True,240,124,0.5166666666666667
505_tecator,SVR,0,20,0.9927174072603734,0.9927174072603734,1.2958063123096375,1.2958063123096375,0.0,True,0.0,True,240,124,0.5166666666666667
505_tecator,SVR,1,1,0.984343408703706,0.9843434087037064,1.8320783400212255,1.832078340021196,0.0,True,0.0,True,240,124,0.5166666666666667
505_tecator,SVR,1,5,0.9868758740352852,0.9868758740352852,1.677376784327114,1.677376784327115,0.0,True,0.0,True,240,124,0.5166666666666667
505_tecator,SVR,1,10,0.9871245110826644,0.9871245110826644,1.6614118262606743,1.6614118262606732,0.0,True,0.0,True,240,124,0.5166666666666667
505_tecator,SVR,1,20,0.987529201707366,0.987529201707366,1.635093380214698,1.635093380214698,0.0,True,0.0,True,240,124,0.5166666666666667
505_tecator,SVR,2,1,0.9893240596305012,0.9893240596305012,1.4604279139828305,1.4604279139828305,0.0,True,0.0,True,240,124,0.5166666666666667
505_tecator,SVR,2,5,0.991537921755253,0.991537921755253,1.3002162034006854,1.300216203400685,0.0,True,0.0,True,240,124,0.5166666666666667
505_tecator,SVR,2,10,0.9914810535717452,0.9915364331141564,1.3045778460043322,1.3003305647963677,5.537954241119358e-05,False,0.325567479240367,False,240,124,0.5166666666666667
505_tecator,SVR,2,20,0.9915773811264418,0.991577381126442,1.2971811532116957,1.2971811532116948,0.0,True,0.0,True,240,124,0.5166666666666667
505_tecator,SVR,3,1,0.988748018843807,0.988748018843807,1.5180471065144054,1.518047106514405,0.0,True,0.0,True,240,124,0.5166666666666667
505_tecator,SVR,3,5,0.9913541637299232,0.9913541637299232,1.3306819124787606,1.330681912478759,0.0,True,0.0,True,240,124,0.5166666666666667
505_tecator,SVR,3,10,0.9912611038160009,0.9912611038160009,1.337824177297399,1.3378241772973998,0.0,True,0.0,True,240,124,0.5166666666666667
505_tecator,SVR,3,20,0.9915180247870422,0.9915180247870422,1.3180116521997858,1.3180116521997862,0.0,True,0.0,True,240,124,0.5166666666666667
505_tecator,SVR,4,1,0.9872436372255178,0.9872436372255178,1.3895094763167923,1.389509476316794,0.0,True,0.0,True,240,124,0.5166666666666667
505_tecator,SVR,4,5,0.9891185337478346,0.9891185337478346,1.2833401805104012,1.2833401805103972,0.0,True,0.0,True,240,124,0.5166666666666667
505_tecator,SVR,4,10,0.9898068109650864,0.9898068109650862,1.242090160388948,1.2420901603889547,0.0,True,0.0,True,240,124,0.5166666666666667
505_tecator,SVR,4,20,0.9896865993635235,0.9896865993635234,1.2493928797691394,1.249392879769149,0.0,True,0.0,True,240,124,0.5166666666666667
505_tecator,SVR,5,1,0.9888494149321408,0.9888494149321408,1.5629042252649985,1.562904225264998,0.0,True,0.0,True,240,124,0.5166666666666667
505_tecator,SVR,5,5,0.9898437514689186,0.9898437514689186,1.4915925225902484,1.491592522590251,0.0,True,0.0,True,240,124,0.5166666666666667
505_tecator,SVR,5,10,0.9897661590833008,0.9897661590833008,1.4972794654564692,1.4972794654564687,0.0,True,0.0,True,240,124,0.5166666666666667
505_tecator,SVR,5,20,0.991135774190422,0.991135774190422,1.3934902778662377,1.393490277866237,0.0,True,0.0,True,240,124,0.5166666666666667
529_pollen,DT,0,1,-0.3844864117395967,-0.3844864117395967,3.710794271627682,3.710794271627682,0.0,True,0.0,True,3848,4,0.0010395010395010396
529_pollen,DT,0,5,-0.3844864117395967,-0.3844864117395967,3.710794271627682,3.710794271627682,0.0,True,0.0,True,3848,4,0.0010395010395010396
529_pollen,DT,0,10,-0.3844864117395967,-0.3844864117395967,3.710794271627682,3.710794271627682,0.0,True,0.0,True,3848,4,0.0010395010395010396
529_pollen,DT,0,20,-0.3844864117395967,-0.3844864117395967,3.710794271627682,3.710794271627682,0.0,True,0.0,True,3848,4,0.0010395010395010396
529_pollen,DT,1,1,-0.2544144153135101,-0.2544144153135101,3.576631492356708,3.576631492356708,0.0,True,0.0,True,3848,4,0.0010395010395010396
529_pollen,DT,1,5,-0.2544144153135101,-0.2544144153135101,3.576631492356708,3.576631492356708,0.0,True,0.0,True,3848,4,0.0010395010395010396
529_pollen,DT,1,10,-0.2544144153135101,-0.2544144153135101,3.576631492356708,3.576631492356708,0.0,True,0.0,True,3848,4,0.0010395010395010396
529_pollen,DT,1,20,-0.2544144153135101,-0.2544144153135101,3.576631492356708,3.576631492356708,0.0,True,0.0,True,3848,4,0.0010395010395010396
529_pollen,DT,2,1,-0.3362485913696331,-0.3362485913696331,3.747079320633105,3.747079320633105,0.0,True,0.0,True,3848,4,0.0010395010395010396
529_pollen,DT,2,5,-0.3362485913696331,-0.3362485913696331,3.747079320633105,3.747079320633105,0.0,True,0.0,True,3848,4,0.0010395010395010396
529_pollen,DT,2,10,-0.3362485913696331,-0.3362485913696331,3.747079320633105,3.747079320633105,0.0,True,0.0,True,3848,4,0.0010395010395010396
529_pollen,DT,2,20,-0.3362485913696331,-0.3362485913696331,3.747079320633105,3.747079320633105,0.0,True,0.0,True,3848,4,0.0010395010395010396
529_pollen,DT,3,1,-0.2935353740729778,-0.2935353740729778,3.678899061764658,3.678899061764658,0.0,True,0.0,True,3848,4,0.0010395010395010396
529_pollen,DT,3,5,-0.2935353740729778,-0.2935353740729778,3.678899061764658,3.678899061764658,0.0,True,0.0,True,3848,4,0.0010395010395010396
529_pollen,DT,3,10,-0.2935353740729778,-0.2935353740729778,3.678899061764658,3.678899061764658,0.0,True,0.0,True,3848,4,0.0010395010395010396
529_pollen,DT,3,20,-0.2935353740729778,-0.2935353740729778,3.678899061764658,3.678899061764658,0.0,True,0.0,True,3848,4,0.0010395010395010396
529_pollen,DT,4,1,-0.2702011095311287,-0.2702011095311287,3.531263471716683,3.531263471716683,0.0,True,0.0,True,3848,4,0.0010395010395010396
529_pollen,DT,4,5,-0.2702011095311287,-0.2702011095311287,3.531263471716683,3.531263471716683,0.0,True,0.0,True,3848,4,0.0010395010395010396
529_pollen,DT,4,10,-0.2702011095311287,-0.2702011095311287,3.531263471716683,3.531263471716683,0.0,True,0.0,True,3848,4,0.0010395010395010396
529_pollen,DT,4,20,-0.2702011095311287,-0.2702011095311287,3.531263471716683,3.531263471716683,0.0,True,0.0,True,3848,4,0.0010395010395010396
529_pollen,DT,5,1,-0.3092061047990235,-0.3092061047990235,3.6676719361569368,3.6676719361569368,0.0,True,0.0,True,3848,4,0.0010395010395010396
529_pollen,DT,5,5,-0.3092061047990235,-0.3092061047990235,3.6676719361569368,3.6676719361569368,0.0,True,0.0,True,3848,4,0.0010395010395010396
529_pollen,DT,5,10,-0.3092061047990235,-0.3092061047990235,3.6676719361569368,3.6676719361569368,0.0,True,0.0,True,3848,4,0.0010395010395010396
529_pollen,DT,5,20,-0.3092061047990235,-0.3092061047990235,3.6676719361569368,3.6676719361569368,0.0,True,0.0,True,3848,4,0.0010395010395010396
529_pollen,KNN,0,1,0.1521061249230394,0.1521061249230394,2.903977704487596,2.903977704487596,0.0,True,0.0,True,3848,4,0.0010395010395010396
529_pollen,KNN,0,5,0.1521061249230394,0.1521061249230394,2.903977704487596,2.903977704487596,0.0,True,0.0,True,3848,4,0.0010395010395010396
529_pollen,KNN,0,10,0.1521061249230394,0.1521061249230394,2.903977704487596,2.903977704487596,0.0,True,0.0,True,3848,4,0.0010395010395010396
529_pollen,KNN,0,20,0.1521061249230394,0.1521061249230394,2.903977704487596,2.903977704487596,0.0,True,0.0,True,3848,4,0.0010395010395010396
529_pollen,KNN,1,1,0.1889997234428229,0.1889997234428229,2.8758364194429102,2.8758364194429102,0.0,True,0.0,True,3848,4,0.0010395010395010396
529_pollen,KNN,1,5,0.1889997234428229,0.1889997234428229,2.8758364194429102,2.8758364194429102,0.0,True,0.0,True,3848,4,0.0010395010395010396
529_pollen,KNN,1,10,0.1889997234428229,0.1889997234428229,2.8758364194429102,2.8758364194429102,0.0,True,0.0,True,3848,4,0.0010395010395010396
529_pollen,KNN,1,20,0.1889997234428229,0.1889997234428229,2.8758364194429102,2.8758364194429102,0.0,True,0.0,True,3848,4,0.0010395010395010396
529_pollen,KNN,2,1,0.2152733256166211,0.2152733256166211,2.8714976428149583,2.8714976428149583,0.0,True,0.0,True,3848,4,0.0010395010395010396
529_pollen,KNN,2,5,0.2152733256166211,0.2152733256166211,2.8714976428149583,2.8714976428149583,0.0,True,0.0,True,3848,4,0.0010395010395010396
529_pollen,KNN,2,10,0.2152733256166211,0.2152733256166211,2.8714976428149583,2.8714976428149583,0.0,True,0.0,True,3848,4,0.0010395010395010396
529_pollen,KNN,2,20,0.2152733256166211,0.2152733256166211,2.8714976428149583,2.8714976428149583,0.0,True,0.0,True,3848,4,0.0010395010395010396
529_pollen,KNN,3,1,0.2286485268974524,0.2286485268974524,2.840892982275032,2.840892982275032,0.0,True,0.0,True,3848,4,0.0010395010395010396
529_pollen,KNN,3,5,0.2286485268974524,0.2286485268974524,2.840892982275032,2.840892982275032,0.0,True,0.0,True,3848,4,0.0010395010395010396
529_pollen,KNN,3,10,0.2286485268974524,0.2286485268974524,2.840892982275032,2.840892982275032,0.0,True,0.0,True,3848,4,0.0010395010395010396
529_pollen,KNN,3,20,0.2286485268974524,0.2286485268974524,2.840892982275032,2.840892982275032,0.0,True,0.0,True,3848,4,0.0010395010395010396
529_pollen,KNN,4,1,0.2208494170635805,0.2208494170635805,2.765696869245981,2.765696869245981,0.0,True,0.0,True,3848,4,0.0010395010395010396
529_pollen,KNN,4,5,0.2208494170635805,0.2208494170635805,2.765696869245981,2.765696869245981,0.0,True,0.0,True,3848,4,0.0010395010395010396
529_pollen,KNN,4,10,0.2208494170635805,0.2208494170635805,2.765696869245981,2.765696869245981,0.0,True,0.0,True,3848,4,0.0010395010395010396
529_pollen,KNN,4,20,0.2208494170635805,0.2208494170635805,2.765696869245981,2.765696869245981,0.0,True,0.0,True,3848,4,0.0010395010395010396
529_pollen,KNN,5,1,0.2587818151907832,0.2587818151907832,2.7596849436126325,2.7596849436126325,0.0,True,0.0,True,3848,4,0.0010395010395010396
529_pollen,KNN,5,5,0.2587818151907832,0.2587818151907832,2.7596849436126325,2.7596849436126325,0.0,True,0.0,True,3848,4,0.0010395010395010396
529_pollen,KNN,5,10,0.2587818151907832,0.2587818151907832,2.7596849436126325,2.7596849436126325,0.0,True,0.0,True,3848,4,0.0010395010395010396
529_pollen,KNN,5,20,0.2587818151907832,0.2587818151907832,2.7596849436126325,2.7596849436126325,0.0,True,0.0,True,3848,4,0.0010395010395010396
529_pollen,LR,0,1,0.2743220847255828,0.2743220847255828,2.6865472416106906,2.6865472416106906,0.0,True,0.0,True,3848,4,0.0010395010395010396
529_pollen,LR,0,5,0.2743220847255828,0.2743220847255828,2.6865472416106906,2.6865472416106906,0.0,True,0.0,True,3848,4,0.0010395010395010396
529_pollen,LR,0,10,0.2743220847255828,0.2743220847255828,2.6865472416106906,2.6865472416106906,0.0,True,0.0,True,3848,4,0.0010395010395010396
529_pollen,LR,0,20,0.2743220847255828,0.2743220847255828,2.6865472416106906,2.6865472416106906,0.0,True,0.0,True,3848,4,0.0010395010395010396
529_pollen,LR,1,1,0.3016740046116003,0.3016740046116003,2.6685957048116355,2.6685957048116355,0.0,True,0.0,True,3848,4,0.0010395010395010396
529_pollen,LR,1,5,0.3016740046116003,0.3016740046116003,2.6685957048116355,2.6685957048116355,0.0,True,0.0,True,3848,4,0.0010395010395010396
529_pollen,LR,1,10,0.3016740046116003,0.3016740046116003,2.6685957048116355,2.6685957048116355,0.0,True,0.0,True,3848,4,0.0010395010395010396
529_pollen,LR,1,20,0.3016740046116003,0.3016740046116003,2.6685957048116355,2.6685957048116355,0.0,True,0.0,True,3848,4,0.0010395010395010396
529_pollen,LR,2,1,0.3557272598108093,0.3557272598108093,2.601861258672012,2.601861258672012,0.0,True,0.0,True,3848,4,0.0010395010395010396
529_pollen,LR,2,5,0.3557272598108093,0.3557272598108093,2.601861258672012,2.601861258672012,0.0,True,0.0,True,3848,4,0.0010395010395010396
529_pollen,LR,2,10,0.3557272598108093,0.3557272598108093,2.601861258672012,2.601861258672012,0.0,True,0.0,True,3848,4,0.0010395010395010396
529_pollen,LR,2,20,0.3557272598108093,0.3557272598108093,2.601861258672012,2.601861258672012,0.0,True,0.0,True,3848,4,0.0010395010395010396
529_pollen,LR,3,1,0.3555519912036591,0.3555519912036591,2.59670527636752,2.59670527636752,0.0,True,0.0,True,3848,4,0.0010395010395010396
529_pollen,LR,3,5,0.3555519912036591,0.3555519912036591,2.59670527636752,2.59670527636752,0.0,True,0.0,True,3848,4,0.0010395010395010396
529_pollen,LR,3,10,0.3555519912036591,0.3555519912036591,2.59670527636752,2.59670527636752,0.0,True,0.0,True,3848,4,0.0010395010395010396
529_pollen,LR,3,20,0.3555519912036591,0.3555519912036591,2.59670527636752,2.59670527636752,0.0,True,0.0,True,3848,4,0.0010395010395010396
529_pollen,LR,4,1,0.3187039753528875,0.3187039753528875,2.5861982025699666,2.5861982025699666,0.0,True,0.0,True,3848,4,0.0010395010395010396
529_pollen,LR,4,5,0.3187039753528875,0.3187039753528875,2.5861982025699666,2.5861982025699666,0.0,True,0.0,True,3848,4,0.0010395010395010396
529_pollen,LR,4,10,0.3187039753528875,0.3187039753528875,2.5861982025699666,2.5861982025699666,0.0,True,0.0,True,3848,4,0.0010395010395010396
529_pollen,LR,4,20,0.3187039753528875,0.3187039753528875,2.5861982025699666,2.5861982025699666,0.0,True,0.0,True,3848,4,0.0010395010395010396
529_pollen,LR,5,1,0.3564134164322226,0.3564134164322226,2.571520331418207,2.571520331418207,0.0,True,0.0,True,3848,4,0.0010395010395010396
529_pollen,LR,5,5,0.3564134164322226,0.3564134164322226,2.571520331418207,2.571520331418207,0.0,True,0.0,True,3848,4,0.0010395010395010396
529_pollen,LR,5,10,0.3564134164322226,0.3564134164322226,2.571520331418207,2.571520331418207,0.0,True,0.0,True,3848,4,0.0010395010395010396
529_pollen,LR,5,20,0.3564134164322226,0.3564134164322226,2.571520331418207,2.571520331418207,0.0,True,0.0,True,3848,4,0.0010395010395010396
529_pollen,RF,0,1,-0.0222990378582443,-0.0222990378582443,3.188684162311909,3.188684162311909,0.0,True,0.0,True,3848,4,0.0010395010395010396
529_pollen,RF,0,5,-0.0222990378582443,-0.0222990378582443,3.188684162311909,3.188684162311909,0.0,True,0.0,True,3848,4,0.0010395010395010396
529_pollen,RF,0,10,-0.0222990378582443,-0.0222990378582443,3.188684162311909,3.188684162311909,0.0,True,0.0,True,3848,4,0.0010395010395010396
529_pollen,RF,0,20,-0.0222990378582443,-0.0222990378582443,3.188684162311909,3.188684162311909,0.0,True,0.0,True,3848,4,0.0010395010395010396
529_pollen,RF,1,1,0.0407785492440324,0.0407785492440324,3.127613789394693,3.127613789394693,0.0,True,0.0,True,3848,4,0.0010395010395010396
529_pollen,RF,1,5,0.0407785492440324,0.0407785492440324,3.127613789394693,3.127613789394693,0.0,True,0.0,True,3848,4,0.0010395010395010396
529_pollen,RF,1,10,0.0407785492440324,0.0407785492440324,3.127613789394693,3.127613789394693,0.0,True,0.0,True,3848,4,0.0010395010395010396
529_pollen,RF,1,20,0.0407785492440324,0.0407785492440324,3.127613789394693,3.127613789394693,0.0,True,0.0,True,3848,4,0.0010395010395010396
529_pollen,RF,2,1,0.0282192209823501,0.0282192209823501,3.195460171581246,3.195460171581246,0.0,True,0.0,True,3848,4,0.0010395010395010396
529_pollen,RF,2,5,0.0282192209823501,0.0282192209823501,3.195460171581246,3.195460171581246,0.0,True,0.0,True,3848,4,0.0010395010395010396
529_pollen,RF,2,10,0.0282192209823501,0.0282192209823501,3.195460171581246,3.195460171581246,0.0,True,0.0,True,3848,4,0.0010395010395010396
529_pollen,RF,2,20,0.0282192209823501,0.0282192209823501,3.195460171581246,3.195460171581246,0.0,True,0.0,True,3848,4,0.0010395010395010396
529_pollen,RF,3,1,0.0345235658571596,0.0345235658571596,3.178334164310137,3.178334164310137,0.0,True,0.0,True,3848,4,0.0010395010395010396
529_pollen,RF,3,5,0.0345235658571596,0.0345235658571596,3.178334164310137,3.178334164310137,0.0,True,0.0,True,3848,4,0.0010395010395010396
529_pollen,RF,3,10,0.0345235658571596,0.0345235658571596,3.178334164310137,3.178334164310137,0.0,True,0.0,True,3848,4,0.0010395010395010396
529_pollen,RF,3,20,0.0345235658571596,0.0345235658571596,3.178334164310137,3.178334164310137,0.0,True,0.0,True,3848,4,0.0010395010395010396
529_pollen,RF,4,1,0.0535747375135172,0.0535747375135172,3.0481549502917704,3.0481549502917704,0.0,True,0.0,True,3848,4,0.0010395010395010396
529_pollen,RF,4,5,0.0535747375135172,0.0535747375135172,3.0481549502917704,3.0481549502917704,0.0,True,0.0,True,3848,4,0.0010395010395010396
529_pollen,RF,4,10,0.0535747375135172,0.0535747375135172,3.0481549502917704,3.0481549502917704,0.0,True,0.0,True,3848,4,0.0010395010395010396
529_pollen,RF,4,20,0.0535747375135172,0.0535747375135172,3.0481549502917704,3.0481549502917704,0.0,True,0.0,True,3848,4,0.0010395010395010396
529_pollen,RF,5,1,0.0397988881978377,0.0397988881978377,3.140997375969607,3.140997375969607,0.0,True,0.0,True,3848,4,0.0010395010395010396
529_pollen,RF,5,5,0.0397988881978377,0.0397988881978377,3.140997375969607,3.140997375969607,0.0,True,0.0,True,3848,4,0.0010395010395010396
529_pollen,RF,5,10,0.0397988881978377,0.0397988881978377,3.140997375969607,3.140997375969607,0.0,True,0.0,True,3848,4,0.0010395010395010396
529_pollen,RF,5,20,0.0397988881978377,0.0397988881978377,3.140997375969607,3.140997375969607,0.0,True,0.0,True,3848,4,0.0010395010395010396
529_pollen,SVR,0,1,0.2752708618842185,0.2752708618842185,2.684790423405364,2.684790423405364,0.0,True,0.0,True,3848,4,0.0010395010395010396
529_pollen,SVR,0,5,0.2752708618842185,0.2752708618842185,2.684790423405364,2.684790423405364,0.0,True,0.0,True,3848,4,0.0010395010395010396
529_pollen,SVR,0,10,0.2752708618842185,0.2752708618842185,2.684790423405364,2.684790423405364,0.0,True,0.0,True,3848,4,0.0010395010395010396
529_pollen,SVR,0,20,0.2752708618842185,0.2752708618842185,2.684790423405364,2.684790423405364,0.0,True,0.0,True,3848,4,0.0010395010395010396
529_pollen,SVR,1,1,0.3017145770484323,0.3017145770484323,2.6685181815602776,2.6685181815602776,0.0,True,0.0,True,3848,4,0.0010395010395010396
529_pollen,SVR,1,5,0.3017145770484323,0.3017145770484323,2.6685181815602776,2.6685181815602776,0.0,True,0.0,True,3848,4,0.0010395010395010396
529_pollen,SVR,1,10,0.3017145770484323,0.3017145770484323,2.6685181815602776,2.6685181815602776,0.0,True,0.0,True,3848,4,0.0010395010395010396
529_pollen,SVR,1,20,0.3017145770484323,0.3017145770484323,2.6685181815602776,2.6685181815602776,0.0,True,0.0,True,3848,4,0.0010395010395010396
529_pollen,SVR,2,1,0.3535292646570305,0.3535292646570305,2.606295723119087,2.606295723119087,0.0,True,0.0,True,3848,4,0.0010395010395010396
529_pollen,SVR,2,5,0.3535292646570305,0.3535292646570305,2.606295723119087,2.606295723119087,0.0,True,0.0,True,3848,4,0.0010395010395010396
529_pollen,SVR,2,10,0.3535292646570305,0.3535292646570305,2.606295723119087,2.606295723119087,0.0,True,0.0,True,3848,4,0.0010395010395010396
529_pollen,SVR,2,20,0.3535292646570305,0.3535292646570305,2.606295723119087,2.606295723119087,0.0,True,0.0,True,3848,4,0.0010395010395010396
529_pollen,SVR,3,1,0.3543257173124866,0.3543257173124866,2.5991746443373693,2.5991746443373693,0.0,True,0.0,True,3848,4,0.0010395010395010396
529_pollen,SVR,3,5,0.3543257173124866,0.3543257173124866,2.5991746443373693,2.5991746443373693,0.0,True,0.0,True,3848,4,0.0010395010395010396
529_pollen,SVR,3,10,0.3543257173124866,0.3543257173124866,2.5991746443373693,2.5991746443373693,0.0,True,0.0,True,3848,4,0.0010395010395010396
529_pollen,SVR,3,20,0.3543257173124866,0.3543257173124866,2.5991746443373693,2.5991746443373693,0.0,True,0.0,True,3848,4,0.0010395010395010396
529_pollen,SVR,4,1,0.3186734293677833,0.3186734293677833,2.586256178166084,2.586256178166084,0.0,True,0.0,True,3848,4,0.0010395010395010396
529_pollen,SVR,4,5,0.3186734293677833,0.3186734293677833,2.586256178166084,2.586256178166084,0.0,True,0.0,True,3848,4,0.0010395010395010396
529_pollen,SVR,4,10,0.3186734293677833,0.3186734293677833,2.586256178166084,2.586256178166084,0.0,True,0.0,True,3848,4,0.0010395010395010396
529_pollen,SVR,4,20,0.3186734293677833,0.3186734293677833,2.586256178166084,2.586256178166084,0.0,True,0.0,True,3848,4,0.0010395010395010396
529_pollen,SVR,5,1,0.3530589117603294,0.3530589117603294,2.578213266009378,2.578213266009378,0.0,True,0.0,True,3848,4,0.0010395010395010396
529_pollen,SVR,5,5,0.3530589117603294,0.3530589117603294,2.578213266009378,2.578213266009378,0.0,True,0.0,True,3848,4,0.0010395010395010396
529_pollen,SVR,5,10,0.3530589117603294,0.3530589117603294,2.578213266009378,2.578213266009378,0.0,True,0.0,True,3848,4,0.0010395010395010396
529_pollen,SVR,5,20,0.3530589117603294,0.3530589117603294,2.578213266009378,2.578213266009378,0.0,True,0.0,True,3848,4,0.0010395010395010396
537_houses,DT,0,1,0.0870530097045162,0.0870530097045162,109107.3647170216,109107.3647170216,0.0,True,0.0,True,20640,8,0.0003875968992248062
537_houses,DT,0,5,0.0870530097045162,0.0870530097045162,109107.3647170216,109107.3647170216,0.0,True,0.0,True,20640,8,0.0003875968992248062
537_houses,DT,0,10,0.0870530097045162,0.0870530097045162,109107.3647170216,109107.3647170216,0.0,True,0.0,True,20640,8,0.0003875968992248062
537_houses,DT,0,20,0.2084384457371694,0.2084384457371694,101595.3034920868,101595.3034920868,0.0,True,0.0,True,20640,8,0.0003875968992248062
537_houses,DT,1,1,0.1530132648725859,0.1530132648725859,105403.26110158644,105403.26110158644,0.0,True,0.0,True,20640,8,0.0003875968992248062
537_houses,DT,1,5,0.1530132648725859,0.1530132648725859,105403.26110158644,105403.26110158644,0.0,True,0.0,True,20640,8,0.0003875968992248062
537_houses,DT,1,10,0.1530132648725859,0.1530132648725859,105403.26110158644,105403.26110158644,0.0,True,0.0,True,20640,8,0.0003875968992248062
537_houses,DT,1,20,0.2206576600065842,0.2206576600065842,101106.68679021084,101106.68679021084,0.0,True,0.0,True,20640,8,0.0003875968992248062
537_houses,DT,2,1,0.1258676288948691,0.1258676288948691,108511.64106760944,108511.64106760944,0.0,True,0.0,True,20640,8,0.0003875968992248062
537_houses,DT,2,5,0.1258676288948691,0.1258676288948691,108511.64106760944,108511.64106760944,0.0,True,0.0,True,20640,8,0.0003875968992248062
537_houses,DT,2,10,0.1258676288948691,0.1258676288948691,108511.64106760944,108511.64106760944,0.0,True,0.0,True,20640,8,0.0003875968992248062
537_houses,DT,2,20,0.2278445661733612,0.2278445661733612,101985.89132322566,101985.89132322566,0.0,True,0.0,True,20640,8,0.0003875968992248062
537_houses,DT,3,1,0.1551720484438499,0.1551720484438499,105706.12545132617,105706.12545132617,0.0,True,0.0,True,20640,8,0.0003875968992248062
537_houses,DT,3,5,0.1551720484438499,0.1551720484438499,105706.12545132617,105706.12545132617,0.0,True,0.0,True,20640,8,0.0003875968992248062
537_houses,DT,3,10,0.1551720484438499,0.1551720484438499,105706.12545132617,105706.12545132617,0.0,True,0.0,True,20640,8,0.0003875968992248062
537_houses,DT,3,20,0.2199801095833593,0.2199801095833593,101570.7960053313,101570.7960053313,0.0,True,0.0,True,20640,8,0.0003875968992248062
537_houses,DT,4,1,0.1347593429759754,0.1347593429759754,106090.828393402,106090.828393402,0.0,True,0.0,True,20640,8,0.0003875968992248062
537_houses,DT,4,5,0.1347593429759754,0.1347593429759754,106090.828393402,106090.828393402,0.0,True,0.0,True,20640,8,0.0003875968992248062
537_houses,DT,4,10,0.1347593429759754,0.1347593429759754,106090.828393402,106090.828393402,0.0,True,0.0,True,20640,8,0.0003875968992248062
537_houses,DT,4,20,0.1928906702090715,0.1928906702090715,102465.00488977446,102465.00488977446,0.0,True,0.0,True,20640,8,0.0003875968992248062
537_houses,DT,5,1,0.1989072634579898,0.1989072634579898,105131.10223812696,105131.10223812696,0.0,True,0.0,True,20640,8,0.0003875968992248062
537_houses,DT,5,5,0.1989072634579898,0.1989072634579898,105131.10223812696,105131.10223812696,0.0,True,0.0,True,20640,8,0.0003875968992248062
537_houses,DT,5,10,0.1989072634579898,0.1989072634579898,105131.10223812696,105131.10223812696,0.0,True,0.0,True,20640,8,0.0003875968992248062
537_houses,DT,5,20,0.2509879163830306,0.2509879163830306,101656.28460537938,101656.28460537938,0.0,True,0.0,True,20640,8,0.0003875968992248062
537_houses,KNN,0,1,0.3552293601346906,0.3552293601346906,91692.52078119598,91692.52078119598,0.0,True,0.0,True,20640,8,0.0003875968992248062
537_houses,KNN,0,5,0.3552293601346906,0.3552293601346906,91692.52078119598,91692.52078119598,0.0,True,0.0,True,20640,8,0.0003875968992248062
537_houses,KNN,0,10,0.3552293601346906,0.3552293601346906,91692.52078119598,91692.52078119598,0.0,True,0.0,True,20640,8,0.0003875968992248062
537_houses,KNN,0,20,0.5034060541667014,0.5034419195469297,80469.62844012446,80466.72251874041,3.58653802283726e-05,False,0.003611202686506916,False,20640,8,0.0003875968992248062
537_houses,KNN,1,1,0.3941486264147114,0.3941486264147114,89145.37000266218,89145.37000266218,0.0,True,0.0,True,20640,8,0.0003875968992248062
537_houses,KNN,1,5,0.3941486264147114,0.3941486264147114,89145.37000266218,89145.37000266218,0.0,True,0.0,True,20640,8,0.0003875968992248062
537_houses,KNN,1,10,0.3941486264147114,0.3941486264147114,89145.37000266218,89145.37000266218,0.0,True,0.0,True,20640,8,0.0003875968992248062
537_houses,KNN,1,20,0.5290982912095099,0.5289272589279215,78592.45890275252,78606.73006274957,-0.00017103228158843464,False,-0.01815843427765564,False,20640,8,0.0003875968992248062
537_houses,KNN,2,1,0.3818105526956417,0.3818105526956417,91253.28836217371,91253.28836217371,0.0,True,0.0,True,20640,8,0.0003875968992248062
537_houses,KNN,2,5,0.3818105526956417,0.3818105526956417,91253.28836217371,91253.28836217371,0.0,True,0.0,True,20640,8,0.0003875968992248062
537_houses,KNN,2,10,0.3818105526956417,0.3818105526956417,91253.28836217371,91253.28836217371,0.0,True,0.0,True,20640,8,0.0003875968992248062
537_houses,KNN,2,20,0.5220641231693678,0.521970866494327,80236.60532186941,80244.43297660185,-9.325667504078705e-05,False,-0.009755715238742007,False,20640,8,0.0003875968992248062
537_houses,KNN,3,1,0.3898061653668798,0.3898061653668798,89835.90040228113,89835.90040228113,0.0,True,0.0,True,20640,8,0.0003875968992248062
537_houses,KNN,3,5,0.3898061653668798,0.3898061653668798,89835.90040228113,89835.90040228113,0.0,True,0.0,True,20640,8,0.0003875968992248062
537_houses,KNN,3,10,0.3898061653668798,0.3898061653668798,89835.90040228113,89835.90040228113,0.0,True,0.0,True,20640,8,0.0003875968992248062
537_houses,KNN,3,20,0.5173518406107962,0.5173518406107962,79897.16041102099,79897.16041102099,0.0,True,0.0,True,20640,8,0.0003875968992248062
537_houses,KNN,4,1,0.3909066218969473,0.3909066218969473,89012.56590462873,89012.56590462873,0.0,True,0.0,True,20640,8,0.0003875968992248062
537_houses,KNN,4,5,0.3909066218969473,0.3909066218969473,89012.56590462873,89012.56590462873,0.0,True,0.0,True,20640,8,0.0003875968992248062
537_houses,KNN,4,10,0.3909066218969473,0.3909066218969473,89012.56590462873,89012.56590462873,0.0,True,0.0,True,20640,8,0.0003875968992248062
537_houses,KNN,4,20,0.5232296937501267,0.5232864132035608,78752.43319509,78747.74862500881,5.671945343410645e-05,False,0.005948476626211501,False,20640,8,0.0003875968992248062
537_houses,KNN,5,1,0.4089370181692368,0.4089370181692368,90303.94036779048,90303.94036779048,0.0,True,0.0,True,20640,8,0.0003875968992248062
537_houses,KNN,5,5,0.4089370181692368,0.4089370181692368,90303.94036779048,90303.94036779048,0.0,True,0.0,True,20640,8,0.0003875968992248062
537_houses,KNN,5,10,0.4089370181692368,0.4089370181692368,90303.94036779048,90303.94036779048,0.0,True,0.0,True,20640,8,0.0003875968992248062
537_houses,KNN,5,20,0.5300811711650515,0.5300853406751775,80519.532398797,80519.17517992239,4.169510126050824e-06,False,0.0004436425100548002,False,20640,8,0.0003875968992248062
537_houses,LR,0,1,0.4466846809704075,0.4466846809704075,84941.05148716386,84941.05148716386,0.0,True,0.0,True,20640,8,0.0003875968992248062
537_houses,LR,0,5,0.4466846809704075,0.4466846809704075,84941.05148716386,84941.05148716386,0.0,True,0.0,True,20640,8,0.0003875968992248062
537_houses,LR,0,10,0.4466846809704075,0.4466846809704075,84941.05148716386,84941.05148716386,0.0,True,0.0,True,20640,8,0.0003875968992248062
537_houses,LR,0,20,0.4567190484001535,0.4567190484001535,84167.32502419552,84167.32502419552,0.0,True,0.0,True,20640,8,0.0003875968992248062
537_houses,LR,1,1,0.4719083581199916,0.4719083581199916,83228.17859448306,83228.17859448306,0.0,True,0.0,True,20640,8,0.0003875968992248062
537_houses,LR,1,5,0.4719083581199916,0.4719083581199916,83228.17859448306,83228.17859448306,0.0,True,0.0,True,20640,8,0.0003875968992248062
537_houses,LR,1,10,0.4719083581199916,0.4719083581199916,83228.17859448306,83228.17859448306,0.0,True,0.0,True,20640,8,0.0003875968992248062
537_houses,LR,1,20,0.4818329081841984,0.4818329081841984,82442.40594316898,82442.40594316898,0.0,True,0.0,True,20640,8,0.0003875968992248062
537_houses,LR,2,1,0.4647048182866408,0.4647048182866408,84914.9966777089,84914.9966777089,0.0,True,0.0,True,20640,8,0.0003875968992248062
537_houses,LR,2,5,0.4647048182866408,0.4647048182866408,84914.9966777089,84914.9966777089,0.0,True,0.0,True,20640,8,0.0003875968992248062
537_houses,LR,2,10,0.4647048182866408,0.4647048182866408,84914.9966777089,84914.9966777089,0.0,True,0.0,True,20640,8,0.0003875968992248062
537_houses,LR,2,20,0.4713814799809124,0.4713814799809124,84383.76857700947,84383.76857700947,0.0,True,0.0,True,20640,8,0.0003875968992248062
537_houses,LR,3,1,0.4845979909396415,0.4845979909396415,82563.6855102065,82563.6855102065,0.0,True,0.0,True,20640,8,0.0003875968992248062
537_houses,LR,3,5,0.4845979909396415,0.4845979909396415,82563.6855102065,82563.6855102065,0.0,True,0.0,True,20640,8,0.0003875968992248062
537_houses,LR,3,10,0.4845979909396415,0.4845979909396415,82563.6855102065,82563.6855102065,0.0,True,0.0,True,20640,8,0.0003875968992248062
537_houses,LR,3,20,0.493487230718336,0.4934872307183359,81848.59270499015,81848.59270499017,0.0,True,0.0,True,20640,8,0.0003875968992248062
537_houses,LR,4,1,0.4731734577143258,0.4731734577143258,82783.38962830656,82783.38962830656,0.0,True,0.0,True,20640,8,0.0003875968992248062
537_houses,LR,4,5,0.4731734577143258,0.4731734577143258,82783.38962830656,82783.38962830656,0.0,True,0.0,True,20640,8,0.0003875968992248062
537_houses,LR,4,10,0.4731734577143258,0.4731734577143258,82783.38962830656,82783.38962830656,0.0,True,0.0,True,20640,8,0.0003875968992248062
537_houses,LR,4,20,0.4813698937362642,0.4813698937362642,82136.88779721779,82136.88779721779,0.0,True,0.0,True,20640,8,0.0003875968992248062
537_houses,LR,5,1,0.4849083742523528,0.4849083742523528,84300.8716954974,84300.8716954974,0.0,True,0.0,True,20640,8,0.0003875968992248062
537_houses,LR,5,5,0.4849083742523528,0.4849083742523528,84300.8716954974,84300.8716954974,0.0,True,0.0,True,20640,8,0.0003875968992248062
537_houses,LR,5,10,0.4849083742523528,0.4849083742523528,84300.8716954974,84300.8716954974,0.0,True,0.0,True,20640,8,0.0003875968992248062
537_houses,LR,5,20,0.4923887070877222,0.4923887070877222,83686.51032339808,83686.51032339806,0.0,True,0.0,True,20640,8,0.0003875968992248062
537_houses,RF,0,1,0.2601852598633366,0.2601852598633366,98218.38204765618,98218.38204765618,0.0,True,0.0,True,20640,8,0.0003875968992248062
537_houses,RF,0,5,0.2601852598633366,0.2601852598633366,98218.38204765618,98218.38204765618,0.0,True,0.0,True,20640,8,0.0003875968992248062
537_houses,RF,0,10,0.2601852598633366,0.2601852598633366,98218.38204765618,98218.38204765618,0.0,True,0.0,True,20640,8,0.0003875968992248062
537_houses,RF,0,20,0.5075606697290045,0.5075606697290045,80132.30801614729,80132.30801614729,0.0,True,0.0,True,20640,8,0.0003875968992248062
537_houses,RF,1,1,0.3237144405454982,0.3237144405454982,94184.7957989786,94184.7957989786,0.0,True,0.0,True,20640,8,0.0003875968992248062
537_houses,RF,1,5,0.3237144405454982,0.3237144405454982,94184.7957989786,94184.7957989786,0.0,True,0.0,True,20640,8,0.0003875968992248062
537_houses,RF,1,10,0.3237144405454982,0.3237144405454982,94184.7957989786,94184.7957989786,0.0,True,0.0,True,20640,8,0.0003875968992248062
537_houses,RF,1,20,0.5444908960697104,0.5444908960697104,77297.2910770096,77297.2910770096,0.0,True,0.0,True,20640,8,0.0003875968992248062
537_houses,RF,2,1,0.2997063682671189,0.2997063682671189,97124.28134652325,97124.28134652325,0.0,True,0.0,True,20640,8,0.0003875968992248062
537_houses,RF,2,5,0.2997063682671189,0.2997063682671189,97124.28134652325,97124.28134652325,0.0,True,0.0,True,20640,8,0.0003875968992248062
537_houses,RF,2,10,0.2997063682671189,0.2997063682671189,97124.28134652325,97124.28134652325,0.0,True,0.0,True,20640,8,0.0003875968992248062
537_houses,RF,2,20,0.5179656375950203,0.5179656375950203,80579.90093019328,80579.90093019328,0.0,True,0.0,True,20640,8,0.0003875968992248062
537_houses,RF,3,1,0.3120894728300697,0.3120894728300697,95385.41974054162,95385.41974054162,0.0,True,0.0,True,20640,8,0.0003875968992248062
537_houses,RF,3,5,0.3120894728300697,0.3120894728300697,95385.41974054162,95385.41974054162,0.0,True,0.0,True,20640,8,0.0003875968992248062
537_houses,RF,3,10,0.3120894728300697,0.3120894728300697,95385.41974054162,95385.41974054162,0.0,True,0.0,True,20640,8,0.0003875968992248062
537_houses,RF,3,20,0.515965275840206,0.515965275840206,80011.84347260237,80011.84347260237,0.0,True,0.0,True,20640,8,0.0003875968992248062
537_houses,RF,4,1,0.3032166889351055,0.3032166889351055,95204.66986816112,95204.66986816112,0.0,True,0.0,True,20640,8,0.0003875968992248062
537_houses,RF,4,5,0.3032166889351055,0.3032166889351055,95204.66986816112,95204.66986816112,0.0,True,0.0,True,20640,8,0.0003875968992248062
537_houses,RF,4,10,0.3032166889351055,0.3032166889351055,95204.66986816112,95204.66986816112,0.0,True,0.0,True,20640,8,0.0003875968992248062
537_houses,RF,4,20,0.5283426293043041,0.5283426293043041,78329.02021221684,78329.02021221684,0.0,True,0.0,True,20640,8,0.0003875968992248062
537_houses,RF,5,1,0.3349550540053331,0.3349550540053331,95788.92942512136,95788.92942512136,0.0,True,0.0,True,20640,8,0.0003875968992248062
537_houses,RF,5,5,0.3349550540053331,0.3349550540053331,95788.92942512136,95788.92942512136,0.0,True,0.0,True,20640,8,0.0003875968992248062
537_houses,RF,5,10,0.3349550540053331,0.3349550540053331,95788.92942512136,95788.92942512136,0.0,True,0.0,True,20640,8,0.0003875968992248062
537_houses,RF,5,20,0.5328320542290437,0.5328320542290437,80283.50766526221,80283.50766526221,0.0,True,0.0,True,20640,8,0.0003875968992248062
537_houses,SVR,0,1,0.4256756957602033,0.4256756957602033,86538.60364207446,86538.60364207446,0.0,True,0.0,True,20640,8,0.0003875968992248062
537_houses,SVR,0,5,0.4256756957602033,0.4256756957602033,86538.60364207446,86538.60364207446,0.0,True,0.0,True,20640,8,0.0003875968992248062
537_houses,SVR,0,10,0.4256756957602033,0.4256756957602033,86538.60364207446,86538.60364207446,0.0,True,0.0,True,20640,8,0.0003875968992248062
537_houses,SVR,0,20,0.4353054334653599,0.4353054334653599,85810.03719515346,85810.03719515346,0.0,True,0.0,True,20640,8,0.0003875968992248062
537_houses,SVR,1,1,0.4566099940727641,0.4566099940727641,84425.0966986559,84425.0966986559,0.0,True,0.0,True,20640,8,0.0003875968992248062
537_houses,SVR,1,5,0.4566099940727641,0.4566099940727641,84425.0966986559,84425.0966986559,0.0,True,0.0,True,20640,8,0.0003875968992248062
537_houses,SVR,1,10,0.4566099940727641,0.4566099940727641,84425.0966986559,84425.0966986559,0.0,True,0.0,True,20640,8,0.0003875968992248062
537_houses,SVR,1,20,0.4658625677930847,0.4658625677930847,83703.2364385879,83703.2364385879,0.0,True,0.0,True,20640,8,0.0003875968992248062
537_houses,SVR,2,1,0.4439735045178378,0.4439735045178378,86543.70291238253,86543.70291238253,0.0,True,0.0,True,20640,8,0.0003875968992248062
537_houses,SVR,2,5,0.4439735045178378,0.4439735045178378,86543.70291238253,86543.70291238253,0.0,True,0.0,True,20640,8,0.0003875968992248062
537_houses,SVR,2,10,0.4439735045178378,0.4439735045178378,86543.70291238253,86543.70291238253,0.0,True,0.0,True,20640,8,0.0003875968992248062
537_houses,SVR,2,20,0.4486539472135006,0.4486539472135006,86178.68535244631,86178.68535244631,0.0,True,0.0,True,20640,8,0.0003875968992248062
537_houses,SVR,3,1,0.4650872757861098,0.4650872757861098,84111.90743887429,84111.90743887429,0.0,True,0.0,True,20640,8,0.0003875968992248062
537_houses,SVR,3,5,0.4650872757861098,0.4650872757861098,84111.90743887429,84111.90743887429,0.0,True,0.0,True,20640,8,0.0003875968992248062
537_houses,SVR,3,10,0.4650872757861098,0.4650872757861098,84111.90743887429,84111.90743887429,0.0,True,0.0,True,20640,8,0.0003875968992248062
537_houses,SVR,3,20,0.473197581481533,0.473197581481533,83471.8227988608,83471.8227988608,0.0,True,0.0,True,20640,8,0.0003875968992248062
537_houses,SVR,4,1,0.4516513475942684,0.4516513475942684,84457.4124337163,84457.4124337163,0.0,True,0.0,True,20640,8,0.0003875968992248062
537_houses,SVR,4,5,0.4516513475942684,0.4516513475942684,84457.4124337163,84457.4124337163,0.0,True,0.0,True,20640,8,0.0003875968992248062
537_houses,SVR,4,10,0.4516513475942684,0.4516513475942684,84457.4124337163,84457.4124337163,0.0,True,0.0,True,20640,8,0.0003875968992248062
537_houses,SVR,4,20,0.458428778582204,0.458428778582204,83933.8550355264,83933.85503552642,0.0,True,0.0,True,20640,8,0.0003875968992248062
537_houses,SVR,5,1,0.4627174040372263,0.4627174040372263,86097.6320448124,86097.6320448124,0.0,True,0.0,True,20640,8,0.0003875968992248062
537_houses,SVR,5,5,0.4627174040372263,0.4627174040372263,86097.6320448124,86097.6320448124,0.0,True,0.0,True,20640,8,0.0003875968992248062
537_houses,SVR,5,10,0.4627174040372263,0.4627174040372263,86097.6320448124,86097.6320448124,0.0,True,0.0,True,20640,8,0.0003875968992248062
537_houses,SVR,5,20,0.4682020761216621,0.4682020761216621,85657.05515688527,85657.05515688527,0.0,True,0.0,True,20640,8,0.0003875968992248062
542_pollution,DT,0,1,-0.3607817152116039,-0.3607817152116039,66.65813746708106,66.65813746708106,0.0,True,0.0,True,60,15,0.25
542_pollution,DT,0,5,-0.3607817152116039,-0.3607817152116039,66.65813746708106,66.65813746708106,0.0,True,0.0,True,60,15,0.25
542_pollution,DT,0,10,-0.225191292416871,0.1392133574893062,63.25005287234331,53.01596875743144,0.36440464990617716,False,16.180356616566282,False,60,15,0.25
542_pollution,DT,0,20,0.0228284103326826,0.0228284103326826,56.48645994729828,56.48645994729828,0.0,True,0.0,True,60,15,0.25
542_pollution,DT,1,1,-0.6600894383011495,-0.6600894383011495,69.1490838992062,69.1490838992062,0.0,True,0.0,True,60,15,0.25
542_pollution,DT,1,5,-0.6600894383011495,-0.6600894383011495,69.1490838992062,69.1490838992062,0.0,True,0.0,True,60,15,0.25
542_pollution,DT,1,10,-1.027922010063306,-1.027922010063306,76.42691192703093,76.42691192703093,0.0,True,0.0,True,60,15,0.25
542_pollution,DT,1,20,0.0088399529057298,0.0088399529057298,53.43091129800439,53.43091129800439,0.0,True,0.0,True,60,15,0.25
542_pollution,DT,2,1,-0.1085218404785921,-0.1085218404785921,81.0576911913814,81.0576911913814,0.0,True,0.0,True,60,15,0.25
542_pollution,DT,2,5,-0.1085218404785921,-0.1085218404785921,81.0576911913814,81.0576911913814,0.0,True,0.0,True,60,15,0.25
542_pollution,DT,2,10,0.0997408362083234,0.4785406080350415,73.04758755693773,55.59456663624618,0.3787997718267181,False,23.89267257743126,False,60,15,0.25
542_pollution,DT,2,20,0.0574787337139368,0.5188358855810673,74.74251052971567,53.40337655588332,0.4613571518671305,False,28.550196966354868,False,60,15,0.25
542_pollution,DT,3,1,-1.0249146264251237,-1.0249146264251237,75.00067270090247,75.00067270090247,0.0,True,0.0,True,60,15,0.25
542_pollution,DT,3,5,-1.0249146264251237,-1.0249146264251237,75.00067270090247,75.00067270090247,0.0,True,0.0,True,60,15,0.25
542_pollution,DT,3,10,-0.8468736095581955,-1.264662834733172,71.62759804643562,79.31650632906602,-0.41778922517497663,False,-10.73456110819985,False,60,15,0.25
542_pollution,DT,3,20,-0.0925838063408899,-0.6589920253292918,55.09208129789345,67.88658296024917,-0.5664082189884019,False,-23.223848801742296,False,60,15,0.25
542_pollution,DT,4,1,0.0915527487461203,0.0915527487461203,54.38223978745311,54.38223978745311,0.0,True,0.0,True,60,15,0.25
542_pollution,DT,4,5,0.0915527487461203,0.0915527487461203,54.38223978745311,54.38223978745311,0.0,True,0.0,True,60,15,0.25
542_pollution,DT,4,10,-0.4272266477646989,-0.4272266477646989,68.16378623309801,68.16378623309801,0.0,True,0.0,True,60,15,0.25
542_pollution,DT,4,20,-0.1351171272617921,-0.1351171272617921,60.78936001322759,60.78936001322759,0.0,True,0.0,True,60,15,0.25
542_pollution,DT,5,1,0.3867570873947352,0.3867570873947352,42.52469095293333,42.52469095293333,0.0,True,0.0,True,60,15,0.25
542_pollution,DT,5,5,0.3867570873947352,0.3867570873947352,42.52469095293333,42.52469095293333,0.0,True,0.0,True,60,15,0.25
542_pollution,DT,5,10,0.011533564827624,0.0885226089251188,53.98907175690982,51.84392187905555,0.0769890440974948,False,3.9733038706666126,False,60,15,0.25
542_pollution,DT,5,20,-0.1165937180168565,-0.1165937180168565,57.38157801371405,57.38157801371405,0.0,True,0.0,True,60,15,0.25
542_pollution,KNN,0,1,0.3533590244944625,0.3533590244944625,45.95053292203991,45.95053292203991,0.0,True,0.0,True,60,15,0.25
542_pollution,KNN,0,5,0.3533590244944625,0.3533590244944625,45.95053292203991,45.95053292203991,0.0,True,0.0,True,60,15,0.25
542_pollution,KNN,0,10,0.5150308083364692,0.6642391583275329,39.79385537826651,33.111127114653485,0.1492083499910637,False,16.793367217348855,False,60,15,0.25
542_pollution,KNN,0,20,0.6396885883946348,0.6396885883946348,34.30030253802666,34.30030253802666,0.0,True,0.0,True,60,15,0.25
542_pollution,KNN,1,1,-0.6162209835530317,-0.6162209835530317,68.22932237478474,68.22932237478474,0.0,True,0.0,True,60,15,0.25
542_pollution,KNN,1,5,-0.6162209835530317,-0.6162209835530317,68.22932237478474,68.22932237478474,0.0,True,0.0,True,60,15,0.25
542_pollution,KNN,1,10,0.280596414313331,0.280596414313331,45.52049611364302,45.52049611364302,0.0,True,0.0,True,60,15,0.25
542_pollution,KNN,1,20,0.2185311160885406,0.2185311160885406,47.44347950632177,47.44347950632177,0.0,True,0.0,True,60,15,0.25
542_pollution,KNN,2,1,0.1637181126240874,0.1637181126240874,70.4041804884275,70.4041804884275,0.0,True,0.0,True,60,15,0.25
542_pollution,KNN,2,5,0.1637181126240874,0.1637181126240874,70.4041804884275,70.4041804884275,0.0,True,0.0,True,60,15,0.25
542_pollution,KNN,2,10,0.2284233116317208,0.5952278561419826,67.62568094473826,48.98097330468076,0.3668045445102618,False,27.57045456635537,False,60,15,0.25
542_pollution,KNN,2,20,0.0046047494045609,0.6159083530707268,76.81037481874137,47.7133086482905,0.6113036036661659,False,37.88168751827431,False,60,15,0.25
542_pollution,KNN,3,1,0.1846761650382956,0.1846761650382956,47.59122342106792,47.59122342106792,0.0,True,0.0,True,60,15,0.25
542_pollution,KNN,3,5,0.1846761650382956,0.1846761650382956,47.59122342106792,47.59122342106792,0.0,True,0.0,True,60,15,0.25
542_pollution,KNN,3,10,0.3783898040656186,0.3675517203685755,41.55476825788262,41.91546686373064,-0.010838083697043144,False,-0.8680077424799499,False,60,15,0.25
542_pollution,KNN,3,20,0.0149392741049483,0.4336390182456867,52.31103370767043,39.665091728871865,0.4186997441407384,False,24.174521286403632,False,60,15,0.25
542_pollution,KNN,4,1,0.351947499043547,0.351947499043547,45.93167977633247,45.93167977633247,0.0,True,0.0,True,60,15,0.25
542_pollution,KNN,4,5,0.351947499043547,0.351947499043547,45.93167977633247,45.93167977633247,0.0,True,0.0,True,60,15,0.25
542_pollution,KNN,4,10,0.373863010331449,0.373863010331449,45.14835314098894,45.14835314098894,0.0,True,0.0,True,60,15,0.25
542_pollution,KNN,4,20,0.4731341828448792,0.4731341828448792,41.41495980574771,41.41495980574771,0.0,True,0.0,True,60,15,0.25
542_pollution,KNN,5,1,0.1876531380821728,0.1876531380821728,48.94357075531722,48.94357075531722,0.0,True,0.0,True,60,15,0.25
542_pollution,KNN,5,5,0.1876531380821728,0.1876531380821728,48.94357075531722,48.94357075531722,0.0,True,0.0,True,60,15,0.25
542_pollution,KNN,5,10,0.2857133772327733,0.3121132769532408,45.89455419178972,45.038442221326704,0.026399899720467523,False,1.8653890108298998,False,60,15,0.25
542_pollution,KNN,5,20,0.1755187528238175,0.1755187528238175,49.30776168478756,49.30776168478756,0.0,True,0.0,True,60,15,0.25
542_pollution,LR,0,1,0.4352442997454464,0.4352442997454464,42.94269076938915,42.94269076938915,0.0,True,0.0,True,60,15,0.25
542_pollution,LR,0,5,0.4352442997454464,0.4352442997454464,42.94269076938915,42.94269076938915,0.0,True,0.0,True,60,15,0.25
542_pollution,LR,0,10,0.5500534773942141,0.6327110847545829,38.33005054711699,34.63082620763132,0.08265760736036887,False,9.650976940242794,False,60,15,0.25
542_pollution,LR,0,20,0.6379843429083623,0.6379843429083624,34.381325749648994,34.381325749648994,0.0,True,0.0,True,60,15,0.25
542_pollution,LR,1,1,0.1025533437620884,0.1025533437620884,50.842278995080655,50.842278995080655,0.0,True,0.0,True,60,15,0.25
542_pollution,LR,1,5,0.1025533437620884,0.1025533437620884,50.842278995080655,50.842278995080655,0.0,True,0.0,True,60,15,0.25
542_pollution,LR,1,10,0.2611481957262511,0.2611481957262506,46.13168912276112,46.131689122761145,0.0,True,0.0,True,60,15,0.25
542_pollution,LR,1,20,0.2851847276864887,0.2851847276864891,45.37510040020651,45.37510040020649,0.0,True,0.0,True,60,15,0.25
542_pollution,LR,2,1,0.4143758878346183,0.4143758878346183,58.91577259238676,58.91577259238676,0.0,True,0.0,True,60,15,0.25
542_pollution,LR,2,5,0.4143758878346183,0.4143758878346183,58.91577259238676,58.91577259238676,0.0,True,0.0,True,60,15,0.25
542_pollution,LR,2,10,0.3252922049863973,0.6466480067116578,63.238267904095714,45.764200014987175,0.32135580172526046,False,27.63211022099612,False,60,15,0.25
542_pollution,LR,2,20,-2.8878736784117267,0.6720253300885229,151.80223827562594,44.09021880496646,3.5598990085002495,False,70.9554883341626,False,60,15,0.25
542_pollution,LR,3,1,0.2493600686913205,0.2493600686913205,45.664386974442,45.664386974442,0.0,True,0.0,True,60,15,0.25
542_pollution,LR,3,5,0.2493600686913205,0.2493600686913205,45.664386974442,45.664386974442,0.0,True,0.0,True,60,15,0.25
542_pollution,LR,3,10,0.1030506354908816,0.3947970696255259,49.91668815102957,41.00268635282542,0.2917464341346443,False,17.85775885458116,False,60,15,0.25
542_pollution,LR,3,20,0.20025513669165,0.3490133646717308,47.13435079201292,42.52534408829188,0.1487582279800808,False,9.778445287299997,False,60,15,0.25
542_pollution,LR,4,1,0.5090291235328513,0.5090291235328513,39.97929197035024,39.97929197035024,0.0,True,0.0,True,60,15,0.25
542_pollution,LR,4,5,0.5090291235328513,0.5090291235328513,39.97929197035024,39.97929197035024,0.0,True,0.0,True,60,15,0.25
542_pollution,LR,4,10,0.5909531606402512,0.5909531606402512,36.4916712362134,36.491671236213406,0.0,True,0.0,True,60,15,0.25
542_pollution,LR,4,20,0.6285474115717383,0.628547411571738,34.774342510633105,34.77434251063312,0.0,True,0.0,True,60,15,0.25
542_pollution,LR,5,1,0.300377996358892,0.300377996358892,45.42099327230255,45.42099327230255,0.0,True,0.0,True,60,15,0.25
542_pollution,LR,5,5,0.300377996358892,0.300377996358892,45.42099327230255,45.42099327230255,0.0,True,0.0,True,60,15,0.25
542_pollution,LR,5,10,0.0790934807286212,0.4726726446101249,52.111391610975694,39.43347479060929,0.3935791638815037,False,24.328494074789177,False,60,15,0.25
542_pollution,LR,5,20,0.3533479557715184,0.3533479557715183,43.66769061293737,43.66769061293737,0.0,True,0.0,True,60,15,0.25
542_pollution,RF,0,1,-0.1266446331789676,-0.1266446331789676,60.65301837367481,60.65301837367481,0.0,True,0.0,True,60,15,0.25
542_pollution,RF,0,5,-0.1266446331789676,-0.1266446331789676,60.65301837367481,60.65301837367481,0.0,True,0.0,True,60,15,0.25
542_pollution,RF,0,10,0.3278040009980719,0.6064363674201941,46.84970964836306,35.84812310664182,0.27863236642212225,False,23.482720862722864,False,60,15,0.25
542_pollution,RF,0,20,0.4931260699482389,0.4931260699482389,40.682620503674514,40.682620503674514,0.0,True,0.0,True,60,15,0.25
542_pollution,RF,1,1,-0.796398648321788,-0.796398648321788,71.931985389758,71.931985389758,0.0,True,0.0,True,60,15,0.25
542_pollution,RF,1,5,-0.796398648321788,-0.796398648321788,71.931985389758,71.931985389758,0.0,True,0.0,True,60,15,0.25
542_pollution,RF,1,10,-0.0276057590949101,-0.0276057590949101,54.40439089681502,54.40439089681502,0.0,True,0.0,True,60,15,0.25
542_pollution,RF,1,20,0.2838952344464737,0.2838952344464737,45.41600923606043,45.41600923606043,0.0,True,0.0,True,60,15,0.25
542_pollution,RF,2,1,-0.046470977465213,-0.046470977465213,78.7563710424748,78.7563710424748,0.0,True,0.0,True,60,15,0.25
542_pollution,RF,2,5,-0.046470977465213,-0.046470977465213,78.7563710424748,78.7563710424748,0.0,True,0.0,True,60,15,0.25
542_pollution,RF,2,10,0.0989652953003161,0.5687348439358771,73.07904471901259,50.55851247383452,0.46976954863556103,False,30.816675740315226,False,60,15,0.25
542_pollution,RF,2,20,0.1409360892577238,0.6229538916403102,71.35671353999743,47.2736715626321,0.4820178023825864,False,33.750211833769654,False,60,15,0.25
542_pollution,RF,3,1,-0.1751099747808184,-0.1751099747808184,57.134845375196925,57.134845375196925,0.0,True,0.0,True,60,15,0.25
542_pollution,RF,3,5,-0.1751099747808184,-0.1751099747808184,57.134845375196925,57.134845375196925,0.0,True,0.0,True,60,15,0.25
542_pollution,RF,3,10,0.0138902199228196,0.0749498465803152,52.33888097864524,50.6925852003723,0.0610596266574956,False,3.145454674402855,False,60,15,0.25
542_pollution,RF,3,20,0.2868447642617754,0.2167887200933584,44.50961497714299,46.64458857985605,-0.07005604416841701,False,-4.796657090404922,False,60,15,0.25
542_pollution,RF,4,1,0.3121459812171865,0.3121459812171865,47.32115894089376,47.32115894089376,0.0,True,0.0,True,60,15,0.25
542_pollution,RF,4,5,0.3121459812171865,0.3121459812171865,47.32115894089376,47.32115894089376,0.0,True,0.0,True,60,15,0.25
542_pollution,RF,4,10,0.4093008807881538,0.4093008807881538,43.852099871500606,43.852099871500606,0.0,True,0.0,True,60,15,0.25
542_pollution,RF,4,20,0.4602471797762968,0.4602471797762968,41.91839956153761,41.91839956153761,0.0,True,0.0,True,60,15,0.25
542_pollution,RF,5,1,0.3867698086102874,0.3867698086102874,42.52424988092559,42.52424988092559,0.0,True,0.0,True,60,15,0.25
542_pollution,RF,5,5,0.3867698086102874,0.3867698086102874,42.52424988092559,42.52424988092559,0.0,True,0.0,True,60,15,0.25
542_pollution,RF,5,10,0.1434374715903745,0.2237246950508947,50.25791101506523,47.8445839638186,0.0802872234605202,False,4.801884922203029,False,60,15,0.25
542_pollution,RF,5,20,0.0791646924841485,0.0791646924841485,52.10937674011499,52.10937674011499,0.0,True,0.0,True,60,15,0.25
542_pollution,SVR,0,1,0.3970423166314706,0.3970423166314706,44.37132104441068,44.37132104441068,0.0,True,0.0,True,60,15,0.25
542_pollution,SVR,0,5,0.3970423166314706,0.3970423166314706,44.37132104441068,44.37132104441068,0.0,True,0.0,True,60,15,0.25
542_pollution,SVR,0,10,0.5251625073312938,0.6313007857811426,39.37598615358717,34.697249428154215,0.1061382784498488,False,11.88220837741919,False,60,15,0.25
542_pollution,SVR,0,20,0.6501113566552197,0.6501113566552197,33.80055764061603,33.800557640616034,0.0,True,0.0,True,60,15,0.25
542_pollution,SVR,1,1,0.0805123154578854,0.0805123154578854,51.46282775855999,51.46282775855999,0.0,True,0.0,True,60,15,0.25
542_pollution,SVR,1,5,0.0805123154578854,0.0805123154578854,51.46282775855999,51.46282775855999,0.0,True,0.0,True,60,15,0.25
542_pollution,SVR,1,10,0.2690289421145981,0.2690289421145986,45.88500448604026,45.88500448604025,0.0,True,0.0,True,60,15,0.25
542_pollution,SVR,1,20,0.233541316557471,0.233541316557471,46.9856308228508,46.9856308228508,0.0,True,0.0,True,60,15,0.25
542_pollution,SVR,2,1,0.4047214921293742,0.4047214921293742,59.39941991190091,59.39941991190091,0.0,True,0.0,True,60,15,0.25
542_pollution,SVR,2,5,0.4047214921293742,0.4047214921293742,59.39941991190091,59.39941991190091,0.0,True,0.0,True,60,15,0.25
542_pollution,SVR,2,10,0.3354006348038425,0.6457584828829006,62.76276431235527,45.82176691671397,0.3103578480790581,False,26.99211480126976,False,60,15,0.25
542_pollution,SVR,2,20,-1.1180440922804595,0.67967331702834,112.04425690716516,43.57312023881817,1.7977174093087995,False,61.11079546458066,False,60,15,0.25
542_pollution,SVR,3,1,0.2190224983449952,0.2190224983449952,46.57802412374846,46.57802412374846,0.0,True,0.0,True,60,15,0.25
542_pollution,SVR,3,5,0.2190224983449952,0.2190224983449952,46.57802412374846,46.57802412374846,0.0,True,0.0,True,60,15,0.25
542_pollution,SVR,3,10,0.1502132719782521,0.4083025575278778,48.58662942320134,40.542604618693645,0.25808928554962574,False,16.55604617978803,False,60,15,0.25
542_pollution,SVR,3,20,0.3434698540702832,0.3509146363128886,42.70602364845455,42.46319891742464,0.007444782242605419,False,0.5685959737876299,False,60,15,0.25
542_pollution,SVR,4,1,0.4346249621080994,0.4346249621080994,42.90180334551936,42.90180334551936,0.0,True,0.0,True,60,15,0.25
542_pollution,SVR,4,5,0.4346249621080994,0.4346249621080994,42.90180334551936,42.90180334551936,0.0,True,0.0,True,60,15,0.25
542_pollution,SVR,4,10,0.5872768833963525,0.5872768833963526,36.655287491176345,36.65528749117634,0.0,True,0.0,True,60,15,0.25
542_pollution,SVR,4,20,0.6190178162991313,0.6190178162991313,35.21758457709397,35.21758457709397,0.0,True,0.0,True,60,15,0.25
542_pollution,SVR,5,1,0.3005371724722919,0.3005371724722919,45.41582594736212,45.41582594736212,0.0,True,0.0,True,60,15,0.25
542_pollution,SVR,5,5,0.3005371724722919,0.3005371724722919,45.41582594736212,45.41582594736212,0.0,True,0.0,True,60,15,0.25
542_pollution,SVR,5,10,0.1219333295156377,0.4552201273127234,50.884866978128265,40.08071166471228,0.3332867977970857,False,21.23255096266619,False,60,15,0.25
542_pollution,SVR,5,20,0.419222587751477,0.4192225877514771,41.383741812198224,41.38374181219822,0.0,True,0.0,True,60,15,0.25
560_bodyfat,DT,0,1,0.8216307391571103,0.8216307391571103,3.591684231622571,3.591684231622571,0.0,True,0.0,True,252,14,0.05555555555555555
560_bodyfat,DT,0,5,0.8216307391571103,0.8216307391571103,3.591684231622571,3.591684231622571,0.0,True,0.0,True,252,14,0.05555555555555555
560_bodyfat,DT,0,10,0.8359428990647536,0.8359428990647536,3.444575102146139,3.444575102146139,0.0,True,0.0,True,252,14,0.05555555555555555
560_bodyfat,DT,0,20,0.9604334737634714,0.9604334737634714,1.6916172421164108,1.6916172421164108,0.0,True,0.0,True,252,14,0.05555555555555555
560_bodyfat,DT,1,1,0.9242304002838592,0.9242304002838592,2.360718090106068,2.360718090106068,0.0,True,0.0,True,252,14,0.05555555555555555
560_bodyfat,DT,1,5,0.9242304002838592,0.9242304002838592,2.360718090106068,2.360718090106068,0.0,True,0.0,True,252,14,0.05555555555555555
560_bodyfat,DT,1,10,0.9239164949359596,0.9239164949359596,2.36560313706045,2.36560313706045,0.0,True,0.0,True,252,14,0.05555555555555555
560_bodyfat,DT,1,20,0.9061405728561878,0.9061405728561878,2.627456781795222,2.627456781795222,0.0,True,0.0,True,252,14,0.05555555555555555
560_bodyfat,DT,2,1,0.9016229655454816,0.9016229655454816,2.53054858730216,2.53054858730216,0.0,True,0.0,True,252,14,0.05555555555555555
560_bodyfat,DT,2,5,0.9016229655454816,0.9016229655454816,2.53054858730216,2.53054858730216,0.0,True,0.0,True,252,14,0.05555555555555555
560_bodyfat,DT,2,10,0.9982348089771887,0.9982348089771887,0.3389718799545811,0.3389718799545811,0.0,True,0.0,True,252,14,0.05555555555555555
560_bodyfat,DT,2,20,0.9971202672611568,0.9971202672611568,0.432956145811647,0.432956145811647,0.0,True,0.0,True,252,14,0.05555555555555555
560_bodyfat,DT,3,1,0.9140408223020016,0.9140408223020016,2.6522927956510896,2.6522927956510896,0.0,True,0.0,True,252,14,0.05555555555555555
560_bodyfat,DT,3,5,0.9140408223020016,0.9140408223020016,2.6522927956510896,2.6522927956510896,0.0,True,0.0,True,252,14,0.05555555555555555
560_bodyfat,DT,3,10,0.9053237284850146,0.9053237284850146,2.783530040751173,2.783530040751173,0.0,True,0.0,True,252,14,0.05555555555555555
560_bodyfat,DT,3,20,0.9134388381375904,0.9134388381375904,2.661563781485514,2.661563781485514,0.0,True,0.0,True,252,14,0.05555555555555555
560_bodyfat,DT,4,1,0.9047503784189368,0.9047503784189368,2.909307261376409,2.909307261376409,0.0,True,0.0,True,252,14,0.05555555555555555
560_bodyfat,DT,4,5,0.9047503784189368,0.9047503784189368,2.909307261376409,2.909307261376409,0.0,True,0.0,True,252,14,0.05555555555555555
560_bodyfat,DT,4,10,0.9649268732322668,0.9649268732322668,1.765408461976531,1.765408461976531,0.0,True,0.0,True,252,14,0.05555555555555555
560_bodyfat,DT,4,20,0.964900394338268,0.964900394338268,1.766074744801654,1.766074744801654,0.0,True,0.0,True,252,14,0.05555555555555555
560_bodyfat,DT,5,1,0.813135228178138,0.813135228178138,3.1912180302254813,3.1912180302254813,0.0,True,0.0,True,252,14,0.05555555555555555
560_bodyfat,DT,5,5,0.813135228178138,0.813135228178138,3.1912180302254813,3.1912180302254813,0.0,True,0.0,True,252,14,0.05555555555555555
560_bodyfat,DT,5,10,0.918112701861392,0.918112701861392,2.1125209790047954,2.1125209790047954,0.0,True,0.0,True,252,14,0.05555555555555555
560_bodyfat,DT,5,20,0.9176377839803428,0.9176377839803428,2.118638066469404,2.118638066469404,0.0,True,0.0,True,252,14,0.05555555555555555
560_bodyfat,KNN,0,1,0.9778829809539528,0.9778829809539528,1.264740534215169,1.264740534215169,0.0,True,0.0,True,252,14,0.05555555555555555
560_bodyfat,KNN,0,5,0.9778829809539528,0.9778829809539528,1.264740534215169,1.264740534215169,0.0,True,0.0,True,252,14,0.05555555555555555
560_bodyfat,KNN,0,10,0.984809101619106,0.984809101619106,1.048165524202392,1.048165524202392,0.0,True,0.0,True,252,14,0.05555555555555555
560_bodyfat,KNN,0,20,0.9666973178145848,0.9666973178145848,1.5519500817247884,1.5519500817247884,0.0,True,0.0,True,252,14,0.05555555555555555
560_bodyfat,KNN,1,1,0.9365045606863994,0.9365045606863994,2.1610653386451086,2.1610653386451086,0.0,True,0.0,True,252,14,0.05555555555555555
560_bodyfat,KNN,1,5,0.9365045606863994,0.9365045606863994,2.1610653386451086,2.1610653386451086,0.0,True,0.0,True,252,14,0.05555555555555555
560_bodyfat,KNN,1,10,0.9618985405340824,0.9618985405340824,1.6740461920351903,1.6740461920351903,0.0,True,0.0,True,252,14,0.05555555555555555
560_bodyfat,KNN,1,20,0.9616168120642636,0.9616168120642636,1.6802238800568443,1.6802238800568443,0.0,True,0.0,True,252,14,0.05555555555555555
560_bodyfat,KNN,2,1,0.982936325000592,0.982936325000592,1.053911400247978,1.053911400247978,0.0,True,0.0,True,252,14,0.05555555555555555
560_bodyfat,KNN,2,5,0.982936325000592,0.982936325000592,1.053911400247978,1.053911400247978,0.0,True,0.0,True,252,14,0.05555555555555555
560_bodyfat,KNN,2,10,0.9780713823072692,0.9780713823072692,1.1947401122753296,1.1947401122753296,0.0,True,0.0,True,252,14,0.05555555555555555
560_bodyfat,KNN,2,20,0.9630783404584008,0.9630783404584008,1.550273857744147,1.550273857744147,0.0,True,0.0,True,252,14,0.05555555555555555
560_bodyfat,KNN,3,1,0.9598674155957564,0.9598674155957564,1.8122741815944408,1.8122741815944408,0.0,True,0.0,True,252,14,0.05555555555555555
560_bodyfat,KNN,3,5,0.9598674155957564,0.9598674155957564,1.8122741815944408,1.8122741815944408,0.0,True,0.0,True,252,14,0.05555555555555555
560_bodyfat,KNN,3,10,0.9562392644446792,0.9562392644446792,1.892420509284152,1.892420509284152,0.0,True,0.0,True,252,14,0.05555555555555555
560_bodyfat,KNN,3,20,0.948749020821345,0.948749020821345,2.047983357443188,2.047983357443188,0.0,True,0.0,True,252,14,0.05555555555555555
560_bodyfat,KNN,4,1,0.9419246446421484,0.9419246446421484,2.2717152810756405,2.2717152810756405,0.0,True,0.0,True,252,14,0.05555555555555555
560_bodyfat,KNN,4,5,0.9419246446421484,0.9419246446421484,2.2717152810756405,2.2717152810756405,0.0,True,0.0,True,252,14,0.05555555555555555
560_bodyfat,KNN,4,10,0.9401694620729684,0.9401694620729684,2.305788215345044,2.305788215345044,0.0,True,0.0,True,252,14,0.05555555555555555
560_bodyfat,KNN,4,20,0.9345367574865824,0.9345367574865824,2.4118856738606675,2.4118856738606675,0.0,True,0.0,True,252,14,0.05555555555555555
560_bodyfat,KNN,5,1,0.9110729825325036,0.9110729825325036,2.20145403940458,2.20145403940458,0.0,True,0.0,True,252,14,0.05555555555555555
560_bodyfat,KNN,5,5,0.9110729825325036,0.9110729825325036,2.20145403940458,2.20145403940458,0.0,True,0.0,True,252,14,0.05555555555555555
560_bodyfat,KNN,5,10,0.9514211185628612,0.9514211185628612,1.6271085040940143,1.6271085040940143,0.0,True,0.0,True,252,14,0.05555555555555555
560_bodyfat,KNN,5,20,0.9460867887459994,0.9460867887459994,1.7141165966851863,1.7141165966851863,0.0,True,0.0,True,252,14,0.05555555555555555
560_bodyfat,LR,0,1,0.9943131974767576,0.9943131974767576,0.6413162071696653,0.6413162071696653,0.0,True,0.0,True,252,14,0.05555555555555555
560_bodyfat,LR,0,5,0.9943131974767576,0.9943131974767576,0.6413162071696653,0.6413162071696653,0.0,True,0.0,True,252,14,0.05555555555555555
560_bodyfat,LR,0,10,0.993153740770232,0.993153740770232,0.7036631553190031,0.7036631553190035,0.0,True,0.0,True,252,14,0.05555555555555555
560_bodyfat,LR,0,20,0.9924107022859392,0.9924107022859392,0.7408647582315065,0.7408647582315062,0.0,True,0.0,True,252,14,0.05555555555555555
560_bodyfat,LR,1,1,0.9174438723882604,0.9174438723882604,2.4641735317850566,2.4641735317850566,0.0,True,0.0,True,252,14,0.05555555555555555
560_bodyfat,LR,1,5,0.9174438723882604,0.9174438723882604,2.4641735317850566,2.4641735317850566,0.0,True,0.0,True,252,14,0.05555555555555555
560_bodyfat,LR,1,10,0.919555336859825,0.919555336859825,2.432457439992451,2.432457439992451,0.0,True,0.0,True,252,14,0.05555555555555555
560_bodyfat,LR,1,20,0.9192175309094776,0.9192175309094774,2.4375593183860222,2.4375593183860227,0.0,True,0.0,True,252,14,0.05555555555555555
560_bodyfat,LR,2,1,0.9939864714613345,0.9939864714613345,0.6256515216006744,0.6256515216006744,0.0,True,0.0,True,252,14,0.05555555555555555
560_bodyfat,LR,2,5,0.9939864714613345,0.9939864714613345,0.6256515216006744,0.6256515216006744,0.0,True,0.0,True,252,14,0.05555555555555555
560_bodyfat,LR,2,10,0.9928090378195332,0.9928090378195332,0.6841657343734655,0.6841657343734646,0.0,True,0.0,True,252,14,0.05555555555555555
560_bodyfat,LR,2,20,0.9920385460027984,0.9920385460027984,0.7198864711710061,0.7198864711710069,0.0,True,0.0,True,252,14,0.05555555555555555
560_bodyfat,LR,3,1,0.9942377337130222,0.9942377337130222,0.6867078334607903,0.6867078334607903,0.0,True,0.0,True,252,14,0.05555555555555555
560_bodyfat,LR,3,5,0.9942377337130222,0.9942377337130222,0.6867078334607903,0.6867078334607903,0.0,True,0.0,True,252,14,0.05555555555555555
560_bodyfat,LR,3,10,0.9917815422815928,0.9917815422815928,0.8201069683686634,0.8201069683686635,0.0,True,0.0,True,252,14,0.05555555555555555
560_bodyfat,LR,3,20,0.99147696103285,0.99147696103285,0.8351655592616979,0.8351655592616957,0.0,True,0.0,True,252,14,0.05555555555555555
560_bodyfat,LR,4,1,0.9797649817079068,0.9797649817079068,1.340941285119487,1.340941285119487,0.0,True,0.0,True,252,14,0.05555555555555555
560_bodyfat,LR,4,5,0.9797649817079068,0.9797649817079068,1.340941285119487,1.340941285119487,0.0,True,0.0,True,252,14,0.05555555555555555
560_bodyfat,LR,4,10,0.9809151507335112,0.9809151507335112,1.3022738759579655,1.3022738759579648,0.0,True,0.0,True,252,14,0.05555555555555555
560_bodyfat,LR,4,20,0.9808053625999958,0.9808053625999956,1.3060142562442298,1.3060142562442307,0.0,True,0.0,True,252,14,0.05555555555555555
560_bodyfat,LR,5,1,0.8800725749002655,0.8800725749002655,2.556536598018849,2.556536598018849,0.0,True,0.0,True,252,14,0.05555555555555555
560_bodyfat,LR,5,5,0.8800725749002655,0.8800725749002655,2.556536598018849,2.556536598018849,0.0,True,0.0,True,252,14,0.05555555555555555
560_bodyfat,LR,5,10,0.8843413633467524,0.8843413633467524,2.5106246812631747,2.5106246812631743,0.0,True,0.0,True,252,14,0.05555555555555555
560_bodyfat,LR,5,20,0.884028890092435,0.8840288900924351,2.5140138527580493,2.5140138527580485,0.0,True,0.0,True,252,14,0.05555555555555555
560_bodyfat,RF,0,1,0.904483060460776,0.904483060460776,2.628320613018556,2.628320613018556,0.0,True,0.0,True,252,14,0.05555555555555555
560_bodyfat,RF,0,5,0.904483060460776,0.904483060460776,2.628320613018556,2.628320613018556,0.0,True,0.0,True,252,14,0.05555555555555555
560_bodyfat,RF,0,10,0.9722832903139672,0.9722832903139672,1.4158230489355728,1.4158230489355728,0.0,True,0.0,True,252,14,0.05555555555555555
560_bodyfat,RF,0,20,0.9806850221322864,0.9806850221322864,1.1819122913200868,1.1819122913200868,0.0,True,0.0,True,252,14,0.05555555555555555
560_bodyfat,RF,1,1,0.930978102105593,0.930978102105593,2.253149869515842,2.253149869515842,0.0,True,0.0,True,252,14,0.05555555555555555
560_bodyfat,RF,1,5,0.930978102105593,0.930978102105593,2.253149869515842,2.253149869515842,0.0,True,0.0,True,252,14,0.05555555555555555
560_bodyfat,RF,1,10,0.9306531874706,0.9306531874706,2.258446897409574,2.258446897409574,0.0,True,0.0,True,252,14,0.05555555555555555
560_bodyfat,RF,1,20,0.9327766086403606,0.9327766086403606,2.223600898195288,2.223600898195288,0.0,True,0.0,True,252,14,0.05555555555555555
560_bodyfat,RF,2,1,0.9490726567741036,0.9490726567741036,1.8207206891531555,1.8207206891531555,0.0,True,0.0,True,252,14,0.05555555555555555
560_bodyfat,RF,2,5,0.9490726567741036,0.9490726567741036,1.8207206891531555,1.8207206891531555,0.0,True,0.0,True,252,14,0.05555555555555555
560_bodyfat,RF,2,10,0.9812858013753638,0.9812858013753638,1.103706078141263,1.103706078141263,0.0,True,0.0,True,252,14,0.05555555555555555
560_bodyfat,RF,2,20,0.986256573814734,0.986256573814734,0.94583487650163,0.94583487650163,0.0,True,0.0,True,252,14,0.05555555555555555
560_bodyfat,RF,3,1,0.944431461253464,0.944431461253464,2.132503868874424,2.132503868874424,0.0,True,0.0,True,252,14,0.05555555555555555
560_bodyfat,RF,3,5,0.944431461253464,0.944431461253464,2.132503868874424,2.132503868874424,0.0,True,0.0,True,252,14,0.05555555555555555
560_bodyfat,RF,3,10,0.9655715271173324,0.9655715271173324,1.67854975588922,1.67854975588922,0.0,True,0.0,True,252,14,0.05555555555555555
560_bodyfat,RF,3,20,0.9723518953985252,0.9723518953985252,1.5042084409574945,1.5042084409574945,0.0,True,0.0,True,252,14,0.05555555555555555
560_bodyfat,RF,4,1,0.9304630916980798,0.9304630916980798,2.485796946479895,2.485796946479895,0.0,True,0.0,True,252,14,0.05555555555555555
560_bodyfat,RF,4,5,0.9304630916980798,0.9304630916980798,2.485796946479895,2.485796946479895,0.0,True,0.0,True,252,14,0.05555555555555555
560_bodyfat,RF,4,10,0.9512453143885372,0.9512453143885372,2.0814507608242074,2.0814507608242074,0.0,True,0.0,True,252,14,0.05555555555555555
560_bodyfat,RF,4,20,0.952103064027377,0.952103064027377,2.063059851175477,2.063059851175477,0.0,True,0.0,True,252,14,0.05555555555555555
560_bodyfat,RF,5,1,0.8677462167460982,0.8677462167460982,2.684706484424493,2.684706484424493,0.0,True,0.0,True,252,14,0.05555555555555555
560_bodyfat,RF,5,5,0.8677462167460982,0.8677462167460982,2.684706484424493,2.684706484424493,0.0,True,0.0,True,252,14,0.05555555555555555
560_bodyfat,RF,5,10,0.8833388571165502,0.8833388571165502,2.521482004298596,2.521482004298596,0.0,True,0.0,True,252,14,0.05555555555555555
560_bodyfat,RF,5,20,0.8849663527565003,0.8849663527565003,2.5038321087351627,2.5038321087351627,0.0,True,0.0,True,252,14,0.05555555555555555
560_bodyfat,SVR,0,1,0.9883534147370108,0.9883534147370108,0.9177775855685444,0.9177775855685444,0.0,True,0.0,True,252,14,0.05555555555555555
560_bodyfat,SVR,0,5,0.9883534147370108,0.9883534147370108,0.9177775855685444,0.9177775855685444,0.0,True,0.0,True,252,14,0.05555555555555555
560_bodyfat,SVR,0,10,0.993317934812638,0.993317934812638,0.6951739598867158,0.6951739598867164,0.0,True,0.0,True,252,14,0.05555555555555555
560_bodyfat,SVR,0,20,0.992846914986981,0.992846914986981,0.7192582218169732,0.7192582218169726,0.0,True,0.0,True,252,14,0.05555555555555555
560_bodyfat,SVR,1,1,0.9229565061585532,0.9229565061585532,2.380480434228115,2.380480434228115,0.0,True,0.0,True,252,14,0.05555555555555555
560_bodyfat,SVR,1,5,0.9229565061585532,0.9229565061585532,2.380480434228115,2.380480434228115,0.0,True,0.0,True,252,14,0.05555555555555555
560_bodyfat,SVR,1,10,0.9265598542397092,0.9265598542397092,2.324145947696026,2.324145947696026,0.0,True,0.0,True,252,14,0.05555555555555555
560_bodyfat,SVR,1,20,0.9249454553770758,0.924945455377076,2.349552365212877,2.349552365212876,0.0,True,0.0,True,252,14,0.05555555555555555
560_bodyfat,SVR,2,1,0.9913405397361336,0.9913405397361336,0.7507809228554291,0.7507809228554291,0.0,True,0.0,True,252,14,0.05555555555555555
560_bodyfat,SVR,2,5,0.9913405397361336,0.9913405397361336,0.7507809228554291,0.7507809228554291,0.0,True,0.0,True,252,14,0.05555555555555555
560_bodyfat,SVR,2,10,0.9932094893719132,0.9932094893719132,0.6648428975291649,0.6648428975291648,0.0,True,0.0,True,252,14,0.05555555555555555
560_bodyfat,SVR,2,20,0.9931123784858082,0.9931123784858082,0.6695799705021832,0.6695799705021835,0.0,True,0.0,True,252,14,0.05555555555555555
560_bodyfat,SVR,3,1,0.9931176839581672,0.9931176839581672,0.7504860870342213,0.7504860870342213,0.0,True,0.0,True,252,14,0.05555555555555555
560_bodyfat,SVR,3,5,0.9931176839581672,0.9931176839581672,0.7504860870342213,0.7504860870342213,0.0,True,0.0,True,252,14,0.05555555555555555
560_bodyfat,SVR,3,10,0.9943319003410648,0.9943319003410648,0.6810736500816019,0.6810736500816024,0.0,True,0.0,True,252,14,0.05555555555555555
560_bodyfat,SVR,3,20,0.993910491770368,0.993910491770368,0.7059378214348149,0.7059378214348151,0.0,True,0.0,True,252,14,0.05555555555555555
560_bodyfat,SVR,4,1,0.976716588932098,0.976716588932098,1.4384052658238156,1.4384052658238156,0.0,True,0.0,True,252,14,0.05555555555555555
560_bodyfat,SVR,4,5,0.976716588932098,0.976716588932098,1.4384052658238156,1.4384052658238156,0.0,True,0.0,True,252,14,0.05555555555555555
560_bodyfat,SVR,4,10,0.9771198554155228,0.9771198554155228,1.4258943354116795,1.425894335411679,0.0,True,0.0,True,252,14,0.05555555555555555
560_bodyfat,SVR,4,20,0.977145046029483,0.977145046029483,1.425109177659614,1.425109177659615,0.0,True,0.0,True,252,14,0.05555555555555555
560_bodyfat,SVR,5,1,0.8890655367225478,0.8890655367225478,2.458815843514196,2.458815843514196,0.0,True,0.0,True,252,14,0.05555555555555555
560_bodyfat,SVR,5,5,0.8890655367225478,0.8890655367225478,2.458815843514196,2.458815843514196,0.0,True,0.0,True,252,14,0.05555555555555555
560_bodyfat,SVR,5,10,0.895467840599411,0.895467840599411,2.386809295912334,2.3868092959123337,0.0,True,0.0,True,252,14,0.05555555555555555
560_bodyfat,SVR,5,20,0.8952388862987936,0.8952388862987936,2.389421751989191,2.389421751989191,0.0,True,0.0,True,252,14,0.05555555555555555
564_fried,DT,0,1,0.3390612807864578,0.3390612807864578,4.122340435486785,4.122340435486785,0.0,True,0.0,True,40768,10,0.0002452904238618524
564_fried,DT,0,5,0.3390612807864578,0.3390612807864578,4.122340435486785,4.122340435486785,0.0,True,0.0,True,40768,10,0.0002452904238618524
564_fried,DT,0,10,0.3390612807864578,0.3390612807864578,4.122340435486785,4.122340435486785,0.0,True,0.0,True,40768,10,0.0002452904238618524
564_fried,DT,0,20,0.0567186490352047,0.0567186490352047,4.924746511230554,4.924746511230554,0.0,True,0.0,True,40768,10,0.0002452904238618524
564_fried,DT,1,1,0.3159605886414527,0.3159605886414527,4.094535164115853,4.094535164115853,0.0,True,0.0,True,40768,10,0.0002452904238618524
564_fried,DT,1,5,0.3159605886414527,0.3159605886414527,4.094535164115853,4.094535164115853,0.0,True,0.0,True,40768,10,0.0002452904238618524
564_fried,DT,1,10,0.3159605886414527,0.3159605886414527,4.094535164115853,4.094535164115853,0.0,True,0.0,True,40768,10,0.0002452904238618524
564_fried,DT,1,20,0.0113776135690103,0.0113776135690103,4.922426760824706,4.922426760824706,0.0,True,0.0,True,40768,10,0.0002452904238618524
564_fried,DT,2,1,0.3185710643891951,0.3185710643891951,4.099738872724148,4.099738872724148,0.0,True,0.0,True,40768,10,0.0002452904238618524
564_fried,DT,2,5,0.3185710643891951,0.3185710643891951,4.099738872724148,4.099738872724148,0.0,True,0.0,True,40768,10,0.0002452904238618524
564_fried,DT,2,10,0.3185710643891951,0.3185710643891951,4.099738872724148,4.099738872724148,0.0,True,0.0,True,40768,10,0.0002452904238618524
564_fried,DT,2,20,0.0131492755917038,0.0131492755917038,4.933687551972582,4.933687551972582,0.0,True,0.0,True,40768,10,0.0002452904238618524
564_fried,DT,3,1,0.3265304531817745,0.3265304531817745,4.083734713030043,4.083734713030043,0.0,True,0.0,True,40768,10,0.0002452904238618524
564_fried,DT,3,5,0.3265304531817745,0.3265304531817745,4.083734713030043,4.083734713030043,0.0,True,0.0,True,40768,10,0.0002452904238618524
564_fried,DT,3,10,0.3265304531817745,0.3265304531817745,4.083734713030043,4.083734713030043,0.0,True,0.0,True,40768,10,0.0002452904238618524
564_fried,DT,3,20,0.0263049908279129,0.0263049908279129,4.910322453540176,4.910322453540176,0.0,True,0.0,True,40768,10,0.0002452904238618524
564_fried,DT,4,1,0.3165306945998579,0.3165306945998579,4.148102422035402,4.148102422035402,0.0,True,0.0,True,40768,10,0.0002452904238618524
564_fried,DT,4,5,0.3165306945998579,0.3165306945998579,4.148102422035402,4.148102422035402,0.0,True,0.0,True,40768,10,0.0002452904238618524
564_fried,DT,4,10,0.3165306945998579,0.3165306945998579,4.148102422035402,4.148102422035402,0.0,True,0.0,True,40768,10,0.0002452904238618524
564_fried,DT,4,20,0.0183378226053994,0.0183378226053994,4.97131168358893,4.97131168358893,0.0,True,0.0,True,40768,10,0.0002452904238618524
564_fried,DT,5,1,0.3365835400552242,0.3365835400552242,4.0678303054551375,4.0678303054551375,0.0,True,0.0,True,40768,10,0.0002452904238618524
564_fried,DT,5,5,0.3365835400552242,0.3365835400552242,4.0678303054551375,4.0678303054551375,0.0,True,0.0,True,40768,10,0.0002452904238618524
564_fried,DT,5,10,0.3365835400552242,0.3365835400552242,4.0678303054551375,4.0678303054551375,0.0,True,0.0,True,40768,10,0.0002452904238618524
564_fried,DT,5,20,0.044011349292695,0.044011349292695,4.883105129999739,4.883105129999739,0.0,True,0.0,True,40768,10,0.0002452904238618524
564_fried,KNN,0,1,0.2470170023742676,0.2470170023742676,4.400032071085013,4.400032071085013,0.0,True,0.0,True,40768,10,0.0002452904238618524
564_fried,KNN,0,5,0.2470170023742676,0.2470170023742676,4.400032071085013,4.400032071085013,0.0,True,0.0,True,40768,10,0.0002452904238618524
564_fried,KNN,0,10,0.2470170023742676,0.2470170023742676,4.400032071085013,4.400032071085013,0.0,True,0.0,True,40768,10,0.0002452904238618524
564_fried,KNN,0,20,0.4559647009971189,0.4561595621278538,3.740044733101179,3.739374873426928,0.0001948611307349135,False,0.017910472255119634,False,40768,10,0.0002452904238618524
564_fried,KNN,1,1,0.2147258132177043,0.2147258132177043,4.387071411504074,4.387071411504074,0.0,True,0.0,True,40768,10,0.0002452904238618524
564_fried,KNN,1,5,0.2147258132177043,0.2147258132177043,4.387071411504074,4.387071411504074,0.0,True,0.0,True,40768,10,0.0002452904238618524
564_fried,KNN,1,10,0.2147258132177043,0.2147258132177043,4.387071411504074,4.387071411504074,0.0,True,0.0,True,40768,10,0.0002452904238618524
564_fried,KNN,1,20,0.4304996991855644,0.4307314701745385,3.7360357370750976,3.735275427717773,0.00023177098897408932,False,0.020350698195408,False,40768,10,0.0002452904238618524
564_fried,KNN,2,1,0.2049321654312806,0.2049321654312806,4.428411829264577,4.428411829264577,0.0,True,0.0,True,40768,10,0.0002452904238618524
564_fried,KNN,2,5,0.2049321654312806,0.2049321654312806,4.428411829264577,4.428411829264577,0.0,True,0.0,True,40768,10,0.0002452904238618524
564_fried,KNN,2,10,0.2049321654312806,0.2049321654312806,4.428411829264577,4.428411829264577,0.0,True,0.0,True,40768,10,0.0002452904238618524
564_fried,KNN,2,20,0.4240987635817044,0.4240474642014419,3.7689460053372894,3.769113864231018,-5.129938026249281e-05,False,-0.004453735699335598,False,40768,10,0.0002452904238618524
564_fried,KNN,3,1,0.2140732245284479,0.2140732245284479,4.411533515064546,4.411533515064546,0.0,True,0.0,True,40768,10,0.0002452904238618524
564_fried,KNN,3,5,0.2140732245284479,0.2140732245284479,4.411533515064546,4.411533515064546,0.0,True,0.0,True,40768,10,0.0002452904238618524
564_fried,KNN,3,10,0.2140732245284479,0.2140732245284479,4.411533515064546,4.411533515064546,0.0,True,0.0,True,40768,10,0.0002452904238618524
564_fried,KNN,3,20,0.4325683345298305,0.4327698825485353,3.748481091701023,3.747815314584455,0.00020154801870481132,False,0.017761250498025044,False,40768,10,0.0002452904238618524
564_fried,KNN,4,1,0.2083404175319234,0.2083404175319234,4.464359915358252,4.464359915358252,0.0,True,0.0,True,40768,10,0.0002452904238618524
564_fried,KNN,4,5,0.2083404175319234,0.2083404175319234,4.464359915358252,4.464359915358252,0.0,True,0.0,True,40768,10,0.0002452904238618524
564_fried,KNN,4,10,0.2083404175319234,0.2083404175319234,4.464359915358252,4.464359915358252,0.0,True,0.0,True,40768,10,0.0002452904238618524
564_fried,KNN,4,20,0.4386289934782602,0.438884812259949,3.759368973793638,3.758512297220493,0.00025581878168884353,False,0.022787775797391985,False,40768,10,0.0002452904238618524
564_fried,KNN,5,1,0.2336937493508935,0.2336937493508935,4.371906751022423,4.371906751022423,0.0,True,0.0,True,40768,10,0.0002452904238618524
564_fried,KNN,5,5,0.2336937493508935,0.2336937493508935,4.371906751022423,4.371906751022423,0.0,True,0.0,True,40768,10,0.0002452904238618524
564_fried,KNN,5,10,0.2336937493508935,0.2336937493508935,4.371906751022423,4.371906751022423,0.0,True,0.0,True,40768,10,0.0002452904238618524
564_fried,KNN,5,20,0.4393649458952984,0.4394494010848,3.739468081727852,3.739186410631916,8.44551895016199e-05,False,0.007532384012374316,False,40768,10,0.0002452904238618524
564_fried,LR,0,1,0.3564243788252308,0.3564243788252308,4.06783238296318,4.06783238296318,0.0,True,0.0,True,40768,10,0.0002452904238618524
564_fried,LR,0,5,0.3564243788252308,0.3564243788252308,4.06783238296318,4.06783238296318,0.0,True,0.0,True,40768,10,0.0002452904238618524
564_fried,LR,0,10,0.3564243788252308,0.3564243788252308,4.06783238296318,4.06783238296318,0.0,True,0.0,True,40768,10,0.0002452904238618524
564_fried,LR,0,20,0.5080644792921409,0.5080644792921409,3.556455248094553,3.556455248094553,0.0,True,0.0,True,40768,10,0.0002452904238618524
564_fried,LR,1,1,0.3340226833609878,0.3340226833609878,4.0401153187125765,4.0401153187125765,0.0,True,0.0,True,40768,10,0.0002452904238618524
564_fried,LR,1,5,0.3340226833609878,0.3340226833609878,4.0401153187125765,4.0401153187125765,0.0,True,0.0,True,40768,10,0.0002452904238618524
564_fried,LR,1,10,0.3340226833609878,0.3340226833609878,4.0401153187125765,4.0401153187125765,0.0,True,0.0,True,40768,10,0.0002452904238618524
564_fried,LR,1,20,0.4890471175206969,0.4890471175206969,3.538787378791376,3.538787378791376,0.0,True,0.0,True,40768,10,0.0002452904238618524
564_fried,LR,2,1,0.3343855572474472,0.3343855572474472,4.051886566424108,4.051886566424108,0.0,True,0.0,True,40768,10,0.0002452904238618524
564_fried,LR,2,5,0.3343855572474472,0.3343855572474472,4.051886566424108,4.051886566424108,0.0,True,0.0,True,40768,10,0.0002452904238618524
564_fried,LR,2,10,0.3343855572474472,0.3343855572474472,4.051886566424108,4.051886566424108,0.0,True,0.0,True,40768,10,0.0002452904238618524
564_fried,LR,2,20,0.483848800465254,0.4838488004652541,3.5680783370426306,3.56807833704263,0.0,True,0.0,True,40768,10,0.0002452904238618524
564_fried,LR,3,1,0.347923389170885,0.347923389170885,4.018350839167606,4.018350839167606,0.0,True,0.0,True,40768,10,0.0002452904238618524
564_fried,LR,3,5,0.347923389170885,0.347923389170885,4.018350839167606,4.018350839167606,0.0,True,0.0,True,40768,10,0.0002452904238618524
564_fried,LR,3,10,0.347923389170885,0.347923389170885,4.018350839167606,4.018350839167606,0.0,True,0.0,True,40768,10,0.0002452904238618524
564_fried,LR,3,20,0.4950660499306303,0.4950660499306303,3.536029069269353,3.536029069269353,0.0,True,0.0,True,40768,10,0.0002452904238618524
564_fried,LR,4,1,0.3383234400261006,0.3383234400261006,4.0814345687402245,4.0814345687402245,0.0,True,0.0,True,40768,10,0.0002452904238618524
564_fried,LR,4,5,0.3383234400261006,0.3383234400261006,4.0814345687402245,4.0814345687402245,0.0,True,0.0,True,40768,10,0.0002452904238618524
564_fried,LR,4,10,0.3383234400261006,0.3383234400261006,4.0814345687402245,4.0814345687402245,0.0,True,0.0,True,40768,10,0.0002452904238618524
564_fried,LR,4,20,0.4989237862078989,0.4989237862078989,3.5517456492366533,3.5517456492366533,0.0,True,0.0,True,40768,10,0.0002452904238618524
564_fried,LR,5,1,0.35218068525229,0.35218068525229,4.01972786505416,4.01972786505416,0.0,True,0.0,True,40768,10,0.0002452904238618524
564_fried,LR,5,5,0.35218068525229,0.35218068525229,4.01972786505416,4.01972786505416,0.0,True,0.0,True,40768,10,0.0002452904238618524
564_fried,LR,5,10,0.35218068525229,0.35218068525229,4.01972786505416,4.01972786505416,0.0,True,0.0,True,40768,10,0.0002452904238618524
564_fried,LR,5,20,0.4928088894231375,0.4928088894231375,3.556767875132332,3.556767875132332,0.0,True,0.0,True,40768,10,0.0002452904238618524
564_fried,RF,0,1,0.3392002895305385,0.3392002895305385,4.121906907019123,4.121906907019123,0.0,True,0.0,True,40768,10,0.0002452904238618524
564_fried,RF,0,5,0.3392002895305385,0.3392002895305385,4.121906907019123,4.121906907019123,0.0,True,0.0,True,40768,10,0.0002452904238618524
564_fried,RF,0,10,0.3392002895305385,0.3392002895305385,4.121906907019123,4.121906907019123,0.0,True,0.0,True,40768,10,0.0002452904238618524
564_fried,RF,0,20,0.4381892521423354,0.4381892521423354,3.800653511147823,3.800653511147823,0.0,True,0.0,True,40768,10,0.0002452904238618524
564_fried,RF,1,1,0.3161401677739598,0.3161401677739598,4.093997664868314,4.093997664868314,0.0,True,0.0,True,40768,10,0.0002452904238618524
564_fried,RF,1,5,0.3161401677739598,0.3161401677739598,4.093997664868314,4.093997664868314,0.0,True,0.0,True,40768,10,0.0002452904238618524
564_fried,RF,1,10,0.3161401677739598,0.3161401677739598,4.093997664868314,4.093997664868314,0.0,True,0.0,True,40768,10,0.0002452904238618524
564_fried,RF,1,20,0.416002405521914,0.416002405521914,3.783289473404076,3.783289473404076,0.0,True,0.0,True,40768,10,0.0002452904238618524
564_fried,RF,2,1,0.3186805249418308,0.3186805249418308,4.099409581082596,4.099409581082596,0.0,True,0.0,True,40768,10,0.0002452904238618524
564_fried,RF,2,5,0.3186805249418308,0.3186805249418308,4.099409581082596,4.099409581082596,0.0,True,0.0,True,40768,10,0.0002452904238618524
564_fried,RF,2,10,0.3186805249418308,0.3186805249418308,4.099409581082596,4.099409581082596,0.0,True,0.0,True,40768,10,0.0002452904238618524
564_fried,RF,2,20,0.4123418125920421,0.4123418125920421,3.8072229160385938,3.8072229160385938,0.0,True,0.0,True,40768,10,0.0002452904238618524
564_fried,RF,3,1,0.3269916282926222,0.3269916282926222,4.082336253856679,4.082336253856679,0.0,True,0.0,True,40768,10,0.0002452904238618524
564_fried,RF,3,5,0.3269916282926222,0.3269916282926222,4.082336253856679,4.082336253856679,0.0,True,0.0,True,40768,10,0.0002452904238618524
564_fried,RF,3,10,0.3269916282926222,0.3269916282926222,4.082336253856679,4.082336253856679,0.0,True,0.0,True,40768,10,0.0002452904238618524
564_fried,RF,3,20,0.4224580503663256,0.4224580503663256,3.781728163281554,3.781728163281554,0.0,True,0.0,True,40768,10,0.0002452904238618524
564_fried,RF,4,1,0.3164452369988524,0.3164452369988524,4.148361742972557,4.148361742972557,0.0,True,0.0,True,40768,10,0.0002452904238618524
564_fried,RF,4,5,0.3164452369988524,0.3164452369988524,4.148361742972557,4.148361742972557,0.0,True,0.0,True,40768,10,0.0002452904238618524
564_fried,RF,4,10,0.3164452369988524,0.3164452369988524,4.148361742972557,4.148361742972557,0.0,True,0.0,True,40768,10,0.0002452904238618524
564_fried,RF,4,20,0.4216721176430278,0.4216721176430278,3.815724662516044,3.815724662516044,0.0,True,0.0,True,40768,10,0.0002452904238618524
564_fried,RF,5,1,0.3361270068308619,0.3361270068308619,4.069229713228746,4.069229713228746,0.0,True,0.0,True,40768,10,0.0002452904238618524
564_fried,RF,5,5,0.3361270068308619,0.3361270068308619,4.069229713228746,4.069229713228746,0.0,True,0.0,True,40768,10,0.0002452904238618524
564_fried,RF,5,10,0.3361270068308619,0.3361270068308619,4.069229713228746,4.069229713228746,0.0,True,0.0,True,40768,10,0.0002452904238618524
564_fried,RF,5,20,0.4227261945110062,0.4227261945110062,3.794553076116856,3.794553076116856,0.0,True,0.0,True,40768,10,0.0002452904238618524
564_fried,SVR,0,1,0.3564269480188217,0.3564269480188217,4.06782426343614,4.06782426343614,0.0,True,0.0,True,40768,10,0.0002452904238618524
564_fried,SVR,0,5,0.3564269480188217,0.3564269480188217,4.06782426343614,4.06782426343614,0.0,True,0.0,True,40768,10,0.0002452904238618524
564_fried,SVR,0,10,0.3564269480188217,0.3564269480188217,4.06782426343614,4.06782426343614,0.0,True,0.0,True,40768,10,0.0002452904238618524
564_fried,SVR,0,20,0.5069043263873105,0.5069043263873105,3.5606464499163715,3.5606464499163715,0.0,True,0.0,True,40768,10,0.0002452904238618524
564_fried,SVR,1,1,0.3341380202261708,0.3341380202261708,4.039765461141751,4.039765461141751,0.0,True,0.0,True,40768,10,0.0002452904238618524
564_fried,SVR,1,5,0.3341380202261708,0.3341380202261708,4.039765461141751,4.039765461141751,0.0,True,0.0,True,40768,10,0.0002452904238618524
564_fried,SVR,1,10,0.3341380202261708,0.3341380202261708,4.039765461141751,4.039765461141751,0.0,True,0.0,True,40768,10,0.0002452904238618524
564_fried,SVR,1,20,0.4872235303014065,0.4872235303014065,3.5450967078652487,3.5450967078652487,0.0,True,0.0,True,40768,10,0.0002452904238618524
564_fried,SVR,2,1,0.3341925146523562,0.3341925146523562,4.052474091230524,4.052474091230524,0.0,True,0.0,True,40768,10,0.0002452904238618524
564_fried,SVR,2,5,0.3341925146523562,0.3341925146523562,4.052474091230524,4.052474091230524,0.0,True,0.0,True,40768,10,0.0002452904238618524
564_fried,SVR,2,10,0.3341925146523562,0.3341925146523562,4.052474091230524,4.052474091230524,0.0,True,0.0,True,40768,10,0.0002452904238618524
564_fried,SVR,2,20,0.4805214399274236,0.4805214399274234,3.5795606419069594,3.57956064190696,0.0,True,0.0,True,40768,10,0.0002452904238618524
564_fried,SVR,3,1,0.3478559614706524,0.3478559614706524,4.018558591713362,4.018558591713362,0.0,True,0.0,True,40768,10,0.0002452904238618524
564_fried,SVR,3,5,0.3478559614706524,0.3478559614706524,4.018558591713362,4.018558591713362,0.0,True,0.0,True,40768,10,0.0002452904238618524
564_fried,SVR,3,10,0.3478559614706524,0.3478559614706524,4.018558591713362,4.018558591713362,0.0,True,0.0,True,40768,10,0.0002452904238618524
564_fried,SVR,3,20,0.4917539300051778,0.4917539300051778,3.547607424444628,3.547607424444628,0.0,True,0.0,True,40768,10,0.0002452904238618524
564_fried,SVR,4,1,0.338298410172823,0.338298410172823,4.081511764116721,4.081511764116721,0.0,True,0.0,True,40768,10,0.0002452904238618524
564_fried,SVR,4,5,0.338298410172823,0.338298410172823,4.081511764116721,4.081511764116721,0.0,True,0.0,True,40768,10,0.0002452904238618524
564_fried,SVR,4,10,0.338298410172823,0.338298410172823,4.081511764116721,4.081511764116721,0.0,True,0.0,True,40768,10,0.0002452904238618524
564_fried,SVR,4,20,0.4987673936876435,0.4987673936876436,3.5522998794143748,3.5522998794143748,0.0,True,0.0,True,40768,10,0.0002452904238618524
564_fried,SVR,5,1,0.3520646522269285,0.3520646522269285,4.020087842204432,4.020087842204432,0.0,True,0.0,True,40768,10,0.0002452904238618524
564_fried,SVR,5,5,0.3520646522269285,0.3520646522269285,4.020087842204432,4.020087842204432,0.0,True,0.0,True,40768,10,0.0002452904238618524
564_fried,SVR,5,10,0.3520646522269285,0.3520646522269285,4.020087842204432,4.020087842204432,0.0,True,0.0,True,40768,10,0.0002452904238618524
564_fried,SVR,5,20,0.4883735960404091,0.4883735960404091,3.572285665785349,3.572285665785349,0.0,True,0.0,True,40768,10,0.0002452904238618524
574_house_16H,DT,0,1,-0.3496712364954477,-0.5334376307258129,62420.90640924799,66534.84244646187,-0.18376639423036517,False,-6.59063809525903,False,22784,16,0.0007022471910112359
574_house_16H,DT,0,5,-0.3496712364954477,-0.5334376307258129,62420.90640924799,66534.84244646187,-0.18376639423036517,False,-6.59063809525903,False,22784,16,0.0007022471910112359
574_house_16H,DT,0,10,-0.5098226149392373,-0.5098226149392373,66020.53473115196,66020.53473115196,0.0,True,0.0,True,22784,16,0.0007022471910112359
574_house_16H,DT,0,20,-0.441447338031578,-0.441447338031578,64508.28034947043,64508.28034947043,0.0,True,0.0,True,22784,16,0.0007022471910112359
574_house_16H,DT,1,1,-0.5253831939939724,-0.5253831939939724,64648.44825953135,64648.44825953135,0.0,True,0.0,True,22784,16,0.0007022471910112359
574_house_16H,DT,1,5,-0.5253831939939724,-0.5253831939939724,64648.44825953135,64648.44825953135,0.0,True,0.0,True,22784,16,0.0007022471910112359
574_house_16H,DT,1,10,-0.5901737837229948,-0.5901737837229948,66007.14080794698,66007.14080794698,0.0,True,0.0,True,22784,16,0.0007022471910112359
574_house_16H,DT,1,20,-0.1977017616406549,-0.5487331959176274,57285.27082695984,65141.37630488274,-0.3510314342769725,False,-13.714005999297166,False,22784,16,0.0007022471910112359
574_house_16H,DT,2,1,-0.5966788316780383,-0.5966788316780383,65802.03112616578,65802.03112616578,0.0,True,0.0,True,22784,16,0.0007022471910112359
574_house_16H,DT,2,5,-0.5966788316780383,-0.5966788316780383,65802.03112616578,65802.03112616578,0.0,True,0.0,True,22784,16,0.0007022471910112359
574_house_16H,DT,2,10,-0.6532801933180972,-0.6532801933180972,66958.19640272496,66958.19640272496,0.0,True,0.0,True,22784,16,0.0007022471910112359
574_house_16H,DT,2,20,-0.2909253064834314,-0.6287169371570576,59167.207539217925,66458.9264874266,-0.33779163067362616,False,-12.323919365935064,False,22784,16,0.0007022471910112359
574_house_16H,DT,3,1,-0.6624311002961012,-0.6624311002961012,64657.67715778365,64657.67715778365,0.0,True,0.0,True,22784,16,0.0007022471910112359
574_house_16H,DT,3,5,-0.6624311002961012,-0.6624311002961012,64657.67715778365,64657.67715778365,0.0,True,0.0,True,22784,16,0.0007022471910112359
574_house_16H,DT,3,10,-0.806571942829496,-0.806571942829496,67402.48392321495,67402.48392321495,0.0,True,0.0,True,22784,16,0.0007022471910112359
574_house_16H,DT,3,20,-0.4866820598857251,-0.6484544133426997,61144.48920807742,64385.30268866829,-0.1617723534569746,False,-5.300254401606394,False,22784,16,0.0007022471910112359
574_house_16H,DT,4,1,-0.426552737313147,-0.426552737313147,66843.48714271814,66843.48714271814,0.0,True,0.0,True,22784,16,0.0007022471910112359
574_house_16H,DT,4,5,-0.426552737313147,-0.426552737313147,66843.48714271814,66843.48714271814,0.0,True,0.0,True,22784,16,0.0007022471910112359
574_house_16H,DT,4,10,-0.5207887701794842,-0.5207887701794842,69015.9755501158,69015.9755501158,0.0,True,0.0,True,22784,16,0.0007022471910112359
574_house_16H,DT,4,20,-0.3372101907473694,-0.4178579774198439,64716.49997242257,66639.47212726097,-0.08064778667247446,False,-2.9713784825474705,False,22784,16,0.0007022471910112359
574_house_16H,DT,5,1,-0.5026177342086262,-0.5026177342086262,63059.45852915195,63059.45852915195,0.0,True,0.0,True,22784,16,0.0007022471910112359
574_house_16H,DT,5,5,-0.5026177342086262,-0.5026177342086262,63059.45852915195,63059.45852915195,0.0,True,0.0,True,22784,16,0.0007022471910112359
574_house_16H,DT,5,10,-0.6286433075127495,-0.6286433075127495,65650.64113442495,65650.64113442495,0.0,True,0.0,True,22784,16,0.0007022471910112359
574_house_16H,DT,5,20,-0.587204746376188,-0.587204746376188,64810.06528983116,64810.06528983116,0.0,True,0.0,True,22784,16,0.0007022471910112359
574_house_16H,KNN,0,1,-0.0140420756213659,-0.005552555364811,54105.82982639194,53878.86786231746,0.008489520256554901,False,0.4194778359425097,False,22784,16,0.0007022471910112359
574_house_16H,KNN,0,5,-0.0140420756213659,-0.005552555364811,54105.82982639194,53878.86786231746,0.008489520256554901,False,0.4194778359425097,False,22784,16,0.0007022471910112359
574_house_16H,KNN,0,10,0.0490342930519169,0.0490342930519169,52396.04451892624,52396.04451892624,0.0,True,0.0,True,22784,16,0.0007022471910112359
574_house_16H,KNN,0,20,0.0967886472962842,0.0967886472962842,51063.52226697373,51063.52226697373,0.0,True,0.0,True,22784,16,0.0007022471910112359
574_house_16H,KNN,1,1,-0.0408581672402068,-0.0408581672402068,53402.84613670356,53402.84613670356,0.0,True,0.0,True,22784,16,0.0007022471910112359
574_house_16H,KNN,1,5,-0.0408581672402068,-0.0408581672402068,53402.84613670356,53402.84613670356,0.0,True,0.0,True,22784,16,0.0007022471910112359
574_house_16H,KNN,1,10,0.0485540055805026,0.0485540055805026,51057.63537486943,51057.63537486943,0.0,True,0.0,True,22784,16,0.0007022471910112359
574_house_16H,KNN,1,20,0.2743310716467343,0.0835285319943174,44590.04292394348,50110.4267051612,-0.19080253965241692,False,-12.380306048670429,False,22784,16,0.0007022471910112359
574_house_16H,KNN,2,1,-0.0770339043208399,-0.0770339043208399,54043.71597669244,54043.71597669244,0.0,True,0.0,True,22784,16,0.0007022471910112359
574_house_16H,KNN,2,5,-0.0770339043208399,-0.0770339043208399,54043.71597669244,54043.71597669244,0.0,True,0.0,True,22784,16,0.0007022471910112359
574_house_16H,KNN,2,10,0.0282717109208132,0.0282717109208132,51333.74377735216,51333.74377735216,0.0,True,0.0,True,22784,16,0.0007022471910112359
574_house_16H,KNN,2,20,0.2041694933110642,0.0735348104179338,46455.892386913714,50123.92465895335,-0.1306346828931304,False,-7.895730947303671,False,22784,16,0.0007022471910112359
574_house_16H,KNN,3,1,-0.0783211051512497,-0.0783211051512497,52074.16605663302,52074.16605663302,0.0,True,0.0,True,22784,16,0.0007022471910112359
574_house_16H,KNN,3,5,-0.0783211051512497,-0.0783211051512497,52074.16605663302,52074.16605663302,0.0,True,0.0,True,22784,16,0.0007022471910112359
574_house_16H,KNN,3,10,0.0298986687503225,0.0298986687503225,49392.02377986738,49392.02377986738,0.0,True,0.0,True,22784,16,0.0007022471910112359
574_house_16H,KNN,3,20,0.1817033848101211,0.0940222318974896,45363.19639297039,47731.71526478434,-0.08768115291263151,False,-5.221234525221815,False,22784,16,0.0007022471910112359
574_house_16H,KNN,4,1,-0.0184422903904428,-0.0184422903904428,56478.53137937799,56478.53137937799,0.0,True,0.0,True,22784,16,0.0007022471910112359
574_house_16H,KNN,4,5,-0.0184422903904428,-0.0184422903904428,56478.53137937799,56478.53137937799,0.0,True,0.0,True,22784,16,0.0007022471910112359
574_house_16H,KNN,4,10,0.0485131341271722,0.0485131341271722,54590.43834522908,54590.43834522908,0.0,True,0.0,True,22784,16,0.0007022471910112359
574_house_16H,KNN,4,20,0.247313153960036,0.1021885017034363,48553.70170815455,53028.307287837546,-0.1451246522565997,False,-9.215786690330741,False,22784,16,0.0007022471910112359
574_house_16H,KNN,5,1,-0.046747881167134,-0.046747881167134,52631.6551004602,52631.6551004602,0.0,True,0.0,True,22784,16,0.0007022471910112359
574_house_16H,KNN,5,5,-0.046747881167134,-0.046747881167134,52631.6551004602,52631.6551004602,0.0,True,0.0,True,22784,16,0.0007022471910112359
574_house_16H,KNN,5,10,0.0347287188683764,0.0347287188683764,50541.7965016667,50541.7965016667,0.0,True,0.0,True,22784,16,0.0007022471910112359
574_house_16H,KNN,5,20,0.0886610348019429,0.0886610348019429,49109.54968922307,49109.54968922307,0.0,True,0.0,True,22784,16,0.0007022471910112359
574_house_16H,LR,0,1,0.0748096551496132,0.0941509322752626,51681.08472555693,51138.03020224009,0.019341277125649398,False,1.0507800410936379,False,22784,16,0.0007022471910112359
574_house_16H,LR,0,5,0.0748096551496132,0.0941509322752626,51681.08472555693,51138.03020224009,0.019341277125649398,False,1.0507800410936379,False,22784,16,0.0007022471910112359
574_house_16H,LR,0,10,0.1368974915849891,0.1368974915849891,49916.86062683085,49916.86062683085,0.0,True,0.0,True,22784,16,0.0007022471910112359
574_house_16H,LR,0,20,0.1563686100927019,0.1563686100927019,49350.60029984527,49350.60029984527,0.0,True,0.0,True,22784,16,0.0007022471910112359
574_house_16H,LR,1,1,0.0977501101899223,0.0977501101899223,49720.10593843248,49720.10593843248,0.0,True,0.0,True,22784,16,0.0007022471910112359
574_house_16H,LR,1,5,0.0977501101899223,0.0977501101899223,49720.10593843248,49720.10593843248,0.0,True,0.0,True,22784,16,0.0007022471910112359
574_house_16H,LR,1,10,0.1585480190507192,0.1585480190507192,48015.70336421654,48015.70336421654,0.0,True,0.0,True,22784,16,0.0007022471910112359
574_house_16H,LR,1,20,0.2079199221198414,0.1683410377304146,46585.75856416631,47735.476542248034,-0.039578884389426805,False,-2.4679601953848733,False,22784,16,0.0007022471910112359
574_house_16H,LR,2,1,0.0684044479043548,0.0684044479043548,50262.5153408156,50262.5153408156,0.0,True,0.0,True,22784,16,0.0007022471910112359
574_house_16H,LR,2,5,0.0684044479043548,0.0684044479043548,50262.5153408156,50262.5153408156,0.0,True,0.0,True,22784,16,0.0007022471910112359
574_house_16H,LR,2,10,0.1366992779383609,0.1366992779383609,48385.09160080075,48385.09160080075,0.0,True,0.0,True,22784,16,0.0007022471910112359
574_house_16H,LR,2,20,0.1703365128669322,0.1472566895830442,47433.09948493855,48088.327875465024,-0.023079823283887996,False,-1.3813737614480057,False,22784,16,0.0007022471910112359
574_house_16H,LR,3,1,0.0940726167001657,0.0940726167001657,47730.38797697568,47730.38797697568,0.0,True,0.0,True,22784,16,0.0007022471910112359
574_house_16H,LR,3,5,0.0940726167001657,0.0940726167001657,47730.38797697568,47730.38797697568,0.0,True,0.0,True,22784,16,0.0007022471910112359
574_house_16H,LR,3,10,0.1622586538784469,0.1622586538784469,45899.00236748527,45899.00236748527,0.0,True,0.0,True,22784,16,0.0007022471910112359
574_house_16H,LR,3,20,0.1973389570812175,0.1786967001901592,44927.71834219089,45446.45945691399,-0.01864225689105828,False,-1.154612639734154,False,22784,16,0.0007022471910112359
574_house_16H,LR,4,1,0.0894697103686408,0.0894697103686408,53402.597485616585,53402.597485616585,0.0,True,0.0,True,22784,16,0.0007022471910112359
574_house_16H,LR,4,5,0.0894697103686408,0.0894697103686408,53402.597485616585,53402.597485616585,0.0,True,0.0,True,22784,16,0.0007022471910112359
574_house_16H,LR,4,10,0.1449435554992074,0.1449435554992074,51750.26463604013,51750.26463604013,0.0,True,0.0,True,22784,16,0.0007022471910112359
574_house_16H,LR,4,20,0.199165405053074,0.158084612205321,50082.56871901218,51351.05923088406,-0.04108079284775301,False,-2.532798425313864,False,22784,16,0.0007022471910112359
574_house_16H,LR,5,1,0.0803421147395812,0.0803421147395812,49333.18236360467,49333.18236360467,0.0,True,0.0,True,22784,16,0.0007022471910112359
574_house_16H,LR,5,5,0.0803421147395812,0.0803421147395812,49333.18236360467,49333.18236360467,0.0,True,0.0,True,22784,16,0.0007022471910112359
574_house_16H,LR,5,10,0.1232604200230778,0.1232604200230778,48168.29663266151,48168.29663266151,0.0,True,0.0,True,22784,16,0.0007022471910112359
574_house_16H,LR,5,20,0.1352090434856392,0.135209043485639,47838.94041366928,47838.94041366929,0.0,True,0.0,True,22784,16,0.0007022471910112359
574_house_16H,RF,0,1,-0.1206374365807974,-0.1720217681409834,56878.56589400963,58167.970778144576,-0.051384331560186014,False,-2.266943379932758,False,22784,16,0.0007022471910112359
574_house_16H,RF,0,5,-0.1206374365807974,-0.1720217681409834,56878.56589400963,58167.970778144576,-0.051384331560186014,False,-2.266943379932758,False,22784,16,0.0007022471910112359
574_house_16H,RF,0,10,0.075081893925789,0.075081893925789,51673.48054416435,51673.48054416435,0.0,True,0.0,True,22784,16,0.0007022471910112359
574_house_16H,RF,0,20,0.1367921777673387,0.1367921777673387,49919.90590520533,49919.90590520533,0.0,True,0.0,True,22784,16,0.0007022471910112359
574_house_16H,RF,1,1,-0.1624468621429411,-0.1624468621429411,56435.86439057971,56435.86439057971,0.0,True,0.0,True,22784,16,0.0007022471910112359
574_house_16H,RF,1,5,-0.1624468621429411,-0.1624468621429411,56435.86439057971,56435.86439057971,0.0,True,0.0,True,22784,16,0.0007022471910112359
574_house_16H,RF,1,10,0.0827052106467098,0.0827052106467098,50132.93025477365,50132.93025477365,0.0,True,0.0,True,22784,16,0.0007022471910112359
574_house_16H,RF,1,20,0.3073680527569757,0.1661687776192225,43563.21124402968,47797.77746937172,-0.1411992751377532,False,-9.720509816462144,False,22784,16,0.0007022471910112359
574_house_16H,RF,2,1,-0.2256902382502621,-0.2256902382502621,57652.863028184816,57652.863028184816,0.0,True,0.0,True,22784,16,0.0007022471910112359
574_house_16H,RF,2,5,-0.2256902382502621,-0.2256902382502621,57652.863028184816,57652.863028184816,0.0,True,0.0,True,22784,16,0.0007022471910112359
574_house_16H,RF,2,10,0.0812955388402121,0.0812955388402121,49913.54642128628,49913.54642128628,0.0,True,0.0,True,22784,16,0.0007022471910112359
574_house_16H,RF,2,20,0.2291323901135528,0.1550153543228646,45721.49415654784,47869.062737108914,-0.07411703579068821,False,-4.697065614714871,False,22784,16,0.0007022471910112359
574_house_16H,RF,3,1,-0.2612997011852913,-0.2612997011852913,56319.321929846425,56319.321929846425,0.0,True,0.0,True,22784,16,0.0007022471910112359
574_house_16H,RF,3,5,-0.2612997011852913,-0.2612997011852913,56319.321929846425,56319.321929846425,0.0,True,0.0,True,22784,16,0.0007022471910112359
574_house_16H,RF,3,10,0.0445805309008643,0.0445805309008643,49016.84050988256,49016.84050988256,0.0,True,0.0,True,22784,16,0.0007022471910112359
574_house_16H,RF,3,20,0.2624983580621067,0.1506110933859208,43065.52705985837,46216.97996868796,-0.1118872646761859,False,-7.317808753273298,False,22784,16,0.0007022471910112359
574_house_16H,RF,4,1,-0.1413604820614933,-0.1413604820614933,59789.73086802308,59789.73086802308,0.0,True,0.0,True,22784,16,0.0007022471910112359
574_house_16H,RF,4,5,-0.1413604820614933,-0.1413604820614933,59789.73086802308,59789.73086802308,0.0,True,0.0,True,22784,16,0.0007022471910112359
574_house_16H,RF,4,10,0.0784155957786806,0.0784155957786806,53725.78144293399,53725.78144293399,0.0,True,0.0,True,22784,16,0.0007022471910112359
574_house_16H,RF,4,20,0.2887046924524747,0.1763927617993005,47199.799578667305,50789.65468011645,-0.11231193065317421,False,-7.605657510189169,False,22784,16,0.0007022471910112359
574_house_16H,RF,5,1,-0.1642020105384236,-0.1642020105384236,55506.028544596695,55506.028544596695,0.0,True,0.0,True,22784,16,0.0007022471910112359
574_house_16H,RF,5,5,-0.1642020105384236,-0.1642020105384236,55506.028544596695,55506.028544596695,0.0,True,0.0,True,22784,16,0.0007022471910112359
574_house_16H,RF,5,10,0.0517072155234666,0.0517072155234666,50095.32577599584,50095.32577599584,0.0,True,0.0,True,22784,16,0.0007022471910112359
574_house_16H,RF,5,20,0.1233037298006246,0.1233037298006246,48167.10689284388,48167.10689284388,0.0,True,0.0,True,22784,16,0.0007022471910112359
574_house_16H,SVR,0,1,0.0199572162277886,0.0123307334388889,53191.053507673554,53397.61312198437,-0.007626482788899701,False,-0.38833525694506726,False,22784,16,0.0007022471910112359
574_house_16H,SVR,0,5,0.0199572162277886,0.0123307334388889,53191.053507673554,53397.61312198437,-0.007626482788899701,False,-0.38833525694506726,False,22784,16,0.0007022471910112359
574_house_16H,SVR,0,10,0.0735635487308042,0.0735635487308042,51715.87673445932,51715.87673445932,0.0,True,0.0,True,22784,16,0.0007022471910112359
574_house_16H,SVR,0,20,0.0844684236028888,0.0844684236028896,51410.6077919644,51410.60779196437,0.0,True,0.0,True,22784,16,0.0007022471910112359
574_house_16H,SVR,1,1,0.0142879975269059,0.0142879975269059,51968.91488920536,51968.91488920536,0.0,True,0.0,True,22784,16,0.0007022471910112359
574_house_16H,SVR,1,5,0.0142879975269059,0.0142879975269059,51968.91488920536,51968.91488920536,0.0,True,0.0,True,22784,16,0.0007022471910112359
574_house_16H,SVR,1,10,0.0917890184001573,0.0917890184001573,49884.08388924543,49884.08388924543,0.0,True,0.0,True,22784,16,0.0007022471910112359
574_house_16H,SVR,1,20,0.1387709738267974,0.1001887618270187,48576.6941316494,49652.86732728817,-0.038582211999778696,False,-2.2154105273656524,False,22784,16,0.0007022471910112359
574_house_16H,SVR,2,1,0.0028051542899453,0.0028051542899453,52002.05760440284,52002.05760440284,0.0,True,0.0,True,22784,16,0.0007022471910112359
574_house_16H,SVR,2,5,0.0028051542899453,0.0028051542899453,52002.05760440284,52002.05760440284,0.0,True,0.0,True,22784,16,0.0007022471910112359
574_house_16H,SVR,2,10,0.0849065771830869,0.0849065771830869,49815.35532826522,49815.35532826522,0.0,True,0.0,True,22784,16,0.0007022471910112359
574_house_16H,SVR,2,20,0.1242665646432013,0.092524200369054,48732.25198068428,49607.5800196913,-0.0317423642741473,False,-1.7961986229447442,False,22784,16,0.0007022471910112359
574_house_16H,SVR,3,1,0.0169977726575062,0.0169977726575062,49719.35911078329,49719.35911078329,0.0,True,0.0,True,22784,16,0.0007022471910112359
574_house_16H,SVR,3,5,0.0169977726575062,0.0169977726575062,49719.35911078329,49719.35911078329,0.0,True,0.0,True,22784,16,0.0007022471910112359
574_house_16H,SVR,3,10,0.1032283047175363,0.1032283047175363,47488.58366528812,47488.58366528812,0.0,True,0.0,True,22784,16,0.0007022471910112359
574_house_16H,SVR,3,20,0.1438484116272836,0.1130398061759739,46400.60084665765,47228.0849414381,-0.0308086054513097,False,-1.783347800850845,False,22784,16,0.0007022471910112359
574_house_16H,SVR,4,1,0.0055105973794262,0.0055105973794262,55810.4163630197,55810.4163630197,0.0,True,0.0,True,22784,16,0.0007022471910112359
574_house_16H,SVR,4,5,0.0055105973794262,0.0055105973794262,55810.4163630197,55810.4163630197,0.0,True,0.0,True,22784,16,0.0007022471910112359
574_house_16H,SVR,4,10,0.0806278808179893,0.0806278808179894,53661.25769594402,53661.25769594402,0.0,True,0.0,True,22784,16,0.0007022471910112359
574_house_16H,SVR,4,20,0.125006740599041,0.0878876854280328,52350.102506111325,53448.970229378094,-0.03711905517100819,False,-2.0990746353142047,False,22784,16,0.0007022471910112359
574_house_16H,SVR,5,1,-0.0002082783464927,-0.0002082783464927,51448.32079799728,51448.32079799728,0.0,True,0.0,True,22784,16,0.0007022471910112359
574_house_16H,SVR,5,5,-0.0002082783464927,-0.0002082783464927,51448.32079799728,51448.32079799728,0.0,True,0.0,True,22784,16,0.0007022471910112359
574_house_16H,SVR,5,10,0.0609229851778593,0.0609229851778593,49851.31141360404,49851.31141360404,0.0,True,0.0,True,22784,16,0.0007022471910112359
574_house_16H,SVR,5,20,0.0695151431510665,0.0695151431510667,49622.728132106895,49622.72813210689,0.0,True,0.0,True,22784,16,0.0007022471910112359
