ds,alg,leak,perc,test_mae_mean,test_mae_std,test_mse_mean,test_mse_std,test_rmse_mean,test_rmse_std,test_r2_mean,test_r2_std
1027_ESL,DT,Com vazamento,1,0.5682405353147039,0.03186561589758977,0.6492329970491116,0.06742269268617325,0.8048499816097351,0.04170617439066861,0.6725834260172324,0.05009024125237202
1027_ESL,DT,Com vazamento,5,0.5682405353147039,0.03186561589758977,0.6492329970491116,0.06742269268617325,0.8048499816097351,0.04170617439066861,0.6725834260172324,0.05009024125237202
1027_ESL,DT,Com vazamento,10,0.5682405353147039,0.03186561589758977,0.6492329970491116,0.06742269268617325,0.8048499816097351,0.04170617439066861,0.6725834260172324,0.05009024125237202
1027_ESL,DT,Com vazamento,20,0.5682405353147039,0.03186561589758977,0.6492329970491116,0.06742269268617325,0.8048499816097351,0.04170617439066861,0.6725834260172324,0.05009024125237202
1027_ESL,DT,Sem vazamento,1,0.5682405353147039,0.03186561589758977,0.6492329970491116,0.06742269268617325,0.8048499816097351,0.04170617439066861,0.6725834260172324,0.05009024125237202
1027_ESL,DT,Sem vazamento,5,0.5682405353147039,0.03186561589758977,0.6492329970491116,0.06742269268617325,0.8048499816097351,0.04170617439066861,0.6725834260172324,0.05009024125237202
1027_ESL,DT,Sem vazamento,10,0.5682405353147039,0.03186561589758977,0.6492329970491116,0.06742269268617325,0.8048499816097351,0.04170617439066861,0.6725834260172324,0.05009024125237202
1027_ESL,DT,Sem vazamento,20,0.5682405353147039,0.03186561589758977,0.6492329970491116,0.06742269268617325,0.8048499816097351,0.04170617439066861,0.6725834260172324,0.05009024125237202
1027_ESL,KNN,Com vazamento,1,0.6326530612244898,0.05421047417431512,0.7453061224489795,0.05538761974928181,0.8628229148617911,0.031800755432196015,0.6233298779823319,0.0587096623494453
1027_ESL,KNN,Com vazamento,5,0.6326530612244898,0.05421047417431512,0.7453061224489795,0.05538761974928181,0.8628229148617911,0.031800755432196015,0.6233298779823319,0.0587096623494453
1027_ESL,KNN,Com vazamento,10,0.6326530612244898,0.05421047417431512,0.7453061224489795,0.05538761974928181,0.8628229148617911,0.031800755432196015,0.6233298779823319,0.0587096623494453
1027_ESL,KNN,Com vazamento,20,0.6326530612244898,0.05421047417431512,0.7453061224489795,0.05538761974928181,0.8628229148617911,0.031800755432196015,0.6233298779823319,0.0587096623494453
1027_ESL,KNN,Sem vazamento,1,0.6326530612244898,0.05421047417431512,0.7453061224489795,0.05538761974928181,0.8628229148617911,0.031800755432196015,0.6233298779823319,0.0587096623494453
1027_ESL,KNN,Sem vazamento,5,0.6326530612244898,0.05421047417431512,0.7453061224489795,0.05538761974928181,0.8628229148617911,0.031800755432196015,0.6233298779823319,0.0587096623494453
1027_ESL,KNN,Sem vazamento,10,0.6326530612244898,0.05421047417431512,0.7453061224489795,0.05538761974928181,0.8628229148617911,0.031800755432196015,0.6233298779823319,0.0587096623494453
1027_ESL,KNN,Sem vazamento,20,0.6326530612244898,0.05421047417431512,0.7453061224489795,0.05538761974928181,0.8628229148617911,0.031800755432196015,0.6233298779823319,0.0587096623494453
1027_ESL,LR,Com vazamento,1,0.5641463067898754,0.031962011127670574,0.6388331594891785,0.06439094924729227,0.798437038426544,0.03997181743921159,0.6781235282998481,0.04675930156853935
1027_ESL,LR,Com vazamento,5,0.5641463067898754,0.031962011127670574,0.6388331594891785,0.06439094924729227,0.798437038426544,0.03997181743921159,0.6781235282998481,0.04675930156853935
1027_ESL,LR,Com vazamento,10,0.5641463067898754,0.031962011127670574,0.6388331594891785,0.06439094924729227,0.798437038426544,0.03997181743921159,0.6781235282998481,0.04675930156853935
1027_ESL,LR,Com vazamento,20,0.5641463067898754,0.031962011127670574,0.6388331594891785,0.06439094924729227,0.798437038426544,0.03997181743921159,0.6781235282998481,0.04675930156853935
1027_ESL,LR,Sem vazamento,1,0.5641463067898754,0.031962011127670574,0.6388331594891785,0.06439094924729227,0.798437038426544,0.03997181743921159,0.6781235282998481,0.04675930156853935
1027_ESL,LR,Sem vazamento,5,0.5641463067898754,0.031962011127670574,0.6388331594891785,0.06439094924729227,0.798437038426544,0.03997181743921159,0.6781235282998481,0.04675930156853935
1027_ESL,LR,Sem vazamento,10,0.5641463067898754,0.031962011127670574,0.6388331594891785,0.06439094924729227,0.798437038426544,0.03997181743921159,0.6781235282998481,0.04675930156853935
1027_ESL,LR,Sem vazamento,20,0.5641463067898754,0.031962011127670574,0.6388331594891785,0.06439094924729227,0.798437038426544,0.03997181743921159,0.6781235282998481,0.04675930156853935
1027_ESL,RF,Com vazamento,1,0.5672402009775449,0.031849572031931866,0.648004912678182,0.06482210689702951,0.8041529528443663,0.04014385795912021,0.6732733336273511,0.04868278810240054
1027_ESL,RF,Com vazamento,5,0.5672402009775449,0.031849572031931866,0.648004912678182,0.06482210689702951,0.8041529528443663,0.04014385795912021,0.6732733336273511,0.04868278810240054
1027_ESL,RF,Com vazamento,10,0.5672402009775449,0.031849572031931866,0.648004912678182,0.06482210689702951,0.8041529528443663,0.04014385795912021,0.6732733336273511,0.04868278810240054
1027_ESL,RF,Com vazamento,20,0.5672402009775449,0.031849572031931866,0.648004912678182,0.06482210689702951,0.8041529528443663,0.04014385795912021,0.6732733336273511,0.04868278810240054
1027_ESL,RF,Sem vazamento,1,0.5672402009775449,0.031849572031931866,0.648004912678182,0.06482210689702951,0.8041529528443663,0.04014385795912021,0.6732733336273511,0.04868278810240054
1027_ESL,RF,Sem vazamento,5,0.5672402009775449,0.031849572031931866,0.648004912678182,0.06482210689702951,0.8041529528443663,0.04014385795912021,0.6732733336273511,0.04868278810240054
1027_ESL,RF,Sem vazamento,10,0.5672402009775449,0.031849572031931866,0.648004912678182,0.06482210689702951,0.8041529528443663,0.04014385795912021,0.6732733336273511,0.04868278810240054
1027_ESL,RF,Sem vazamento,20,0.5672402009775449,0.031849572031931866,0.648004912678182,0.06482210689702951,0.8041529528443663,0.04014385795912021,0.6732733336273511,0.04868278810240054
1027_ESL,SVR,Com vazamento,1,0.5714893947836408,0.029170696105903966,0.6368928078738345,0.06565615985087268,0.7971854282754759,0.040814715273987584,0.6792190915892858,0.04637454665617666
1027_ESL,SVR,Com vazamento,5,0.5714893947836408,0.029170696105903966,0.6368928078738345,0.06565615985087268,0.7971854282754759,0.040814715273987584,0.6792190915892858,0.04637454665617666
1027_ESL,SVR,Com vazamento,10,0.5714893947836408,0.029170696105903966,0.6368928078738345,0.06565615985087268,0.7971854282754759,0.040814715273987584,0.6792190915892858,0.04637454665617666
1027_ESL,SVR,Com vazamento,20,0.5714893947836408,0.029170696105903966,0.6368928078738345,0.06565615985087268,0.7971854282754759,0.040814715273987584,0.6792190915892858,0.04637454665617666
1027_ESL,SVR,Sem vazamento,1,0.5714893947836408,0.029170696105903966,0.6368928078738345,0.06565615985087268,0.7971854282754759,0.040814715273987584,0.6792190915892858,0.04637454665617666
1027_ESL,SVR,Sem vazamento,5,0.5714893947836408,0.029170696105903966,0.6368928078738345,0.06565615985087268,0.7971854282754759,0.040814715273987584,0.6792190915892858,0.04637454665617666
1027_ESL,SVR,Sem vazamento,10,0.5714893947836408,0.029170696105903966,0.6368928078738345,0.06565615985087268,0.7971854282754759,0.040814715273987584,0.6792190915892858,0.04637454665617666
1027_ESL,SVR,Sem vazamento,20,0.5714893947836408,0.029170696105903966,0.6368928078738345,0.06565615985087268,0.7971854282754759,0.040814715273987584,0.6792190915892858,0.04637454665617666
1028_SWD,DT,Com vazamento,1,0.5687066114939964,0.017822019153660003,0.4981810866171698,0.03291413539343049,0.7054982786698996,0.023322060225768125,0.2401999114589213,0.048305031143156735
1028_SWD,DT,Com vazamento,5,0.5687066114939964,0.017822019153660003,0.4981810866171698,0.03291413539343049,0.7054982786698996,0.023322060225768125,0.2401999114589213,0.048305031143156735
1028_SWD,DT,Com vazamento,10,0.5687066114939964,0.017822019153660003,0.4981810866171698,0.03291413539343049,0.7054982786698996,0.023322060225768125,0.2401999114589213,0.048305031143156735
1028_SWD,DT,Com vazamento,20,0.541034056289016,0.02327583450925957,0.44296554702757557,0.03785505880867573,0.6650333152482522,0.028904739490149683,0.32492688988892754,0.04959565478696977
1028_SWD,DT,Sem vazamento,1,0.5687066114939964,0.017822019153660003,0.4981810866171698,0.03291413539343049,0.7054982786698996,0.023322060225768125,0.2401999114589213,0.048305031143156735
1028_SWD,DT,Sem vazamento,5,0.5687066114939964,0.017822019153660003,0.4981810866171698,0.03291413539343049,0.7054982786698996,0.023322060225768125,0.2401999114589213,0.048305031143156735
1028_SWD,DT,Sem vazamento,10,0.5687066114939964,0.017822019153660003,0.4981810866171698,0.03291413539343049,0.7054982786698996,0.023322060225768125,0.2401999114589213,0.048305031143156735
1028_SWD,DT,Sem vazamento,20,0.5434124003252662,0.021144439141602696,0.4504359777186219,0.029123927602702198,0.670851355167299,0.02175601954826656,0.31280144632353896,0.046327694251121446
1028_SWD,KNN,Com vazamento,1,0.6090000000000001,0.06222539674441626,0.5912666666666667,0.07310864973904704,0.7676958278529572,0.047872111678881675,0.1000791540309583,0.09083453096834408
1028_SWD,KNN,Com vazamento,5,0.6090000000000001,0.06222539674441626,0.5912666666666667,0.07310864973904704,0.7676958278529572,0.047872111678881675,0.1000791540309583,0.09083453096834408
1028_SWD,KNN,Com vazamento,10,0.6090000000000001,0.06222539674441626,0.5912666666666667,0.07310864973904704,0.7676958278529572,0.047872111678881675,0.1000791540309583,0.09083453096834408
1028_SWD,KNN,Com vazamento,20,0.5606666666666666,0.03931751094190304,0.5272,0.07302032593737169,0.7245463457131436,0.05176013423935146,0.1995226754613114,0.07764888742117851
1028_SWD,KNN,Sem vazamento,1,0.6090000000000001,0.06222539674441626,0.5912666666666667,0.07310864973904704,0.7676958278529572,0.047872111678881675,0.1000791540309583,0.09083453096834408
1028_SWD,KNN,Sem vazamento,5,0.6090000000000001,0.06222539674441626,0.5912666666666667,0.07310864973904704,0.7676958278529572,0.047872111678881675,0.1000791540309583,0.09083453096834408
1028_SWD,KNN,Sem vazamento,10,0.6090000000000001,0.06222539674441626,0.5912666666666667,0.07310864973904704,0.7676958278529572,0.047872111678881675,0.1000791540309583,0.09083453096834408
1028_SWD,KNN,Sem vazamento,20,0.5826666666666667,0.020742870261047885,0.5390666666666667,0.04345474274077193,0.7336913815037654,0.03027124127807418,0.17946880553929945,0.03392559962934419
1028_SWD,LR,Com vazamento,1,0.5900270766997298,0.02021795157491343,0.5022480866022392,0.03915393328840216,0.7082453451974828,0.02763948498082168,0.23437448788085077,0.052263406177821735
1028_SWD,LR,Com vazamento,5,0.5900270766997298,0.02021795157491343,0.5022480866022392,0.03915393328840216,0.7082453451974828,0.02763948498082168,0.23437448788085077,0.052263406177821735
1028_SWD,LR,Com vazamento,10,0.5900270766997298,0.02021795157491343,0.5022480866022392,0.03915393328840216,0.7082453451974828,0.02763948498082168,0.23437448788085077,0.052263406177821735
1028_SWD,LR,Com vazamento,20,0.556237283625043,0.020665729001319022,0.4587264598654756,0.036793828778913594,0.6768289076191393,0.027475582102477827,0.30118874143408,0.0410326916289559
1028_SWD,LR,Sem vazamento,1,0.5900270766997298,0.02021795157491343,0.5022480866022392,0.03915393328840216,0.7082453451974828,0.02763948498082168,0.23437448788085077,0.052263406177821735
1028_SWD,LR,Sem vazamento,5,0.5900270766997298,0.02021795157491343,0.5022480866022392,0.03915393328840216,0.7082453451974828,0.02763948498082168,0.23437448788085077,0.052263406177821735
1028_SWD,LR,Sem vazamento,10,0.5900270766997298,0.02021795157491343,0.5022480866022392,0.03915393328840216,0.7082453451974828,0.02763948498082168,0.23437448788085077,0.052263406177821735
1028_SWD,LR,Sem vazamento,20,0.5625742631045026,0.019041690450644928,0.46946502422701225,0.03528405927286763,0.6847740694626907,0.02567873871945435,0.2839798535522123,0.05280078990532799
1028_SWD,RF,Com vazamento,1,0.5689472807618097,0.017488463276314137,0.4981349231089667,0.03291087382176185,0.7054655140054079,0.023323764483088816,0.24028085006461763,0.048098827540391444
1028_SWD,RF,Com vazamento,5,0.5689472807618097,0.017488463276314137,0.4981349231089667,0.03291087382176185,0.7054655140054079,0.023323764483088816,0.24028085006461763,0.048098827540391444
1028_SWD,RF,Com vazamento,10,0.5689472807618097,0.017488463276314137,0.4981349231089667,0.03291087382176185,0.7054655140054079,0.023323764483088816,0.24028085006461763,0.048098827540391444
1028_SWD,RF,Com vazamento,20,0.5409603484643053,0.023002669156647605,0.4427218491659102,0.03795960955370751,0.664846788246834,0.028995116632559804,0.3252954604181952,0.04983436245652809
1028_SWD,RF,Sem vazamento,1,0.5689472807618097,0.017488463276314137,0.4981349231089667,0.03291087382176185,0.7054655140054079,0.023323764483088816,0.24028085006461763,0.048098827540391444
1028_SWD,RF,Sem vazamento,5,0.5689472807618097,0.017488463276314137,0.4981349231089667,0.03291087382176185,0.7054655140054079,0.023323764483088816,0.24028085006461763,0.048098827540391444
1028_SWD,RF,Sem vazamento,10,0.5689472807618097,0.017488463276314137,0.4981349231089667,0.03291087382176185,0.7054655140054079,0.023323764483088816,0.24028085006461763,0.048098827540391444
1028_SWD,RF,Sem vazamento,20,0.5430248498157791,0.020826318562369,0.45026346296547565,0.028868579992292618,0.6707277113397163,0.02157221008042839,0.3130486092791318,0.04618436750465713
1028_SWD,SVR,Com vazamento,1,0.5686862465231743,0.027774853156904162,0.5274338208228686,0.04199542190871205,0.7257729118083933,0.02872284055663337,0.1951386194160126,0.06896923596840937
1028_SWD,SVR,Com vazamento,5,0.5686862465231743,0.027774853156904162,0.5274338208228686,0.04199542190871205,0.7257729118083933,0.02872284055663337,0.1951386194160126,0.06896923596840937
1028_SWD,SVR,Com vazamento,10,0.5686862465231743,0.027774853156904162,0.5274338208228686,0.04199542190871205,0.7257729118083933,0.02872284055663337,0.1951386194160126,0.06896923596840937
1028_SWD,SVR,Com vazamento,20,0.5558511651834184,0.02556516346339327,0.47543488223323077,0.03550476653702029,0.6891110683362647,0.025941882653720612,0.2741299037058102,0.06486129254615373
1028_SWD,SVR,Sem vazamento,1,0.5686862465231743,0.027774853156904162,0.5274338208228686,0.04199542190871205,0.7257729118083933,0.02872284055663337,0.1951386194160126,0.06896923596840937
1028_SWD,SVR,Sem vazamento,5,0.5686862465231743,0.027774853156904162,0.5274338208228686,0.04199542190871205,0.7257729118083933,0.02872284055663337,0.1951386194160126,0.06896923596840937
1028_SWD,SVR,Sem vazamento,10,0.5686862465231743,0.027774853156904162,0.5274338208228686,0.04199542190871205,0.7257729118083933,0.02872284055663337,0.1951386194160126,0.06896923596840937
1028_SWD,SVR,Sem vazamento,20,0.5626476786775297,0.022897544950623405,0.48863011708196397,0.03941328961040727,0.6985656955853464,0.027627943100962823,0.2529893770357288,0.0812569669915809
1029_LEV,DT,Com vazamento,1,0.6373896853533855,0.02241093855093194,0.6122105948582932,0.054010127277260365,0.7818097679803867,0.03436419442525072,0.34008960916203773,0.03259365381261364
1029_LEV,DT,Com vazamento,5,0.6373896853533855,0.02241093855093194,0.6122105948582932,0.054010127277260365,0.7818097679803867,0.03436419442525072,0.34008960916203773,0.03259365381261364
1029_LEV,DT,Com vazamento,10,0.6373896853533855,0.02241093855093194,0.6122105948582932,0.054010127277260365,0.7818097679803867,0.03436419442525072,0.34008960916203773,0.03259365381261364
1029_LEV,DT,Com vazamento,20,0.6373896853533855,0.02241093855093194,0.6122105948582932,0.054010127277260365,0.7818097679803867,0.03436419442525072,0.34008960916203773,0.03259365381261364
1029_LEV,DT,Sem vazamento,1,0.6373896853533855,0.02241093855093194,0.6122105948582932,0.054010127277260365,0.7818097679803867,0.03436419442525072,0.34008960916203773,0.03259365381261364
1029_LEV,DT,Sem vazamento,5,0.6373896853533855,0.02241093855093194,0.6122105948582932,0.054010127277260365,0.7818097679803867,0.03436419442525072,0.34008960916203773,0.03259365381261364
1029_LEV,DT,Sem vazamento,10,0.6373896853533855,0.02241093855093194,0.6122105948582932,0.054010127277260365,0.7818097679803867,0.03436419442525072,0.34008960916203773,0.03259365381261364
1029_LEV,DT,Sem vazamento,20,0.6373896853533855,0.02241093855093194,0.6122105948582932,0.054010127277260365,0.7818097679803867,0.03436419442525072,0.34008960916203773,0.03259365381261364
1029_LEV,KNN,Com vazamento,1,0.7191666666666666,0.08277056642712227,0.8179666666666666,0.15857452086216958,0.9005321521578534,0.09170720536541078,0.11991590886258487,0.1467403247263102
1029_LEV,KNN,Com vazamento,5,0.7191666666666666,0.08277056642712227,0.8179666666666666,0.15857452086216958,0.9005321521578534,0.09170720536541078,0.11991590886258487,0.1467403247263102
1029_LEV,KNN,Com vazamento,10,0.7191666666666666,0.08277056642712227,0.8179666666666666,0.15857452086216958,0.9005321521578534,0.09170720536541078,0.11991590886258487,0.1467403247263102
1029_LEV,KNN,Com vazamento,20,0.7191666666666666,0.08277056642712227,0.8179666666666666,0.15857452086216958,0.9005321521578534,0.09170720536541078,0.11991590886258487,0.1467403247263102
1029_LEV,KNN,Sem vazamento,1,0.7191666666666666,0.08277056642712227,0.8179666666666666,0.15857452086216958,0.9005321521578534,0.09170720536541078,0.11991590886258487,0.1467403247263102
1029_LEV,KNN,Sem vazamento,5,0.7191666666666666,0.08277056642712227,0.8179666666666666,0.15857452086216958,0.9005321521578534,0.09170720536541078,0.11991590886258487,0.1467403247263102
1029_LEV,KNN,Sem vazamento,10,0.7191666666666666,0.08277056642712227,0.8179666666666666,0.15857452086216958,0.9005321521578534,0.09170720536541078,0.11991590886258487,0.1467403247263102
1029_LEV,KNN,Sem vazamento,20,0.7191666666666666,0.08277056642712227,0.8179666666666666,0.15857452086216958,0.9005321521578534,0.09170720536541078,0.11991590886258487,0.1467403247263102
1029_LEV,LR,Com vazamento,1,0.6285478154633476,0.02190450067600718,0.6108214357626004,0.05595404866900773,0.7808735829320006,0.03562948062838409,0.3415149353580027,0.03741611533731003
1029_LEV,LR,Com vazamento,5,0.6285478154633476,0.02190450067600718,0.6108214357626004,0.05595404866900773,0.7808735829320006,0.03562948062838409,0.3415149353580027,0.03741611533731003
1029_LEV,LR,Com vazamento,10,0.6285478154633476,0.02190450067600718,0.6108214357626004,0.05595404866900773,0.7808735829320006,0.03562948062838409,0.3415149353580027,0.03741611533731003
1029_LEV,LR,Com vazamento,20,0.6285478154633476,0.02190450067600718,0.6108214357626004,0.05595404866900773,0.7808735829320006,0.03562948062838409,0.3415149353580027,0.03741611533731003
1029_LEV,LR,Sem vazamento,1,0.6285478154633476,0.02190450067600718,0.6108214357626004,0.05595404866900773,0.7808735829320006,0.03562948062838409,0.3415149353580027,0.03741611533731003
1029_LEV,LR,Sem vazamento,5,0.6285478154633476,0.02190450067600718,0.6108214357626004,0.05595404866900773,0.7808735829320006,0.03562948062838409,0.3415149353580027,0.03741611533731003
1029_LEV,LR,Sem vazamento,10,0.6285478154633476,0.02190450067600718,0.6108214357626004,0.05595404866900773,0.7808735829320006,0.03562948062838409,0.3415149353580027,0.03741611533731003
1029_LEV,LR,Sem vazamento,20,0.6285478154633476,0.02190450067600718,0.6108214357626004,0.05595404866900773,0.7808735829320006,0.03562948062838409,0.3415149353580027,0.03741611533731003
1029_LEV,RF,Com vazamento,1,0.636791789501667,0.022318481579995497,0.612294206924366,0.054114139961384075,0.7818601028054478,0.0344497297305013,0.34001361436079097,0.03249734988349387
1029_LEV,RF,Com vazamento,5,0.636791789501667,0.022318481579995497,0.612294206924366,0.054114139961384075,0.7818601028054478,0.0344497297305013,0.34001361436079097,0.03249734988349387
1029_LEV,RF,Com vazamento,10,0.636791789501667,0.022318481579995497,0.612294206924366,0.054114139961384075,0.7818601028054478,0.0344497297305013,0.34001361436079097,0.03249734988349387
1029_LEV,RF,Com vazamento,20,0.636791789501667,0.022318481579995497,0.612294206924366,0.054114139961384075,0.7818601028054478,0.0344497297305013,0.34001361436079097,0.03249734988349387
1029_LEV,RF,Sem vazamento,1,0.636791789501667,0.022318481579995497,0.612294206924366,0.054114139961384075,0.7818601028054478,0.0344497297305013,0.34001361436079097,0.03249734988349387
1029_LEV,RF,Sem vazamento,5,0.636791789501667,0.022318481579995497,0.612294206924366,0.054114139961384075,0.7818601028054478,0.0344497297305013,0.34001361436079097,0.03249734988349387
1029_LEV,RF,Sem vazamento,10,0.636791789501667,0.022318481579995497,0.612294206924366,0.054114139961384075,0.7818601028054478,0.0344497297305013,0.34001361436079097,0.03249734988349387
1029_LEV,RF,Sem vazamento,20,0.636791789501667,0.022318481579995497,0.612294206924366,0.054114139961384075,0.7818601028054478,0.0344497297305013,0.34001361436079097,0.03249734988349387
1029_LEV,SVR,Com vazamento,1,0.6122857470698997,0.02154933171385989,0.6276964401219347,0.06224335717428788,0.791483796329286,0.03872735885829636,0.32324591060735636,0.04649178103482866
1029_LEV,SVR,Com vazamento,5,0.6122857470698997,0.02154933171385989,0.6276964401219347,0.06224335717428788,0.791483796329286,0.03872735885829636,0.32324591060735636,0.04649178103482866
1029_LEV,SVR,Com vazamento,10,0.6122857470698997,0.02154933171385989,0.6276964401219347,0.06224335717428788,0.791483796329286,0.03872735885829636,0.32324591060735636,0.04649178103482866
1029_LEV,SVR,Com vazamento,20,0.6122857470698997,0.02154933171385989,0.6276964401219347,0.06224335717428788,0.791483796329286,0.03872735885829636,0.32324591060735636,0.04649178103482866
1029_LEV,SVR,Sem vazamento,1,0.6122857470698997,0.02154933171385989,0.6276964401219347,0.06224335717428788,0.791483796329286,0.03872735885829636,0.32324591060735636,0.04649178103482866
1029_LEV,SVR,Sem vazamento,5,0.6122857470698997,0.02154933171385989,0.6276964401219347,0.06224335717428788,0.791483796329286,0.03872735885829636,0.32324591060735636,0.04649178103482866
1029_LEV,SVR,Sem vazamento,10,0.6122857470698997,0.02154933171385989,0.6276964401219347,0.06224335717428788,0.791483796329286,0.03872735885829636,0.32324591060735636,0.04649178103482866
1029_LEV,SVR,Sem vazamento,20,0.6122857470698997,0.02154933171385989,0.6276964401219347,0.06224335717428788,0.791483796329286,0.03872735885829636,0.32324591060735636,0.04649178103482866
1030_ERA,DT,Com vazamento,1,1.3742174165011578,0.07422800427640017,2.866199499614978,0.25412523809415444,1.6915623885405224,0.07602251211367539,0.27361298030003406,0.049333547740757176
1030_ERA,DT,Com vazamento,5,1.3742174165011578,0.07422800427640017,2.866199499614978,0.25412523809415444,1.6915623885405224,0.07602251211367539,0.27361298030003406,0.049333547740757176
1030_ERA,DT,Com vazamento,10,1.3742174165011578,0.07422800427640017,2.866199499614978,0.25412523809415444,1.6915623885405224,0.07602251211367539,0.27361298030003406,0.049333547740757176
1030_ERA,DT,Com vazamento,20,1.3742174165011578,0.07422800427640017,2.866199499614978,0.25412523809415444,1.6915623885405224,0.07602251211367539,0.27361298030003406,0.049333547740757176
1030_ERA,DT,Sem vazamento,1,1.3742174165011578,0.07422800427640017,2.866199499614978,0.25412523809415444,1.6915623885405224,0.07602251211367539,0.27361298030003406,0.049333547740757176
1030_ERA,DT,Sem vazamento,5,1.3742174165011578,0.07422800427640017,2.866199499614978,0.25412523809415444,1.6915623885405224,0.07602251211367539,0.27361298030003406,0.049333547740757176
1030_ERA,DT,Sem vazamento,10,1.3742174165011578,0.07422800427640017,2.866199499614978,0.25412523809415444,1.6915623885405224,0.07602251211367539,0.27361298030003406,0.049333547740757176
1030_ERA,DT,Sem vazamento,20,1.3742174165011578,0.07422800427640017,2.866199499614978,0.25412523809415444,1.6915623885405224,0.07602251211367539,0.27361298030003406,0.049333547740757176
1030_ERA,KNN,Com vazamento,1,1.4596666666666664,0.04142302097465453,3.2181333333333337,0.15157058641658194,1.7934985820467244,0.04237220121337978,0.18330213525219388,0.03661899079558847
1030_ERA,KNN,Com vazamento,5,1.4596666666666664,0.04142302097465453,3.2181333333333337,0.15157058641658194,1.7934985820467244,0.04237220121337978,0.18330213525219388,0.03661899079558847
1030_ERA,KNN,Com vazamento,10,1.4596666666666664,0.04142302097465453,3.2181333333333337,0.15157058641658194,1.7934985820467244,0.04237220121337978,0.18330213525219388,0.03661899079558847
1030_ERA,KNN,Com vazamento,20,1.4596666666666664,0.04142302097465453,3.2181333333333337,0.15157058641658194,1.7934985820467244,0.04237220121337978,0.18330213525219388,0.03661899079558847
1030_ERA,KNN,Sem vazamento,1,1.4596666666666664,0.04142302097465453,3.2181333333333337,0.15157058641658194,1.7934985820467244,0.04237220121337978,0.18330213525219388,0.03661899079558847
1030_ERA,KNN,Sem vazamento,5,1.4596666666666664,0.04142302097465453,3.2181333333333337,0.15157058641658194,1.7934985820467244,0.04237220121337978,0.18330213525219388,0.03661899079558847
1030_ERA,KNN,Sem vazamento,10,1.4596666666666664,0.04142302097465453,3.2181333333333337,0.15157058641658194,1.7934985820467244,0.04237220121337978,0.18330213525219388,0.03661899079558847
1030_ERA,KNN,Sem vazamento,20,1.4596666666666664,0.04142302097465453,3.2181333333333337,0.15157058641658194,1.7934985820467244,0.04237220121337978,0.18330213525219388,0.03661899079558847
1030_ERA,LR,Com vazamento,1,1.4775814066464799,0.07130883100147062,3.275381564023179,0.22100289056681197,1.8089313659098387,0.06147074866058683,0.1696414705482465,0.0359797040048379
1030_ERA,LR,Com vazamento,5,1.4775814066464799,0.07130883100147062,3.275381564023179,0.22100289056681197,1.8089313659098387,0.06147074866058683,0.1696414705482465,0.0359797040048379
1030_ERA,LR,Com vazamento,10,1.4775814066464799,0.07130883100147062,3.275381564023179,0.22100289056681197,1.8089313659098387,0.06147074866058683,0.1696414705482465,0.0359797040048379
1030_ERA,LR,Com vazamento,20,1.4775814066464799,0.07130883100147062,3.275381564023179,0.22100289056681197,1.8089313659098387,0.06147074866058683,0.1696414705482465,0.0359797040048379
1030_ERA,LR,Sem vazamento,1,1.4775814066464799,0.07130883100147062,3.275381564023179,0.22100289056681197,1.8089313659098387,0.06147074866058683,0.1696414705482465,0.0359797040048379
1030_ERA,LR,Sem vazamento,5,1.4775814066464799,0.07130883100147062,3.275381564023179,0.22100289056681197,1.8089313659098387,0.06147074866058683,0.1696414705482465,0.0359797040048379
1030_ERA,LR,Sem vazamento,10,1.4775814066464799,0.07130883100147062,3.275381564023179,0.22100289056681197,1.8089313659098387,0.06147074866058683,0.1696414705482465,0.0359797040048379
1030_ERA,LR,Sem vazamento,20,1.4775814066464799,0.07130883100147062,3.275381564023179,0.22100289056681197,1.8089313659098387,0.06147074866058683,0.1696414705482465,0.0359797040048379
1030_ERA,RF,Com vazamento,1,1.3737708892874128,0.07452091558211159,2.8632474653098132,0.25759937604689864,1.6906497052637468,0.077079486776331,0.27439806418006674,0.04988290283019421
1030_ERA,RF,Com vazamento,5,1.3737708892874128,0.07452091558211159,2.8632474653098132,0.25759937604689864,1.6906497052637468,0.077079486776331,0.27439806418006674,0.04988290283019421
1030_ERA,RF,Com vazamento,10,1.3737708892874128,0.07452091558211159,2.8632474653098132,0.25759937604689864,1.6906497052637468,0.077079486776331,0.27439806418006674,0.04988290283019421
1030_ERA,RF,Com vazamento,20,1.3737708892874128,0.07452091558211159,2.8632474653098132,0.25759937604689864,1.6906497052637468,0.077079486776331,0.27439806418006674,0.04988290283019421
1030_ERA,RF,Sem vazamento,1,1.3737708892874128,0.07452091558211159,2.8632474653098132,0.25759937604689864,1.6906497052637468,0.077079486776331,0.27439806418006674,0.04988290283019421
1030_ERA,RF,Sem vazamento,5,1.3737708892874128,0.07452091558211159,2.8632474653098132,0.25759937604689864,1.6906497052637468,0.077079486776331,0.27439806418006674,0.04988290283019421
1030_ERA,RF,Sem vazamento,10,1.3737708892874128,0.07452091558211159,2.8632474653098132,0.25759937604689864,1.6906497052637468,0.077079486776331,0.27439806418006674,0.04988290283019421
1030_ERA,RF,Sem vazamento,20,1.3737708892874128,0.07452091558211159,2.8632474653098132,0.25759937604689864,1.6906497052637468,0.077079486776331,0.27439806418006674,0.04988290283019421
1030_ERA,SVR,Com vazamento,1,1.474703015013769,0.07361336112510802,3.322068893703753,0.22883847321833545,1.821738106885021,0.06330084005825506,0.15776792325855563,0.03974151411404046
1030_ERA,SVR,Com vazamento,5,1.474703015013769,0.07361336112510802,3.322068893703753,0.22883847321833545,1.821738106885021,0.06330084005825506,0.15776792325855563,0.03974151411404046
1030_ERA,SVR,Com vazamento,10,1.474703015013769,0.07361336112510802,3.322068893703753,0.22883847321833545,1.821738106885021,0.06330084005825506,0.15776792325855563,0.03974151411404046
1030_ERA,SVR,Com vazamento,20,1.474703015013769,0.07361336112510802,3.322068893703753,0.22883847321833545,1.821738106885021,0.06330084005825506,0.15776792325855563,0.03974151411404046
1030_ERA,SVR,Sem vazamento,1,1.474703015013769,0.07361336112510802,3.322068893703753,0.22883847321833545,1.821738106885021,0.06330084005825506,0.15776792325855563,0.03974151411404046
1030_ERA,SVR,Sem vazamento,5,1.474703015013769,0.07361336112510802,3.322068893703753,0.22883847321833545,1.821738106885021,0.06330084005825506,0.15776792325855563,0.03974151411404046
1030_ERA,SVR,Sem vazamento,10,1.474703015013769,0.07361336112510802,3.322068893703753,0.22883847321833545,1.821738106885021,0.06330084005825506,0.15776792325855563,0.03974151411404046
1030_ERA,SVR,Sem vazamento,20,1.474703015013769,0.07361336112510802,3.322068893703753,0.22883847321833545,1.821738106885021,0.06330084005825506,0.15776792325855563,0.03974151411404046
1089_USCrime,DT,Com vazamento,1,24.95,4.868675384537359,864.2666666666668,282.9755120441814,29.013426395896847,5.194738349893203,0.2576070435157612,0.25467177695850374
1089_USCrime,DT,Com vazamento,5,24.95,4.868675384537359,864.2666666666668,282.9755120441814,29.013426395896847,5.194738349893203,0.2576070435157612,0.25467177695850374
1089_USCrime,DT,Com vazamento,10,19.316666666666666,6.741933451664045,663.5500000000001,431.5426131913279,24.82029864361854,7.550054985886212,0.45793934823820587,0.27851995443101424
1089_USCrime,DT,Com vazamento,20,19.483333333333334,4.328240597132588,632.2166666666667,214.7852268352427,24.816059685850778,4.433488243127525,0.4549689012111495,0.20393822714483079
1089_USCrime,DT,Sem vazamento,1,24.95,4.868675384537359,864.2666666666668,282.9755120441814,29.013426395896847,5.194738349893203,0.2576070435157612,0.25467177695850374
1089_USCrime,DT,Sem vazamento,5,24.95,4.868675384537359,864.2666666666668,282.9755120441814,29.013426395896847,5.194738349893203,0.2576070435157612,0.25467177695850374
1089_USCrime,DT,Sem vazamento,10,21.099999999999998,7.3905344867607505,774.1,439.59084157884826,26.90013138498021,7.783284510087213,0.3605350344297897,0.30491213798786143
1089_USCrime,DT,Sem vazamento,20,19.483333333333334,4.328240597132588,632.2166666666667,214.7852268352427,24.816059685850778,4.433488243127525,0.4549689012111495,0.20393822714483079
1089_USCrime,KNN,Com vazamento,1,18.783333333333335,2.388218303812836,486.5526666666667,98.02172152470423,21.959513912524475,2.2801093111455852,0.5717834592943288,0.1581433800098488
1089_USCrime,KNN,Com vazamento,5,18.783333333333335,2.388218303812836,486.5526666666667,98.02172152470423,21.959513912524475,2.2801093111455852,0.5717834592943288,0.1581433800098488
1089_USCrime,KNN,Com vazamento,10,17.6,3.255690402971389,497.24533333333346,123.2704268227651,22.152104776950228,2.7991971601198,0.5703624602339031,0.13278665573852674
1089_USCrime,KNN,Com vazamento,20,17.046666666666667,4.65790797103879,476.4066666666667,226.6512428226827,21.31660832780575,5.139129428094504,0.5785640106716361,0.22375450460575838
1089_USCrime,KNN,Sem vazamento,1,18.783333333333335,2.388218303812836,486.5526666666667,98.02172152470423,21.959513912524475,2.2801093111455852,0.5717834592943288,0.1581433800098488
1089_USCrime,KNN,Sem vazamento,5,18.783333333333335,2.388218303812836,486.5526666666667,98.02172152470423,21.959513912524475,2.2801093111455852,0.5717834592943288,0.1581433800098488
1089_USCrime,KNN,Sem vazamento,10,19.09,4.673974753889886,591.2873333333334,267.9811985574113,23.847445009151844,5.206154035617315,0.4875031524168875,0.2515398560105146
1089_USCrime,KNN,Sem vazamento,20,17.046666666666667,4.65790797103879,476.4066666666667,226.6512428226827,21.31660832780575,5.139129428094504,0.5785640106716361,0.22375450460575838
1089_USCrime,LR,Com vazamento,1,17.23625442470379,3.6842116110434633,450.0459168656894,127.92293401228933,21.019638333008466,3.1408383368541255,0.6184049492010314,0.1126757568628771
1089_USCrime,LR,Com vazamento,5,17.23625442470379,3.6842116110434633,450.0459168656894,127.92293401228933,21.019638333008466,3.1408383368541255,0.6184049492010314,0.1126757568628771
1089_USCrime,LR,Com vazamento,10,16.292393256891394,3.679053971937723,402.7795814154927,149.85891922294635,19.751327759277817,3.898404775454845,0.6631213593327638,0.11292328921144214
1089_USCrime,LR,Com vazamento,20,14.988336379716735,3.69051050398444,346.441511629899,117.53912862515561,18.379136695848434,3.2215858104759225,0.7046217284196471,0.09952166295241885
1089_USCrime,LR,Sem vazamento,1,17.23625442470379,3.6842116110434633,450.0459168656894,127.92293401228933,21.019638333008466,3.1408383368541255,0.6184049492010314,0.1126757568628771
1089_USCrime,LR,Sem vazamento,5,17.23625442470379,3.6842116110434633,450.0459168656894,127.92293401228933,21.019638333008466,3.1408383368541255,0.6184049492010314,0.1126757568628771
1089_USCrime,LR,Sem vazamento,10,16.418951433068404,3.737077013254491,392.74385920371304,143.9596677531007,19.51968445396124,3.751124314894963,0.6719637169592704,0.10499504907400313
1089_USCrime,LR,Sem vazamento,20,14.988336379716737,3.6905105039844432,346.44151162989925,117.53912862515584,18.37913669584844,3.221585810475927,0.7046217284196468,0.09952166295241907
1089_USCrime,RF,Com vazamento,1,21.73696666666667,3.860445489275384,657.2832052064814,221.0443233376577,25.331484775031132,4.326534543790999,0.43498284449521013,0.20143696382067455
1089_USCrime,RF,Com vazamento,5,21.73696666666667,3.860445489275384,657.2832052064814,221.0443233376577,25.331484775031132,4.326534543790999,0.43498284449521013,0.20143696382067455
1089_USCrime,RF,Com vazamento,10,18.901666666666667,4.402975615043383,510.4057566666667,235.15612536947714,22.122777029725032,5.018584640283007,0.5652555884869868,0.18777158242645764
1089_USCrime,RF,Com vazamento,20,18.474166666666665,4.147644990433325,481.9803483333333,210.60934117525355,21.551343846039966,4.585183978392401,0.5876364853446486,0.17201324622065514
1089_USCrime,RF,Sem vazamento,1,21.73696666666667,3.860445489275384,657.2832052064814,221.0443233376577,25.331484775031132,4.326534543790999,0.43498284449521013,0.20143696382067455
1089_USCrime,RF,Sem vazamento,5,21.73696666666667,3.860445489275384,657.2832052064814,221.0443233376577,25.331484775031132,4.326534543790999,0.43498284449521013,0.20143696382067455
1089_USCrime,RF,Sem vazamento,10,19.37994722222222,4.055998275399818,521.5897815467591,223.71687618485973,22.435596741335086,4.677663571522047,0.5554014747912684,0.177587019630443
1089_USCrime,RF,Sem vazamento,20,18.474166666666665,4.147644990433325,481.9803483333333,210.60934117525355,21.551343846039966,4.585183978392401,0.5876364853446486,0.17201324622065514
1089_USCrime,SVR,Com vazamento,1,17.513179231907543,3.112878376167569,457.99629010402055,128.11941578576773,21.206377436803706,3.153254720794336,0.6130574967810335,0.11102643422372561
1089_USCrime,SVR,Com vazamento,5,17.513179231907543,3.112878376167569,457.99629010402055,128.11941578576773,21.206377436803706,3.153254720794336,0.6130574967810335,0.11102643422372561
1089_USCrime,SVR,Com vazamento,10,16.457547289246516,3.506851210082105,411.4908423613804,150.67458272208512,19.975749836317338,3.866822080972676,0.6555799100621503,0.11361046791651426
1089_USCrime,SVR,Com vazamento,20,15.450139705567102,4.11226164492882,359.5616939639887,135.033904526586,18.654270029018235,3.72771838772094,0.6985308071025185,0.10542767181873504
1089_USCrime,SVR,Sem vazamento,1,17.513179231907543,3.112878376167569,457.99629010402055,128.11941578576773,21.206377436803706,3.153254720794336,0.6130574967810335,0.11102643422372561
1089_USCrime,SVR,Sem vazamento,5,17.513179231907543,3.112878376167569,457.99629010402055,128.11941578576773,21.206377436803706,3.153254720794336,0.6130574967810335,0.11102643422372561
1089_USCrime,SVR,Sem vazamento,10,16.59817938673974,3.555018440204939,400.04858893083366,145.25564360457585,19.71001854621157,3.7251187104031396,0.6656615459176403,0.105941063572506
1089_USCrime,SVR,Sem vazamento,20,15.450139705567102,4.112261644928819,359.5616939639887,135.03390452658604,18.654270029018235,3.7277183877209414,0.6985308071025184,0.10542767181873511
1096_FacultySalaries,DT,Com vazamento,1,2.075500392913819,0.22542474069251645,7.435657986376046,1.9364736607750435,2.7089170945893812,0.3419230808543997,0.6094816002642742,0.13146180075056688
1096_FacultySalaries,DT,Com vazamento,5,2.075500392913819,0.22542474069251645,7.435657986376046,1.9364736607750435,2.7089170945893812,0.3419230808543997,0.6094816002642742,0.13146180075056688
1096_FacultySalaries,DT,Com vazamento,10,2.075500392913819,0.22542474069251645,7.435657986376046,1.9364736607750435,2.7089170945893812,0.3419230808543997,0.6094816002642742,0.13146180075056688
1096_FacultySalaries,DT,Com vazamento,20,2.075500392913819,0.22542474069251645,7.435657986376046,1.9364736607750435,2.7089170945893812,0.3419230808543997,0.6094816002642742,0.13146180075056688
1096_FacultySalaries,DT,Sem vazamento,1,2.075500392913819,0.22542474069251645,7.435657986376046,1.9364736607750435,2.7089170945893812,0.3419230808543997,0.6094816002642742,0.13146180075056688
1096_FacultySalaries,DT,Sem vazamento,5,2.075500392913819,0.22542474069251645,7.435657986376046,1.9364736607750435,2.7089170945893812,0.3419230808543997,0.6094816002642742,0.13146180075056688
1096_FacultySalaries,DT,Sem vazamento,10,2.075500392913819,0.22542474069251645,7.435657986376046,1.9364736607750435,2.7089170945893812,0.3419230808543997,0.6094816002642742,0.13146180075056688
1096_FacultySalaries,DT,Sem vazamento,20,2.075500392913819,0.22542474069251645,7.435657986376046,1.9364736607750435,2.7089170945893812,0.3419230808543997,0.6094816002642742,0.13146180075056688
1096_FacultySalaries,KNN,Com vazamento,1,1.5617999903360997,0.28526689514077747,4.138768070183451,1.6362090123569097,2.001825426267418,0.39718464159539985,0.7995578106377561,0.04506719330508227
1096_FacultySalaries,KNN,Com vazamento,5,1.5617999903360997,0.28526689514077747,4.138768070183451,1.6362090123569097,2.001825426267418,0.39718464159539985,0.7995578106377561,0.04506719330508227
1096_FacultySalaries,KNN,Com vazamento,10,1.5617999903360997,0.28526689514077747,4.138768070183451,1.6362090123569097,2.001825426267418,0.39718464159539985,0.7995578106377561,0.04506719330508227
1096_FacultySalaries,KNN,Com vazamento,20,1.5617999903360997,0.28526689514077747,4.138768070183451,1.6362090123569097,2.001825426267418,0.39718464159539985,0.7995578106377561,0.04506719330508227
1096_FacultySalaries,KNN,Sem vazamento,1,1.5617999903360997,0.28526689514077747,4.138768070183451,1.6362090123569097,2.001825426267418,0.39718464159539985,0.7995578106377561,0.04506719330508227
1096_FacultySalaries,KNN,Sem vazamento,5,1.5617999903360997,0.28526689514077747,4.138768070183451,1.6362090123569097,2.001825426267418,0.39718464159539985,0.7995578106377561,0.04506719330508227
1096_FacultySalaries,KNN,Sem vazamento,10,1.5617999903360997,0.28526689514077747,4.138768070183451,1.6362090123569097,2.001825426267418,0.39718464159539985,0.7995578106377561,0.04506719330508227
1096_FacultySalaries,KNN,Sem vazamento,20,1.5617999903360997,0.28526689514077747,4.138768070183451,1.6362090123569097,2.001825426267418,0.39718464159539985,0.7995578106377561,0.04506719330508227
1096_FacultySalaries,LR,Com vazamento,1,1.2234888813038007,0.3591376292176023,2.687452045390701,1.321784663502635,1.5897858195268757,0.43822335869548695,0.8558790931608824,0.09214368256844438
1096_FacultySalaries,LR,Com vazamento,5,1.2234888813038007,0.3591376292176023,2.687452045390701,1.321784663502635,1.5897858195268757,0.43822335869548695,0.8558790931608824,0.09214368256844438
1096_FacultySalaries,LR,Com vazamento,10,1.2234888813038007,0.3591376292176023,2.687452045390701,1.321784663502635,1.5897858195268757,0.43822335869548695,0.8558790931608824,0.09214368256844438
1096_FacultySalaries,LR,Com vazamento,20,1.2234888813038007,0.3591376292176023,2.687452045390701,1.321784663502635,1.5897858195268757,0.43822335869548695,0.8558790931608824,0.09214368256844438
1096_FacultySalaries,LR,Sem vazamento,1,1.2234888813038007,0.3591376292176023,2.687452045390701,1.321784663502635,1.5897858195268757,0.43822335869548695,0.8558790931608824,0.09214368256844438
1096_FacultySalaries,LR,Sem vazamento,5,1.2234888813038007,0.3591376292176023,2.687452045390701,1.321784663502635,1.5897858195268757,0.43822335869548695,0.8558790931608824,0.09214368256844438
1096_FacultySalaries,LR,Sem vazamento,10,1.2234888813038007,0.3591376292176023,2.687452045390701,1.321784663502635,1.5897858195268757,0.43822335869548695,0.8558790931608824,0.09214368256844438
1096_FacultySalaries,LR,Sem vazamento,20,1.2234888813038007,0.3591376292176023,2.687452045390701,1.321784663502635,1.5897858195268757,0.43822335869548695,0.8558790931608824,0.09214368256844438
1096_FacultySalaries,RF,Com vazamento,1,1.7830204249215507,0.11657169833606341,4.962392500254057,1.188229105335873,2.214749749412787,0.26216646863408355,0.7374249591620351,0.08981313458826483
1096_FacultySalaries,RF,Com vazamento,5,1.7830204249215507,0.11657169833606341,4.962392500254057,1.188229105335873,2.214749749412787,0.26216646863408355,0.7374249591620351,0.08981313458826483
1096_FacultySalaries,RF,Com vazamento,10,1.7830204249215507,0.11657169833606341,4.962392500254057,1.188229105335873,2.214749749412787,0.26216646863408355,0.7374249591620351,0.08981313458826483
1096_FacultySalaries,RF,Com vazamento,20,1.7830204249215507,0.11657169833606341,4.962392500254057,1.188229105335873,2.214749749412787,0.26216646863408355,0.7374249591620351,0.08981313458826483
1096_FacultySalaries,RF,Sem vazamento,1,1.7830204249215507,0.11657169833606341,4.962392500254057,1.188229105335873,2.214749749412787,0.26216646863408355,0.7374249591620351,0.08981313458826483
1096_FacultySalaries,RF,Sem vazamento,5,1.7830204249215507,0.11657169833606341,4.962392500254057,1.188229105335873,2.214749749412787,0.26216646863408355,0.7374249591620351,0.08981313458826483
1096_FacultySalaries,RF,Sem vazamento,10,1.7830204249215507,0.11657169833606341,4.962392500254057,1.188229105335873,2.214749749412787,0.26216646863408355,0.7374249591620351,0.08981313458826483
1096_FacultySalaries,RF,Sem vazamento,20,1.7830204249215507,0.11657169833606341,4.962392500254057,1.188229105335873,2.214749749412787,0.26216646863408355,0.7374249591620351,0.08981313458826483
1096_FacultySalaries,SVR,Com vazamento,1,1.205393023873975,0.35275481736341857,2.6317728357633876,1.298612433879716,1.5739896660284909,0.43034316585567983,0.8580772488577537,0.09224314096644141
1096_FacultySalaries,SVR,Com vazamento,5,1.205393023873975,0.35275481736341857,2.6317728357633876,1.298612433879716,1.5739896660284909,0.43034316585567983,0.8580772488577537,0.09224314096644141
1096_FacultySalaries,SVR,Com vazamento,10,1.205393023873975,0.35275481736341857,2.6317728357633876,1.298612433879716,1.5739896660284909,0.43034316585567983,0.8580772488577537,0.09224314096644141
1096_FacultySalaries,SVR,Com vazamento,20,1.205393023873975,0.35275481736341857,2.6317728357633876,1.298612433879716,1.5739896660284909,0.43034316585567983,0.8580772488577537,0.09224314096644141
1096_FacultySalaries,SVR,Sem vazamento,1,1.205393023873975,0.35275481736341857,2.6317728357633876,1.298612433879716,1.5739896660284909,0.43034316585567983,0.8580772488577537,0.09224314096644141
1096_FacultySalaries,SVR,Sem vazamento,5,1.205393023873975,0.35275481736341857,2.6317728357633876,1.298612433879716,1.5739896660284909,0.43034316585567983,0.8580772488577537,0.09224314096644141
1096_FacultySalaries,SVR,Sem vazamento,10,1.205393023873975,0.35275481736341857,2.6317728357633876,1.298612433879716,1.5739896660284909,0.43034316585567983,0.8580772488577537,0.09224314096644141
1096_FacultySalaries,SVR,Sem vazamento,20,1.205393023873975,0.35275481736341857,2.6317728357633876,1.298612433879716,1.5739896660284909,0.43034316585567983,0.8580772488577537,0.09224314096644141
1199_BNG_echoMonths,DT,Com vazamento,1,9.683762786079644,0.10685886811090337,148.40173201097943,2.9320816527374207,12.181528696796375,0.12045224832697979,0.40379248270840895,0.008698962323818142
1199_BNG_echoMonths,DT,Com vazamento,5,9.683762786079644,0.10685886811090337,148.40173201097943,2.9320816527374207,12.181528696796375,0.12045224832697979,0.40379248270840895,0.008698962323818142
1199_BNG_echoMonths,DT,Com vazamento,10,9.683762786079644,0.10685886811090337,148.40173201097943,2.9320816527374207,12.181528696796375,0.12045224832697979,0.40379248270840895,0.008698962323818142
1199_BNG_echoMonths,DT,Com vazamento,20,9.442371871931023,0.08783058804434314,143.85335788279244,2.5425789566846673,11.993496675601058,0.10618121381194007,0.4220521155264559,0.008036689422547367
1199_BNG_echoMonths,DT,Sem vazamento,1,9.683762786079644,0.10685886811090337,148.40173201097943,2.9320816527374207,12.181528696796375,0.12045224832697979,0.40379248270840895,0.008698962323818142
1199_BNG_echoMonths,DT,Sem vazamento,5,9.683762786079644,0.10685886811090337,148.40173201097943,2.9320816527374207,12.181528696796375,0.12045224832697979,0.40379248270840895,0.008698962323818142
1199_BNG_echoMonths,DT,Sem vazamento,10,9.683762786079644,0.10685886811090337,148.40173201097943,2.9320816527374207,12.181528696796375,0.12045224832697979,0.40379248270840895,0.008698962323818142
1199_BNG_echoMonths,DT,Sem vazamento,20,9.442371871931023,0.08783058804434314,143.85335788279244,2.5425789566846673,11.993496675601058,0.10618121381194007,0.4220521155264559,0.008036689422547367
1199_BNG_echoMonths,KNN,Com vazamento,1,10.120461483377886,0.5195716665399035,157.63644579080798,10.97480046767652,12.549237766571984,0.4285938900890398,0.3669755489464687,0.03754101628960941
1199_BNG_echoMonths,KNN,Com vazamento,5,10.120461483377886,0.5195716665399035,157.63644579080798,10.97480046767652,12.549237766571984,0.4285938900890398,0.3669755489464687,0.03754101628960941
1199_BNG_echoMonths,KNN,Com vazamento,10,10.120461483377886,0.5195716665399035,157.63644579080798,10.97480046767652,12.549237766571984,0.4285938900890398,0.3669755489464687,0.03754101628960941
1199_BNG_echoMonths,KNN,Com vazamento,20,9.995357403258067,0.3199394106947085,164.08788454510764,7.24251970462953,12.807058629546587,0.28383193153132685,0.3406113610636357,0.0318157320979881
1199_BNG_echoMonths,KNN,Sem vazamento,1,10.120461483377886,0.5195716665399035,157.63644579080798,10.97480046767652,12.549237766571984,0.4285938900890398,0.3669755489464687,0.03754101628960941
1199_BNG_echoMonths,KNN,Sem vazamento,5,10.120461483377886,0.5195716665399035,157.63644579080798,10.97480046767652,12.549237766571984,0.4285938900890398,0.3669755489464687,0.03754101628960941
1199_BNG_echoMonths,KNN,Sem vazamento,10,10.120461483377886,0.5195716665399035,157.63644579080798,10.97480046767652,12.549237766571984,0.4285938900890398,0.3669755489464687,0.03754101628960941
1199_BNG_echoMonths,KNN,Sem vazamento,20,9.995357403258067,0.3199394106947085,164.08788454510764,7.24251970462953,12.807058629546587,0.28383193153132685,0.3406113610636357,0.0318157320979881
1199_BNG_echoMonths,LR,Com vazamento,1,9.683762786079646,0.10685886811090349,148.40173201097943,2.932081652737409,12.181528696796372,0.12045224832697941,0.403792482708409,0.008698962323818135
1199_BNG_echoMonths,LR,Com vazamento,5,9.683762786079646,0.10685886811090349,148.40173201097943,2.932081652737409,12.181528696796372,0.12045224832697941,0.403792482708409,0.008698962323818135
1199_BNG_echoMonths,LR,Com vazamento,10,9.683762786079646,0.10685886811090349,148.40173201097943,2.932081652737409,12.181528696796372,0.12045224832697941,0.403792482708409,0.008698962323818135
1199_BNG_echoMonths,LR,Com vazamento,20,9.45216895557538,0.08666446475632784,143.91097661910214,2.5340279934317014,11.99590127159962,0.1058071895674297,0.42181963289366275,0.008077667265995382
1199_BNG_echoMonths,LR,Sem vazamento,1,9.683762786079646,0.10685886811090349,148.40173201097943,2.932081652737409,12.181528696796372,0.12045224832697941,0.403792482708409,0.008698962323818135
1199_BNG_echoMonths,LR,Sem vazamento,5,9.683762786079646,0.10685886811090349,148.40173201097943,2.932081652737409,12.181528696796372,0.12045224832697941,0.403792482708409,0.008698962323818135
1199_BNG_echoMonths,LR,Sem vazamento,10,9.683762786079646,0.10685886811090349,148.40173201097943,2.932081652737409,12.181528696796372,0.12045224832697941,0.403792482708409,0.008698962323818135
1199_BNG_echoMonths,LR,Sem vazamento,20,9.45216895557538,0.08666446475632784,143.91097661910214,2.5340279934317023,11.99590127159962,0.1058071895674297,0.42181963289366275,0.008077667265995382
1199_BNG_echoMonths,RF,Com vazamento,1,9.684182813597516,0.10691786602978376,148.40059290300323,2.935573506883828,12.181480765007729,0.12059489914539256,0.40379730963169586,0.008697097688029483
1199_BNG_echoMonths,RF,Com vazamento,5,9.684182813597516,0.10691786602978376,148.40059290300323,2.935573506883828,12.181480765007729,0.12059489914539256,0.40379730963169586,0.008697097688029483
1199_BNG_echoMonths,RF,Com vazamento,10,9.684182813597516,0.10691786602978376,148.40059290300323,2.935573506883828,12.181480765007729,0.12059489914539256,0.40379730963169586,0.008697097688029483
1199_BNG_echoMonths,RF,Com vazamento,20,9.44262734613637,0.08751048217122112,143.8516691451233,2.5464692669344795,11.993425076568963,0.10634328102947253,0.4220591988240141,0.008030546533084966
1199_BNG_echoMonths,RF,Sem vazamento,1,9.684182813597516,0.10691786602978376,148.40059290300323,2.935573506883828,12.181480765007729,0.12059489914539256,0.40379730963169586,0.008697097688029483
1199_BNG_echoMonths,RF,Sem vazamento,5,9.684182813597516,0.10691786602978376,148.40059290300323,2.935573506883828,12.181480765007729,0.12059489914539256,0.40379730963169586,0.008697097688029483
1199_BNG_echoMonths,RF,Sem vazamento,10,9.684182813597516,0.10691786602978376,148.40059290300323,2.935573506883828,12.181480765007729,0.12059489914539256,0.40379730963169586,0.008697097688029483
1199_BNG_echoMonths,RF,Sem vazamento,20,9.44262734613637,0.08751048217122112,143.8516691451233,2.5464692669344795,11.993425076568963,0.10634328102947253,0.4220591988240141,0.008030546533084966
1199_BNG_echoMonths,SVR,Com vazamento,1,9.243251516767186,0.11317682714018669,158.129002549215,3.2082190673069206,12.5743963460303,0.12755743249928483,0.3647127689756248,0.009707872286213212
1199_BNG_echoMonths,SVR,Com vazamento,5,9.243251516767186,0.11317682714018669,158.129002549215,3.2082190673069206,12.5743963460303,0.12755743249928483,0.3647127689756248,0.009707872286213212
1199_BNG_echoMonths,SVR,Com vazamento,10,9.243251516767186,0.11317682714018669,158.129002549215,3.2082190673069206,12.5743963460303,0.12755743249928483,0.3647127689756248,0.009707872286213212
1199_BNG_echoMonths,SVR,Com vazamento,20,9.203180590152453,0.11289356278615281,152.82068059749096,3.3904874151108024,12.361433380287563,0.13701992061022267,0.3860433226085426,0.010582088341638178
1199_BNG_echoMonths,SVR,Sem vazamento,1,9.243251516767186,0.11317682714018669,158.129002549215,3.2082190673069206,12.5743963460303,0.12755743249928483,0.3647127689756248,0.009707872286213212
1199_BNG_echoMonths,SVR,Sem vazamento,5,9.243251516767186,0.11317682714018669,158.129002549215,3.2082190673069206,12.5743963460303,0.12755743249928483,0.3647127689756248,0.009707872286213212
1199_BNG_echoMonths,SVR,Sem vazamento,10,9.243251516767186,0.11317682714018669,158.129002549215,3.2082190673069206,12.5743963460303,0.12755743249928483,0.3647127689756248,0.009707872286213212
1199_BNG_echoMonths,SVR,Sem vazamento,20,9.203180590152453,0.11289356278615281,152.82068059749096,3.390487415110799,12.361433380287563,0.1370199206102218,0.3860433226085425,0.010582088341638159
197_cpu_act,DT,Com vazamento,1,7.206305934475239,0.12973755873686155,105.43925192233989,4.389230421568572,10.266494731416369,0.21448874694915443,0.697015507647345,0.018007109011838867
197_cpu_act,DT,Com vazamento,5,7.206305934475239,0.12973755873686155,105.43925192233989,4.389230421568572,10.266494731416369,0.21448874694915443,0.697015507647345,0.018007109011838867
197_cpu_act,DT,Com vazamento,10,6.849337333062166,0.08835095924464509,98.13760510586853,2.723350046556151,9.905656005750446,0.13675175293359462,0.7180600903446205,0.012400247278169348
197_cpu_act,DT,Com vazamento,20,3.6635990780286076,0.11633595679458704,28.165347547058957,2.7699354152228968,5.3017811618234,0.26030150024955656,0.9190937757553095,0.008371888330649339
197_cpu_act,DT,Sem vazamento,1,7.206305934475239,0.12973755873686155,105.43925192233989,4.389230421568572,10.266494731416369,0.21448874694915443,0.697015507647345,0.018007109011838867
197_cpu_act,DT,Sem vazamento,5,7.206305934475239,0.12973755873686155,105.43925192233989,4.389230421568572,10.266494731416369,0.21448874694915443,0.697015507647345,0.018007109011838867
197_cpu_act,DT,Sem vazamento,10,6.849337333062166,0.08835095924464509,98.13760510586853,2.723350046556151,9.905656005750446,0.13675175293359462,0.7180600903446205,0.012400247278169348
197_cpu_act,DT,Sem vazamento,20,3.6635990780286076,0.11633595679458704,28.165347547058957,2.7699354152228968,5.3017811618234,0.26030150024955656,0.9190937757553095,0.008371888330649339
197_cpu_act,KNN,Com vazamento,1,5.886333129957291,0.08529508292189547,64.55590400650804,2.360708511052819,8.033564944635476,0.14589703286373196,0.8144224375679876,0.011679267463358017
197_cpu_act,KNN,Com vazamento,5,5.886333129957291,0.08529508292189547,64.55590400650804,2.360708511052819,8.033564944635476,0.14589703286373196,0.8144224375679876,0.011679267463358017
197_cpu_act,KNN,Com vazamento,10,5.390461663616026,0.14062434290485923,56.75250355908074,2.9218608865067197,7.531343171229191,0.19403173841467428,0.8366713754107847,0.014970174936782562
197_cpu_act,KNN,Com vazamento,20,2.8955257270693515,0.04439086410815092,15.837335773845842,0.13891941831778665,3.9795829626561385,0.01750030340872449,0.9544428363355957,0.0029977139656463254
197_cpu_act,KNN,Sem vazamento,1,5.886333129957291,0.08529508292189547,64.55590400650804,2.360708511052819,8.033564944635476,0.14589703286373196,0.8144224375679876,0.011679267463358017
197_cpu_act,KNN,Sem vazamento,5,5.886333129957291,0.08529508292189547,64.55590400650804,2.360708511052819,8.033564944635476,0.14589703286373196,0.8144224375679876,0.011679267463358017
197_cpu_act,KNN,Sem vazamento,10,5.390278625177955,0.14126066436589696,56.75364653243849,2.923749587186489,7.531416069841101,0.1941705911131603,0.8366681245648159,0.014972883809422632
197_cpu_act,KNN,Sem vazamento,20,2.895586739882042,0.04431399969880035,15.837592027659142,0.13884968108057594,3.979615190392714,0.01749162272770857,0.9544421429742128,0.0029969393862259047
197_cpu_act,LR,Com vazamento,1,9.94170635726592,0.14210288747666724,187.15344261290787,7.2301331796751365,13.67828448656868,0.2637637975214734,0.46273371308197114,0.015307676372363719
197_cpu_act,LR,Com vazamento,5,9.94170635726592,0.14210288747666724,187.15344261290787,7.2301331796751365,13.67828448656868,0.2637637975214734,0.46273371308197114,0.015307676372363719
197_cpu_act,LR,Com vazamento,10,8.238625028103224,0.1727176600039561,141.9970726621442,10.979667579595695,11.90884091522456,0.4603225625810034,0.5928485803359768,0.020005365250217108
197_cpu_act,LR,Com vazamento,20,6.356754362137447,0.12233294781338774,109.13964436076452,11.539162437562139,10.434705681757064,0.5548639788683708,0.6875340300423547,0.020324740353654842
197_cpu_act,LR,Sem vazamento,1,9.94170635726592,0.14210288747666724,187.15344261290787,7.2301331796751365,13.67828448656868,0.2637637975214734,0.46273371308197114,0.015307676372363719
197_cpu_act,LR,Sem vazamento,5,9.94170635726592,0.14210288747666724,187.15344261290787,7.2301331796751365,13.67828448656868,0.2637637975214734,0.46273371308197114,0.015307676372363719
197_cpu_act,LR,Sem vazamento,10,8.238625028103224,0.17271766000395586,141.9970726621442,10.979667579595672,11.908840915224564,0.46032256258100324,0.5928485803359768,0.020005365250217053
197_cpu_act,LR,Sem vazamento,20,6.356754362137448,0.12233294781338695,109.13964436076452,11.53916243756212,10.434705681757064,0.5548639788683702,0.6875340300423547,0.02032474035365479
197_cpu_act,RF,Com vazamento,1,6.29102000364784,0.12197137364276237,77.48791566676815,3.6272364407861266,8.800712040492984,0.2060579930698354,0.777404640392203,0.012480896809652677
197_cpu_act,RF,Com vazamento,5,6.29102000364784,0.12197137364276237,77.48791566676815,3.6272364407861266,8.800712040492984,0.2060579930698354,0.777404640392203,0.012480896809652677
197_cpu_act,RF,Com vazamento,10,5.564719532317839,0.09460304336497134,61.05030743515561,2.3516348465798664,7.812271048107373,0.14991399958215226,0.8245466958076285,0.010445657166640353
197_cpu_act,RF,Com vazamento,20,2.7035688857472717,0.04419293971503981,14.105285471707434,0.3325029169085245,3.7554830491088462,0.04426112827608519,0.9594555438734371,0.002188836341227518
197_cpu_act,RF,Sem vazamento,1,6.29102000364784,0.12197137364276237,77.48791566676815,3.6272364407861266,8.800712040492984,0.2060579930698354,0.777404640392203,0.012480896809652677
197_cpu_act,RF,Sem vazamento,5,6.29102000364784,0.12197137364276237,77.48791566676815,3.6272364407861266,8.800712040492984,0.2060579930698354,0.777404640392203,0.012480896809652677
197_cpu_act,RF,Sem vazamento,10,5.564719532317839,0.09460304336497134,61.05030743515561,2.3516348465798664,7.812271048107373,0.14991399958215226,0.8245466958076285,0.010445657166640353
197_cpu_act,RF,Sem vazamento,20,2.7035688857472717,0.04419293971503981,14.105285471707434,0.3325029169085245,3.7554830491088462,0.04426112827608519,0.9594555438734371,0.002188836341227518
197_cpu_act,SVR,Com vazamento,1,8.620538370516444,0.21248987424851043,244.94262792833567,15.014367970646525,15.644508001554195,0.47999664704129064,0.2976972808301785,0.008329629469900974
197_cpu_act,SVR,Com vazamento,5,8.620538370516444,0.21248987424851043,244.94262792833567,15.014367970646525,15.644508001554195,0.47999664704129064,0.2976972808301785,0.008329629469900974
197_cpu_act,SVR,Com vazamento,10,7.588578806535852,0.32159112199259027,211.05018240551843,48.403122294637065,14.453324571444393,1.6068321273861375,0.39610878057475013,0.12314957808231518
197_cpu_act,SVR,Com vazamento,20,4.832320722800646,0.2955094491464806,203.68631522135604,58.506037393463,14.156159793137391,1.986792933100898,0.41813954608204296,0.15186607990589648
197_cpu_act,SVR,Sem vazamento,1,8.620538370516444,0.21248987424851043,244.94262792833567,15.014367970646525,15.644508001554195,0.47999664704129064,0.2976972808301785,0.008329629469900974
197_cpu_act,SVR,Sem vazamento,5,8.620538370516444,0.21248987424851043,244.94262792833567,15.014367970646525,15.644508001554195,0.47999664704129064,0.2976972808301785,0.008329629469900974
197_cpu_act,SVR,Sem vazamento,10,7.588578806535851,0.3215911219925909,211.05018240551843,48.403122294637086,14.453324571444393,1.6068321273861388,0.39610878057475013,0.1231495780823152
197_cpu_act,SVR,Sem vazamento,20,4.832320722800646,0.29550944914648075,203.68631522135607,58.50603739346304,14.156159793137393,1.986792933100899,0.4181395460820428,0.1518660799058967
201_pol,DT,Com vazamento,1,30.849420924760306,0.3069120446690552,1415.082252130752,24.855528758337872,37.61636841889305,0.33059783095030215,0.19812641415350843,0.004120553406867525
201_pol,DT,Com vazamento,5,27.87823884892798,0.30889100130032804,1391.0386260397509,23.66967433328893,37.29550522956481,0.3173308265918946,0.21169302343696803,0.010655883144267185
201_pol,DT,Com vazamento,10,27.679649357070076,0.30314618406020905,1431.3441836789004,22.502136967628,37.8321372685243,0.2971330498645719,0.18874575170523059,0.01736636966032894
201_pol,DT,Com vazamento,20,5.412970537164946,0.25394255358710816,231.516044198053,15.158511387876581,15.208783984486283,0.5007201748919726,0.8687423324048477,0.00948402819337279
201_pol,DT,Sem vazamento,1,30.849420924760306,0.3069120446690552,1415.082252130752,24.855528758337872,37.61636841889305,0.33059783095030215,0.19812641415350843,0.004120553406867525
201_pol,DT,Sem vazamento,5,27.87823884892798,0.30889100130032804,1391.0386260397509,23.66967433328893,37.29550522956481,0.3173308265918946,0.21169302343696803,0.010655883144267185
201_pol,DT,Sem vazamento,10,27.679649357070076,0.30314618406020905,1431.3441836789004,22.502136967628,37.8321372685243,0.2971330498645719,0.18874575170523059,0.01736636966032894
201_pol,DT,Sem vazamento,20,5.412970537164946,0.25394255358710816,231.516044198053,15.158511387876581,15.208783984486283,0.5007201748919726,0.8687423324048477,0.00948402819337279
201_pol,KNN,Com vazamento,1,30.823999999999998,0.8890391317471777,1652.7093333333332,207.1969397955053,40.59105290103376,2.467976754869192,0.06344168627453449,0.11695344156486918
201_pol,KNN,Com vazamento,5,27.61477777777778,0.4068107759234099,1479.7166666666665,194.60373371912004,38.40178273299306,2.4543226180750524,0.16190375208445307,0.10515215909023776
201_pol,KNN,Com vazamento,10,27.447,0.5299810898093955,1505.5548888888889,145.49559259344778,38.76583856253854,1.821422333921127,0.14671293688389106,0.08307346841488539
201_pol,KNN,Com vazamento,20,5.376555555555555,0.23080589889117434,171.48822222222222,11.53413353421855,13.089120611795813,0.44246197407358306,0.9027272008063586,0.007894153720624892
201_pol,KNN,Sem vazamento,1,30.823999999999998,0.8890391317471777,1652.7093333333332,207.1969397955053,40.59105290103376,2.467976754869192,0.06344168627453449,0.11695344156486918
201_pol,KNN,Sem vazamento,5,27.66111111111111,0.42791643351719294,1482.5133333333333,193.8237768255828,38.438710097198005,2.4443157071626485,0.16031849805046147,0.10468333661839771
201_pol,KNN,Sem vazamento,10,27.444,0.526230705637323,1504.8106666666665,146.01900443009316,38.75597024589888,1.8282571916448185,0.1471546212753867,0.08313811614954396
201_pol,KNN,Sem vazamento,20,5.382555555555555,0.21738707583649183,171.67088888888887,10.750038029217835,13.096913090121525,0.4124411211685998,0.9026265754141972,0.0074829180878953705
201_pol,LR,Com vazamento,1,33.45050606815848,0.2931892599872353,1482.0906117086545,24.22829956125753,38.49685478850028,0.3151820460206531,0.16014104832704348,0.004322532026683292
201_pol,LR,Com vazamento,5,32.17581062145009,0.14789640778332686,1397.3457041550203,16.059531376728394,37.38057392656101,0.21465435265236069,0.20810992297983721,0.0057428607359544795
201_pol,LR,Com vazamento,10,32.11916332177828,0.16050473049717415,1394.794728998079,16.185837252220335,37.34642713015867,0.21663686619042885,0.20955517321799486,0.005941846133390913
201_pol,LR,Com vazamento,20,27.678504835382526,0.1501857374874584,1011.0327663109807,6.568094230419807,31.796601469551707,0.10335161817482694,0.4269839215673565,0.007804263612595875
201_pol,LR,Sem vazamento,1,33.45050606815848,0.2931892599872353,1482.0906117086545,24.22829956125753,38.49685478850028,0.3151820460206531,0.16014104832704348,0.004322532026683292
201_pol,LR,Sem vazamento,5,32.17581062145009,0.14789640778332686,1397.3457041550203,16.059531376728394,37.38057392656101,0.21465435265236069,0.20810992297983721,0.0057428607359544795
201_pol,LR,Sem vazamento,10,32.119163321778274,0.16050473049717498,1394.794728998079,16.185837252220455,37.34642713015867,0.21663686619042885,0.20955517321799486,0.00594184613339092
201_pol,LR,Sem vazamento,20,27.678504835382526,0.15018573748745953,1011.0327663109806,6.568094230419625,31.796601469551707,0.10335161817482678,0.42698392156735654,0.007804263612595897
201_pol,RF,Com vazamento,1,30.849314442509964,0.3058452650579167,1415.2601990007306,24.92142042132147,37.61872758640831,0.33142199142386686,0.19802645183022693,0.004031346937071763
201_pol,RF,Com vazamento,5,27.569139758568458,0.29678783341548864,1323.6793680302019,25.40613311872169,36.381006352263846,0.34941922111963025,0.24985943549377823,0.012609970651017691
201_pol,RF,Com vazamento,10,27.351081534945422,0.2737550184205175,1327.5268822574326,20.776798422382686,36.43430311228249,0.2865776957579936,0.2475929500593617,0.015691225982847345
201_pol,RF,Com vazamento,20,4.894037986518815,0.17581218328696888,150.3285250065529,9.3749411338512,12.255788002112967,0.3860343826398257,0.9147292035013698,0.006563888425078629
201_pol,RF,Sem vazamento,1,30.849314442509964,0.3058452650579167,1415.2601990007306,24.92142042132147,37.61872758640831,0.33142199142386686,0.19802645183022693,0.004031346937071763
201_pol,RF,Sem vazamento,5,27.569139758568458,0.29678783341548864,1323.6793680302019,25.40613311872169,36.381006352263846,0.34941922111963025,0.24985943549377823,0.012609970651017691
201_pol,RF,Sem vazamento,10,27.351081534945422,0.2737550184205175,1327.5268822574326,20.776798422382686,36.43430311228249,0.2865776957579936,0.2475929500593617,0.015691225982847345
201_pol,RF,Sem vazamento,20,4.894037986518815,0.17581218328696888,150.3285250065529,9.3749411338512,12.255788002112967,0.3860343826398257,0.9147292035013698,0.006563888425078629
201_pol,SVR,Com vazamento,1,30.56865039609106,0.6785728364671909,2412.5389285087035,66.67665623510783,49.113701833516096,0.6781333649198856,-0.3668926578755865,0.015289960932220072
201_pol,SVR,Com vazamento,5,29.937677563226416,0.6314985172232737,2191.7543258118326,68.83730752019657,46.811370512184105,0.7347788098633811,-0.2417343419986532,0.018396259629372146
201_pol,SVR,Com vazamento,10,29.93999269200046,0.6285325933394663,2167.4564103781904,71.93793708394657,46.55062296002331,0.7714239394323344,-0.22794006376575762,0.020429147362625345
201_pol,SVR,Com vazamento,20,27.46561476080596,0.2504273609510059,1092.6433555938593,29.547201278916656,33.05263622125489,0.4471166549101191,0.3809248936412532,0.006832939608539521
201_pol,SVR,Sem vazamento,1,30.56865039609106,0.6785728364671909,2412.5389285087035,66.67665623510783,49.113701833516096,0.6781333649198856,-0.3668926578755865,0.015289960932220072
201_pol,SVR,Sem vazamento,5,29.937677563226416,0.6314985172232737,2191.7543258118317,68.8373075201955,46.81137051218409,0.7347788098633712,-0.24173434199865276,0.018396259629371556
201_pol,SVR,Sem vazamento,10,29.939992692000455,0.6285325933394682,2167.4564103781913,71.9379370839465,46.550622960023325,0.7714239394323282,-0.22794006376575804,0.020429147362625223
201_pol,SVR,Sem vazamento,20,27.465614760805963,0.2504273609510019,1092.6433555938618,29.54720127892103,33.052636221254936,0.4471166549101845,0.38092489364125176,0.006832939608540783
218_house_8L,DT,Com vazamento,1,33544.79746079012,477.12970356852964,3449318769.207107,128586682.18489575,58722.303176165435,1100.8427100827964,-0.2507781438399141,0.1118500339308295
218_house_8L,DT,Com vazamento,5,33544.79746079012,477.12970356852964,3449318769.207107,128586682.18489575,58722.303176165435,1100.8427100827964,-0.2507781438399141,0.1118500339308295
218_house_8L,DT,Com vazamento,10,33544.79746079012,477.12970356852964,3449318769.207107,128586682.18489575,58722.303176165435,1100.8427100827964,-0.2507781438399141,0.1118500339308295
218_house_8L,DT,Com vazamento,20,30019.777653426965,270.8746044158172,2974281955.750095,71757162.93618764,54533.62723292791,662.2294800061852,-0.07792183941965873,0.08159116438915592
218_house_8L,DT,Sem vazamento,1,33544.79746079012,477.12970356852964,3449318769.207107,128586682.18489575,58722.303176165435,1100.8427100827964,-0.2507781438399141,0.1118500339308295
218_house_8L,DT,Sem vazamento,5,33544.79746079012,477.12970356852964,3449318769.207107,128586682.18489575,58722.303176165435,1100.8427100827964,-0.2507781438399141,0.1118500339308295
218_house_8L,DT,Sem vazamento,10,33544.79746079012,477.12970356852964,3449318769.207107,128586682.18489575,58722.303176165435,1100.8427100827964,-0.2507781438399141,0.1118500339308295
218_house_8L,DT,Sem vazamento,20,30019.777653426965,270.8746044158172,2974281955.750095,71757162.93618764,54533.62723292791,662.2294800061852,-0.07792183941965873,0.08159116438915592
218_house_8L,KNN,Com vazamento,1,28172.477638797453,422.20048048087625,2180381205.931344,96530943.12856081,46685.22647599669,1022.2532853895832,0.2117016984197755,0.028657156416973917
218_house_8L,KNN,Com vazamento,5,28172.477638797453,422.20048048087625,2180381205.931344,96530943.12856081,46685.22647599669,1022.2532853895832,0.2117016984197755,0.028657156416973917
218_house_8L,KNN,Com vazamento,10,28172.477638797453,422.20048048087625,2180381205.931344,96530943.12856081,46685.22647599669,1022.2532853895832,0.2117016984197755,0.028657156416973917
218_house_8L,KNN,Com vazamento,20,23934.395457537856,372.0805741628476,1757220364.6569834,91761038.25553581,41907.35057801145,1092.3363155879206,0.3647128414943053,0.028094451337048125
218_house_8L,KNN,Sem vazamento,1,28172.477638797453,422.20048048087625,2180381205.931344,96530943.12856081,46685.22647599669,1022.2532853895832,0.2117016984197755,0.028657156416973917
218_house_8L,KNN,Sem vazamento,5,28172.477638797453,422.20048048087625,2180381205.931344,96530943.12856081,46685.22647599669,1022.2532853895832,0.2117016984197755,0.028657156416973917
218_house_8L,KNN,Sem vazamento,10,28172.477638797453,422.20048048087625,2180381205.931344,96530943.12856081,46685.22647599669,1022.2532853895832,0.2117016984197755,0.028657156416973917
218_house_8L,KNN,Sem vazamento,20,23934.395457537856,372.0805741628476,1757220364.6569834,91761038.25553581,41907.35057801145,1092.3363155879206,0.3647128414943053,0.028094451337048125
218_house_8L,LR,Com vazamento,1,28998.74055328344,403.9968714190787,2226771874.807291,162670574.22261882,47163.03739234918,1704.0347655483401,0.19635064336101496,0.015116984557001221
218_house_8L,LR,Com vazamento,5,28998.74055328344,403.9968714190787,2226771874.807291,162670574.22261882,47163.03739234918,1704.0347655483401,0.19635064336101496,0.015116984557001221
218_house_8L,LR,Com vazamento,10,28998.74055328344,403.9968714190787,2226771874.807291,162670574.22261882,47163.03739234918,1704.0347655483401,0.19635064336101496,0.015116984557001221
218_house_8L,LR,Com vazamento,20,26589.248553869013,456.7546232754126,1977240121.083128,155760045.3731614,44437.65474104156,1744.1200185016758,0.28663728287550166,0.01662169051726374
218_house_8L,LR,Sem vazamento,1,28998.74055328344,403.9968714190787,2226771874.807291,162670574.22261882,47163.03739234918,1704.0347655483401,0.19635064336101496,0.015116984557001221
218_house_8L,LR,Sem vazamento,5,28998.74055328344,403.9968714190787,2226771874.807291,162670574.22261882,47163.03739234918,1704.0347655483401,0.19635064336101496,0.015116984557001221
218_house_8L,LR,Sem vazamento,10,28998.74055328344,403.9968714190787,2226771874.807291,162670574.22261882,47163.03739234918,1704.0347655483401,0.19635064336101496,0.015116984557001221
218_house_8L,LR,Sem vazamento,20,26589.24855386901,456.7546232754122,1977240121.083128,155760045.3731614,44437.65474104156,1744.1200185016758,0.28663728287550166,0.01662169051726374
218_house_8L,RF,Com vazamento,1,29928.48735991288,383.9439014986781,2592909565.139499,75665645.79186858,50916.099746610824,743.2510203235267,0.061245061644102095,0.05669908362788828
218_house_8L,RF,Com vazamento,5,29928.48735991288,383.9439014986781,2592909565.139499,75665645.79186858,50916.099746610824,743.2510203235267,0.061245061644102095,0.05669908362788828
218_house_8L,RF,Com vazamento,10,29928.48735991288,383.9439014986781,2592909565.139499,75665645.79186858,50916.099746610824,743.2510203235267,0.061245061644102095,0.05669908362788828
218_house_8L,RF,Com vazamento,20,23651.037202594594,210.8232565795328,1755543759.350259,57803821.657542855,41894.47825835198,689.7397863536444,0.364783158339852,0.030956616299183205
218_house_8L,RF,Sem vazamento,1,29928.48735991288,383.9439014986781,2592909565.139499,75665645.79186858,50916.099746610824,743.2510203235267,0.061245061644102095,0.05669908362788828
218_house_8L,RF,Sem vazamento,5,29928.48735991288,383.9439014986781,2592909565.139499,75665645.79186858,50916.099746610824,743.2510203235267,0.061245061644102095,0.05669908362788828
218_house_8L,RF,Sem vazamento,10,29928.48735991288,383.9439014986781,2592909565.139499,75665645.79186858,50916.099746610824,743.2510203235267,0.061245061644102095,0.05669908362788828
218_house_8L,RF,Sem vazamento,20,23651.037202594594,210.8232565795328,1755543759.350259,57803821.657542855,41894.47825835198,689.7397863536444,0.364783158339852,0.030956616299183205
218_house_8L,SVR,Com vazamento,1,25778.696973969214,586.6270490871624,2473536362.084002,196375041.66821232,49702.85978936671,1947.9499508629196,0.10771999227613151,0.009325173852672331
218_house_8L,SVR,Com vazamento,5,25778.696973969214,586.6270490871624,2473536362.084002,196375041.66821232,49702.85978936671,1947.9499508629196,0.10771999227613151,0.009325173852672331
218_house_8L,SVR,Com vazamento,10,25778.696973969214,586.6270490871624,2473536362.084002,196375041.66821232,49702.85978936671,1947.9499508629196,0.10771999227613151,0.009325173852672331
218_house_8L,SVR,Com vazamento,20,23405.458990046656,499.5944808537233,2198146758.9394245,192204026.72805598,46847.72371456257,2031.0219211331,0.20746998525374694,0.012626169100062852
218_house_8L,SVR,Sem vazamento,1,25778.696973969214,586.6270490871624,2473536362.084002,196375041.66821232,49702.85978936671,1947.9499508629196,0.10771999227613151,0.009325173852672331
218_house_8L,SVR,Sem vazamento,5,25778.696973969214,586.6270490871624,2473536362.084002,196375041.66821232,49702.85978936671,1947.9499508629196,0.10771999227613151,0.009325173852672331
218_house_8L,SVR,Sem vazamento,10,25778.696973969214,586.6270490871624,2473536362.084002,196375041.66821232,49702.85978936671,1947.9499508629196,0.10771999227613151,0.009325173852672331
218_house_8L,SVR,Sem vazamento,20,23405.458990046656,499.594480853722,2198146758.9394245,192204026.72805598,46847.72371456257,2031.0219211331,0.20746998525374694,0.012626169100062852
225_puma8NH,DT,Com vazamento,1,5.202057971694941,0.09922168299541761,42.453894046064676,1.5677125028861234,6.514747639869942,0.11978598352245655,-0.35461181750425186,0.049309876381435885
225_puma8NH,DT,Com vazamento,5,5.202057971694941,0.09922168299541761,42.453894046064676,1.5677125028861234,6.514747639869942,0.11978598352245655,-0.35461181750425186,0.049309876381435885
225_puma8NH,DT,Com vazamento,10,5.202057971694941,0.09922168299541761,42.453894046064676,1.5677125028861234,6.514747639869942,0.11978598352245655,-0.35461181750425186,0.049309876381435885
225_puma8NH,DT,Com vazamento,20,3.374671818939573,0.03931425131770723,19.86895594108223,0.5621974456352159,4.457090967743021,0.06289082297897665,0.36589485077654943,0.02226720665420163
225_puma8NH,DT,Sem vazamento,1,5.202057971694941,0.09922168299541761,42.453894046064676,1.5677125028861234,6.514747639869942,0.11978598352245655,-0.35461181750425186,0.049309876381435885
225_puma8NH,DT,Sem vazamento,5,5.202057971694941,0.09922168299541761,42.453894046064676,1.5677125028861234,6.514747639869942,0.11978598352245655,-0.35461181750425186,0.049309876381435885
225_puma8NH,DT,Sem vazamento,10,5.202057971694941,0.09922168299541761,42.453894046064676,1.5677125028861234,6.514747639869942,0.11978598352245655,-0.35461181750425186,0.049309876381435885
225_puma8NH,DT,Sem vazamento,20,3.374671818939573,0.03931425131770723,19.86895594108223,0.5621974456352159,4.457090967743021,0.06289082297897665,0.36589485077654943,0.02226720665420163
225_puma8NH,KNN,Com vazamento,1,4.128156158634467,0.06809572724022384,25.265875901101115,0.9187306976147717,5.025826759776643,0.09126630362273379,0.1938649197548985,0.027582343269437846
225_puma8NH,KNN,Com vazamento,5,4.128156158634467,0.06809572724022384,25.265875901101115,0.9187306976147717,5.025826759776643,0.09126630362273379,0.1938649197548985,0.027582343269437846
225_puma8NH,KNN,Com vazamento,10,4.128156158634467,0.06809572724022384,25.265875901101115,0.9187306976147717,5.025826759776643,0.09126630362273379,0.1938649197548985,0.027582343269437846
225_puma8NH,KNN,Com vazamento,20,2.595636892267193,0.05061146783556894,11.645644734440104,0.450053436665256,3.4120503667583137,0.06533326085137406,0.6283865862328755,0.014794172107480826
225_puma8NH,KNN,Sem vazamento,1,4.128156158634467,0.06809572724022384,25.265875901101115,0.9187306976147717,5.025826759776643,0.09126630362273379,0.1938649197548985,0.027582343269437846
225_puma8NH,KNN,Sem vazamento,5,4.128156158634467,0.06809572724022384,25.265875901101115,0.9187306976147717,5.025826759776643,0.09126630362273379,0.1938649197548985,0.027582343269437846
225_puma8NH,KNN,Sem vazamento,10,4.128156158634467,0.06809572724022384,25.265875901101115,0.9187306976147717,5.025826759776643,0.09126630362273379,0.1938649197548985,0.027582343269437846
225_puma8NH,KNN,Sem vazamento,20,2.595636892267193,0.05061146783556894,11.645644734440104,0.450053436665256,3.4120503667583137,0.06533326085137406,0.6283865862328755,0.014794172107480826
225_puma8NH,LR,Com vazamento,1,4.021793434156128,0.06359374625996901,22.829646824410208,0.6369134138220338,4.7776507902474625,0.0666310815582273,0.27171673342381925,0.010849417144344517
225_puma8NH,LR,Com vazamento,5,4.021793434156128,0.06359374625996901,22.829646824410208,0.6369134138220338,4.7776507902474625,0.0666310815582273,0.27171673342381925,0.010849417144344517
225_puma8NH,LR,Com vazamento,10,4.021793434156128,0.06359374625996901,22.829646824410208,0.6369134138220338,4.7776507902474625,0.0666310815582273,0.27171673342381925,0.010849417144344517
225_puma8NH,LR,Com vazamento,20,3.599518010416585,0.08393850870235892,19.47714404128861,0.7566760951693878,4.4125849827218255,0.08651805508518579,0.3786294391099654,0.020843742982523075
225_puma8NH,LR,Sem vazamento,1,4.021793434156128,0.06359374625996901,22.829646824410208,0.6369134138220338,4.7776507902474625,0.0666310815582273,0.27171673342381925,0.010849417144344517
225_puma8NH,LR,Sem vazamento,5,4.021793434156128,0.06359374625996901,22.829646824410208,0.6369134138220338,4.7776507902474625,0.0666310815582273,0.27171673342381925,0.010849417144344517
225_puma8NH,LR,Sem vazamento,10,4.021793434156128,0.06359374625996901,22.829646824410208,0.6369134138220338,4.7776507902474625,0.0666310815582273,0.27171673342381925,0.010849417144344517
225_puma8NH,LR,Sem vazamento,20,3.599518010416585,0.08393850870235892,19.47714404128861,0.7566760951693878,4.4125849827218255,0.08651805508518579,0.3786294391099654,0.020843742982523075
225_puma8NH,RF,Com vazamento,1,4.486893066337023,0.08614622259496231,30.912135321541413,1.4046425381036125,5.5586900251134885,0.12538194245689396,0.013714623573651802,0.04280050386267984
225_puma8NH,RF,Com vazamento,5,4.486893066337023,0.08614622259496231,30.912135321541413,1.4046425381036125,5.5586900251134885,0.12538194245689396,0.013714623573651802,0.04280050386267984
225_puma8NH,RF,Com vazamento,10,4.486893066337023,0.08614622259496231,30.912135321541413,1.4046425381036125,5.5586900251134885,0.12538194245689396,0.013714623573651802,0.04280050386267984
225_puma8NH,RF,Com vazamento,20,2.599523908660516,0.06081595146933399,11.568022605683018,0.5610377014615278,3.4003627060476176,0.08165346045485251,0.6309532127516326,0.015937040995661435
225_puma8NH,RF,Sem vazamento,1,4.486893066337023,0.08614622259496231,30.912135321541413,1.4046425381036125,5.5586900251134885,0.12538194245689396,0.013714623573651802,0.04280050386267984
225_puma8NH,RF,Sem vazamento,5,4.486893066337023,0.08614622259496231,30.912135321541413,1.4046425381036125,5.5586900251134885,0.12538194245689396,0.013714623573651802,0.04280050386267984
225_puma8NH,RF,Sem vazamento,10,4.486893066337023,0.08614622259496231,30.912135321541413,1.4046425381036125,5.5586900251134885,0.12538194245689396,0.013714623573651802,0.04280050386267984
225_puma8NH,RF,Sem vazamento,20,2.599523908660516,0.06081595146933399,11.568022605683018,0.5610377014615278,3.4003627060476176,0.08165346045485251,0.6309532127516326,0.015937040995661435
225_puma8NH,SVR,Com vazamento,1,3.9818694674715265,0.06967824640840027,23.335621829010268,0.7498132532816196,4.830176688503633,0.0775756676775928,0.2555669479642691,0.016683335637918073
225_puma8NH,SVR,Com vazamento,5,3.9818694674715265,0.06967824640840027,23.335621829010268,0.7498132532816196,4.830176688503633,0.0775756676775928,0.2555669479642691,0.016683335637918073
225_puma8NH,SVR,Com vazamento,10,3.9818694674715265,0.06967824640840027,23.335621829010268,0.7498132532816196,4.830176688503633,0.0775756676775928,0.2555669479642691,0.016683335637918073
225_puma8NH,SVR,Com vazamento,20,3.539918413486513,0.09582217163208621,20.145172477082685,0.95969669875635,4.487256635392221,0.10789086269654227,0.35722415615577646,0.030654524365053552
225_puma8NH,SVR,Sem vazamento,1,3.9818694674715265,0.06967824640840027,23.335621829010268,0.7498132532816196,4.830176688503633,0.0775756676775928,0.2555669479642691,0.016683335637918073
225_puma8NH,SVR,Sem vazamento,5,3.9818694674715265,0.06967824640840027,23.335621829010268,0.7498132532816196,4.830176688503633,0.0775756676775928,0.2555669479642691,0.016683335637918073
225_puma8NH,SVR,Sem vazamento,10,3.9818694674715265,0.06967824640840027,23.335621829010268,0.7498132532816196,4.830176688503633,0.0775756676775928,0.2555669479642691,0.016683335637918073
225_puma8NH,SVR,Sem vazamento,20,3.539918413486513,0.09582217163208599,20.145172477082685,0.9596966987563506,4.487256635392221,0.10789086269654237,0.3572241561557763,0.030654524365053563
227_cpu_small,DT,Com vazamento,1,7.206305934475239,0.12973755873686155,105.43925192233989,4.389230421568572,10.266494731416369,0.21448874694915443,0.697015507647345,0.018007109011838867
227_cpu_small,DT,Com vazamento,5,7.206305934475239,0.12973755873686155,105.43925192233989,4.389230421568572,10.266494731416369,0.21448874694915443,0.697015507647345,0.018007109011838867
227_cpu_small,DT,Com vazamento,10,6.849337333062166,0.08835095924464509,98.13760510586853,2.723350046556151,9.905656005750446,0.13675175293359462,0.7180600903446205,0.012400247278169348
227_cpu_small,DT,Com vazamento,20,3.9437377126974447,0.09725457747417082,32.47266849140171,1.546249346106564,5.697143032222517,0.13518769973693281,0.9067442694763868,0.004742146631549274
227_cpu_small,DT,Sem vazamento,1,7.206305934475239,0.12973755873686155,105.43925192233989,4.389230421568572,10.266494731416369,0.21448874694915443,0.697015507647345,0.018007109011838867
227_cpu_small,DT,Sem vazamento,5,7.206305934475239,0.12973755873686155,105.43925192233989,4.389230421568572,10.266494731416369,0.21448874694915443,0.697015507647345,0.018007109011838867
227_cpu_small,DT,Sem vazamento,10,6.849337333062166,0.08835095924464509,98.13760510586853,2.723350046556151,9.905656005750446,0.13675175293359462,0.7180600903446205,0.012400247278169348
227_cpu_small,DT,Sem vazamento,20,3.9437377126974447,0.09725457747417082,32.47266849140171,1.546249346106564,5.697143032222517,0.13518769973693281,0.9067442694763868,0.004742146631549274
227_cpu_small,KNN,Com vazamento,1,5.886333129957291,0.08529508292189547,64.55590400650804,2.360708511052819,8.033564944635476,0.14589703286373196,0.8144224375679876,0.011679267463358017
227_cpu_small,KNN,Com vazamento,5,5.886333129957291,0.08529508292189547,64.55590400650804,2.360708511052819,8.033564944635476,0.14589703286373196,0.8144224375679876,0.011679267463358017
227_cpu_small,KNN,Com vazamento,10,5.390461663616026,0.14062434290485923,56.75250355908074,2.9218608865067197,7.531343171229191,0.19403173841467428,0.8366713754107847,0.014970174936782562
227_cpu_small,KNN,Com vazamento,20,3.1451901565995524,0.07126762112828253,18.98270896888347,0.8826043469221417,4.355927317366804,0.10162386354258636,0.9453865315037918,0.004592246440350651
227_cpu_small,KNN,Sem vazamento,1,5.886333129957291,0.08529508292189547,64.55590400650804,2.360708511052819,8.033564944635476,0.14589703286373196,0.8144224375679876,0.011679267463358017
227_cpu_small,KNN,Sem vazamento,5,5.886333129957291,0.08529508292189547,64.55590400650804,2.360708511052819,8.033564944635476,0.14589703286373196,0.8144224375679876,0.011679267463358017
227_cpu_small,KNN,Sem vazamento,10,5.390278625177955,0.14126066436589696,56.75364653243849,2.923749587186489,7.531416069841101,0.1941705911131603,0.8366681245648159,0.014972883809422632
227_cpu_small,KNN,Sem vazamento,20,3.1451494813910923,0.071239339736353,18.982611348383163,0.8825491249978255,4.355916235200912,0.10161751992415115,0.9453868145117373,0.004592126284806869
227_cpu_small,LR,Com vazamento,1,9.94170635726592,0.14210288747666724,187.15344261290787,7.2301331796751365,13.67828448656868,0.2637637975214734,0.46273371308197114,0.015307676372363719
227_cpu_small,LR,Com vazamento,5,9.94170635726592,0.14210288747666724,187.15344261290787,7.2301331796751365,13.67828448656868,0.2637637975214734,0.46273371308197114,0.015307676372363719
227_cpu_small,LR,Com vazamento,10,8.238625028103224,0.1727176600039561,141.9970726621442,10.979667579595695,11.90884091522456,0.4603225625810034,0.5928485803359768,0.020005365250217108
227_cpu_small,LR,Com vazamento,20,6.40272942220034,0.12382093323568873,109.6127247023291,11.508303194391855,10.45734814549108,0.5548994139373475,0.686209964787555,0.019739539563851983
227_cpu_small,LR,Sem vazamento,1,9.94170635726592,0.14210288747666724,187.15344261290787,7.2301331796751365,13.67828448656868,0.2637637975214734,0.46273371308197114,0.015307676372363719
227_cpu_small,LR,Sem vazamento,5,9.94170635726592,0.14210288747666724,187.15344261290787,7.2301331796751365,13.67828448656868,0.2637637975214734,0.46273371308197114,0.015307676372363719
227_cpu_small,LR,Sem vazamento,10,8.238625028103224,0.17271766000395586,141.9970726621442,10.979667579595672,11.908840915224564,0.46032256258100324,0.5928485803359768,0.020005365250217053
227_cpu_small,LR,Sem vazamento,20,6.402729422200341,0.12382093323568936,109.61272470232909,11.508303194391845,10.45734814549108,0.5548994139373475,0.686209964787555,0.01973953956385195
227_cpu_small,RF,Com vazamento,1,6.29102000364784,0.12197137364276237,77.48791566676815,3.6272364407861266,8.800712040492984,0.2060579930698354,0.777404640392203,0.012480896809652677
227_cpu_small,RF,Com vazamento,5,6.29102000364784,0.12197137364276237,77.48791566676815,3.6272364407861266,8.800712040492984,0.2060579930698354,0.777404640392203,0.012480896809652677
227_cpu_small,RF,Com vazamento,10,5.564719532317839,0.09460304336497134,61.05030743515561,2.3516348465798664,7.812271048107373,0.14991399958215226,0.8245466958076285,0.010445657166640353
227_cpu_small,RF,Com vazamento,20,3.083493832820175,0.08745289820520927,18.729536819319947,0.8689358217371236,4.326790741232034,0.10051090035628289,0.9461347127704385,0.0042461226976994
227_cpu_small,RF,Sem vazamento,1,6.29102000364784,0.12197137364276237,77.48791566676815,3.6272364407861266,8.800712040492984,0.2060579930698354,0.777404640392203,0.012480896809652677
227_cpu_small,RF,Sem vazamento,5,6.29102000364784,0.12197137364276237,77.48791566676815,3.6272364407861266,8.800712040492984,0.2060579930698354,0.777404640392203,0.012480896809652677
227_cpu_small,RF,Sem vazamento,10,5.564719532317839,0.09460304336497134,61.05030743515561,2.3516348465798664,7.812271048107373,0.14991399958215226,0.8245466958076285,0.010445657166640353
227_cpu_small,RF,Sem vazamento,20,3.083493832820175,0.08745289820520927,18.729536819319947,0.8689358217371236,4.326790741232034,0.10051090035628289,0.9461347127704385,0.0042461226976994
227_cpu_small,SVR,Com vazamento,1,8.620538370516444,0.21248987424851043,244.94262792833567,15.014367970646525,15.644508001554195,0.47999664704129064,0.2976972808301785,0.008329629469900974
227_cpu_small,SVR,Com vazamento,5,8.620538370516444,0.21248987424851043,244.94262792833567,15.014367970646525,15.644508001554195,0.47999664704129064,0.2976972808301785,0.008329629469900974
227_cpu_small,SVR,Com vazamento,10,7.588578806535852,0.32159112199259027,211.05018240551843,48.403122294637065,14.453324571444393,1.6068321273861375,0.39610878057475013,0.12314957808231518
227_cpu_small,SVR,Com vazamento,20,5.18468710515318,0.3026421209243887,192.48749795229324,54.751684670436205,13.764764048974905,1.9032925035341777,0.4500658297406384,0.14146683717542657
227_cpu_small,SVR,Sem vazamento,1,8.620538370516444,0.21248987424851043,244.94262792833567,15.014367970646525,15.644508001554195,0.47999664704129064,0.2976972808301785,0.008329629469900974
227_cpu_small,SVR,Sem vazamento,5,8.620538370516444,0.21248987424851043,244.94262792833567,15.014367970646525,15.644508001554195,0.47999664704129064,0.2976972808301785,0.008329629469900974
227_cpu_small,SVR,Sem vazamento,10,7.588578806535851,0.3215911219925909,211.05018240551843,48.403122294637086,14.453324571444393,1.6068321273861388,0.39610878057475013,0.1231495780823152
227_cpu_small,SVR,Sem vazamento,20,5.18468710515318,0.30264212092438914,192.4874979522933,54.75168467043618,13.764764048974909,1.9032925035341774,0.45006582974063836,0.14146683717542644
294_satellite_image,DT,Com vazamento,1,1.1556803933289543,0.021327343173476575,2.2610388939509978,0.06500847941933342,1.503544202689066,0.021736361547385057,0.5325650754776048,0.010140476158377786
294_satellite_image,DT,Com vazamento,5,1.1911274715503688,0.027492558029919564,2.573199583268627,0.12813712053186097,1.6037089426032916,0.03975742470823964,0.4678128565700986,0.029720804139646683
294_satellite_image,DT,Com vazamento,10,1.3403164661031794,0.03566461042778504,4.034343363127985,0.14877890548660247,2.0082828397138583,0.03704157942895277,0.1655434116895346,0.0388344427116336
294_satellite_image,DT,Com vazamento,20,1.3484200984200985,0.01555829668041936,4.336689545022879,0.0713444105899699,2.0824135971299103,0.01708176260274018,0.10339596049974294,0.007148371057316806
294_satellite_image,DT,Sem vazamento,1,1.1556803933289543,0.021327343173476575,2.2610388939509978,0.06500847941933342,1.503544202689066,0.021736361547385057,0.5325650754776048,0.010140476158377786
294_satellite_image,DT,Sem vazamento,5,1.1911274715503688,0.027492558029919564,2.573199583268627,0.12813712053186097,1.6037089426032916,0.03975742470823964,0.4678128565700986,0.029720804139646683
294_satellite_image,DT,Sem vazamento,10,1.3669737896136498,0.047698354583130494,4.17896227768103,0.22286113834621035,2.0436457157845234,0.05449182731302442,0.13541348791246574,0.05605735554311999
294_satellite_image,DT,Sem vazamento,20,1.358693775360442,0.03463303357250834,4.382381507381507,0.13924130748907163,2.0931966342898263,0.033033756902639544,0.09392146184875838,0.02694004642926829
294_satellite_image,KNN,Com vazamento,1,1.2376327376327376,0.046267657223529934,2.715042735042735,0.16720308097267159,1.6470657791566836,0.05157969569962443,0.4387098450775932,0.03318171143185823
294_satellite_image,KNN,Com vazamento,5,1.2258223258223258,0.026919759796220404,2.687920227920228,0.1206434738496412,1.6391508935765966,0.03640729609195918,0.4440786216181707,0.028805402483027924
294_satellite_image,KNN,Com vazamento,10,1.175110075110075,0.015009247134975586,2.5298782698782696,0.08053147666802041,1.5903884642560209,0.02552181748181974,0.476893986047269,0.01722086819480791
294_satellite_image,KNN,Com vazamento,20,1.1174048174048175,0.013946157489230697,2.3893343693343696,0.07285847525948873,1.5455950078262586,0.02375982618414572,0.5059419063950797,0.016088213434289334
294_satellite_image,KNN,Sem vazamento,1,1.2376327376327376,0.046267657223529934,2.715042735042735,0.16720308097267159,1.6470657791566836,0.05157969569962443,0.4387098450775932,0.03318171143185823
294_satellite_image,KNN,Sem vazamento,5,1.2255892255892256,0.0269626509586941,2.684755244755245,0.12496009173548019,1.6381614922628636,0.03766436016745533,0.4447420716118553,0.029409546035693353
294_satellite_image,KNN,Sem vazamento,10,1.1615384615384616,0.02849239706666617,2.4982180782180783,0.11883290526265454,1.5801976289442639,0.037844920879903585,0.48348856531149403,0.023865161428384584
294_satellite_image,KNN,Sem vazamento,20,1.1155400155400155,0.014649463109115106,2.378041958041958,0.07759507248141591,1.541917526457742,0.02527369330500123,0.5082832291476865,0.01679297736966197
294_satellite_image,LR,Com vazamento,1,1.2372434090458604,0.025604696843312,2.464092757833022,0.0867608893334825,1.5695397687820893,0.027662365289053713,0.4906378468012857,0.012839963407429848
294_satellite_image,LR,Com vazamento,5,1.2204288010359476,0.027683354100961958,2.413451877216586,0.08957587952427029,1.5533046914155484,0.02890839690542451,0.5010728785700936,0.015343921925358125
294_satellite_image,LR,Com vazamento,10,1.2057448042217935,0.02692539743107713,2.3498049156359526,0.08300171964430282,1.532705699675251,0.02723572254855689,0.5142388918869624,0.013514123977919575
294_satellite_image,LR,Com vazamento,20,1.1964254017101812,0.02676812160212878,2.3159448111276357,0.0832108562208996,1.521615292440795,0.027532808166606842,0.5212273705811893,0.014189748270074135
294_satellite_image,LR,Sem vazamento,1,1.2372434090458604,0.025604696843312,2.464092757833022,0.0867608893334825,1.5695397687820893,0.027662365289053713,0.4906378468012857,0.012839963407429848
294_satellite_image,LR,Sem vazamento,5,1.2204288010359476,0.027683354100961958,2.4134518772165863,0.08957587952427017,1.5533046914155484,0.028908396905424485,0.5010728785700935,0.015343921925358087
294_satellite_image,LR,Sem vazamento,10,1.205902732808126,0.024938208768491767,2.3547672895041374,0.08007372728660013,1.5343384285579058,0.026219294145945062,0.5132015421225155,0.013225480102902282
294_satellite_image,LR,Sem vazamento,20,1.1966752743826679,0.026762022752398407,2.316939698373733,0.08289256578463418,1.521943704301993,0.02743120797764476,0.521021074826215,0.014134878164474911
294_satellite_image,RF,Com vazamento,1,1.155910518307233,0.02085315933472392,2.262596805732921,0.06393147338626307,1.5040666824218578,0.021360352846156973,0.5322407149454157,0.00996063122389973
294_satellite_image,RF,Com vazamento,5,1.1768661334882287,0.027661949384096322,2.4463997570903966,0.11029518554593294,1.5637665723142309,0.03522268138001673,0.4941190189035875,0.02427377662980232
294_satellite_image,RF,Com vazamento,10,1.181690246008612,0.02872780441149191,2.5988443130784016,0.1256236855529901,1.6116909659723444,0.03944428903959677,0.4625898076497777,0.02750358230747585
294_satellite_image,RF,Com vazamento,20,1.103769666033555,0.018019931484587217,2.230971588226994,0.07103917911858916,1.4934831334143572,0.02399295981309584,0.5387726496990185,0.012271943134034466
294_satellite_image,RF,Sem vazamento,1,1.155910518307233,0.02085315933472392,2.262596805732921,0.06393147338626307,1.5040666824218578,0.021360352846156973,0.5322407149454157,0.00996063122389973
294_satellite_image,RF,Sem vazamento,5,1.1768661334882287,0.027661949384096322,2.4463997570903966,0.11029518554593294,1.5637665723142309,0.03522268138001673,0.4941190189035875,0.02427377662980232
294_satellite_image,RF,Sem vazamento,10,1.1793207575871918,0.030740250898342092,2.5968937843137803,0.14240654125423885,1.6109817083072222,0.044250014417961336,0.4629686914857321,0.03138937754282547
294_satellite_image,RF,Sem vazamento,20,1.1073247631997631,0.019250823279896488,2.2328798654531807,0.0730127164899514,1.494113096502477,0.024639488134964856,0.5383769571292115,0.01281142389008393
294_satellite_image,SVR,Com vazamento,1,1.235127495966273,0.02725630040704974,2.542559866665093,0.09751777957374368,1.5942955030789834,0.030627742859521852,0.4744127683455816,0.015672074495098342
294_satellite_image,SVR,Com vazamento,5,1.2149146547144054,0.02946861682376356,2.489452909502981,0.0993219250974472,1.5775376787691229,0.0315172632068619,0.4853389355516642,0.018328975274604538
294_satellite_image,SVR,Com vazamento,10,1.199145988062493,0.027070282465241777,2.422654457330735,0.08955021183805452,1.5562646776626456,0.02887304051153283,0.49916368652711246,0.015562626453381532
294_satellite_image,SVR,Com vazamento,20,1.18980845889254,0.027141841867414907,2.385206868317038,0.08912243756905087,1.5441847596328317,0.028988889624783805,0.5068879250215521,0.016256558159749315
294_satellite_image,SVR,Sem vazamento,1,1.235127495966273,0.02725630040704974,2.542559866665093,0.09751777957374368,1.5942955030789834,0.030627742859521852,0.4744127683455816,0.015672074495098342
294_satellite_image,SVR,Sem vazamento,5,1.2149146547144054,0.029468616823763484,2.489452909502982,0.09932192509744717,1.577537678769123,0.03151726320686184,0.48533893555166413,0.018328975274604458
294_satellite_image,SVR,Sem vazamento,10,1.200293152824617,0.02559247858755041,2.4285303825122715,0.08606020687250639,1.5581692080084106,0.02769335790505453,0.4979318427333963,0.015360894340482083
294_satellite_image,SVR,Sem vazamento,20,1.1901460583592327,0.027039319775877535,2.386098952336997,0.08848984010489408,1.5444767726798734,0.028784391381983264,0.5067029461235716,0.016127597677578053
503_wind,DT,Com vazamento,1,3.2992417384034844,0.07110991446907874,17.81385505308263,0.9622863412316042,4.219360938970993,0.1140963790930132,0.5911825933415192,0.016540171273563962
503_wind,DT,Com vazamento,5,3.2992417384034844,0.07110991446907874,17.81385505308263,0.9622863412316042,4.219360938970993,0.1140963790930132,0.5911825933415192,0.016540171273563962
503_wind,DT,Com vazamento,10,4.235047951848083,0.08131353054561577,29.54601388885712,0.7348142806992373,5.4352683037375575,0.06816763375372423,0.32152876285122556,0.0193550530788868
503_wind,DT,Com vazamento,20,4.172376424625648,0.09188114934537352,28.943087759206417,0.9074150020795284,5.379327430453423,0.08431480423587592,0.33532235706039565,0.024319173519808317
503_wind,DT,Sem vazamento,1,3.2992417384034844,0.07110991446907874,17.81385505308263,0.9622863412316042,4.219360938970993,0.1140963790930132,0.5911825933415192,0.016540171273563962
503_wind,DT,Sem vazamento,5,3.2992417384034844,0.07110991446907874,17.81385505308263,0.9622863412316042,4.219360938970993,0.1140963790930132,0.5911825933415192,0.016540171273563962
503_wind,DT,Sem vazamento,10,4.235047951848083,0.08131353054561577,29.54601388885712,0.7348142806992373,5.4352683037375575,0.06816763375372423,0.32152876285122556,0.0193550530788868
503_wind,DT,Sem vazamento,20,4.172376424625648,0.09188114934537352,28.943087759206417,0.9074150020795284,5.379327430453423,0.08431480423587592,0.33532235706039565,0.024319173519808317
503_wind,KNN,Com vazamento,1,3.3961698344769133,0.05207937092969163,18.837616960533392,0.6478245287818983,4.339700969060043,0.07439725537445789,0.5675093309319655,0.012957698887854552
503_wind,KNN,Com vazamento,5,3.3961698344769133,0.05207937092969163,18.837616960533392,0.6478245287818983,4.339700969060043,0.07439725537445789,0.5675093309319655,0.012957698887854552
503_wind,KNN,Com vazamento,10,3.1602256083518676,0.0956188273378136,16.351048774447175,1.0071497060434478,4.042026427314125,0.12524121689626105,0.6246918961939368,0.02030020632675921
503_wind,KNN,Com vazamento,20,3.1047429621280074,0.04090584305554823,16.128781385163503,0.5059239620306316,4.015648885050097,0.06336008673685095,0.6297216152747173,0.008907633806523086
503_wind,KNN,Sem vazamento,1,3.3961698344769133,0.05207937092969163,18.837616960533392,0.6478245287818983,4.339700969060043,0.07439725537445789,0.5675093309319655,0.012957698887854552
503_wind,KNN,Sem vazamento,5,3.3961698344769133,0.05207937092969163,18.837616960533392,0.6478245287818983,4.339700969060043,0.07439725537445789,0.5675093309319655,0.012957698887854552
503_wind,KNN,Sem vazamento,10,3.1588486752914995,0.09752161551520351,16.348925020068346,1.0130320600855003,4.0417437607592674,0.12601139201778017,0.624745135693829,0.020355642848514176
503_wind,KNN,Sem vazamento,20,3.1047429621280074,0.04090584305554823,16.128781385163503,0.5059239620306316,4.015648885050097,0.06336008673685095,0.6297216152747173,0.008907633806523086
503_wind,LR,Com vazamento,1,3.104830516574196,0.060781183917707954,15.570103713881878,0.6782961031163987,3.9451059245400977,0.08655373850157344,0.6426145208895199,0.011545608939766298
503_wind,LR,Com vazamento,5,3.104830516574196,0.060781183917707954,15.570103713881878,0.6782961031163987,3.9451059245400977,0.08655373850157344,0.6426145208895199,0.011545608939766298
503_wind,LR,Com vazamento,10,2.9469487368580816,0.060870821761890515,14.253695243032718,0.6596370539614317,3.7745677074224973,0.08718163877323863,0.6728020234298295,0.012558661838474617
503_wind,LR,Com vazamento,20,2.8965173794449797,0.05828399188718319,13.892678712431362,0.6353581090804,3.726477347878133,0.0851724475345044,0.6811034753591741,0.011580582248195763
503_wind,LR,Sem vazamento,1,3.104830516574196,0.060781183917707954,15.570103713881878,0.6782961031163987,3.9451059245400977,0.08655373850157344,0.6426145208895199,0.011545608939766298
503_wind,LR,Sem vazamento,5,3.104830516574196,0.060781183917707954,15.570103713881878,0.6782961031163987,3.9451059245400977,0.08655373850157344,0.6426145208895199,0.011545608939766298
503_wind,LR,Sem vazamento,10,2.9469487368580825,0.06087082176189009,14.253695243032722,0.6596370539614308,3.7745677074224973,0.08718163877323863,0.6728020234298295,0.012558661838474598
503_wind,LR,Sem vazamento,20,2.8965173794449797,0.05828399188718319,13.892678712431362,0.635358109080401,3.726477347878133,0.08517244753450455,0.6811034753591741,0.011580582248195755
503_wind,RF,Com vazamento,1,3.284011524375593,0.06594971526063284,17.54660494566414,0.8349248843695003,4.187873342315711,0.09993086241345486,0.5972817841937702,0.01390667434508748
503_wind,RF,Com vazamento,5,3.284011524375593,0.06594971526063284,17.54660494566414,0.8349248843695003,4.187873342315711,0.09993086241345486,0.5972817841937702,0.01390667434508748
503_wind,RF,Com vazamento,10,3.2386421071985634,0.09282696284155537,17.351843912266506,0.8713221913489615,4.164462064174863,0.1044966696978237,0.6015901223103866,0.01973467831116476
503_wind,RF,Com vazamento,20,3.0320883202095334,0.058673104659370263,15.337360674128126,0.7128813366174601,3.9154058452794565,0.09137444421451647,0.6478731152480327,0.015264397082318098
503_wind,RF,Sem vazamento,1,3.284011524375593,0.06594971526063284,17.54660494566414,0.8349248843695003,4.187873342315711,0.09993086241345486,0.5972817841937702,0.01390667434508748
503_wind,RF,Sem vazamento,5,3.284011524375593,0.06594971526063284,17.54660494566414,0.8349248843695003,4.187873342315711,0.09993086241345486,0.5972817841937702,0.01390667434508748
503_wind,RF,Sem vazamento,10,3.2386421071985634,0.09282696284155537,17.351843912266506,0.8713221913489615,4.164462064174863,0.1044966696978237,0.6015901223103866,0.01973467831116476
503_wind,RF,Sem vazamento,20,3.0320883202095334,0.058673104659370263,15.337360674128126,0.7128813366174601,3.9154058452794565,0.09137444421451647,0.6478731152480327,0.015264397082318098
503_wind,SVR,Com vazamento,1,3.1014262537597443,0.06426791742248567,15.593623700046445,0.7120812015839992,3.948007620877112,0.09072723213693204,0.6420836947994374,0.012233443817122583
503_wind,SVR,Com vazamento,5,3.1014262537597443,0.06426791742248567,15.593623700046445,0.7120812015839992,3.948007620877112,0.09072723213693204,0.6420836947994374,0.012233443817122583
503_wind,SVR,Com vazamento,10,2.943595273557012,0.0663589476863416,14.263141196376631,0.696206776640658,3.7757254785044183,0.0919019522048135,0.6725861938824161,0.013507254625290652
503_wind,SVR,Com vazamento,20,2.892697182325342,0.062443961624014686,13.907433259981246,0.6654539162694035,3.7283804423027562,0.08907886911417169,0.6807669620330049,0.012347577635414962
503_wind,SVR,Sem vazamento,1,3.1014262537597443,0.06426791742248567,15.593623700046445,0.7120812015839992,3.948007620877112,0.09072723213693204,0.6420836947994374,0.012233443817122583
503_wind,SVR,Sem vazamento,5,3.1014262537597443,0.06426791742248567,15.593623700046445,0.7120812015839992,3.948007620877112,0.09072723213693204,0.6420836947994374,0.012233443817122583
503_wind,SVR,Sem vazamento,10,2.943595273557012,0.06635894768634118,14.263141196376631,0.6962067766406579,3.7757254785044183,0.0919019522048135,0.6725861938824161,0.01350725462529065
503_wind,SVR,Sem vazamento,20,2.892697182325342,0.062443961624014575,13.907433259981246,0.6654539162694035,3.7283804423027562,0.08907886911417169,0.6807669620330049,0.012347577635414962
505_tecator,DT,Com vazamento,1,1.1182291909224458,0.18781279577546853,3.310969832517531,1.0466048715043688,1.8004975474639895,0.28812167032770736,0.982968904697873,0.007442078785395645
505_tecator,DT,Com vazamento,5,1.1247569376395807,0.09308549889474745,3.0295344166017752,0.6362658074973997,1.7326510211345207,0.18150985283430832,0.9850118929156216,0.0028564319603565777
505_tecator,DT,Com vazamento,10,1.0547568491763535,0.0994918700855794,2.7473286746838492,0.5512247296774252,1.650269011361808,0.16949642411368143,0.9861901126452484,0.00371892390263653
505_tecator,DT,Com vazamento,20,1.1044096822539966,0.05815462889124823,2.885252420157005,0.5869925283928864,1.6916291891064272,0.16843909304007712,0.985712539254204,0.002718653650097128
505_tecator,DT,Sem vazamento,1,1.1182291909224458,0.18781279577546853,3.310969832517531,1.0466048715043688,1.8004975474639895,0.28812167032770736,0.982968904697873,0.007442078785395645
505_tecator,DT,Sem vazamento,5,1.1247569376395807,0.09308549889474745,3.0295344166017752,0.6362658074973997,1.7326510211345207,0.18150985283430832,0.9850118929156216,0.0028564319603565777
505_tecator,DT,Sem vazamento,10,1.0544096264574259,0.10007559861970697,2.747155063241601,0.5514154261287166,1.650211045427195,0.16955908277064513,0.9861909816541673,0.0037196484530962705
505_tecator,DT,Sem vazamento,20,1.1044096822539966,0.05815462889124823,2.885252420157005,0.5869925283928864,1.6916291891064272,0.16843909304007712,0.985712539254204,0.002718653650097128
505_tecator,KNN,Com vazamento,1,1.1865278011394873,0.14230578705881905,2.6457996834569175,0.8211543601672906,1.6123991013171484,0.2348671663606552,0.9869998231441399,0.0034155459768741158
505_tecator,KNN,Com vazamento,5,1.9924999966389603,0.07681186909678121,6.768688958686845,0.5482250826381363,2.599910972909899,0.10479632605896638,0.9662282255688025,0.005036828281952464
505_tecator,KNN,Com vazamento,10,2.434520829055044,0.2447760328951049,10.402981106068705,2.260248521024241,3.2099673420847012,0.34483173082252777,0.9482509357032679,0.011950479777484854
505_tecator,KNN,Com vazamento,20,2.788687500854333,0.3601516573761975,13.98019108835804,3.734616707175538,3.711295503447262,0.49776714369292774,0.9313790619901261,0.01452202886764964
505_tecator,KNN,Sem vazamento,1,1.1864583564301332,0.14234615889358254,2.6454121820370022,0.8213581337331692,1.6122709472591668,0.2349329470151814,0.9870017627754546,0.0034166075990616778
505_tecator,KNN,Sem vazamento,5,1.9924999966389603,0.07681186909678121,6.768688958686845,0.5482250826381363,2.599910972909899,0.10479632605896638,0.9662282255688025,0.005036828281952464
505_tecator,KNN,Sem vazamento,10,2.436465274625354,0.2421910500137399,10.394672780740937,2.2725262059065545,3.2084612447391856,0.34718736454130483,0.9482925228746962,0.0120073349901599
505_tecator,KNN,Sem vazamento,20,2.788687500854333,0.3601516573761975,13.98019108835804,3.734616707175538,3.711295503447262,0.49776714369292774,0.9313790619901261,0.01452202886764964
505_tecator,LR,Com vazamento,1,0.9722982592399952,0.07285171018012905,2.2474403742248397,0.5183536458738013,1.4917065258610054,0.16340874491359006,0.9888817283317078,0.0022734036647162293
505_tecator,LR,Com vazamento,5,1.0020104290806218,0.07991089377025239,1.901438581234723,0.5119328327138242,1.3697841066769634,0.17365511451120466,0.9906132281769299,0.002207772412241523
505_tecator,LR,Com vazamento,10,1.0472947855152628,0.03715746304286056,2.342571555693229,0.2865886626664386,1.5281786946926532,0.09321866410126974,0.9881825126778847,0.0028408728768095372
505_tecator,LR,Com vazamento,20,0.9517989224907133,0.08913116755598018,1.5813560406875509,0.3153516099073001,1.2515674013300118,0.13387343552292552,0.9922721011467784,0.0008389840899037031
505_tecator,LR,Sem vazamento,1,0.9722982592399952,0.07285171018012936,2.247440374224839,0.5183536458738004,1.4917065258610054,0.16340874491358973,0.9888817283317078,0.0022734036647162293
505_tecator,LR,Sem vazamento,5,1.0020104290806149,0.07991089377025495,1.9014385812347,0.5119328327138428,1.3697841066769545,0.17365511451121102,0.99061322817693,0.002207772412241756
505_tecator,LR,Sem vazamento,10,1.048548460365816,0.038648758205793915,2.3298706348173557,0.2972229732199691,1.523829856653654,0.09682893857681704,0.9882460869064943,0.0028705600359005506
505_tecator,LR,Sem vazamento,20,0.9517989224918301,0.08913116755620429,1.58135604069032,0.31535160990808675,1.2515674013311129,0.13387343552298073,0.9922721011467649,0.0008389840899031388
505_tecator,RF,Com vazamento,1,1.020537764732839,0.10411765157305705,2.2267926895599635,0.5328393915605146,1.484262756030988,0.1688434563230435,0.9887974396467071,0.0033091721089262335
505_tecator,RF,Com vazamento,5,0.9294239675046668,0.08174993021094915,1.881383182062993,0.5232257157159623,1.3611614426534018,0.18533011335463967,0.9907606493878315,0.001976264655011791
505_tecator,RF,Com vazamento,10,0.921383322738111,0.07625128478398012,1.8526351119678761,0.5083794239003605,1.351112524155347,0.18043300930298664,0.9908918179072493,0.0019431033499884417
505_tecator,RF,Com vazamento,20,0.9518044920927947,0.06719202256853027,1.9281255194462181,0.5012071438306971,1.3795036494350708,0.17353455209222,0.9905227122926638,0.0018571246487159986
505_tecator,RF,Sem vazamento,1,1.020537764732839,0.10411765157305705,2.2267926895599635,0.5328393915605146,1.484262756030988,0.1688434563230435,0.9887974396467071,0.0033091721089262335
505_tecator,RF,Sem vazamento,5,0.9294239675046668,0.08174993021094915,1.881383182062993,0.5232257157159623,1.3611614426534018,0.18533011335463967,0.9907606493878315,0.001976264655011791
505_tecator,RF,Sem vazamento,10,0.9237017273944285,0.07421479454155919,1.8541526153949472,0.507208153789228,1.3517265855846297,0.17995950617402615,0.990884222071425,0.001936196754809651
505_tecator,RF,Sem vazamento,20,0.9518044920927947,0.06719202256853027,1.9281255194462181,0.5012071438306971,1.3795036494350708,0.17353455209222,0.9905227122926638,0.0018571246487159986
505_tecator,SVR,Com vazamento,1,1.1409076572489036,0.08256294141413664,2.358516840464418,0.5254102302374105,1.5285775382251983,0.1623608946679343,0.9883173637470319,0.0023623289469684133
505_tecator,SVR,Com vazamento,5,1.102263641543493,0.08045068902886734,2.0053571360398306,0.44685480784325765,1.409388213363214,0.15092514729896328,0.9900921136566819,0.0018989939408667058
505_tecator,SVR,Com vazamento,10,1.0984270733745698,0.07279250475797813,1.9766137066540328,0.44934788101238343,1.3988725527195216,0.15402319787097657,0.9902566853948981,0.0017943542581043573
505_tecator,SVR,Com vazamento,20,1.0795834826399895,0.050127744980395,1.8792126238585052,0.40865034215142465,1.3648292759285336,0.14051478823340746,0.9906940647391949,0.001831912917753137
505_tecator,SVR,Sem vazamento,1,1.140907657248907,0.08256294141414366,2.358516840464435,0.5254102302374528,1.5285775382252031,0.16236089466794573,0.9883173637470318,0.002362328946968563
505_tecator,SVR,Sem vazamento,5,1.1022636415434945,0.08045068902886579,2.005357136039831,0.4468548078432536,1.4093882133632143,0.15092514729896175,0.9900921136566819,0.0018989939408667058
505_tecator,SVR,Sem vazamento,10,1.1024364902339416,0.07012455346557932,1.9784576697443044,0.44796128315931766,1.399580432920847,0.15348855929768407,0.990247455471163,0.0017865804250838107
505_tecator,SVR,Sem vazamento,20,1.0795834826399877,0.050127744980396634,1.8792126238585016,0.4086503421514283,1.3648292759285325,0.14051478823340904,0.9906940647391949,0.0018319129177531068
529_pollen,DT,Com vazamento,1,2.9193499427354284,0.05911863449817434,13.343137973030911,0.5971816163543385,3.652056592375962,0.08212638392759222,-0.30801533447097834,0.04724193853591794
529_pollen,DT,Com vazamento,5,2.9193499427354284,0.05911863449817434,13.343137973030911,0.5971816163543385,3.652056592375962,0.08212638392759222,-0.30801533447097834,0.04724193853591794
529_pollen,DT,Com vazamento,10,2.9193499427354284,0.05911863449817434,13.343137973030911,0.5971816163543385,3.652056592375962,0.08212638392759222,-0.30801533447097834,0.04724193853591794
529_pollen,DT,Com vazamento,20,2.9193499427354284,0.05911863449817434,13.343137973030911,0.5971816163543385,3.652056592375962,0.08212638392759222,-0.30801533447097834,0.04724193853591794
529_pollen,DT,Sem vazamento,1,2.9193499427354284,0.05911863449817434,13.343137973030911,0.5971816163543385,3.652056592375962,0.08212638392759222,-0.30801533447097834,0.04724193853591794
529_pollen,DT,Sem vazamento,5,2.9193499427354284,0.05911863449817434,13.343137973030911,0.5971816163543385,3.652056592375962,0.08212638392759222,-0.30801533447097834,0.04724193853591794
529_pollen,DT,Sem vazamento,10,2.9193499427354284,0.05911863449817434,13.343137973030911,0.5971816163543385,3.652056592375962,0.08212638392759222,-0.30801533447097834,0.04724193853591794
529_pollen,DT,Sem vazamento,20,2.9193499427354284,0.05911863449817434,13.343137973030911,0.5971816163543385,3.652056592375962,0.08212638392759222,-0.30801533447097834,0.04724193853591794
529_pollen,KNN,Com vazamento,1,2.2736705091177765,0.04835109177891489,8.047438904924322,0.34151687056894814,2.836264426979852,0.060428521474307884,0.21077648885571657,0.036502179769645225
529_pollen,KNN,Com vazamento,5,2.2736705091177765,0.04835109177891489,8.047438904924322,0.34151687056894814,2.836264426979852,0.060428521474307884,0.21077648885571657,0.036502179769645225
529_pollen,KNN,Com vazamento,10,2.2736705091177765,0.04835109177891489,8.047438904924322,0.34151687056894814,2.836264426979852,0.060428521474307884,0.21077648885571657,0.036502179769645225
529_pollen,KNN,Com vazamento,20,2.2736705091177765,0.04835109177891489,8.047438904924322,0.34151687056894814,2.836264426979852,0.060428521474307884,0.21077648885571657,0.036502179769645225
529_pollen,KNN,Sem vazamento,1,2.2736705091177765,0.04835109177891489,8.047438904924322,0.34151687056894814,2.836264426979852,0.060428521474307884,0.21077648885571657,0.036502179769645225
529_pollen,KNN,Sem vazamento,5,2.2736705091177765,0.04835109177891489,8.047438904924322,0.34151687056894814,2.836264426979852,0.060428521474307884,0.21077648885571657,0.036502179769645225
529_pollen,KNN,Sem vazamento,10,2.2736705091177765,0.04835109177891489,8.047438904924322,0.34151687056894814,2.836264426979852,0.060428521474307884,0.21077648885571657,0.036502179769645225
529_pollen,KNN,Sem vazamento,20,2.2736705091177765,0.04835109177891489,8.047438904924322,0.34151687056894814,2.836264426979852,0.060428521474307884,0.21077648885571657,0.036502179769645225
529_pollen,LR,Com vazamento,1,2.0965075864827067,0.03517687312699316,6.858772896118613,0.24844221603841188,2.6185713359083387,0.04720662933739123,0.3270654553561269,0.03461441272863788
529_pollen,LR,Com vazamento,5,2.0965075864827067,0.03517687312699316,6.858772896118613,0.24844221603841188,2.6185713359083387,0.04720662933739123,0.3270654553561269,0.03461441272863788
529_pollen,LR,Com vazamento,10,2.0965075864827067,0.03517687312699316,6.858772896118613,0.24844221603841188,2.6185713359083387,0.04720662933739123,0.3270654553561269,0.03461441272863788
529_pollen,LR,Com vazamento,20,2.0965075864827067,0.03517687312699316,6.858772896118613,0.24844221603841188,2.6185713359083387,0.04720662933739123,0.3270654553561269,0.03461441272863788
529_pollen,LR,Sem vazamento,1,2.0965075864827067,0.03517687312699316,6.858772896118613,0.24844221603841188,2.6185713359083387,0.04720662933739123,0.3270654553561269,0.03461441272863788
529_pollen,LR,Sem vazamento,5,2.0965075864827067,0.03517687312699316,6.858772896118613,0.24844221603841188,2.6185713359083387,0.04720662933739123,0.3270654553561269,0.03461441272863788
529_pollen,LR,Sem vazamento,10,2.0965075864827067,0.03517687312699316,6.858772896118613,0.24844221603841188,2.6185713359083387,0.04720662933739123,0.3270654553561269,0.03461441272863788
529_pollen,LR,Sem vazamento,20,2.0965075864827067,0.03517687312699316,6.858772896118613,0.24844221603841188,2.6185713359083387,0.04720662933739123,0.3270654553561269,0.03461441272863788
529_pollen,RF,Com vazamento,1,2.5051635373131114,0.03862536282375913,9.903260264601647,0.34487803799586797,3.1465407689765605,0.055224492066931016,0.029099320656108787,0.026540231444882875
529_pollen,RF,Com vazamento,5,2.5051635373131114,0.03862536282375913,9.903260264601647,0.34487803799586797,3.1465407689765605,0.055224492066931016,0.029099320656108787,0.026540231444882875
529_pollen,RF,Com vazamento,10,2.5051635373131114,0.03862536282375913,9.903260264601647,0.34487803799586797,3.1465407689765605,0.055224492066931016,0.029099320656108787,0.026540231444882875
529_pollen,RF,Com vazamento,20,2.5051635373131114,0.03862536282375913,9.903260264601647,0.34487803799586797,3.1465407689765605,0.055224492066931016,0.029099320656108787,0.026540231444882875
529_pollen,RF,Sem vazamento,1,2.5051635373131114,0.03862536282375913,9.903260264601647,0.34487803799586797,3.1465407689765605,0.055224492066931016,0.029099320656108787,0.026540231444882875
529_pollen,RF,Sem vazamento,5,2.5051635373131114,0.03862536282375913,9.903260264601647,0.34487803799586797,3.1465407689765605,0.055224492066931016,0.029099320656108787,0.026540231444882875
529_pollen,RF,Sem vazamento,10,2.5051635373131114,0.03862536282375913,9.903260264601647,0.34487803799586797,3.1465407689765605,0.055224492066931016,0.029099320656108787,0.026540231444882875
529_pollen,RF,Sem vazamento,20,2.5051635373131114,0.03862536282375913,9.903260264601647,0.34487803799586797,3.1465407689765605,0.055224492066931016,0.029099320656108787,0.026540231444882875
529_pollen,SVR,Com vazamento,1,2.097723182891253,0.03286624124296045,6.868913299195174,0.2361503274906622,2.62054140276626,0.04484714817710582,0.3260954603383801,0.033194103580471125
529_pollen,SVR,Com vazamento,5,2.097723182891253,0.03286624124296045,6.868913299195174,0.2361503274906622,2.62054140276626,0.04484714817710582,0.3260954603383801,0.033194103580471125
529_pollen,SVR,Com vazamento,10,2.097723182891253,0.03286624124296045,6.868913299195174,0.2361503274906622,2.62054140276626,0.04484714817710582,0.3260954603383801,0.033194103580471125
529_pollen,SVR,Com vazamento,20,2.097723182891253,0.03286624124296045,6.868913299195174,0.2361503274906622,2.62054140276626,0.04484714817710582,0.3260954603383801,0.033194103580471125
529_pollen,SVR,Sem vazamento,1,2.097723182891253,0.03286624124296045,6.868913299195174,0.2361503274906622,2.62054140276626,0.04484714817710582,0.3260954603383801,0.033194103580471125
529_pollen,SVR,Sem vazamento,5,2.097723182891253,0.03286624124296045,6.868913299195174,0.2361503274906622,2.62054140276626,0.04484714817710582,0.3260954603383801,0.033194103580471125
529_pollen,SVR,Sem vazamento,10,2.097723182891253,0.03286624124296045,6.868913299195174,0.2361503274906622,2.62054140276626,0.04484714817710582,0.3260954603383801,0.033194103580471125
529_pollen,SVR,Sem vazamento,20,2.097723182891253,0.03286624124296045,6.868913299195174,0.2361503274906622,2.62054140276626,0.04484714817710582,0.3260954603383801,0.033194103580471125
537_houses,DT,Com vazamento,1,78221.80433380682,1374.1445160983028,11378439703.076895,365824392.986635,106658.3871615121,1706.9802044138253,0.1424620930582977,0.03705078291160924
537_houses,DT,Com vazamento,5,78221.80433380682,1374.1445160983028,11378439703.076895,365824392.986635,106658.3871615121,1706.9802044138253,0.1424620930582977,0.03705078291160924
537_houses,DT,Com vazamento,10,78221.80433380682,1374.1445160983028,11378439703.076895,365824392.986635,106658.3871615121,1706.9802044138253,0.1424620930582977,0.03705078291160924
537_houses,DT,Com vazamento,20,69746.954437177,438.7642947380277,10349165643.72064,93005089.69401115,101729.99451766808,456.76141150023267,0.22013322801542937,0.01944582162308397
537_houses,DT,Sem vazamento,1,78221.80433380682,1374.1445160983028,11378439703.076895,365824392.986635,106658.3871615121,1706.9802044138253,0.1424620930582977,0.03705078291160924
537_houses,DT,Sem vazamento,5,78221.80433380682,1374.1445160983028,11378439703.076895,365824392.986635,106658.3871615121,1706.9802044138253,0.1424620930582977,0.03705078291160924
537_houses,DT,Sem vazamento,10,78221.80433380682,1374.1445160983028,11378439703.076895,365824392.986635,106658.3871615121,1706.9802044138253,0.1424620930582977,0.03705078291160924
537_houses,DT,Sem vazamento,20,69746.954437177,438.7642947380277,10349165643.72064,93005089.69401115,101729.99451766808,456.76141150023267,0.22013322801542937,0.01944582162308397
537_houses,KNN,Com vazamento,1,67465.0113129845,709.1578808346829,8138350922.165923,197942162.29255012,90207.26430345536,1095.6581871016797,0.3868063907796846,0.01784124938495772
537_houses,KNN,Com vazamento,5,67465.0113129845,709.1578808346829,8138350922.165923,197942162.29255012,90207.26430345536,1095.6581871016797,0.3868063907796846,0.01784124938495772
537_houses,KNN,Com vazamento,10,67465.0113129845,709.1578808346829,8138350922.165923,197942162.29255012,90207.26430345536,1095.6581871016797,0.3868063907796846,0.01784124938495772
537_houses,KNN,Com vazamento,20,56672.00968184755,576.7656497067857,6360197032.451552,136531653.79408097,79746.99496234067,858.2495636801438,0.5208439399097854,0.009726296766977095
537_houses,KNN,Sem vazamento,1,67465.0113129845,709.1578808346829,8138350922.165923,197942162.29255012,90207.26430345536,1095.6581871016797,0.3868063907796846,0.01784124938495772
537_houses,KNN,Sem vazamento,5,67465.0113129845,709.1578808346829,8138350922.165923,197942162.29255012,90207.26430345536,1095.6581871016797,0.3868063907796846,0.01784124938495772
537_houses,KNN,Sem vazamento,10,67465.0113129845,709.1578808346829,8138350922.165923,197942162.29255012,90207.26430345536,1095.6581871016797,0.3868063907796846,0.01784124938495772
537_houses,KNN,Sem vazamento,20,56670.30910852714,575.5229836888855,6359824267.477071,136903144.0019945,79744.6364449424,860.6223848141382,0.520871862345259,0.009766384837232588
537_houses,LR,Com vazamento,1,62667.24000290891,718.9229847206723,7021492888.779419,178689272.40010378,83788.69559889438,1066.2337165387744,0.47099628004722666,0.014246130942364536
537_houses,LR,Com vazamento,5,62667.24000290891,718.9229847206723,7021492888.779419,178689272.40010378,83788.69559889438,1066.2337165387744,0.47099628004722666,0.014246130942364536
537_houses,LR,Com vazamento,10,62667.24000290891,718.9229847206723,7021492888.779419,178689272.40010378,83788.69559889438,1066.2337165387744,0.47099628004722666,0.014246130942364536
537_houses,LR,Com vazamento,20,62006.11048217111,754.827992814295,6908433628.932242,182979825.91327375,83110.91506166333,1100.5961358598363,0.4795298780179311,0.01382445025063218
537_houses,LR,Sem vazamento,1,62667.24000290891,718.9229847206723,7021492888.779419,178689272.40010378,83788.69559889438,1066.2337165387744,0.47099628004722666,0.014246130942364536
537_houses,LR,Sem vazamento,5,62667.24000290891,718.9229847206723,7021492888.779419,178689272.40010378,83788.69559889438,1066.2337165387744,0.47099628004722666,0.014246130942364536
537_houses,LR,Sem vazamento,10,62667.24000290891,718.9229847206723,7021492888.779419,178689272.40010378,83788.69559889438,1066.2337165387744,0.47099628004722666,0.014246130942364536
537_houses,LR,Sem vazamento,20,62006.11048217111,754.827992814294,6908433628.932242,182979825.9132738,83110.91506166333,1100.596135859841,0.4795298780179311,0.013824450250632211
537_houses,RF,Com vazamento,1,71097.34815943343,1124.884544478643,9214763137.1715,279480102.6896879,95984.41303783034,1451.4507038185905,0.30564454740774366,0.025825828896788354
537_houses,RF,Com vazamento,5,71097.34815943343,1124.884544478643,9214763137.1715,279480102.6896879,95984.41303783034,1451.4507038185905,0.30564454740774366,0.025825828896788354
537_houses,RF,Com vazamento,10,71097.34815943343,1124.884544478643,9214763137.1715,279480102.6896879,95984.41303783034,1451.4507038185905,0.30564454740774366,0.025825828896788354
537_houses,RF,Com vazamento,20,55739.16942170004,832.427264889095,6311991756.014455,207578916.7483411,79438.9785622386,1314.7354118533583,0.5245261937945481,0.013313910433677951
537_houses,RF,Sem vazamento,1,71097.34815943343,1124.884544478643,9214763137.1715,279480102.6896879,95984.41303783034,1451.4507038185905,0.30564454740774366,0.025825828896788354
537_houses,RF,Sem vazamento,5,71097.34815943343,1124.884544478643,9214763137.1715,279480102.6896879,95984.41303783034,1451.4507038185905,0.30564454740774366,0.025825828896788354
537_houses,RF,Sem vazamento,10,71097.34815943343,1124.884544478643,9214763137.1715,279480102.6896879,95984.41303783034,1451.4507038185905,0.30564454740774366,0.025825828896788354
537_houses,RF,Sem vazamento,20,55739.16942170004,832.427264889095,6311991756.014455,207578916.7483411,79438.9785622386,1314.7354118533583,0.5245261937945481,0.013313910433677951
537_houses,SVR,Com vazamento,1,60923.514097113744,839.9392035211208,7287834853.068786,195889003.99029827,85362.39252841931,1147.2374956464887,0.4509525369614016,0.01454870228701489
537_houses,SVR,Com vazamento,5,60923.514097113744,839.9392035211208,7287834853.068786,195889003.99029827,85362.39252841931,1147.2374956464887,0.4509525369614016,0.01454870228701489
537_houses,SVR,Com vazamento,10,60923.514097113744,839.9392035211208,7287834853.068786,195889003.99029827,85362.39252841931,1147.2374956464887,0.4509525369614016,0.01454870228701489
537_houses,SVR,Com vazamento,20,60049.33006020949,863.5314852020281,7190988067.240429,205945390.46014506,84792.44866291003,1214.2736041919288,0.4582750641095574,0.014134997380618578
537_houses,SVR,Sem vazamento,1,60923.514097113744,839.9392035211208,7287834853.068786,195889003.99029827,85362.39252841931,1147.2374956464887,0.4509525369614016,0.01454870228701489
537_houses,SVR,Sem vazamento,5,60923.514097113744,839.9392035211208,7287834853.068786,195889003.99029827,85362.39252841931,1147.2374956464887,0.4509525369614016,0.01454870228701489
537_houses,SVR,Sem vazamento,10,60923.514097113744,839.9392035211208,7287834853.068786,195889003.99029827,85362.39252841931,1147.2374956464887,0.4509525369614016,0.01454870228701489
537_houses,SVR,Sem vazamento,20,60049.33006020949,863.5314852020316,7190988067.240429,205945390.46014526,84792.44866291003,1214.2736041919306,0.4582750641095574,0.014134997380618578
542_pollution,DT,Com vazamento,1,53.88391960991751,11.876151228556601,4364.35510774792,1740.6218975076158,64.79541933315959,14.10994292779078,-0.2793329640459356,0.5134023793372343
542_pollution,DT,Com vazamento,5,53.88391960991751,11.876151228556601,4364.35510774792,1740.6218975076158,64.79541933315959,14.10994292779078,-0.2793329640459356,0.5134023793372343
542_pollution,DT,Com vazamento,10,55.03218078613281,10.801017727779014,4227.9539691908285,1594.2220231277881,64.06027696032136,12.209908351388217,-0.3355891530186184,0.6955595732758729
542_pollution,DT,Com vazamento,20,50.76772393120658,5.88522238805335,3415.6804998771586,663.2237393005781,58.22971146472946,5.475166037100148,-0.06003310363141012,0.3779649027808643
542_pollution,DT,Sem vazamento,1,53.88391960991751,11.876151228556601,4364.35510774792,1740.6218975076158,64.79541933315959,14.10994292779078,-0.2793329640459356,0.5134023793372343
542_pollution,DT,Sem vazamento,5,53.88391960991751,11.876151228556601,4364.35510774792,1740.6218975076158,64.79541933315959,14.10994292779078,-0.2793329640459356,0.5134023793372343
542_pollution,DT,Sem vazamento,10,56.64766523573133,8.000749613646862,4644.871087941806,1053.8065195195056,67.75083473212591,8.101516972170241,-0.4026565264611874,0.45702076184650353
542_pollution,DT,Sem vazamento,20,50.35275014241537,5.089463467283265,3609.1924212821755,1009.0407286300998,59.65381684997558,7.7934246524935835,-0.04252459244453155,0.08182363289007696
542_pollution,KNN,Com vazamento,1,45.27445848253038,9.26291244130585,3082.2595683098584,1342.832328485526,54.50841828966163,11.546007303088267,0.10418882595492228,0.36316626514286626
542_pollution,KNN,Com vazamento,5,45.27445848253038,9.26291244130585,3082.2595683098584,1342.832328485526,54.50841828966163,11.546007303088267,0.10418882595492228,0.36316626514286626
542_pollution,KNN,Com vazamento,10,34.82925431993272,4.098049361314123,1898.556580430085,442.8841201974793,43.28580979317059,5.4657388499131985,0.43226523940601863,0.1583712726516877
542_pollution,KNN,Com vazamento,20,35.12437320285373,5.302361212163672,1903.9546806615479,492.21202990011363,43.30748398534101,5.839504587306665,0.42607000191138095,0.19482923022233437
542_pollution,KNN,Sem vazamento,1,45.27445848253038,9.26291244130585,3082.2595683098584,1342.832328485526,54.50841828966163,11.546007303088267,0.10418882595492228,0.36316626514286626
542_pollution,KNN,Sem vazamento,5,45.27445848253038,9.26291244130585,3082.2595683098584,1342.832328485526,54.50841828966163,11.546007303088267,0.10418882595492228,0.36316626514286626
542_pollution,KNN,Sem vazamento,10,37.71443566216362,9.014223242166306,2350.063646051836,1109.2612945103294,47.58961800455151,10.116831770828387,0.34366945431856033,0.10207904369946157
542_pollution,KNN,Sem vazamento,20,39.88909573025173,10.953080694527099,2701.687781217168,1661.627422459385,50.26465201021592,14.49769110620299,0.25440277727689686,0.25437762224732535
542_pollution,LR,Com vazamento,1,39.007811740233294,5.962575711663842,2274.4544896885805,670.9880685451923,47.29423576232523,6.726938680812684,0.33515678665420284,0.14778346897615965
542_pollution,LR,Com vazamento,5,39.007811740233294,5.962575711663842,2274.4544896885805,670.9880685451923,47.29423576232523,6.726938680812684,0.33515678665420284,0.14778346897615965
542_pollution,LR,Com vazamento,10,31.65769642299345,2.5724664622004942,1664.941693329279,384.5039532768041,40.575757954171294,4.717994460418642,0.49982169367806556,0.15248264286641394
542_pollution,LR,Com vazamento,20,30.952059561429323,2.7935597013658264,1684.908280207297,387.4467532930136,40.802337027780716,4.908471038361061,0.4876838554497269,0.17589547631788852
542_pollution,LR,Sem vazamento,1,39.007811740233294,5.962575711663842,2274.4544896885805,670.9880685451923,47.29423576232523,6.726938680812684,0.33515678665420284,0.14778346897615965
542_pollution,LR,Sem vazamento,5,39.007811740233294,5.962575711663842,2274.4544896885805,670.9880685451923,47.29423576232523,6.726938680812684,0.33515678665420284,0.14778346897615965
542_pollution,LR,Sem vazamento,10,35.66500649034139,7.723918331794793,2355.8865008308817,973.1479530393443,47.70329309536541,9.815232774939822,0.3182651924944361,0.2167563980453075
542_pollution,LR,Sem vazamento,20,40.52377486827583,25.155253575322153,5270.4439945367985,8718.110745061407,59.52250805684414,45.53040780612079,-0.1304256839636615,1.3628009631016267
542_pollution,RF,Com vazamento,1,49.56295721253895,10.711561004499217,3727.9266012036746,1693.1515610542954,59.720271500487314,13.91757621621339,-0.07428474065321884,0.42356330989713925
542_pollution,RF,Com vazamento,5,49.56295721253895,10.711561004499217,3727.9266012036746,1693.1515610542954,59.720271500487314,13.91757621621339,-0.07428474065321884,0.42356330989713925
542_pollution,RF,Com vazamento,10,38.76293403625488,4.5453026583654506,2263.8229891328724,589.6101545357798,47.20004925216381,6.570693089120751,0.3092568124467541,0.2612834636158206
542_pollution,RF,Com vazamento,20,36.916603851318364,3.8679682151180397,2100.124423135921,379.34298041531514,45.674111030645946,4.098780993829324,0.35936263139813773,0.20103941664724323
542_pollution,RF,Sem vazamento,1,49.56295721253895,10.711561004499217,3727.9266012036746,1693.1515610542954,59.720271500487314,13.91757621621339,-0.07428474065321884,0.42356330989713925
542_pollution,RF,Sem vazamento,5,49.56295721253895,10.711561004499217,3727.9266012036746,1693.1515610542954,59.720271500487314,13.91757621621339,-0.07428474065321884,0.42356330989713925
542_pollution,RF,Sem vazamento,10,41.301920696864045,6.8052513687494836,2947.250427477981,1229.9536869945039,53.463672854900295,10.327794285839268,0.16096535158413763,0.17369344356969893
542_pollution,RF,Sem vazamento,20,39.17954718695746,7.549467343764158,2543.8525441104407,1302.1872116386155,49.33212242642133,11.499264725104032,0.29070233836244286,0.16550537326350442
542_pollution,SVR,Com vazamento,1,39.644568893814004,5.089655251631578,2369.700361009151,631.6803673008558,48.354870355250256,6.148841250455997,0.3060767928573528,0.1363954589267806
542_pollution,SVR,Com vazamento,5,39.644568893814004,5.089655251631578,2369.700361009151,631.6803673008558,48.354870355250256,6.148841250455997,0.3060767928573528,0.1363954589267806
542_pollution,SVR,Com vazamento,10,31.839530734301377,2.7715411828503136,1667.1239026352425,374.8725936606627,40.613770767581784,4.601590160832931,0.49948129650259926,0.14823114333301207
542_pollution,SVR,Com vazamento,20,31.994699057890585,3.494922857632697,1667.4599366847604,405.8995532340717,40.570639001500304,5.077383699666922,0.4920801717674213,0.183497403113647
542_pollution,SVR,Sem vazamento,1,39.644568893814004,5.089655251631578,2369.700361009151,631.6803673008558,48.354870355250256,6.148841250455997,0.3060767928573528,0.1363954589267806
542_pollution,SVR,Sem vazamento,5,39.644568893814004,5.089655251631578,2369.700361009151,631.6803673008558,48.354870355250256,6.148841250455997,0.3060767928573528,0.1363954589267806
542_pollution,SVR,Sem vazamento,10,36.60034826442825,7.520305732678329,2314.7678089216283,925.9853303013061,47.35842314074811,9.291774849412738,0.3315025948566628,0.19163919011795144
542_pollution,SVR,Sem vazamento,20,38.14602891036774,16.961992552874417,3446.7899187004114,4478.731998213807,52.022965901396454,29.80740050771057,0.1912198065088538,0.661017549555059
560_bodyfat,DT,Com vazamento,1,0.700163454012154,0.20357667034771926,8.426576667455597,2.7303950251851448,2.872628166047296,0.4577126877254047,0.8799017556475879,0.04913868165416486
560_bodyfat,DT,Com vazamento,5,0.700163454012154,0.20357667034771926,8.426576667455597,2.7303950251851448,2.872628166047296,0.4577126877254047,0.8799017556475879,0.04913868165416486
560_bodyfat,DT,Com vazamento,10,0.5549020007544871,0.25178184081645744,5.483921530652203,4.033144795214263,2.135101600148945,1.0537149639406007,0.9244095844260959,0.055357623965136625
560_bodyfat,DT,Com vazamento,20,0.5415033363049324,0.16913925138272837,4.107353013676371,2.6350842231647165,1.8830511270799752,0.8208323578996178,0.9432785550561696,0.03629824434319037
560_bodyfat,DT,Sem vazamento,1,0.700163454012154,0.20357667034771926,8.426576667455597,2.7303950251851448,2.872628166047296,0.4577126877254047,0.8799017556475879,0.04913868165416486
560_bodyfat,DT,Sem vazamento,5,0.700163454012154,0.20357667034771926,8.426576667455597,2.7303950251851448,2.872628166047296,0.4577126877254047,0.8799017556475879,0.04913868165416486
560_bodyfat,DT,Sem vazamento,10,0.5549020007544871,0.25178184081645744,5.483921530652203,4.033144795214263,2.135101600148945,1.0537149639406007,0.9244095844260959,0.055357623965136625
560_bodyfat,DT,Sem vazamento,20,0.5415033363049324,0.16913925138272837,4.107353013676371,2.6350842231647165,1.8830511270799752,0.8208323578996178,0.9432785550561696,0.03629824434319037
560_bodyfat,KNN,Com vazamento,1,0.5035947697614532,0.1251213314930853,3.4453215285849903,1.7486501649089057,1.794193462530486,0.5209890758139044,0.9516981515685589,0.027221229380030323
560_bodyfat,KNN,Com vazamento,5,0.5035947697614532,0.1251213314930853,3.4453215285849903,1.7486501649089057,1.794193462530486,0.5209890758139044,0.9516981515685589,0.027221229380030323
560_bodyfat,KNN,Com vazamento,10,0.8154248210729337,0.11734829582128269,2.812313719525349,1.5326382693955678,1.6237115095393537,0.4594013321462394,0.9621014782568277,0.016734181460254495
560_bodyfat,KNN,Com vazamento,20,1.0934640441455092,0.0888757852806707,3.4307790700756633,1.3409139168269975,1.8260722412524704,0.3398339120267602,0.9534608395651961,0.01240096214944623
560_bodyfat,KNN,Sem vazamento,1,0.5035947697614532,0.1251213314930853,3.4453215285849903,1.7486501649089057,1.794193462530486,0.5209890758139044,0.9516981515685589,0.027221229380030323
560_bodyfat,KNN,Sem vazamento,5,0.5035947697614532,0.1251213314930853,3.4453215285849903,1.7486501649089057,1.794193462530486,0.5209890758139044,0.9516981515685589,0.027221229380030323
560_bodyfat,KNN,Sem vazamento,10,0.8154248210729337,0.11734829582128269,2.812313719525349,1.5326382693955678,1.6237115095393537,0.4594013321462394,0.9621014782568277,0.016734181460254495
560_bodyfat,KNN,Sem vazamento,20,1.0934640441455092,0.0888757852806707,3.4307790700756633,1.3409139168269975,1.8260722412524704,0.3398339120267602,0.9534608395651961,0.01240096214944623
560_bodyfat,LR,Com vazamento,1,0.4172064585449191,0.12771933913585126,2.6134080090823115,2.911609067587513,1.385887829525754,0.9117387343234068,0.9599698052745911,0.04918285165632521
560_bodyfat,LR,Com vazamento,5,0.4172064585449191,0.12771933913585126,2.6134080090823115,2.911609067587513,1.385887829525754,0.9117387343234068,0.9599698052745911,0.04918285165632521
560_bodyfat,LR,Com vazamento,10,0.48394618626201485,0.08207299656949893,2.591967127226024,2.7648830194832787,1.40888197587912,0.8534766817686137,0.9604260286352412,0.04686581808539686
560_bodyfat,LR,Com vazamento,20,0.494811843154873,0.08125879948593809,2.622042158794074,2.7555232012010458,1.425584036008752,0.8412507224872299,0.9599963321539159,0.04676623458524369
560_bodyfat,LR,Sem vazamento,1,0.4172064585449191,0.12771933913585126,2.6134080090823115,2.911609067587513,1.385887829525754,0.9117387343234068,0.9599698052745911,0.04918285165632521
560_bodyfat,LR,Sem vazamento,5,0.4172064585449191,0.12771933913585126,2.6134080090823115,2.911609067587513,1.385887829525754,0.9117387343234068,0.9599698052745911,0.04918285165632521
560_bodyfat,LR,Sem vazamento,10,0.4839461862620151,0.08207299656949892,2.5919671272260243,2.764883019483279,1.4088819758791207,0.8534766817686137,0.9604260286352412,0.04686581808539686
560_bodyfat,LR,Sem vazamento,20,0.4948118431548736,0.08125879948593769,2.6220421587940743,2.7555232012010458,1.4255840360087522,0.8412507224872297,0.9599963321539159,0.046766234585243746
560_bodyfat,RF,Com vazamento,1,0.5819086357511316,0.1430726248071588,5.539030920771985,1.4974185954152366,2.334199745244394,0.3296224568921063,0.9211957648396858,0.03044590231970901
560_bodyfat,RF,Com vazamento,5,0.5819086357511316,0.1430726248071588,5.539030920771985,1.4974185954152366,2.334199745244394,0.3296224568921063,0.9211957648396858,0.03044590231970901
560_bodyfat,RF,Com vazamento,10,0.5087451826298937,0.11415397435252511,3.63852374199587,1.9604079161048007,1.8432430909164055,0.5377493651709558,0.9473963296303918,0.03604636511167634
560_bodyfat,RF,Com vazamento,20,0.5100850555339668,0.11874340094796405,3.3373259074247286,2.1405519415852137,1.7370747444808565,0.6195778299889328,0.9515232527949639,0.038137222037025915
560_bodyfat,RF,Sem vazamento,1,0.5819086357511316,0.1430726248071588,5.539030920771985,1.4974185954152366,2.334199745244394,0.3296224568921063,0.9211957648396858,0.03044590231970901
560_bodyfat,RF,Sem vazamento,5,0.5819086357511316,0.1430726248071588,5.539030920771985,1.4974185954152366,2.334199745244394,0.3296224568921063,0.9211957648396858,0.03044590231970901
560_bodyfat,RF,Sem vazamento,10,0.5087451826298937,0.11415397435252511,3.63852374199587,1.9604079161048007,1.8432430909164055,0.5377493651709558,0.9473963296303918,0.03604636511167634
560_bodyfat,RF,Sem vazamento,20,0.5100850555339668,0.11874340094796405,3.3373259074247286,2.1405519415852137,1.7370747444808565,0.6195778299889328,0.9515232527949639,0.038137222037025915
560_bodyfat,SVR,Com vazamento,1,0.741481582432304,0.15359300652148367,2.625114869389433,2.566734273495357,1.4494576898373868,0.7931107928359303,0.9602583783740851,0.04373988764186585
560_bodyfat,SVR,Com vazamento,5,0.741481582432304,0.15359300652148367,2.625114869389433,2.566734273495357,1.4494576898373868,0.7931107928359303,0.9602583783740851,0.04373988764186585
560_bodyfat,SVR,Com vazamento,10,0.5764866791854345,0.18654063601586549,2.4201386477899223,2.500701233237831,1.362990014419587,0.8215085161207396,0.9633344791300432,0.042191596874164385
560_bodyfat,SVR,Com vazamento,20,0.5620143201249851,0.2136338035495464,2.454114454714555,2.520988768992784,1.3764765514359423,0.8193363837117726,0.9628665288247517,0.04240930206955318
560_bodyfat,SVR,Sem vazamento,1,0.741481582432304,0.15359300652148367,2.625114869389433,2.566734273495357,1.4494576898373868,0.7931107928359303,0.9602583783740851,0.04373988764186585
560_bodyfat,SVR,Sem vazamento,5,0.741481582432304,0.15359300652148367,2.625114869389433,2.566734273495357,1.4494576898373868,0.7931107928359303,0.9602583783740851,0.04373988764186585
560_bodyfat,SVR,Sem vazamento,10,0.5764866791854346,0.18654063601586607,2.4201386477899223,2.500701233237832,1.3629900144195872,0.8215085161207397,0.9633344791300432,0.042191596874164385
560_bodyfat,SVR,Sem vazamento,20,0.5620143201249855,0.2136338035495466,2.4541144547145555,2.5209887689927855,1.3764765514359423,0.8193363837117729,0.9628665288247517,0.04240930206955317
564_fried,DT,Com vazamento,1,3.405726842117295,0.028429307999062202,16.83294233413964,0.23527310459374087,4.102713652141229,0.028629132162079997,0.3255396036089937,0.010269026993215523
564_fried,DT,Com vazamento,5,3.405726842117295,0.028429307999062202,16.83294233413964,0.23527310459374087,4.102713652141229,0.028629132162079997,0.3255396036089937,0.010269026993215523
564_fried,DT,Com vazamento,10,3.405726842117295,0.028429307999062202,16.83294233413964,0.23527310459374087,4.102713652141229,0.028629132162079997,0.3255396036089937,0.010269026993215523
564_fried,DT,Com vazamento,20,3.921169825490697,0.022920635457500286,24.24910140663472,0.28547043634211966,4.924266681859447,0.02896313305557443,0.02831661682032102,0.018295360644299926
564_fried,DT,Sem vazamento,1,3.405726842117295,0.028429307999062202,16.83294233413964,0.23527310459374087,4.102713652141229,0.028629132162079997,0.3255396036089937,0.010269026993215523
564_fried,DT,Sem vazamento,5,3.405726842117295,0.028429307999062202,16.83294233413964,0.23527310459374087,4.102713652141229,0.028629132162079997,0.3255396036089937,0.010269026993215523
564_fried,DT,Sem vazamento,10,3.405726842117295,0.028429307999062202,16.83294233413964,0.23527310459374087,4.102713652141229,0.028629132162079997,0.3255396036089937,0.010269026993215523
564_fried,DT,Sem vazamento,20,3.921169825490697,0.022920635457500286,24.24910140663472,0.28547043634211966,4.924266681859447,0.02896313305557443,0.02831661682032102,0.018295360644299926
564_fried,KNN,Com vazamento,1,3.6192380801851995,0.027821763776055827,19.453869195635697,0.28965204651923143,4.410552582216481,0.032774047157405055,0.22046372873908623,0.016383382667449722
564_fried,KNN,Com vazamento,5,3.6192380801851995,0.027821763776055827,19.453869195635697,0.28965204651923143,4.410552582216481,0.032774047157405055,0.22046372873908623,0.016383382667449722
564_fried,KNN,Com vazamento,10,3.6192380801851995,0.027821763776055827,19.453869195635697,0.28965204651923143,4.410552582216481,0.032774047157405055,0.22046372873908623,0.016383382667449722
564_fried,KNN,Com vazamento,20,2.988124159301132,0.011753079559481,14.049245936752193,0.09898823760059335,3.748213031302097,0.013191303013901715,0.4370070987328531,0.010969021332346198
564_fried,KNN,Sem vazamento,1,3.6192380801851995,0.027821763776055827,19.453869195635697,0.28965204651923143,4.410552582216481,0.032774047157405055,0.22046372873908623,0.016383382667449722
564_fried,KNN,Sem vazamento,5,3.6192380801851995,0.027821763776055827,19.453869195635697,0.28965204651923143,4.410552582216481,0.032774047157405055,0.22046372873908623,0.016383382667449722
564_fried,KNN,Sem vazamento,10,3.6192380801851995,0.027821763776055827,19.453869195635697,0.28965204651923143,4.410552582216481,0.032774047157405055,0.22046372873908623,0.016383382667449722
564_fried,KNN,Sem vazamento,20,2.988315803500496,0.011762096224051447,14.053073122611961,0.09751850134765812,3.7487241037893466,0.012994596448668868,0.43685423961129616,0.010918923635990292
564_fried,LR,Com vazamento,1,3.3719804303096517,0.025288382573040193,16.375173424364608,0.20655395645963653,4.046557923510309,0.025512256831822937,0.34387668898049023,0.00959998165858044
564_fried,LR,Com vazamento,5,3.3719804303096517,0.025288382573040193,16.375173424364608,0.20655395645963653,4.046557923510309,0.025512256831822937,0.34387668898049023,0.00959998165858044
564_fried,LR,Com vazamento,10,3.3719804303096517,0.025288382573040193,16.375173424364608,0.20655395645963653,4.046557923510309,0.025512256831822937,0.34387668898049023,0.00959998165858044
564_fried,LR,Com vazamento,20,2.858674913603732,0.012695831390773073,12.611928252738013,0.08569228800329681,3.551310592927816,0.012066082878609741,0.49462652047329314,0.008364582292838646
564_fried,LR,Sem vazamento,1,3.3719804303096517,0.025288382573040193,16.375173424364608,0.20655395645963653,4.046557923510309,0.025512256831822937,0.34387668898049023,0.00959998165858044
564_fried,LR,Sem vazamento,5,3.3719804303096517,0.025288382573040193,16.375173424364608,0.20655395645963653,4.046557923510309,0.025512256831822937,0.34387668898049023,0.00959998165858044
564_fried,LR,Sem vazamento,10,3.3719804303096517,0.025288382573040193,16.375173424364608,0.20655395645963653,4.046557923510309,0.025512256831822937,0.34387668898049023,0.00959998165858044
564_fried,LR,Sem vazamento,20,2.858674913603732,0.01269583139077312,12.611928252738013,0.08569228800329821,3.551310592927816,0.012066082878609876,0.4946265204732931,0.008364582292838662
564_fried,RF,Com vazamento,1,3.405521987553285,0.02820005194473034,16.83151620711426,0.23465199576046855,4.102540310504669,0.02854906930552839,0.32559747572811093,0.010187242861905841
564_fried,RF,Com vazamento,5,3.405521987553285,0.02820005194473034,16.83151620711426,0.23465199576046855,4.102540310504669,0.02854906930552839,0.32559747572811093,0.010187242861905841
564_fried,RF,Com vazamento,10,3.405521987553285,0.02820005194473034,16.83151620711426,0.23465199576046855,4.102540310504669,0.02854906930552839,0.32559747572811093,0.010187242861905841
564_fried,RF,Com vazamento,20,3.0274941592222278,0.012560632914615979,14.418841388722955,0.10164581369918928,3.7971953004174908,0.013382341063080396,0.4222316387961085,0.008852867837188822
564_fried,RF,Sem vazamento,1,3.405521987553285,0.02820005194473034,16.83151620711426,0.23465199576046855,4.102540310504669,0.02854906930552839,0.32559747572811093,0.010187242861905841
564_fried,RF,Sem vazamento,5,3.405521987553285,0.02820005194473034,16.83151620711426,0.23465199576046855,4.102540310504669,0.02854906930552839,0.32559747572811093,0.010187242861905841
564_fried,RF,Sem vazamento,10,3.405521987553285,0.02820005194473034,16.83151620711426,0.23465199576046855,4.102540310504669,0.02854906930552839,0.32559747572811093,0.010187242861905841
564_fried,RF,Sem vazamento,20,3.0274941592222278,0.012560632914615979,14.418841388722955,0.10164581369918928,3.7971953004174908,0.013382341063080396,0.4222316387961085,0.008852867837188822
564_fried,SVR,Com vazamento,1,3.371992209998505,0.02513713594003862,16.376350529004103,0.20609538142230455,4.046703668973822,0.02545453636378368,0.34382941779462545,0.009592862369441613
564_fried,SVR,Com vazamento,5,3.371992209998505,0.02513713594003862,16.376350529004103,0.20609538142230455,4.046703668973822,0.02545453636378368,0.34382941779462545,0.009592862369441613
564_fried,SVR,Com vazamento,10,3.371992209998505,0.02513713594003862,16.376350529004103,0.20609538142230455,4.046703668973822,0.02545453636378368,0.34382941779462545,0.009592862369441613
564_fried,SVR,Com vazamento,20,2.850760075734113,0.011329408629265078,12.670790991290993,0.09912163521172097,3.559582794888822,0.013913344205112858,0.4922573693915618,0.009330835853261828
564_fried,SVR,Sem vazamento,1,3.371992209998505,0.02513713594003862,16.376350529004103,0.20609538142230455,4.046703668973822,0.02545453636378368,0.34382941779462545,0.009592862369441613
564_fried,SVR,Sem vazamento,5,3.371992209998505,0.02513713594003862,16.376350529004103,0.20609538142230455,4.046703668973822,0.02545453636378368,0.34382941779462545,0.009592862369441613
564_fried,SVR,Sem vazamento,10,3.371992209998505,0.02513713594003862,16.376350529004103,0.20609538142230455,4.046703668973822,0.02545453636378368,0.34382941779462545,0.009592862369441613
564_fried,SVR,Sem vazamento,20,2.850760075734113,0.0113294086292651,12.670790991290993,0.09912163521172038,3.559582794888822,0.013913344205112716,0.4922573693915619,0.009330835853261768
574_house_16H,DT,Com vazamento,1,35230.80707308537,451.8369022422742,4260229453.4830723,183952512.62165362,65257.65744363546,1414.6088302575433,-0.5411835380359497,0.0808923860713127
574_house_16H,DT,Com vazamento,5,35230.80707308537,451.8369022422742,4260229453.4830723,183952512.62165362,65257.65744363546,1414.6088302575433,-0.5411835380359497,0.0808923860713127
574_house_16H,DT,Com vazamento,10,36096.14903546227,638.8166569390689,4469226685.141293,168673057.01221395,66842.49542492993,1252.5927556135762,-0.6182134354170098,0.10848386468401362
574_house_16H,DT,Com vazamento,20,34897.2038333616,754.4191478892087,4268022843.497498,129292216.22674707,65323.90387459003,986.1598739472706,-0.545402434707499,0.09632631474299747
574_house_16H,DT,Sem vazamento,1,34968.39018405089,817.3599633506108,4171810169.7458377,213028018.22546276,64572.001437433144,1649.290796664971,-0.5105558056642221,0.11287737172828702
574_house_16H,DT,Sem vazamento,5,34968.39018405089,817.3599633506108,4171810169.7458377,213028018.22546276,64572.001437433144,1649.290796664971,-0.5105558056642221,0.11287737172828702
574_house_16H,DT,Sem vazamento,10,36096.14903546227,638.8166569390689,4469226685.141293,168673057.01221395,66842.49542492993,1252.5927556135762,-0.6182134354170098,0.10848386468401362
574_house_16H,DT,Sem vazamento,20,33267.41933437481,1305.2484213360635,3845149571.2370567,397834236.360553,61938.63553099655,3241.295999212799,-0.3901952338608245,0.1417497117615801
574_house_16H,KNN,Com vazamento,1,31095.03133640553,445.1121795778387,2891192335.0123124,166501688.98134696,53751.63041869745,1531.494307167448,-0.0444926506057807,0.029720515975422978
574_house_16H,KNN,Com vazamento,5,31095.03133640553,445.1121795778387,2891192335.0123124,166501688.98134696,53751.63041869745,1531.494307167448,-0.0444926506057807,0.029720515975422978
574_house_16H,KNN,Com vazamento,10,29033.58058664326,400.07678772838045,2660257004.4853983,185968252.8050614,51551.947049651826,1784.5200616274199,0.03983342188318397,0.00994457126257025
574_house_16H,KNN,Com vazamento,20,27597.973805866433,605.0142759030177,2522168646.784921,180641600.18898687,50194.57431215554,1791.0967834541316,0.08978729301856736,0.010250145205694021
574_house_16H,KNN,Sem vazamento,1,30949.299473337724,599.018193731195,2895277071.525215,167146687.259541,53789.45741270986,1538.0543962375064,-0.04590757064853985,0.02762404697493881
574_house_16H,KNN,Sem vazamento,5,30949.299473337724,599.018193731195,2895277071.525215,167146687.259541,53789.45741270986,1538.0543962375064,-0.04590757064853985,0.02762404697493881
574_house_16H,KNN,Sem vazamento,10,29033.58058664326,400.07678772838045,2660257004.4853983,185968252.8050614,51551.947049651826,1784.5200616274199,0.03983342188318397,0.00994457126257025
574_house_16H,KNN,Sem vazamento,20,26132.768846463314,983.4430501966921,2263489096.493879,235917084.1824427,47522.6508946965,2470.647308220703,0.18216113097103045,0.07649234021859203
574_house_16H,LR,Com vazamento,1,29472.238959902443,435.27287747163206,2529549625.4406624,193316797.27684575,50264.46988461419,1907.676909555524,0.08736498869632124,0.011064761824688333
574_house_16H,LR,Com vazamento,5,29472.238959902443,435.27287747163206,2529549625.4406624,193316797.27684575,50264.46988461419,1907.676909555524,0.08736498869632124,0.011064761824688333
574_house_16H,LR,Com vazamento,10,27414.341959446712,462.8006183298601,2373885157.0565743,193095939.56496617,48689.203204672514,1973.8231989768035,0.14376790299580022,0.014693309556683977
574_house_16H,LR,Com vazamento,20,27171.47924540164,465.8695015664531,2336253488.2890196,189620549.00650713,48301.810636504284,1956.0912629941847,0.15732611554787998,0.01529758640036936
574_house_16H,LR,Sem vazamento,1,29426.75030958968,439.2884309530617,2538855689.6814914,199503606.17156047,50354.978971833654,1969.2990918643784,0.08414144250871301,0.01150117073393884
574_house_16H,LR,Sem vazamento,5,29426.75030958968,439.2884309530617,2538855689.6814914,199503606.17156047,50354.978971833654,1969.2990918643784,0.08414144250871301,0.01150117073393884
574_house_16H,LR,Sem vazamento,10,27414.341959446712,462.8006183298613,2373885157.0565743,193095939.56496617,48689.203204672514,1973.8231989768035,0.14376790299580022,0.014693309556683977
574_house_16H,LR,Sem vazamento,20,26897.597769824428,405.8258770290669,2278490227.089062,177581396.36195162,47703.11430397042,1866.4767209035049,0.1777230751165677,0.02854618458265491
574_house_16H,RF,Com vazamento,1,32110.04628837907,456.93850086673683,3286661562.3345866,178681613.43863156,57311.96325656254,1549.3598728548702,-0.18783684371989914,0.04570141401973473
574_house_16H,RF,Com vazamento,5,32110.04628837907,456.93850086673683,3286661562.3345866,178681613.43863156,57311.96325656254,1549.3598728548702,-0.18783684371989914,0.04570141401973473
574_house_16H,RF,Com vazamento,10,28492.346599095792,374.96649607526075,2578912218.942726,173642423.19774607,50759.650824839446,1686.4401856345926,0.06896433093595374,0.016492417555813987
574_house_16H,RF,Com vazamento,20,27082.913933957778,468.53125624116575,2350623358.3839383,159537940.0193168,48460.08127555571,1640.9318634750891,0.15138064911587862,0.019283333311464913
574_house_16H,RF,Sem vazamento,1,31940.732987915562,590.2672050392333,3261937967.9532723,172765241.08839914,57097.06244254005,1495.364190805835,-0.17927278845986813,0.053420373765661326
574_house_16H,RF,Sem vazamento,5,31940.732987915562,590.2672050392333,3261937967.9532723,172765241.08839914,57097.06244254005,1495.364190805835,-0.17927278845986813,0.053420373765661326
574_house_16H,RF,Sem vazamento,10,28492.346599095792,374.96649607526075,2578912218.942726,173642423.19774607,50759.650824839446,1686.4401856345926,0.06896433093595374,0.016492417555813987
574_house_16H,RF,Sem vazamento,20,25498.83070751403,1236.4022686436888,2147122715.8366919,247509185.96680975,46272.84080619207,2671.3860585466864,0.22463323349217887,0.07795887586453573
574_house_16H,SVR,Com vazamento,1,26190.45632803284,534.588354182603,2748339025.818751,217138918.8682442,52391.113647898805,2052.3849205357865,0.0086206628243633,0.006892055201985341
574_house_16H,SVR,Com vazamento,5,26190.45632803284,534.588354182603,2748339025.818751,217138918.8682442,52391.113647898805,2052.3849205357865,0.0086206628243633,0.006892055201985341
574_house_16H,SVR,Com vazamento,10,24483.593187832248,530.2911250426015,2544062127.3443494,211420941.2279583,50402.74478780103,2085.7934318084963,0.08250638583790557,0.014633334606434317
574_house_16H,SVR,Com vazamento,20,24441.765348635043,529.007265346936,2519844899.3100295,210795205.34873557,50161.80640697782,2089.4240255844597,0.09127067009233929,0.014737822628904183
574_house_16H,SVR,Sem vazamento,1,26073.64946601835,532.0568468774617,2744669540.1739297,215228489.92494768,52356.687045513674,2033.773377366547,0.009891743289179916,0.008277210524709188
574_house_16H,SVR,Sem vazamento,5,26073.64946601835,532.0568468774617,2744669540.1739297,215228489.92494768,52356.687045513674,2033.773377366547,0.009891743289179916,0.008277210524709188
574_house_16H,SVR,Sem vazamento,10,24483.593187832248,530.2911250426005,2544062127.3443494,211420941.22795847,50402.74478780103,2085.7934318084963,0.08250638583790555,0.014633334606434317
574_house_16H,SVR,Sem vazamento,20,24100.363544742377,568.55211265088,2455590388.0020204,211494433.36389244,49515.49756486233,2137.069649627766,0.11431270957504643,0.030270478287882457
