ds,alg,imputer,perc-miss,n_pares,media_delta_r2,mediana_delta_r2,dp_delta_r2,pct_vazamento_melhor_r2,pct_empate_r2,pct_vazamento_pior_r2,p_wilcoxon_r2,p_holm_r2,media_delta_rmse,mediana_delta_rmse,dp_delta_rmse,pct_vazamento_melhor_rmse,pct_empate_rmse,pct_vazamento_pior_rmse,p_wilcoxon_rmse,p_holm_rmse
1027_ESL,DT,KNN,0.05,6.0,0.0007423411509834091,0.0020790282698586737,0.0031191081568123,66.66666666666666,0.0,33.33333333333333,0.6875,1.0,0.13722890073372726,0.51870916581986,0.764080518669943,66.66666666666666,0.0,33.33333333333333,1.0,1.0
1027_ESL,DT,KNN,0.1,6.0,0.0008131790525519415,0.0012784055869011213,0.0061802804526411015,83.33333333333334,0.0,16.666666666666664,0.4375,1.0,0.22932998126481982,0.27027026060659576,1.3637013103139721,83.33333333333334,0.0,16.666666666666664,0.4375,1.0
1027_ESL,DT,KNN,0.2,6.0,-0.0038754190488505444,-0.002222420950498183,0.007737981907365566,50.0,0.0,50.0,0.4375,1.0,-1.0663821216194995,-0.6022911312076866,1.7146646506346948,50.0,0.0,50.0,0.4375,1.0
1027_ESL,DT,KNN,0.3,6.0,-4.664417444194546e-05,0.0005384030478527424,0.0062442436175954765,66.66666666666666,0.0,33.33333333333333,0.84375,1.0,-0.01105131284662005,0.2827967526950896,1.3575133502925942,66.66666666666666,0.0,33.33333333333333,0.84375,1.0
1027_ESL,DT,mean,0.05,6.0,-0.003499417728893006,-0.0036606605900160183,0.004875032858973664,33.33333333333333,0.0,66.66666666666666,0.21875,1.0,-0.9058230225685332,-1.0152975008157952,1.1887628857484007,33.33333333333333,0.0,66.66666666666666,0.21875,1.0
1027_ESL,DT,mean,0.1,6.0,0.0025570122403367757,0.004486578693931653,0.005031906233916179,66.66666666666666,0.0,33.33333333333333,0.4375,1.0,0.5281907943436006,0.9593591675097687,1.2214701017069156,66.66666666666666,0.0,33.33333333333333,0.5625,1.0
1027_ESL,DT,mean,0.2,6.0,0.0007688049126120903,0.0,0.0015487026506062576,33.33333333333333,50.0,16.666666666666664,0.5,1.0,0.173447877169058,0.0,0.3615195613665039,33.33333333333333,50.0,16.666666666666664,0.5,1.0
1027_ESL,DT,mean,0.3,6.0,-0.0005245975139306173,-0.000426056993853563,0.0018913698649081511,16.666666666666664,33.33333333333333,50.0,0.625,1.0,-0.1768151394589299,-0.1062656079557872,0.4672274563055173,16.666666666666664,33.33333333333333,50.0,0.625,1.0
1027_ESL,DT,median,0.05,6.0,0.0,0.0,0.0,0.0,100.0,0.0,1.0,1.0,0.0,0.0,0.0,0.0,100.0,0.0,1.0,1.0
1027_ESL,DT,median,0.1,6.0,0.0,0.0,0.0,0.0,100.0,0.0,1.0,1.0,0.0,0.0,0.0,0.0,100.0,0.0,1.0,1.0
1027_ESL,DT,median,0.2,6.0,0.0,0.0,0.0,0.0,100.0,0.0,1.0,1.0,0.0,0.0,0.0,0.0,100.0,0.0,1.0,1.0
1027_ESL,DT,median,0.3,6.0,0.0,0.0,0.0,0.0,100.0,0.0,1.0,1.0,0.0,0.0,0.0,0.0,100.0,0.0,1.0,1.0
1027_ESL,KNN,KNN,0.05,6.0,-0.00021304175065126976,5.069557710024597e-05,0.0022503450885257106,50.0,0.0,50.0,0.84375,1.0,-0.033555008840354617,0.056791453825722676,0.7113920076704834,50.0,0.0,50.0,0.84375,1.0
1027_ESL,KNN,KNN,0.1,6.0,0.0022882334642254456,0.0015225245519914221,0.00149484855788092,100.0,0.0,0.0,0.03125,1.0,0.7728193718899101,0.5951031645663317,0.48173334992766936,100.0,0.0,0.0,0.03125,1.0
1027_ESL,KNN,KNN,0.2,6.0,0.0008620665034550131,0.00024073131253976587,0.003608871178605119,50.0,0.0,50.0,0.6875,1.0,0.2859613056600798,0.25153139419794057,1.098111577581874,50.0,0.0,50.0,0.5625,1.0
1027_ESL,KNN,KNN,0.3,6.0,-0.0006486307318915122,-0.001137236090563376,0.0034907271734202403,50.0,0.0,50.0,0.6875,1.0,-0.07843315285609302,-0.10267487490066743,1.0199737701205747,50.0,0.0,50.0,0.84375,1.0
1027_ESL,KNN,mean,0.05,6.0,-7.698774586201163e-05,-0.00014011912703443263,0.00180196614851394,50.0,0.0,50.0,1.0,1.0,-0.04307333028583116,-0.04524025559909153,0.5646565719203279,50.0,0.0,50.0,1.0,1.0
1027_ESL,KNN,mean,0.1,6.0,-3.6354986658271304e-05,-0.0005831734744546901,0.001710020585163239,33.33333333333333,0.0,66.66666666666666,0.84375,1.0,-0.04128117345998825,-0.2664650802561731,0.5609290305035999,33.33333333333333,0.0,66.66666666666666,0.84375,1.0
1027_ESL,KNN,mean,0.2,6.0,0.0012638324646205474,0.0016629347582545195,0.0021151230725431317,66.66666666666666,0.0,33.33333333333333,0.21875,1.0,0.36584427474794906,0.48650072424188906,0.6274979371040025,66.66666666666666,0.0,33.33333333333333,0.21875,1.0
1027_ESL,KNN,mean,0.3,6.0,-2.43470276363363e-05,-8.565091685541759e-05,0.0011255549510878376,50.0,0.0,50.0,1.0,1.0,0.018484088726232265,0.002099583577387973,0.3248941668748759,50.0,0.0,50.0,0.6875,1.0
1027_ESL,KNN,median,0.05,6.0,0.0,0.0,0.0,0.0,100.0,0.0,1.0,1.0,0.0,0.0,0.0,0.0,100.0,0.0,1.0,1.0
1027_ESL,KNN,median,0.1,6.0,0.0,0.0,0.0,0.0,100.0,0.0,1.0,1.0,0.0,0.0,0.0,0.0,100.0,0.0,1.0,1.0
1027_ESL,KNN,median,0.2,6.0,0.0,0.0,0.0,0.0,100.0,0.0,1.0,1.0,0.0,0.0,0.0,0.0,100.0,0.0,1.0,1.0
1027_ESL,KNN,median,0.3,6.0,0.0,0.0,0.0,0.0,100.0,0.0,1.0,1.0,0.0,0.0,0.0,0.0,100.0,0.0,1.0,1.0
1027_ESL,LR,KNN,0.05,6.0,0.000497268631980278,0.0006010339914209184,0.00027973022808997134,83.33333333333334,0.0,16.666666666666664,0.0625,1.0,0.1757714435936566,0.21769484478320705,0.09530652908122199,83.33333333333334,0.0,16.666666666666664,0.0625,1.0
1027_ESL,LR,KNN,0.1,6.0,0.0014531380982353477,0.0015215810176834044,0.0005774735869758896,100.0,0.0,0.0,0.03125,1.0,0.49550230849328397,0.5167806876639374,0.1914007194386839,100.0,0.0,0.0,0.03125,1.0
1027_ESL,LR,KNN,0.2,6.0,0.0006703473454282016,0.0010322598611210432,0.0010153900991458772,66.66666666666666,0.0,33.33333333333333,0.15625,1.0,0.2605201814296056,0.37933431510658566,0.37472858519055813,83.33333333333334,0.0,16.666666666666664,0.15625,1.0
1027_ESL,LR,KNN,0.3,6.0,0.00023621095122803673,0.00025074211487485787,0.0011222061820464772,83.33333333333334,0.0,16.666666666666664,0.4375,1.0,0.06832577014088657,0.08820917781421983,0.3560798370376931,83.33333333333334,0.0,16.666666666666664,0.4375,1.0
1027_ESL,LR,mean,0.05,6.0,-3.3038770687054964e-06,2.828015190969868e-06,3.293606108905391e-05,50.0,0.0,50.0,1.0,1.0,-0.0014848779006311832,0.0014122179400033658,0.009994811651301682,50.0,0.0,50.0,0.84375,1.0
1027_ESL,LR,mean,0.1,6.0,2.4641090536237087e-05,2.5761258116152597e-05,5.855142631724133e-05,66.66666666666666,0.0,33.33333333333333,0.4375,1.0,0.008616807406839276,0.008602477149164902,0.020277643622680554,66.66666666666666,0.0,33.33333333333333,0.3125,1.0
1027_ESL,LR,mean,0.2,6.0,5.3972421275083615e-05,4.091435908160079e-05,4.384297455804119e-05,100.0,0.0,0.0,0.03125,1.0,0.018562383938390412,0.014591581039710113,0.015456200741453326,100.0,0.0,0.0,0.03125,1.0
1027_ESL,LR,mean,0.3,6.0,4.686252128064764e-05,5.2297533975620425e-05,3.292545295846841e-05,100.0,0.0,0.0,0.03125,1.0,0.017271745998384613,0.019430726064816863,0.011748056336879153,100.0,0.0,0.0,0.03125,1.0
1027_ESL,LR,median,0.05,6.0,0.0,0.0,0.0,0.0,100.0,0.0,1.0,1.0,0.0,0.0,0.0,0.0,100.0,0.0,1.0,1.0
1027_ESL,LR,median,0.1,6.0,0.0,0.0,0.0,0.0,100.0,0.0,1.0,1.0,0.0,0.0,0.0,0.0,100.0,0.0,1.0,1.0
1027_ESL,LR,median,0.2,6.0,0.0,0.0,0.0,0.0,100.0,0.0,1.0,1.0,0.0,0.0,0.0,0.0,100.0,0.0,1.0,1.0
1027_ESL,LR,median,0.3,6.0,0.0,0.0,0.0,0.0,100.0,0.0,1.0,1.0,0.0,0.0,0.0,0.0,100.0,0.0,1.0,1.0
1027_ESL,RF,KNN,0.05,6.0,0.0007274232890452925,0.000695330077746803,0.000842550217905819,83.33333333333334,0.0,16.666666666666664,0.15625,1.0,0.19699703126771206,0.21219087684627863,0.23752737922411815,83.33333333333334,0.0,16.666666666666664,0.09375,1.0
1027_ESL,RF,KNN,0.1,6.0,0.0011124309211416235,0.0015513231609741718,0.0014476306545111188,66.66666666666666,0.0,33.33333333333333,0.15625,1.0,0.3396262030371844,0.4896334129154267,0.40807571611446464,66.66666666666666,0.0,33.33333333333333,0.15625,1.0
1027_ESL,RF,KNN,0.2,6.0,-0.0019592066319869725,-0.0021394011095096643,0.002315050237815532,33.33333333333333,0.0,66.66666666666666,0.15625,1.0,-0.5857775959297661,-0.6200583210695504,0.6541306065710969,33.33333333333333,0.0,66.66666666666666,0.15625,1.0
1027_ESL,RF,KNN,0.3,6.0,0.00047587167968730454,0.0006962122640140622,0.002114048558340883,66.66666666666666,0.0,33.33333333333333,0.5625,1.0,0.0873301672218529,0.1162207419268644,0.5972839994579721,50.0,0.0,50.0,0.84375,1.0
1027_ESL,RF,mean,0.05,6.0,0.00044616479333721887,0.0007746319001785129,0.0009003709035626956,66.66666666666666,0.0,33.33333333333333,0.3125,1.0,0.11263429049673791,0.21003699439037188,0.25043058524624406,66.66666666666666,0.0,33.33333333333333,0.4375,1.0
1027_ESL,RF,mean,0.1,6.0,0.0005880713282137203,0.0005000417418088432,0.0006352976116560433,83.33333333333334,0.0,16.666666666666664,0.09375,1.0,0.20115716750046744,0.22157726682387527,0.18938629722681166,83.33333333333334,0.0,16.666666666666664,0.09375,1.0
1027_ESL,RF,mean,0.2,6.0,8.711613315874149e-05,-1.2832326943379435e-05,0.0002511658836509994,33.33333333333333,0.0,66.66666666666666,1.0,1.0,0.02299846639829785,-0.009434187431397227,0.07476305343981725,33.33333333333333,0.0,66.66666666666666,1.0,1.0
1027_ESL,RF,mean,0.3,6.0,-0.00028762470760744047,-0.0002761761608414126,0.0006080022545466217,33.33333333333333,0.0,66.66666666666666,0.4375,1.0,-0.09005158982675177,-0.07836110032815191,0.16853489423241405,33.33333333333333,0.0,66.66666666666666,0.3125,1.0
1027_ESL,RF,median,0.05,6.0,0.0,0.0,0.0,0.0,100.0,0.0,1.0,1.0,0.0,0.0,0.0,0.0,100.0,0.0,1.0,1.0
1027_ESL,RF,median,0.1,6.0,0.0,0.0,0.0,0.0,100.0,0.0,1.0,1.0,0.0,0.0,0.0,0.0,100.0,0.0,1.0,1.0
1027_ESL,RF,median,0.2,6.0,0.0,0.0,0.0,0.0,100.0,0.0,1.0,1.0,0.0,0.0,0.0,0.0,100.0,0.0,1.0,1.0
1027_ESL,RF,median,0.3,6.0,0.0,0.0,0.0,0.0,100.0,0.0,1.0,1.0,0.0,0.0,0.0,0.0,100.0,0.0,1.0,1.0
1027_ESL,SVR,KNN,0.05,6.0,0.0006897232330002426,0.0007487155178537708,0.00022697962340643553,100.0,0.0,0.0,0.03125,1.0,0.24617412679828732,0.2701965172485893,0.07441411239865403,100.0,0.0,0.0,0.03125,1.0
1027_ESL,SVR,KNN,0.1,6.0,0.0015701002115647473,0.001743333444793771,0.0009146644786480998,83.33333333333334,0.0,16.666666666666664,0.0625,1.0,0.5328878843712912,0.5923938597330223,0.30942871332799887,83.33333333333334,0.0,16.666666666666664,0.0625,1.0
1027_ESL,SVR,KNN,0.2,6.0,0.0019600941236868987,0.0019302589036312434,0.0014736334569491502,83.33333333333334,0.0,16.666666666666664,0.0625,1.0,0.6991992981631799,0.6884838417647576,0.5075124518432198,83.33333333333334,0.0,16.666666666666664,0.0625,1.0
1027_ESL,SVR,KNN,0.3,6.0,0.0005802441716954987,0.0010447761440634529,0.0011530833869724227,66.66666666666666,0.0,33.33333333333333,0.3125,1.0,0.18411167406386184,0.267836215160918,0.3484018488152052,66.66666666666666,0.0,33.33333333333333,0.3125,1.0
1027_ESL,SVR,mean,0.05,6.0,5.8513588036564666e-05,6.011468167560485e-05,8.611384311029456e-05,83.33333333333334,0.0,16.666666666666664,0.15625,1.0,0.021854323408946812,0.01939880084604009,0.031212949425699174,66.66666666666666,0.0,33.33333333333333,0.21875,1.0
1027_ESL,SVR,mean,0.1,6.0,-3.443579416217979e-05,-3.630234135326704e-05,5.943605588915308e-05,16.666666666666664,0.0,83.33333333333334,0.3125,1.0,-0.010743977531056983,-0.010242135531543333,0.01949002392851531,16.666666666666664,0.0,83.33333333333334,0.3125,1.0
1027_ESL,SVR,mean,0.2,6.0,-2.4206151372626234e-05,2.704082667404073e-05,0.0001614198792963407,66.66666666666666,0.0,33.33333333333333,1.0,1.0,-0.0052714016935419645,0.010347178007616491,0.050647709395503025,66.66666666666666,0.0,33.33333333333333,1.0,1.0
1027_ESL,SVR,mean,0.3,6.0,6.010180587155226e-05,-2.7302117936556236e-05,0.0001563142061436047,33.33333333333333,0.0,66.66666666666666,1.0,1.0,0.022824070130247762,-0.0061293807258803205,0.04978656313880181,33.33333333333333,0.0,66.66666666666666,1.0,1.0
1027_ESL,SVR,median,0.05,6.0,0.0,0.0,0.0,0.0,100.0,0.0,1.0,1.0,0.0,0.0,0.0,0.0,100.0,0.0,1.0,1.0
1027_ESL,SVR,median,0.1,6.0,0.0,0.0,0.0,0.0,100.0,0.0,1.0,1.0,0.0,0.0,0.0,0.0,100.0,0.0,1.0,1.0
1027_ESL,SVR,median,0.2,6.0,0.0,0.0,0.0,0.0,100.0,0.0,1.0,1.0,0.0,0.0,0.0,0.0,100.0,0.0,1.0,1.0
1027_ESL,SVR,median,0.3,6.0,0.0,0.0,0.0,0.0,100.0,0.0,1.0,1.0,0.0,0.0,0.0,0.0,100.0,0.0,1.0,1.0
1028_SWD,DT,KNN,0.05,6.0,0.005912563996012051,0.004703520521757237,0.004688390026371613,100.0,0.0,0.0,0.03125,1.0,0.47197050701567705,0.36105871519217847,0.349396942410667,100.0,0.0,0.0,0.03125,1.0
1028_SWD,DT,KNN,0.1,6.0,0.007764643261805028,0.005356272559584041,0.011242458794197843,66.66666666666666,0.0,33.33333333333333,0.3125,1.0,0.5788792653827716,0.3850988866815453,0.8421091721182894,66.66666666666666,0.0,33.33333333333333,0.21875,1.0
1028_SWD,DT,KNN,0.2,6.0,0.016353628404628784,0.019196796093663065,0.00922824085030175,100.0,0.0,0.0,0.03125,1.0,1.198594819709146,1.409195112374377,0.6914729193745774,100.0,0.0,0.0,0.03125,1.0
1028_SWD,DT,KNN,0.3,6.0,0.015841949372379982,0.015558547285678181,0.010813605737327169,83.33333333333334,0.0,16.666666666666664,0.0625,1.0,1.1502967284455352,1.1476404903708444,0.7796399567832055,83.33333333333334,0.0,16.666666666666664,0.0625,1.0
1028_SWD,DT,mean,0.05,6.0,0.0,0.0,0.0,0.0,100.0,0.0,1.0,1.0,0.0,0.0,0.0,0.0,100.0,0.0,1.0,1.0
1028_SWD,DT,mean,0.1,6.0,0.0,0.0,0.0,0.0,100.0,0.0,1.0,1.0,0.0,0.0,0.0,0.0,100.0,0.0,1.0,1.0
1028_SWD,DT,mean,0.2,6.0,0.0,0.0,0.0,0.0,100.0,0.0,1.0,1.0,0.0,0.0,0.0,0.0,100.0,0.0,1.0,1.0
1028_SWD,DT,mean,0.3,6.0,0.0,0.0,0.0,0.0,100.0,0.0,1.0,1.0,0.0,0.0,0.0,0.0,100.0,0.0,1.0,1.0
1028_SWD,DT,median,0.05,6.0,0.0,0.0,0.0,0.0,100.0,0.0,1.0,1.0,0.0,0.0,0.0,0.0,100.0,0.0,1.0,1.0
1028_SWD,DT,median,0.1,6.0,0.0,0.0,0.0,0.0,100.0,0.0,1.0,1.0,0.0,0.0,0.0,0.0,100.0,0.0,1.0,1.0
1028_SWD,DT,median,0.2,6.0,0.0,0.0,0.0,0.0,100.0,0.0,1.0,1.0,0.0,0.0,0.0,0.0,100.0,0.0,1.0,1.0
1028_SWD,DT,median,0.3,6.0,0.0,0.0,0.0,0.0,100.0,0.0,1.0,1.0,0.0,0.0,0.0,0.0,100.0,0.0,1.0,1.0
1028_SWD,KNN,KNN,0.05,6.0,0.0010504900879869754,0.001388186679130099,0.0014817403722767125,83.33333333333334,0.0,16.666666666666664,0.21875,1.0,0.09058453441122057,0.10524781056895385,0.10171032655708276,83.33333333333334,0.0,16.666666666666664,0.15625,1.0
1028_SWD,KNN,KNN,0.1,6.0,-0.008503902869797464,-0.006538123522003142,0.016212479532154885,33.33333333333333,0.0,66.66666666666666,0.3125,1.0,-0.6292455962889568,-0.49316137476287797,1.2352410644880811,33.33333333333333,0.0,66.66666666666666,0.3125,1.0
1028_SWD,KNN,KNN,0.2,6.0,0.0015478918159632,0.0013048732639484584,0.002918397351711641,66.66666666666666,0.0,33.33333333333333,0.3125,1.0,0.13658179130891732,0.13318072831348574,0.243349723803339,66.66666666666666,0.0,33.33333333333333,0.21875,1.0
1028_SWD,KNN,KNN,0.3,6.0,-0.003909588030128003,-0.0039953272110050675,0.008914449998338207,33.33333333333333,0.0,66.66666666666666,0.4375,1.0,-0.32213333423526574,-0.29809668686790836,0.6963956825944088,33.33333333333333,0.0,66.66666666666666,0.4375,1.0
1028_SWD,KNN,mean,0.05,6.0,0.0,0.0,0.0,0.0,100.0,0.0,1.0,1.0,0.0,0.0,0.0,0.0,100.0,0.0,1.0,1.0
1028_SWD,KNN,mean,0.1,6.0,-0.00037148405624072106,0.0,0.0009584576044368096,16.666666666666664,50.0,33.33333333333333,0.5,1.0,-0.03372894757748763,0.0,0.08613872731570359,16.666666666666664,50.0,33.33333333333333,0.5,1.0
1028_SWD,KNN,mean,0.2,6.0,3.794926142583477e-05,0.0,0.0004585772033914675,33.33333333333333,50.0,16.666666666666664,1.0,1.0,0.0033427482436357765,0.0,0.03429849949947346,33.33333333333333,50.0,16.666666666666664,0.75,1.0
1028_SWD,KNN,mean,0.3,6.0,-0.00010805292812871015,-0.0002642077729927139,0.0057167456709290455,33.33333333333333,16.666666666666664,50.0,1.0,1.0,-0.015044360567850709,-0.019161075297515352,0.43919858692473945,33.33333333333333,16.666666666666664,50.0,1.0,1.0
1028_SWD,KNN,median,0.05,6.0,0.0,0.0,0.0,0.0,100.0,0.0,1.0,1.0,0.0,0.0,0.0,0.0,100.0,0.0,1.0,1.0
1028_SWD,KNN,median,0.1,6.0,0.0,0.0,0.0,0.0,100.0,0.0,1.0,1.0,0.0,0.0,0.0,0.0,100.0,0.0,1.0,1.0
1028_SWD,KNN,median,0.2,6.0,0.0,0.0,0.0,0.0,100.0,0.0,1.0,1.0,0.0,0.0,0.0,0.0,100.0,0.0,1.0,1.0
1028_SWD,KNN,median,0.3,6.0,0.0,0.0,0.0,0.0,100.0,0.0,1.0,1.0,0.0,0.0,0.0,0.0,100.0,0.0,1.0,1.0
1028_SWD,LR,KNN,0.05,6.0,-0.00024795405427687395,-0.00015239348970505495,0.00046470667773606953,50.0,0.0,50.0,0.4375,1.0,-0.02218550199613752,-0.016606585163226408,0.038538043181711695,33.33333333333333,0.0,66.66666666666666,0.21875,1.0
1028_SWD,LR,KNN,0.1,6.0,0.0017754788656819305,0.0011470181814505487,0.0014331234071759042,100.0,0.0,0.0,0.03125,1.0,0.14587804510928537,0.0989458795198935,0.11915291378124458,100.0,0.0,0.0,0.03125,1.0
1028_SWD,LR,KNN,0.2,6.0,0.0017048684559401912,0.0018725440819938044,0.0005612369467871293,100.0,0.0,0.0,0.03125,1.0,0.14110595736605658,0.15232631844020406,0.0438236076259163,100.0,0.0,0.0,0.03125,1.0
1028_SWD,LR,KNN,0.3,6.0,0.002197188536022493,0.002124119305431854,0.0007486466374363766,100.0,0.0,0.0,0.03125,1.0,0.18283808175789165,0.18227867938405412,0.0618567521003407,100.0,0.0,0.0,0.03125,1.0
1028_SWD,LR,mean,0.05,6.0,1.5218625328846288e-05,1.2803967675445449e-05,5.531471453104743e-05,66.66666666666666,0.0,33.33333333333333,0.5625,1.0,0.0012927329431990475,0.0010279355159789072,0.004449130510804632,66.66666666666666,0.0,33.33333333333333,0.5625,1.0
1028_SWD,LR,mean,0.1,6.0,-9.12623122156786e-06,-5.162510400005815e-05,0.00020948886067432873,16.666666666666664,0.0,83.33333333333334,0.4375,1.0,-0.0007476872453020673,-0.0044383131505354965,0.016680118831569935,16.666666666666664,0.0,83.33333333333334,0.4375,1.0
1028_SWD,LR,mean,0.2,6.0,4.229925676252355e-06,1.0655766106315578e-05,3.7221927493800995e-05,66.66666666666666,0.0,33.33333333333333,0.84375,1.0,0.0004673698272786757,0.0008090012353513147,0.002802198847745387,66.66666666666666,0.0,33.33333333333333,0.6875,1.0
1028_SWD,LR,mean,0.3,6.0,7.233850579074774e-06,6.87216904196597e-06,2.0208230058780966e-05,66.66666666666666,0.0,33.33333333333333,0.4375,1.0,0.0006265679948011632,0.00048775835430800213,0.001633152399104152,66.66666666666666,0.0,33.33333333333333,0.4375,1.0
1028_SWD,LR,median,0.05,6.0,0.0,0.0,0.0,0.0,100.0,0.0,1.0,1.0,0.0,0.0,0.0,0.0,100.0,0.0,1.0,1.0
1028_SWD,LR,median,0.1,6.0,0.0,0.0,0.0,0.0,100.0,0.0,1.0,1.0,0.0,0.0,0.0,0.0,100.0,0.0,1.0,1.0
1028_SWD,LR,median,0.2,6.0,0.0,0.0,0.0,0.0,100.0,0.0,1.0,1.0,0.0,0.0,0.0,0.0,100.0,0.0,1.0,1.0
1028_SWD,LR,median,0.3,6.0,0.0,0.0,0.0,0.0,100.0,0.0,1.0,1.0,0.0,0.0,0.0,0.0,100.0,0.0,1.0,1.0
1028_SWD,RF,KNN,0.05,6.0,0.003945943782842086,0.0022265962407400086,0.0034351341722624446,100.0,0.0,0.0,0.03125,1.0,0.3149970246266538,0.175533078997354,0.26341969685311134,100.0,0.0,0.0,0.03125,1.0
1028_SWD,RF,KNN,0.1,6.0,0.0020796824966310043,0.0010997589150147924,0.007557377268037152,50.0,0.0,50.0,0.6875,1.0,0.1586373042714772,0.07047050649800227,0.5722860149639348,50.0,0.0,50.0,0.6875,1.0
1028_SWD,RF,KNN,0.2,6.0,0.00892302894052488,0.008789092262073722,0.0052800610350693025,100.0,0.0,0.0,0.03125,1.0,0.6840647874660112,0.7020402404360342,0.4178382759021331,100.0,0.0,0.0,0.03125,1.0
1028_SWD,RF,KNN,0.3,6.0,0.008264864245118927,0.00716551706997004,0.006962664645553943,100.0,0.0,0.0,0.03125,1.0,0.6282952530041094,0.5475364809979321,0.5018761752726101,100.0,0.0,0.0,0.03125,1.0
1028_SWD,RF,mean,0.05,6.0,0.0,0.0,0.0,0.0,100.0,0.0,1.0,1.0,0.0,0.0,0.0,0.0,100.0,0.0,1.0,1.0
1028_SWD,RF,mean,0.1,6.0,-1.630720610582929e-07,0.0,8.936680071954808e-07,16.666666666666664,66.66666666666666,16.666666666666664,1.0,1.0,-1.5952990467019026e-05,0.0,7.277636749235975e-05,16.666666666666664,66.66666666666666,16.666666666666664,1.0,1.0
1028_SWD,RF,mean,0.2,6.0,1.0123469293410459e-06,0.0,5.885846421340671e-06,33.33333333333333,50.0,16.666666666666664,0.75,1.0,9.717183373880228e-05,0.0,0.0004645184174262927,33.33333333333333,50.0,16.666666666666664,0.75,1.0
1028_SWD,RF,mean,0.3,6.0,-1.2273061549642843e-06,0.0,3.0062738378396762e-06,0.0,83.33333333333334,16.666666666666664,1.0,1.0,-8.401592313266178e-05,0.0,0.000205796141943915,0.0,83.33333333333334,16.666666666666664,1.0,1.0
1028_SWD,RF,median,0.05,6.0,0.0,0.0,0.0,0.0,100.0,0.0,1.0,1.0,0.0,0.0,0.0,0.0,100.0,0.0,1.0,1.0
1028_SWD,RF,median,0.1,6.0,0.0,0.0,0.0,0.0,100.0,0.0,1.0,1.0,0.0,0.0,0.0,0.0,100.0,0.0,1.0,1.0
1028_SWD,RF,median,0.2,6.0,0.0,0.0,0.0,0.0,100.0,0.0,1.0,1.0,0.0,0.0,0.0,0.0,100.0,0.0,1.0,1.0
1028_SWD,RF,median,0.3,6.0,0.0,0.0,0.0,0.0,100.0,0.0,1.0,1.0,0.0,0.0,0.0,0.0,100.0,0.0,1.0,1.0
1028_SWD,SVR,KNN,0.05,6.0,-7.08348158942144e-05,-0.00016051065776800932,0.0005899075260092941,50.0,0.0,50.0,0.84375,1.0,-0.010651740203010083,-0.020330851570291915,0.04489635753176814,33.33333333333333,0.0,66.66666666666666,0.6875,1.0
1028_SWD,SVR,KNN,0.1,6.0,0.0023469190391025387,0.0020175152815224695,0.00164470347720991,100.0,0.0,0.0,0.03125,1.0,0.18949109453865096,0.1644470485059885,0.13331259990814795,100.0,0.0,0.0,0.03125,1.0
1028_SWD,SVR,KNN,0.2,6.0,0.0019234150633731517,0.002251613462736529,0.0012362406310741005,83.33333333333334,0.0,16.666666666666664,0.0625,1.0,0.15197184574995523,0.17936122124855014,0.09559512967049967,83.33333333333334,0.0,16.666666666666664,0.0625,1.0
1028_SWD,SVR,KNN,0.3,6.0,0.002896362502373554,0.0027762236738378965,0.001747004664300399,100.0,0.0,0.0,0.03125,1.0,0.2436542032027628,0.24519756747642735,0.14704605819426012,100.0,0.0,0.0,0.03125,1.0
1028_SWD,SVR,mean,0.05,6.0,4.8549917453862466e-05,3.1608581872372143e-05,0.0001087802728640629,66.66666666666666,0.0,33.33333333333333,0.4375,1.0,0.003957416693693649,0.003771495490760231,0.00897106523317476,66.66666666666666,0.0,33.33333333333333,0.4375,1.0
1028_SWD,SVR,mean,0.1,6.0,2.925849976217106e-05,8.352859474344831e-05,0.0004084574123431843,66.66666666666666,0.0,33.33333333333333,0.84375,1.0,0.0027615488389951307,0.006356858400705115,0.030767556765860033,66.66666666666666,0.0,33.33333333333333,0.6875,1.0
1028_SWD,SVR,mean,0.2,6.0,-6.588018607028845e-05,-6.464570243916445e-05,7.317104552501516e-05,16.666666666666664,0.0,83.33333333333334,0.15625,1.0,-0.004882378956704744,-0.005957267529599852,0.005163693950651549,16.666666666666664,0.0,83.33333333333334,0.09375,1.0
1028_SWD,SVR,mean,0.3,6.0,-0.00019871997340714653,-0.00020794049024375205,0.0002146569439432372,16.666666666666664,0.0,83.33333333333334,0.09375,1.0,-0.015886384002883277,-0.017151303131431206,0.017582647732904088,16.666666666666664,0.0,83.33333333333334,0.09375,1.0
1028_SWD,SVR,median,0.05,6.0,0.0,0.0,0.0,0.0,100.0,0.0,1.0,1.0,0.0,0.0,0.0,0.0,100.0,0.0,1.0,1.0
1028_SWD,SVR,median,0.1,6.0,0.0,0.0,0.0,0.0,100.0,0.0,1.0,1.0,0.0,0.0,0.0,0.0,100.0,0.0,1.0,1.0
1028_SWD,SVR,median,0.2,6.0,0.0,0.0,0.0,0.0,100.0,0.0,1.0,1.0,0.0,0.0,0.0,0.0,100.0,0.0,1.0,1.0
1028_SWD,SVR,median,0.3,6.0,0.0,0.0,0.0,0.0,100.0,0.0,1.0,1.0,0.0,0.0,0.0,0.0,100.0,0.0,1.0,1.0
1029_LEV,DT,KNN,0.05,6.0,-0.002220131323111237,-0.001626844488040624,0.002055872146099375,0.0,0.0,100.0,0.03125,1.0,-0.23253092692482932,-0.17118240709979474,0.2024842892318827,0.0,0.0,100.0,0.03125,1.0
1029_LEV,DT,KNN,0.1,6.0,-0.0002607227118839687,-0.0029910620805325416,0.0056673823505978375,33.33333333333333,0.0,66.66666666666666,1.0,1.0,-0.053239761452621936,-0.28482455032251974,0.507952472389365,33.33333333333333,0.0,66.66666666666666,0.5625,1.0
1029_LEV,DT,KNN,0.2,6.0,0.012109483726650577,0.009271432601594742,0.013949138592084747,83.33333333333334,0.0,16.666666666666664,0.0625,1.0,1.1081072457536818,0.9081217407712612,1.14262140448762,83.33333333333334,0.0,16.666666666666664,0.0625,1.0
1029_LEV,DT,KNN,0.3,6.0,0.0062821955903997195,0.005757490329713205,0.008562217153818363,83.33333333333334,0.0,16.666666666666664,0.09375,1.0,0.5569738656128149,0.5430522176662601,0.7062130299257138,83.33333333333334,0.0,16.666666666666664,0.09375,1.0
1029_LEV,DT,mean,0.05,6.0,0.0021459450912567346,0.0006147951663127982,0.0032214344270294674,66.66666666666666,0.0,33.33333333333333,0.15625,1.0,0.20456316145898987,0.06313940390716893,0.310377255738516,66.66666666666666,0.0,33.33333333333333,0.21875,1.0
1029_LEV,DT,mean,0.1,6.0,0.0,0.0,0.0,0.0,100.0,0.0,1.0,1.0,0.0,0.0,0.0,0.0,100.0,0.0,1.0,1.0
1029_LEV,DT,mean,0.2,6.0,-0.004563221408035861,-0.006455048508650446,0.004268572883277856,16.666666666666664,0.0,83.33333333333334,0.09375,1.0,-0.3923672132802904,-0.579468664836475,0.37629424018003316,16.666666666666664,0.0,83.33333333333334,0.09375,1.0
1029_LEV,DT,mean,0.3,6.0,0.0,0.0,0.0,0.0,100.0,0.0,1.0,1.0,0.0,0.0,0.0,0.0,100.0,0.0,1.0,1.0
1029_LEV,DT,median,0.05,6.0,0.0,0.0,0.0,0.0,100.0,0.0,1.0,1.0,0.0,0.0,0.0,0.0,100.0,0.0,1.0,1.0
1029_LEV,DT,median,0.1,6.0,0.0,0.0,0.0,0.0,100.0,0.0,1.0,1.0,0.0,0.0,0.0,0.0,100.0,0.0,1.0,1.0
1029_LEV,DT,median,0.2,6.0,0.0,0.0,0.0,0.0,100.0,0.0,1.0,1.0,0.0,0.0,0.0,0.0,100.0,0.0,1.0,1.0
1029_LEV,DT,median,0.3,6.0,0.0,0.0,0.0,0.0,100.0,0.0,1.0,1.0,0.0,0.0,0.0,0.0,100.0,0.0,1.0,1.0
1029_LEV,KNN,KNN,0.05,6.0,-0.012792122633459968,-0.012484091711364692,0.004416642265723068,0.0,0.0,100.0,0.03125,1.0,-1.3355773113370175,-1.3041409373948967,0.4947028938458773,0.0,0.0,100.0,0.03125,1.0
1029_LEV,KNN,KNN,0.1,6.0,-0.004302333018734145,-0.002388254413954294,0.007080807301958692,16.666666666666664,0.0,83.33333333333334,0.09375,1.0,-0.4095884810745371,-0.22906173535204644,0.708011570328931,33.33333333333333,0.0,66.66666666666666,0.15625,1.0
1029_LEV,KNN,KNN,0.2,6.0,0.0066830449401373655,0.005214380061935725,0.015140005748986758,83.33333333333334,0.0,16.666666666666664,0.3125,1.0,0.6029936946627116,0.3518558822058111,1.469187661426496,83.33333333333334,0.0,16.666666666666664,0.3125,1.0
1029_LEV,KNN,KNN,0.3,6.0,0.0026506545665419914,0.004958645185378502,0.009984152529802953,66.66666666666666,0.0,33.33333333333333,0.5625,1.0,0.2220807123626449,0.420290043232963,0.9732987626359192,66.66666666666666,0.0,33.33333333333333,0.5625,1.0
1029_LEV,KNN,mean,0.05,6.0,0.001333152034566058,0.0008471020892709125,0.005710741573215109,50.0,0.0,50.0,0.6875,1.0,0.12246613696211976,0.07995729093533241,0.5170750499044882,50.0,0.0,50.0,0.6875,1.0
1029_LEV,KNN,mean,0.1,6.0,0.000225583700563294,0.0,0.0007390732858588406,33.33333333333333,50.0,16.666666666666664,0.75,1.0,0.02468429075858064,0.0,0.0718371370197639,33.33333333333333,50.0,16.666666666666664,0.75,1.0
1029_LEV,KNN,mean,0.2,6.0,0.0013361512022263822,0.004274256539600563,0.0056633534906190735,66.66666666666666,0.0,33.33333333333333,0.5625,1.0,0.12817703093051555,0.4023869498241942,0.5384304681916421,66.66666666666666,0.0,33.33333333333333,0.5625,1.0
1029_LEV,KNN,mean,0.3,6.0,0.002771774947096526,0.0006086172569384485,0.004126197395963262,83.33333333333334,16.666666666666664,0.0,0.0625,1.0,0.26905853831661364,0.05968499543863777,0.39576057342884796,83.33333333333334,16.666666666666664,0.0,0.0625,1.0
1029_LEV,KNN,median,0.05,6.0,0.0,0.0,0.0,0.0,100.0,0.0,1.0,1.0,0.0,0.0,0.0,0.0,100.0,0.0,1.0,1.0
1029_LEV,KNN,median,0.1,6.0,0.0,0.0,0.0,0.0,100.0,0.0,1.0,1.0,0.0,0.0,0.0,0.0,100.0,0.0,1.0,1.0
1029_LEV,KNN,median,0.2,6.0,0.0,0.0,0.0,0.0,100.0,0.0,1.0,1.0,0.0,0.0,0.0,0.0,100.0,0.0,1.0,1.0
1029_LEV,KNN,median,0.3,6.0,0.0,0.0,0.0,0.0,100.0,0.0,1.0,1.0,0.0,0.0,0.0,0.0,100.0,0.0,1.0,1.0
1029_LEV,LR,KNN,0.05,6.0,-0.0004418109245501456,-0.0003944239807851524,0.0005348425543517302,16.666666666666664,0.0,83.33333333333334,0.15625,1.0,-0.05244444532925108,-0.046403998729359075,0.06024326276228698,16.666666666666664,0.0,83.33333333333334,0.09375,1.0
1029_LEV,LR,KNN,0.1,6.0,0.0006341723674495222,0.000868180858111689,0.0008568680516638839,83.33333333333334,0.0,16.666666666666664,0.15625,1.0,0.06037499570296473,0.07217451006457233,0.09299603198356417,83.33333333333334,0.0,16.666666666666664,0.15625,1.0
1029_LEV,LR,KNN,0.2,6.0,0.014658908072802549,0.016395256155149363,0.005572499812625341,100.0,0.0,0.0,0.03125,1.0,1.600200911567913,1.810333765084334,0.5934602464865473,100.0,0.0,0.0,0.03125,1.0
1029_LEV,LR,KNN,0.3,6.0,0.008710761972191986,0.00800776263539188,0.002999206794756585,100.0,0.0,0.0,0.03125,1.0,0.9417216147883719,0.8831548234330813,0.30457872972234856,100.0,0.0,0.0,0.03125,1.0
1029_LEV,LR,mean,0.05,6.0,-2.325138366071622e-05,2.963760374452562e-06,7.053456334296322e-05,50.0,0.0,50.0,0.84375,1.0,-0.0029206520211105536,0.0002802422425352419,0.007991021834617187,50.0,0.0,50.0,0.84375,1.0
1029_LEV,LR,mean,0.1,6.0,-1.5151537716806551e-05,-9.996736632378322e-06,9.487053900207868e-05,50.0,0.0,50.0,0.84375,1.0,-0.0010460303563472508,2.1936914106217466e-05,0.010169223837591869,50.0,0.0,50.0,1.0,1.0
1029_LEV,LR,mean,0.2,6.0,2.65798129529445e-05,2.400485694550869e-05,8.494818453851111e-05,66.66666666666666,0.0,33.33333333333333,0.5625,1.0,0.0031005761193060185,0.002586985918052652,0.008922881011359837,66.66666666666666,0.0,33.33333333333333,0.4375,1.0
1029_LEV,LR,mean,0.3,6.0,8.202280736787267e-05,3.953303655052087e-05,0.00020755272158149045,50.0,0.0,50.0,0.5625,1.0,0.007888585556746626,0.004650091045253966,0.02077299159394362,50.0,0.0,50.0,0.5625,1.0
1029_LEV,LR,median,0.05,6.0,0.0,0.0,0.0,0.0,100.0,0.0,1.0,1.0,0.0,0.0,0.0,0.0,100.0,0.0,1.0,1.0
1029_LEV,LR,median,0.1,6.0,0.0,0.0,0.0,0.0,100.0,0.0,1.0,1.0,0.0,0.0,0.0,0.0,100.0,0.0,1.0,1.0
1029_LEV,LR,median,0.2,6.0,0.0,0.0,0.0,0.0,100.0,0.0,1.0,1.0,0.0,0.0,0.0,0.0,100.0,0.0,1.0,1.0
1029_LEV,LR,median,0.3,6.0,0.0,0.0,0.0,0.0,100.0,0.0,1.0,1.0,0.0,0.0,0.0,0.0,100.0,0.0,1.0,1.0
1029_LEV,RF,KNN,0.05,6.0,-0.0022982765391930484,-0.001578510162953073,0.0020220153970338956,0.0,0.0,100.0,0.03125,1.0,-0.24190005210404256,-0.17701573877066384,0.20865232691911778,0.0,0.0,100.0,0.03125,1.0
1029_LEV,RF,KNN,0.1,6.0,-0.0027306710734190756,-0.0030405841066059314,0.0032303165374492574,16.666666666666664,0.0,83.33333333333334,0.09375,1.0,-0.28151201196219444,-0.30709980677966175,0.2900576786385149,16.666666666666664,0.0,83.33333333333334,0.09375,1.0
1029_LEV,RF,KNN,0.2,6.0,0.0055791011568390725,0.004763129075413874,0.00643212940645303,83.33333333333334,0.0,16.666666666666664,0.15625,1.0,0.5604463524623178,0.5174636525260632,0.6044454062677868,83.33333333333334,0.0,16.666666666666664,0.09375,1.0
1029_LEV,RF,KNN,0.3,6.0,0.0016805744356243417,0.0009026757091251392,0.0036242345782704364,66.66666666666666,0.0,33.33333333333333,0.4375,1.0,0.14533763704335426,0.0921893280143994,0.31911305389522254,66.66666666666666,0.0,33.33333333333333,0.4375,1.0
1029_LEV,RF,mean,0.05,6.0,4.6704909616696044e-05,-2.2227790254236712e-05,0.00042344913960298505,50.0,0.0,50.0,1.0,1.0,0.005433833756561248,-0.00024915691811914185,0.04076067329593085,50.0,0.0,50.0,1.0,1.0
1029_LEV,RF,mean,0.1,6.0,4.938200780837028e-06,0.0,1.2958586504246848e-05,16.666666666666664,66.66666666666666,16.666666666666664,1.0,1.0,0.0005039603569259902,0.0,0.0013242545809930971,16.666666666666664,66.66666666666666,16.666666666666664,1.0,1.0
1029_LEV,RF,mean,0.2,6.0,-0.0004948605821970634,0.0004340083744774348,0.0023348517199176045,66.66666666666666,0.0,33.33333333333333,0.6875,1.0,-0.03910973199992706,0.04323815995827375,0.20477109423940734,66.66666666666666,0.0,33.33333333333333,0.6875,1.0
1029_LEV,RF,mean,0.3,6.0,6.654098273985627e-06,-3.951201774737845e-06,3.0616178374506e-05,16.666666666666664,33.33333333333333,50.0,0.875,1.0,0.0006484971122787138,-0.00037811454335916385,0.002982921242331001,16.666666666666664,33.33333333333333,50.0,0.875,1.0
1029_LEV,RF,median,0.05,6.0,0.0,0.0,0.0,0.0,100.0,0.0,1.0,1.0,0.0,0.0,0.0,0.0,100.0,0.0,1.0,1.0
1029_LEV,RF,median,0.1,6.0,0.0,0.0,0.0,0.0,100.0,0.0,1.0,1.0,0.0,0.0,0.0,0.0,100.0,0.0,1.0,1.0
1029_LEV,RF,median,0.2,6.0,0.0,0.0,0.0,0.0,100.0,0.0,1.0,1.0,0.0,0.0,0.0,0.0,100.0,0.0,1.0,1.0
1029_LEV,RF,median,0.3,6.0,0.0,0.0,0.0,0.0,100.0,0.0,1.0,1.0,0.0,0.0,0.0,0.0,100.0,0.0,1.0,1.0
1029_LEV,SVR,KNN,0.05,6.0,-0.0004321091418189038,-0.0006892076608185915,0.0009951346805719765,33.33333333333333,0.0,66.66666666666666,0.4375,1.0,-0.04946181201306646,-0.08034539835618337,0.1122507922881423,33.33333333333333,0.0,66.66666666666666,0.4375,1.0
1029_LEV,SVR,KNN,0.1,6.0,0.0010517414696888012,0.000917747332239427,0.0006332054895010497,100.0,0.0,0.0,0.03125,1.0,0.10846755249756762,0.09904594687170559,0.07133856601594303,100.0,0.0,0.0,0.03125,1.0
1029_LEV,SVR,KNN,0.2,6.0,0.015523581946104018,0.017218311853575252,0.0066601976608192445,100.0,0.0,0.0,0.03125,1.0,1.6746387506275926,1.8905820094774706,0.7047948085876394,100.0,0.0,0.0,0.03125,1.0
1029_LEV,SVR,KNN,0.3,6.0,0.011445716116375515,0.010859182227628605,0.0024256488366079833,100.0,0.0,0.0,0.03125,1.0,1.221759186584248,1.1243771707923744,0.25654396362782017,100.0,0.0,0.0,0.03125,1.0
1029_LEV,SVR,mean,0.05,6.0,-0.00014296302112086026,-0.00012567199260704598,9.826483766917969e-05,0.0,0.0,100.0,0.03125,1.0,-0.016874896547511165,-0.015744090950539896,0.011315923909024075,0.0,0.0,100.0,0.03125,1.0
1029_LEV,SVR,mean,0.1,6.0,-8.415284731692434e-05,-7.248260098113857e-05,0.00025241378924970904,33.33333333333333,0.0,66.66666666666666,0.5625,1.0,-0.007754312005989604,-0.007547980885239267,0.024775898652403438,33.33333333333333,0.0,66.66666666666666,0.5625,1.0
1029_LEV,SVR,mean,0.2,6.0,2.5262260117721775e-05,9.832018449953961e-05,0.0002653495220458045,66.66666666666666,0.0,33.33333333333333,0.6875,1.0,0.0025747164628305923,0.007376100906295512,0.024110953598672488,66.66666666666666,0.0,33.33333333333333,0.6875,1.0
1029_LEV,SVR,mean,0.3,6.0,-2.2547606287698363e-05,-2.452334409167034e-05,0.0006759104924728487,50.0,0.0,50.0,1.0,1.0,-0.0021178380025501328,-0.0016973730531751538,0.0653738067696575,50.0,0.0,50.0,1.0,1.0
1029_LEV,SVR,median,0.05,6.0,0.0,0.0,0.0,0.0,100.0,0.0,1.0,1.0,0.0,0.0,0.0,0.0,100.0,0.0,1.0,1.0
1029_LEV,SVR,median,0.1,6.0,0.0,0.0,0.0,0.0,100.0,0.0,1.0,1.0,0.0,0.0,0.0,0.0,100.0,0.0,1.0,1.0
1029_LEV,SVR,median,0.2,6.0,0.0,0.0,0.0,0.0,100.0,0.0,1.0,1.0,0.0,0.0,0.0,0.0,100.0,0.0,1.0,1.0
1029_LEV,SVR,median,0.3,6.0,0.0,0.0,0.0,0.0,100.0,0.0,1.0,1.0,0.0,0.0,0.0,0.0,100.0,0.0,1.0,1.0
1030_ERA,DT,KNN,0.05,6.0,0.0,0.0,0.0,0.0,100.0,0.0,1.0,1.0,0.0,0.0,0.0,0.0,100.0,0.0,1.0,1.0
1030_ERA,DT,KNN,0.1,6.0,7.789564251986514e-06,0.0,5.825888633061687e-05,16.666666666666664,66.66666666666666,16.666666666666664,1.0,1.0,0.0007783913812377633,0.0,0.004905652429453709,16.666666666666664,66.66666666666666,16.666666666666664,1.0,1.0
1030_ERA,DT,KNN,0.2,6.0,-0.00025180037967231783,0.0,0.0007001507451007048,16.666666666666664,66.66666666666666,16.666666666666664,1.0,1.0,-0.01949359475663878,0.0,0.054198694383751383,16.666666666666664,66.66666666666666,16.666666666666664,1.0,1.0
1030_ERA,DT,KNN,0.3,6.0,0.0020820572280278913,0.0022392289283122424,0.0011775018780293624,100.0,0.0,0.0,0.03125,1.0,0.1657125480141141,0.17810831008763112,0.09407298799774412,100.0,0.0,0.0,0.03125,1.0
1030_ERA,DT,mean,0.05,6.0,0.0,0.0,0.0,0.0,100.0,0.0,1.0,1.0,0.0,0.0,0.0,0.0,100.0,0.0,1.0,1.0
1030_ERA,DT,mean,0.1,6.0,0.0,0.0,0.0,0.0,100.0,0.0,1.0,1.0,0.0,0.0,0.0,0.0,100.0,0.0,1.0,1.0
1030_ERA,DT,mean,0.2,6.0,0.0,0.0,0.0,0.0,100.0,0.0,1.0,1.0,0.0,0.0,0.0,0.0,100.0,0.0,1.0,1.0
1030_ERA,DT,mean,0.3,6.0,0.0,0.0,0.0,0.0,100.0,0.0,1.0,1.0,0.0,0.0,0.0,0.0,100.0,0.0,1.0,1.0
1030_ERA,DT,median,0.05,6.0,0.0,0.0,0.0,0.0,100.0,0.0,1.0,1.0,0.0,0.0,0.0,0.0,100.0,0.0,1.0,1.0
1030_ERA,DT,median,0.1,6.0,0.0,0.0,0.0,0.0,100.0,0.0,1.0,1.0,0.0,0.0,0.0,0.0,100.0,0.0,1.0,1.0
1030_ERA,DT,median,0.2,6.0,-0.0001185001255520531,0.0,0.001030201593730835,33.33333333333333,50.0,16.666666666666664,1.0,1.0,-0.008111776417145522,0.0,0.07446126512789332,33.33333333333333,50.0,16.666666666666664,1.0,1.0
1030_ERA,DT,median,0.3,6.0,0.0003786353612101427,0.0,0.0012250500101253408,33.33333333333333,50.0,16.666666666666664,0.75,1.0,0.025771705176180642,0.0,0.08302232244788149,33.33333333333333,50.0,16.666666666666664,0.75,1.0
1030_ERA,KNN,KNN,0.05,6.0,0.0,0.0,0.0,0.0,100.0,0.0,1.0,1.0,0.0,0.0,0.0,0.0,100.0,0.0,1.0,1.0
1030_ERA,KNN,KNN,0.1,6.0,-0.002363117209158374,-0.0006423089174188157,0.003905977697829461,16.666666666666664,16.666666666666664,66.66666666666666,0.125,1.0,-0.16178330172733169,-0.04552806150763161,0.26203893408699525,16.666666666666664,16.666666666666664,66.66666666666666,0.125,1.0
1030_ERA,KNN,KNN,0.2,6.0,0.004585753423126611,0.004487415167786404,0.005746350308225621,83.33333333333334,0.0,16.666666666666664,0.09375,1.0,0.31137380318842295,0.30926080626677604,0.377287333530267,83.33333333333334,0.0,16.666666666666664,0.09375,1.0
1030_ERA,KNN,KNN,0.3,6.0,0.00598391605795498,0.002671814560659097,0.011505754079702614,83.33333333333334,0.0,16.666666666666664,0.15625,1.0,0.42532886185777063,0.18902434554502673,0.8329546165543226,83.33333333333334,0.0,16.666666666666664,0.15625,1.0
1030_ERA,KNN,mean,0.05,6.0,6.418514695757938e-05,0.0,0.0003005259254263914,33.33333333333333,33.33333333333333,33.33333333333333,0.875,1.0,0.004361389570946985,0.0,0.019282454131375994,33.33333333333333,33.33333333333333,33.33333333333333,0.625,1.0
1030_ERA,KNN,mean,0.1,6.0,-5.9081390820799516e-05,0.0,0.0001688025555271057,16.666666666666664,50.0,33.33333333333333,0.75,1.0,-0.0038694443844758375,0.0,0.011591162301007403,16.666666666666664,50.0,33.33333333333333,0.75,1.0
1030_ERA,KNN,mean,0.2,6.0,-3.239403586927092e-05,0.0,7.934885858912947e-05,0.0,83.33333333333334,16.666666666666664,1.0,1.0,-0.0022750026201529996,0.0,0.005572595582869627,0.0,83.33333333333334,16.666666666666664,1.0,1.0
1030_ERA,KNN,mean,0.3,6.0,0.0001503280495547682,0.0,0.000368227015437006,16.666666666666664,83.33333333333334,0.0,1.0,1.0,0.0077864907414004455,0.0,0.019072929203336576,16.666666666666664,83.33333333333334,0.0,1.0,1.0
1030_ERA,KNN,median,0.05,6.0,0.0,0.0,0.0,0.0,100.0,0.0,1.0,1.0,0.0,0.0,0.0,0.0,100.0,0.0,1.0,1.0
1030_ERA,KNN,median,0.1,6.0,0.0,0.0,0.0,0.0,100.0,0.0,1.0,1.0,0.0,0.0,0.0,0.0,100.0,0.0,1.0,1.0
1030_ERA,KNN,median,0.2,6.0,0.0004693048536606274,0.0,0.004669725864896345,16.666666666666664,50.0,33.33333333333333,1.0,1.0,0.039500413884711316,0.0,0.3181951898406904,16.666666666666664,50.0,33.33333333333333,1.0,1.0
1030_ERA,KNN,median,0.3,6.0,0.0069259337389917614,0.0008279581762841437,0.011369114252439317,50.0,50.0,0.0,0.25,1.0,0.4428486086868868,0.05740826987090872,0.7096425208070118,50.0,50.0,0.0,0.25,1.0
1030_ERA,LR,KNN,0.05,6.0,0.0,0.0,0.0,0.0,100.0,0.0,1.0,1.0,0.0,0.0,0.0,0.0,100.0,0.0,1.0,1.0
1030_ERA,LR,KNN,0.1,6.0,2.1818042353997463e-05,-3.005932682292878e-06,5.693520715991338e-05,33.33333333333333,0.0,66.66666666666666,1.0,1.0,0.0019068668960113312,-0.0002474112372076909,0.00496036290706845,33.33333333333333,0.0,66.66666666666666,1.0,1.0
1030_ERA,LR,KNN,0.2,6.0,0.0036071722258364156,0.005396772436554065,0.003135806129202494,83.33333333333334,0.0,16.666666666666664,0.09375,1.0,0.2775557524161898,0.41048417220897104,0.24462903722661733,83.33333333333334,0.0,16.666666666666664,0.09375,1.0
1030_ERA,LR,KNN,0.3,6.0,0.0025075478225312455,0.0028050610135436915,0.0012263989653643113,100.0,0.0,0.0,0.03125,1.0,0.19990196781741823,0.23350928125078352,0.09687999074330686,100.0,0.0,0.0,0.03125,1.0
1030_ERA,LR,mean,0.05,6.0,3.708073190787179e-06,-2.7530085413562944e-06,9.927066292054352e-05,50.0,0.0,50.0,0.84375,1.0,0.00022444120011908623,-0.00018219717493070498,0.007498709731064568,33.33333333333333,0.0,66.66666666666666,0.84375,1.0
1030_ERA,LR,mean,0.1,6.0,-1.6881982568791216e-05,-5.7181431273589656e-06,4.3448357871152256e-05,33.33333333333333,0.0,66.66666666666666,0.3125,1.0,-0.001377596840118278,-0.00046068170228652115,0.0034245857508257605,33.33333333333333,0.0,66.66666666666666,0.3125,1.0
1030_ERA,LR,mean,0.2,6.0,3.0820022508926126e-05,1.0386066070344757e-05,0.00012835204724987654,66.66666666666666,0.0,33.33333333333333,0.84375,1.0,0.0022257537642835696,0.0009364595356418611,0.009496236967142848,66.66666666666666,0.0,33.33333333333333,0.84375,1.0
1030_ERA,LR,mean,0.3,6.0,-2.2505941690759146e-05,-6.678282871847019e-06,0.00015517819662206554,50.0,0.0,50.0,1.0,1.0,-0.0015713599638735793,-0.00038040724466852544,0.011749559949820226,50.0,0.0,50.0,1.0,1.0
1030_ERA,LR,median,0.05,6.0,0.0,0.0,0.0,0.0,100.0,0.0,1.0,1.0,0.0,0.0,0.0,0.0,100.0,0.0,1.0,1.0
1030_ERA,LR,median,0.1,6.0,0.0,0.0,0.0,0.0,100.0,0.0,1.0,1.0,0.0,0.0,0.0,0.0,100.0,0.0,1.0,1.0
1030_ERA,LR,median,0.2,6.0,0.00022472859503018064,8.022457753065204e-05,0.00038161964538543474,50.0,50.0,0.0,0.25,1.0,0.016969537419783257,0.006003211694442813,0.02883953379876047,50.0,50.0,0.0,0.25,1.0
1030_ERA,LR,median,0.3,6.0,0.00011071094484957356,0.0,0.0006230840799401937,33.33333333333333,50.0,16.666666666666664,1.0,1.0,0.008687422407385638,0.0,0.04786873619884385,33.33333333333333,50.0,16.666666666666664,1.0,1.0
1030_ERA,RF,KNN,0.05,6.0,0.0,0.0,0.0,0.0,100.0,0.0,1.0,1.0,0.0,0.0,0.0,0.0,100.0,0.0,1.0,1.0
1030_ERA,RF,KNN,0.1,6.0,-1.5399839730959968e-05,-1.4292169361607154e-06,3.085260843858187e-05,16.666666666666664,33.33333333333333,50.0,0.25,1.0,-0.0013730326782402814,-0.0001093992989250142,0.0026776734604870567,16.666666666666664,33.33333333333333,50.0,0.25,1.0
1030_ERA,RF,KNN,0.2,6.0,-0.00022466859762956815,1.0437617329883686e-06,0.0006816789698072294,50.0,0.0,50.0,1.0,1.0,-0.01724900268263585,8.837075532602606e-05,0.05242768305052419,50.0,0.0,50.0,1.0,1.0
1030_ERA,RF,KNN,0.3,6.0,0.0017683086993963242,0.0016903578096350291,0.0009479617061801648,100.0,0.0,0.0,0.03125,1.0,0.14093652998006354,0.13418162012052703,0.07583660407551442,100.0,0.0,0.0,0.03125,1.0
1030_ERA,RF,mean,0.05,6.0,0.0,0.0,0.0,0.0,100.0,0.0,1.0,1.0,0.0,0.0,0.0,0.0,100.0,0.0,1.0,1.0
1030_ERA,RF,mean,0.1,6.0,7.930125704251148e-09,0.0,1.9424761571544418e-08,16.666666666666664,83.33333333333334,0.0,1.0,1.0,5.787911246906007e-07,0.0,1.417742923143566e-06,16.666666666666664,83.33333333333334,0.0,1.0,1.0
1030_ERA,RF,mean,0.2,6.0,0.0,0.0,0.0,0.0,100.0,0.0,1.0,1.0,0.0,0.0,0.0,0.0,100.0,0.0,1.0,1.0
1030_ERA,RF,mean,0.3,6.0,2.4959239901376867e-05,0.0,5.97602781601498e-05,33.33333333333333,50.0,16.666666666666664,0.5,1.0,0.001846718660328859,0.0,0.004399574623074663,33.33333333333333,50.0,16.666666666666664,0.5,1.0
1030_ERA,RF,median,0.05,6.0,0.0,0.0,0.0,0.0,100.0,0.0,1.0,1.0,0.0,0.0,0.0,0.0,100.0,0.0,1.0,1.0
1030_ERA,RF,median,0.1,6.0,0.0,0.0,0.0,0.0,100.0,0.0,1.0,1.0,0.0,0.0,0.0,0.0,100.0,0.0,1.0,1.0
1030_ERA,RF,median,0.2,6.0,-6.88249886013903e-05,0.0,0.0009738277263003882,33.33333333333333,50.0,16.666666666666664,1.0,1.0,-0.004659599795810931,0.0,0.07086656874069276,33.33333333333333,50.0,16.666666666666664,1.0,1.0
1030_ERA,RF,median,0.3,6.0,0.000158658655164845,0.0,0.0005973238450806692,33.33333333333333,50.0,16.666666666666664,0.75,1.0,0.011365394664911523,0.0,0.04206599847205831,33.33333333333333,50.0,16.666666666666664,0.75,1.0
1030_ERA,SVR,KNN,0.05,6.0,0.0,0.0,0.0,0.0,100.0,0.0,1.0,1.0,0.0,0.0,0.0,0.0,100.0,0.0,1.0,1.0
1030_ERA,SVR,KNN,0.1,6.0,-4.684225108722573e-05,1.2910179933406374e-05,0.00019601222631496882,50.0,0.0,50.0,0.84375,1.0,-0.003014577390306902,0.0009326835822641271,0.016286739921076147,50.0,0.0,50.0,1.0,1.0
1030_ERA,SVR,KNN,0.2,6.0,0.005449906652866525,0.005998270534124273,0.0041589171602338095,83.33333333333334,0.0,16.666666666666664,0.0625,1.0,0.40891375833252946,0.46261558809634173,0.30948215259168177,83.33333333333334,0.0,16.666666666666664,0.0625,1.0
1030_ERA,SVR,KNN,0.3,6.0,0.0021151701276899324,0.0025761670986748364,0.0012671240096090775,83.33333333333334,0.0,16.666666666666664,0.0625,1.0,0.17210217675182107,0.19491487392476264,0.1029279152632426,83.33333333333334,0.0,16.666666666666664,0.0625,1.0
1030_ERA,SVR,mean,0.05,6.0,-5.749855828100318e-05,0.00010376357921262902,0.0005769167915252392,83.33333333333334,0.0,16.666666666666664,0.4375,1.0,-0.004618316446890299,0.008431774600895132,0.04403596115121597,83.33333333333334,0.0,16.666666666666664,0.4375,1.0
1030_ERA,SVR,mean,0.1,6.0,-3.2350920942901075e-05,2.7725146338225537e-05,0.00029659296044465234,66.66666666666666,0.0,33.33333333333333,1.0,1.0,-0.0024840485717492304,0.0022072506423459802,0.021961325687498996,66.66666666666666,0.0,33.33333333333333,1.0,1.0
1030_ERA,SVR,mean,0.2,6.0,1.0725701016807884e-05,2.4423396860456803e-05,0.0003766399213913251,50.0,0.0,50.0,0.84375,1.0,0.0002303232911318754,0.0013421610492506805,0.027865152821596153,50.0,0.0,50.0,0.84375,1.0
1030_ERA,SVR,mean,0.3,6.0,-5.12825672327466e-05,-0.00018807062247541695,0.0005907040733982079,33.33333333333333,0.0,66.66666666666666,0.5625,1.0,-0.004334192495247688,-0.01455024080076212,0.04147589803353034,33.33333333333333,0.0,66.66666666666666,0.5625,1.0
1030_ERA,SVR,median,0.05,6.0,0.0,0.0,0.0,0.0,100.0,0.0,1.0,1.0,0.0,0.0,0.0,0.0,100.0,0.0,1.0,1.0
1030_ERA,SVR,median,0.1,6.0,0.0,0.0,0.0,0.0,100.0,0.0,1.0,1.0,0.0,0.0,0.0,0.0,100.0,0.0,1.0,1.0
1030_ERA,SVR,median,0.2,6.0,0.0006151105914181573,0.0001575022784885416,0.0008869260612060108,50.0,50.0,0.0,0.25,1.0,0.04531142904160352,0.011676984438858978,0.06545891757052233,50.0,50.0,0.0,0.25,1.0
1030_ERA,SVR,median,0.3,6.0,0.00015740138845545445,0.0,0.0011628833772171334,33.33333333333333,50.0,16.666666666666664,1.0,1.0,0.012240218142721406,0.0,0.0880055835123106,33.33333333333333,50.0,16.666666666666664,1.0,1.0
1089_USCrime,DT,KNN,0.05,6.0,0.006180773323228648,-0.0006220452848967606,0.01783797432209428,33.33333333333333,16.666666666666664,50.0,0.8125,1.0,0.795696963525515,0.1056813863031971,1.7730999222883237,50.0,16.666666666666664,33.33333333333333,0.625,1.0
1089_USCrime,DT,KNN,0.1,6.0,-0.03692822221087406,-0.008807391276177245,0.15195699434497167,50.0,0.0,50.0,0.6875,1.0,-2.5791998903227547,-1.9948924568000739,11.779232657505394,50.0,0.0,50.0,0.6875,1.0
1089_USCrime,DT,KNN,0.2,6.0,-0.021745000719812377,0.002454784017045464,0.08052732834732006,50.0,0.0,50.0,1.0,1.0,-3.188646716165876,-1.9613607816824064,11.025818244328425,33.33333333333333,0.0,66.66666666666666,0.84375,1.0
1089_USCrime,DT,KNN,0.3,6.0,-0.03907098215968277,-0.015430459158583043,0.09191226384291395,33.33333333333333,0.0,66.66666666666666,0.4375,1.0,-2.8962920258849816,-1.9908506597039985,9.005285434387652,33.33333333333333,0.0,66.66666666666666,0.5625,1.0
1089_USCrime,DT,mean,0.05,6.0,0.009675574858094949,-0.01282739473055211,0.10129813019592608,33.33333333333333,0.0,66.66666666666666,0.5625,1.0,0.3264266010619374,-0.7608267174687776,7.3565736038515865,33.33333333333333,0.0,66.66666666666666,0.84375,1.0
1089_USCrime,DT,mean,0.1,6.0,0.0,0.0,0.0,0.0,100.0,0.0,1.0,1.0,0.0,0.0,0.0,0.0,100.0,0.0,1.0,1.0
1089_USCrime,DT,mean,0.2,6.0,-0.0008981956828398122,0.0,0.0016881182158559097,0.0,66.66666666666666,33.33333333333333,0.5,1.0,-0.19411588136735083,0.0,0.3452571380984668,0.0,66.66666666666666,33.33333333333333,0.5,1.0
1089_USCrime,DT,mean,0.3,6.0,-0.005616545954002498,0.0,0.013708070507897262,16.666666666666664,50.0,33.33333333333333,0.5,1.0,-0.0785084449531927,0.0,0.20586000065982726,16.666666666666664,50.0,33.33333333333333,0.5,1.0
1089_USCrime,DT,median,0.05,6.0,0.00501758666431427,0.0,0.030495129142004418,33.33333333333333,33.33333333333333,33.33333333333333,0.625,1.0,0.4614578741619851,0.0,3.423369543059632,33.33333333333333,33.33333333333333,33.33333333333333,0.875,1.0
1089_USCrime,DT,median,0.1,6.0,-5.108017544338169e-05,0.0,0.00012512036580812863,0.0,83.33333333333334,16.666666666666664,1.0,1.0,-0.004130727070598432,0.0,0.010118173589667665,0.0,83.33333333333334,16.666666666666664,1.0,1.0
1089_USCrime,DT,median,0.2,6.0,-0.013556470149251479,0.0008596354956046937,0.031540484931037,50.0,16.666666666666664,33.33333333333333,0.8125,1.0,-0.3382318898208352,0.17033734758617047,3.3683666248534037,50.0,16.666666666666664,33.33333333333333,1.0,1.0
1089_USCrime,DT,median,0.3,6.0,0.007640026824454101,0.0,0.02270408505179103,16.666666666666664,50.0,33.33333333333333,1.0,1.0,1.0175972013398438,0.0,2.7924394172153577,16.666666666666664,50.0,33.33333333333333,1.0,1.0
1089_USCrime,KNN,KNN,0.05,6.0,0.004641239112638584,0.0037577788862596107,0.006474836297319897,66.66666666666666,16.666666666666664,16.666666666666664,0.125,1.0,0.8239391073976433,0.6515327404757651,1.2496396926461704,66.66666666666666,16.666666666666664,16.666666666666664,0.1875,1.0
1089_USCrime,KNN,KNN,0.1,6.0,1.6104203463725615e-06,0.0010011364589105898,0.00560012899764481,66.66666666666666,0.0,33.33333333333333,1.0,1.0,-0.03016934549621394,0.2069438236373819,0.8064702632620899,66.66666666666666,0.0,33.33333333333333,1.0,1.0
1089_USCrime,KNN,KNN,0.2,6.0,-0.0026258535196589197,-0.0008488102117351626,0.01357939805675385,50.0,0.0,50.0,0.5625,1.0,-0.3027199042253614,0.23323689253559732,2.005302352860746,50.0,0.0,50.0,0.84375,1.0
1089_USCrime,KNN,KNN,0.3,6.0,-0.009241995423284355,-0.008989095960839633,0.008881459984711822,16.666666666666664,0.0,83.33333333333334,0.09375,1.0,-1.3075564964305915,-1.334386265560239,0.9724672107950357,16.666666666666664,0.0,83.33333333333334,0.0625,1.0
1089_USCrime,KNN,mean,0.05,6.0,-0.004182465269478334,-3.117565017640711e-05,0.008224689699921081,16.666666666666664,33.33333333333333,50.0,0.375,1.0,-0.7964317169547154,-0.004668884226149093,1.523238814109237,16.666666666666664,33.33333333333333,50.0,0.375,1.0
1089_USCrime,KNN,mean,0.1,6.0,0.001797699320848371,0.00026699540946156786,0.0030780234962344923,66.66666666666666,16.666666666666664,16.666666666666664,0.3125,1.0,0.35033547866951964,0.04558385361260917,0.6018603100715492,66.66666666666666,16.666666666666664,16.666666666666664,0.3125,1.0
1089_USCrime,KNN,mean,0.2,6.0,0.001926367240703053,0.002554429255947066,0.003004363635384485,66.66666666666666,0.0,33.33333333333333,0.21875,1.0,0.1297424438171683,0.1250726829982487,0.49633699707257295,66.66666666666666,0.0,33.33333333333333,0.6875,1.0
1089_USCrime,KNN,mean,0.3,6.0,0.007271552534769725,0.008690200974523443,0.009181900162758652,66.66666666666666,0.0,33.33333333333333,0.15625,1.0,0.915593342061911,0.9668334618422442,1.2501292003466908,66.66666666666666,0.0,33.33333333333333,0.21875,1.0
1089_USCrime,KNN,median,0.05,6.0,0.005512343384234342,0.0,0.013825266835772456,33.33333333333333,50.0,16.666666666666664,0.75,1.0,0.8301780440768171,0.0,2.069384025262448,33.33333333333333,50.0,16.666666666666664,0.75,1.0
1089_USCrime,KNN,median,0.1,6.0,0.00034454257239931635,-0.0002444129357983549,0.0026785874877516226,33.33333333333333,16.666666666666664,50.0,0.8125,1.0,0.24799582503926942,0.028512877695422555,0.6963770755449469,50.0,16.666666666666664,33.33333333333333,0.625,1.0
1089_USCrime,KNN,median,0.2,6.0,-0.0012914702814023442,0.0008730266983102419,0.009148002707545202,50.0,0.0,50.0,0.84375,1.0,-0.36616844163544693,-0.009192396484145215,1.5097817075795081,50.0,0.0,50.0,0.6875,1.0
1089_USCrime,KNN,median,0.3,6.0,-0.006429883962659903,-0.008947374533978647,0.013333848146908576,16.666666666666664,0.0,83.33333333333334,0.3125,1.0,-1.199926847269079,-1.1469107261096496,2.4689641276927246,16.666666666666664,0.0,83.33333333333334,0.21875,1.0
1089_USCrime,LR,KNN,0.05,6.0,0.007534236974310771,0.007438697386114135,0.007543902982114912,83.33333333333334,0.0,16.666666666666664,0.0625,1.0,1.2385308127042254,0.8927022765458799,1.0924119318070145,100.0,0.0,0.0,0.03125,1.0
1089_USCrime,LR,KNN,0.1,6.0,0.003899140473128911,0.004634168958776663,0.005413676223493337,83.33333333333334,0.0,16.666666666666664,0.15625,1.0,0.6715051563816559,0.9210678266936718,0.8845611939071252,66.66666666666666,0.0,33.33333333333333,0.15625,1.0
1089_USCrime,LR,KNN,0.2,6.0,0.006331580204329261,0.0055877903503566695,0.007548232043662909,83.33333333333334,0.0,16.666666666666664,0.09375,1.0,1.1598060294961516,1.287253746564644,1.2371061990426546,83.33333333333334,0.0,16.666666666666664,0.09375,1.0
1089_USCrime,LR,KNN,0.3,6.0,0.007076984052151107,-0.0017261278504189792,0.02836435708717902,50.0,0.0,50.0,1.0,1.0,0.7656748087953876,-0.6678146779500774,5.690668091357628,50.0,0.0,50.0,0.84375,1.0
1089_USCrime,LR,mean,0.05,6.0,-0.0019611565621242923,-0.0009681765180803437,0.006849760127052133,33.33333333333333,0.0,66.66666666666666,0.5625,1.0,-0.09866509818854537,-0.02347572111399325,0.6828594272584735,50.0,0.0,50.0,0.6875,1.0
1089_USCrime,LR,mean,0.1,6.0,0.0036062035302528903,0.0008556755075419531,0.009647086338639695,50.0,0.0,50.0,0.6875,1.0,0.5480148934005498,0.1992000945861423,1.5168114948648,50.0,0.0,50.0,0.6875,1.0
1089_USCrime,LR,mean,0.2,6.0,0.000618507581013894,0.000463534607833771,0.003597356419212965,50.0,0.0,50.0,0.6875,1.0,0.1091773585477756,0.015377335317842016,0.6983136402547392,50.0,0.0,50.0,0.84375,1.0
1089_USCrime,LR,mean,0.3,6.0,0.002522687083571599,0.002250827836288938,0.004791790187399749,83.33333333333334,0.0,16.666666666666664,0.3125,1.0,0.5796152534431854,0.49429167200585383,1.123975158128578,83.33333333333334,0.0,16.666666666666664,0.3125,1.0
1089_USCrime,LR,median,0.05,6.0,-0.0006538506223583614,0.00031265934402718853,0.012682343785884299,50.0,0.0,50.0,1.0,1.0,0.011561267628191763,0.054063793485152174,0.908525984426575,50.0,0.0,50.0,1.0,1.0
1089_USCrime,LR,median,0.1,6.0,0.00836628815766218,-0.00046428185862790183,0.02182015008594707,33.33333333333333,0.0,66.66666666666666,1.0,1.0,1.1948575097468923,-0.09739701179035815,2.885648807574256,33.33333333333333,0.0,66.66666666666666,1.0,1.0
1089_USCrime,LR,median,0.2,6.0,0.00022949917513842566,0.0004103093054588225,0.0029962572776268486,66.66666666666666,0.0,33.33333333333333,0.5625,1.0,0.03364366741129752,0.05531858078938169,0.5345214304922655,66.66666666666666,0.0,33.33333333333333,0.84375,1.0
1089_USCrime,LR,median,0.3,6.0,-0.002097330251373708,-0.00255690576890627,0.004149720752204462,16.666666666666664,0.0,83.33333333333334,0.3125,1.0,-0.31717294662538104,-0.5840074238983741,0.8761346362922006,16.666666666666664,0.0,83.33333333333334,0.4375,1.0
1089_USCrime,RF,KNN,0.05,6.0,0.0021524442400668864,0.0024093233520071644,0.004051593070235814,66.66666666666666,0.0,33.33333333333333,0.15625,1.0,0.37859476941022524,0.42679687388299475,0.6790975991616874,66.66666666666666,0.0,33.33333333333333,0.15625,1.0
1089_USCrime,RF,KNN,0.1,6.0,0.0034520098700361692,0.002864309369545126,0.003888923240510431,83.33333333333334,0.0,16.666666666666664,0.0625,1.0,0.5155494007645945,0.6452136540613584,0.48739306699349955,83.33333333333334,0.0,16.666666666666664,0.09375,1.0
1089_USCrime,RF,KNN,0.2,6.0,-0.005174132919649836,0.0006719116913181389,0.01712461107008258,50.0,0.0,50.0,0.84375,1.0,-0.9345645465882736,0.15798602263771488,3.1499361441626323,50.0,0.0,50.0,0.84375,1.0
1089_USCrime,RF,KNN,0.3,6.0,-0.009394953473452575,-0.004051555641042426,0.01115547045286232,0.0,0.0,100.0,0.03125,1.0,-1.265124884170429,-0.722228521588982,1.3432002751944048,0.0,0.0,100.0,0.03125,1.0
1089_USCrime,RF,mean,0.05,6.0,0.005124750270387761,0.006748073233483143,0.007100736081821372,66.66666666666666,0.0,33.33333333333333,0.15625,1.0,0.7812386096408191,0.8896958718798138,1.2837336486223412,66.66666666666666,0.0,33.33333333333333,0.15625,1.0
1089_USCrime,RF,mean,0.1,6.0,-0.0012037506026473799,8.572343487883716e-05,0.004006902973163539,50.0,0.0,50.0,1.0,1.0,-0.17554879321502695,0.01701611895347624,0.7107939677131353,50.0,0.0,50.0,1.0,1.0
1089_USCrime,RF,mean,0.2,6.0,-0.00033537512183976864,-0.0005599532478877123,0.001255725604568435,16.666666666666664,0.0,83.33333333333334,0.4375,1.0,-0.17084005276587502,-0.22087995577362574,0.20463195679099694,16.666666666666664,0.0,83.33333333333334,0.09375,1.0
1089_USCrime,RF,mean,0.3,6.0,-0.0043003065368240985,-0.0015145436739857354,0.007817291427792207,50.0,0.0,50.0,0.4375,1.0,-0.6003519034309287,-0.22579303477988394,1.2427140981781921,50.0,0.0,50.0,0.4375,1.0
1089_USCrime,RF,median,0.05,6.0,0.0091956048481693,0.013215428966366849,0.01760941689307927,83.33333333333334,0.0,16.666666666666664,0.15625,1.0,1.2911514475674248,1.665932796801246,2.471458867465855,83.33333333333334,0.0,16.666666666666664,0.21875,1.0
1089_USCrime,RF,median,0.1,6.0,-0.0025813066912073745,-0.0020353958145526985,0.0034478993401794206,33.33333333333333,0.0,66.66666666666666,0.21875,1.0,-0.3998492536094629,-0.34315054587749316,0.5619999306602185,33.33333333333333,0.0,66.66666666666666,0.21875,1.0
1089_USCrime,RF,median,0.2,6.0,0.0004224347841680909,0.00034007672136904255,0.0019515126156151221,50.0,0.0,50.0,0.6875,1.0,0.10193697444121082,0.08720569865983199,0.35854532558731067,50.0,0.0,50.0,0.4375,1.0
1089_USCrime,RF,median,0.3,6.0,-0.00010406538092381605,-0.00011969643442871769,0.00270708249983727,33.33333333333333,0.0,66.66666666666666,0.84375,1.0,-0.0498031913900104,0.10093950473630772,0.5777523065846356,66.66666666666666,0.0,33.33333333333333,0.5625,1.0
1089_USCrime,SVR,KNN,0.05,6.0,0.0028316384728748756,9.944515914062091e-05,0.009748639921436947,50.0,0.0,50.0,0.84375,1.0,0.5884239771772948,0.34198600256549466,1.5142158311268563,66.66666666666666,0.0,33.33333333333333,0.5625,1.0
1089_USCrime,SVR,KNN,0.1,6.0,0.00588632709770102,0.0065548177863514745,0.009217428305456063,66.66666666666666,0.0,33.33333333333333,0.21875,1.0,0.6598905350156439,0.12413306335786098,1.905766436542608,66.66666666666666,0.0,33.33333333333333,0.6875,1.0
1089_USCrime,SVR,KNN,0.2,6.0,0.015256837311326266,0.014413154293892283,0.01195910409587546,83.33333333333334,0.0,16.666666666666664,0.0625,1.0,3.584610445187358,2.9334371020260717,3.0722181899826992,83.33333333333334,0.0,16.666666666666664,0.0625,1.0
1089_USCrime,SVR,KNN,0.3,6.0,0.015270385101226155,0.009643418972090756,0.029524236895696613,50.0,0.0,50.0,0.4375,1.0,2.714790515881885,1.8229834206576456,5.211417117000473,50.0,0.0,50.0,0.4375,1.0
1089_USCrime,SVR,mean,0.05,6.0,-0.005513934095347191,-0.002834339967499544,0.012914653907212201,50.0,0.0,50.0,0.4375,1.0,-0.4748988908866522,-0.2959993934488363,1.1226571398057559,50.0,0.0,50.0,0.4375,1.0
1089_USCrime,SVR,mean,0.1,6.0,0.0012924259392334363,-0.002042117208781391,0.007611172251612154,33.33333333333333,0.0,66.66666666666666,1.0,1.0,0.029721018602278677,-0.4188586988801501,1.4565163868342004,33.33333333333333,0.0,66.66666666666666,0.6875,1.0
1089_USCrime,SVR,mean,0.2,6.0,-0.0016708951336586082,0.001458543319279082,0.00718153482555258,66.66666666666666,0.0,33.33333333333333,0.6875,1.0,-0.36542288779356435,0.2182338094504976,1.5915607644333691,66.66666666666666,0.0,33.33333333333333,0.6875,1.0
1089_USCrime,SVR,mean,0.3,6.0,0.005142186898228558,0.0016408009141518076,0.009039062103056236,66.66666666666666,0.0,33.33333333333333,0.3125,1.0,1.0789879226580077,0.33559131620133853,1.7599608549633714,50.0,0.0,50.0,0.4375,1.0
1089_USCrime,SVR,median,0.05,6.0,-0.001681995455899606,-0.0016186852262282114,0.015663213265750535,50.0,0.0,50.0,0.84375,1.0,-0.0482615561581301,-0.17811372507652098,1.3257036520580257,50.0,0.0,50.0,1.0,1.0
1089_USCrime,SVR,median,0.1,6.0,0.00103475532232337,0.0019993365565393884,0.0040353005822974415,66.66666666666666,0.0,33.33333333333333,0.5625,1.0,0.3755541936823521,0.24663900430829172,1.4365743773855213,66.66666666666666,0.0,33.33333333333333,0.6875,1.0
1089_USCrime,SVR,median,0.2,6.0,0.0001213444313407086,0.0021105919459999956,0.014011323919648867,83.33333333333334,0.0,16.666666666666664,0.4375,1.0,0.1545978053936352,0.3554001940507564,3.3210800000213325,83.33333333333334,0.0,16.666666666666664,0.4375,1.0
1089_USCrime,SVR,median,0.3,6.0,-0.004824848164991846,-0.0008339326848796347,0.010950637156398506,50.0,0.0,50.0,0.5625,1.0,-0.5938618943942405,-0.16070759543330748,2.1336576016712696,50.0,0.0,50.0,0.6875,1.0
1096_FacultySalaries,DT,KNN,0.05,6.0,7.539889577930688e-06,0.0,0.0007639380521538427,33.33333333333333,50.0,16.666666666666664,1.0,1.0,0.062330178857614334,0.0,0.2239430475097321,33.33333333333333,50.0,16.666666666666664,0.75,1.0
1096_FacultySalaries,DT,KNN,0.1,6.0,0.00977487072336892,0.00045337077628174183,0.02369223573832024,50.0,33.33333333333333,16.666666666666664,0.625,1.0,0.9408417745681136,0.021423766298201478,2.524466103273077,50.0,33.33333333333333,16.666666666666664,0.625,1.0
1096_FacultySalaries,DT,KNN,0.2,6.0,-0.02458817237433573,-0.0006188540456471547,0.10047665087060192,50.0,0.0,50.0,0.84375,1.0,-1.4510537488880295,-0.253537804866216,11.68042006263632,50.0,0.0,50.0,0.84375,1.0
1096_FacultySalaries,DT,KNN,0.3,6.0,0.00932876300490959,0.0011230632310481603,0.02150679110042808,83.33333333333334,0.0,16.666666666666664,0.3125,1.0,0.8591385704476019,0.16354667793549266,2.126857386261276,83.33333333333334,0.0,16.666666666666664,0.3125,1.0
1096_FacultySalaries,DT,mean,0.05,6.0,-0.0006162274650621432,0.0,0.002047391717780585,16.666666666666664,66.66666666666666,16.666666666666664,1.0,1.0,-0.10962517193967498,0.0,0.3783275575025565,16.666666666666664,66.66666666666666,16.666666666666664,1.0,1.0
1096_FacultySalaries,DT,mean,0.1,6.0,-0.013216187398297774,-0.00822616990869518,0.017920034557416902,0.0,50.0,50.0,0.25,1.0,-1.2655502080482632,-0.6936746416677778,1.8205337922989437,0.0,50.0,50.0,0.25,1.0
1096_FacultySalaries,DT,mean,0.2,6.0,0.0,0.0,0.0,0.0,100.0,0.0,1.0,1.0,0.0,0.0,0.0,0.0,100.0,0.0,1.0,1.0
1096_FacultySalaries,DT,mean,0.3,6.0,-0.004068352245774121,-0.0003376165588817037,0.006168460802614957,0.0,50.0,50.0,0.25,1.0,0.08746671803244822,0.0,0.20784722636013192,33.33333333333333,50.0,16.666666666666664,0.5,1.0
1096_FacultySalaries,DT,median,0.05,6.0,-0.00495831049845491,-0.0006325563725104733,0.03344925033924885,33.33333333333333,16.666666666666664,50.0,0.8125,1.0,0.15354735558243596,0.24043071826762305,4.291482431810178,50.0,16.666666666666664,33.33333333333333,0.8125,1.0
1096_FacultySalaries,DT,median,0.1,6.0,0.00022064408869681973,0.0,0.003209835262264442,33.33333333333333,33.33333333333333,33.33333333333333,1.0,1.0,-0.02881747076769069,0.0,0.7053761336397296,33.33333333333333,33.33333333333333,33.33333333333333,1.0,1.0
1096_FacultySalaries,DT,median,0.2,6.0,0.0,0.0,0.0,0.0,100.0,0.0,1.0,1.0,0.0,0.0,0.0,0.0,100.0,0.0,1.0,1.0
1096_FacultySalaries,DT,median,0.3,6.0,-0.0012920393289235037,0.0,0.0030214658935927567,0.0,66.66666666666666,33.33333333333333,0.5,1.0,-0.4737137289733217,0.0,1.1427119623506001,0.0,66.66666666666666,33.33333333333333,0.5,1.0
1096_FacultySalaries,KNN,KNN,0.05,6.0,-0.00017626861164105057,-6.95130742277561e-05,0.0012507701259231575,16.666666666666664,33.33333333333333,50.0,0.625,1.0,0.018074730024642462,-0.012449446291849924,0.2289343137653404,16.666666666666664,33.33333333333333,50.0,0.875,1.0
1096_FacultySalaries,KNN,KNN,0.1,6.0,0.0047746368808309625,0.002010610022551207,0.008616575623651016,66.66666666666666,0.0,33.33333333333333,0.21875,1.0,0.7649170887430791,0.37208803582032735,1.1751047329875581,83.33333333333334,0.0,16.666666666666664,0.09375,1.0
1096_FacultySalaries,KNN,KNN,0.2,6.0,0.0037800558640315915,0.0017429069383859686,0.010682927259433721,66.66666666666666,0.0,33.33333333333333,0.4375,1.0,0.4974610233359717,0.12544902117295864,1.7623278058502383,66.66666666666666,0.0,33.33333333333333,0.6875,1.0
1096_FacultySalaries,KNN,KNN,0.3,6.0,0.0034432157606579805,0.0013555255366875518,0.009923871352760256,50.0,0.0,50.0,0.6875,1.0,0.502563550727489,0.3213758368793454,1.4360591803973444,66.66666666666666,0.0,33.33333333333333,0.5625,1.0
1096_FacultySalaries,KNN,mean,0.05,6.0,-0.0009034949159473967,-0.0002304827339365545,0.0016918502864889885,0.0,50.0,50.0,0.25,1.0,-0.1105095968617182,-0.0431063729099338,0.18485468010652875,0.0,50.0,50.0,0.25,1.0
1096_FacultySalaries,KNN,mean,0.1,6.0,-0.001024916627595222,0.0009283607210740508,0.014392986359683715,50.0,16.666666666666664,33.33333333333333,1.0,1.0,0.12433152806036647,0.16141245548200944,1.6976306942261143,50.0,16.666666666666664,33.33333333333333,1.0,1.0
1096_FacultySalaries,KNN,mean,0.2,6.0,0.0011862018079977221,0.00016737280466105897,0.005778243226655463,50.0,0.0,50.0,1.0,1.0,0.16896492138652663,0.1791230491887292,0.6428762402830953,50.0,0.0,50.0,0.6875,1.0
1096_FacultySalaries,KNN,mean,0.3,6.0,-0.005594482188482223,-0.004673326171890868,0.009926118201980114,33.33333333333333,16.666666666666664,50.0,0.3125,1.0,-0.4775408346175069,-0.6490133120565672,1.1699678222124017,33.33333333333333,16.666666666666664,50.0,0.3125,1.0
1096_FacultySalaries,KNN,median,0.05,6.0,0.00036914398718079777,-5.5971561617185195e-05,0.0008471061534992179,33.33333333333333,0.0,66.66666666666666,1.0,1.0,0.07012585081602628,-0.00958402247687518,0.14391324717297097,33.33333333333333,0.0,66.66666666666666,1.0,1.0
1096_FacultySalaries,KNN,median,0.1,6.0,-0.0019804162429477392,0.0007525637600689361,0.007770112391002235,66.66666666666666,0.0,33.33333333333333,0.5625,1.0,-0.11891772398933971,0.1262528196200898,0.7866885976260755,66.66666666666666,0.0,33.33333333333333,0.5625,1.0
1096_FacultySalaries,KNN,median,0.2,6.0,0.0,0.0,0.0,0.0,100.0,0.0,1.0,1.0,0.0,0.0,0.0,0.0,100.0,0.0,1.0,1.0
1096_FacultySalaries,KNN,median,0.3,6.0,0.00027449607336865745,-0.000351423234903947,0.0018820066638690768,33.33333333333333,16.666666666666664,50.0,0.8125,1.0,0.06302938775887004,-0.055268683073776824,0.35338251389541986,33.33333333333333,16.666666666666664,50.0,0.8125,1.0
1096_FacultySalaries,LR,KNN,0.05,6.0,-0.02715750276985403,-0.031098622717104424,0.031172439008917995,16.666666666666664,0.0,83.33333333333334,0.09375,1.0,-2.063446824291794,-2.173138961644894,2.319731133482593,16.666666666666664,0.0,83.33333333333334,0.09375,1.0
1096_FacultySalaries,LR,KNN,0.1,6.0,-0.002748320520177261,-0.0053324353532479,0.019803069506501427,50.0,0.0,50.0,0.84375,1.0,0.8615481906001858,-0.30392385720145204,4.758276981702283,50.0,0.0,50.0,0.84375,1.0
1096_FacultySalaries,LR,KNN,0.2,6.0,1.8200686293943596e-05,0.0001454645626232931,0.0007736901403476863,66.66666666666666,0.0,33.33333333333333,0.84375,1.0,0.03537155530305174,0.010628252699003393,0.18987724965257652,50.0,0.0,50.0,1.0,1.0
1096_FacultySalaries,LR,KNN,0.3,6.0,-0.0005884115665840683,-0.00043973283462817037,0.013851274765772838,50.0,0.0,50.0,1.0,1.0,1.370024384822843,1.3238858846473898,3.563292095838792,66.66666666666666,0.0,33.33333333333333,0.5625,1.0
1096_FacultySalaries,LR,mean,0.05,6.0,0.00941294392129502,-0.00391926488622385,0.03562044268625806,33.33333333333333,0.0,66.66666666666666,0.5625,1.0,-0.14529467080810218,-0.7243416248253085,2.289877424567624,33.33333333333333,0.0,66.66666666666666,0.5625,1.0
1096_FacultySalaries,LR,mean,0.1,6.0,2.2278754137442885e-05,5.511417915921024e-05,0.0003256018177982625,50.0,0.0,50.0,0.84375,1.0,0.0181582338485641,0.010601872878509137,0.0724186331446841,66.66666666666666,0.0,33.33333333333333,0.5625,1.0
1096_FacultySalaries,LR,mean,0.2,6.0,8.14048715456761e-05,3.5391881423152416e-05,0.00020184201844736086,50.0,0.0,50.0,0.5625,1.0,0.04594089460644501,0.022345011800936107,0.07985102807646473,66.66666666666666,0.0,33.33333333333333,0.3125,1.0
1096_FacultySalaries,LR,mean,0.3,6.0,-6.220431299645372e-05,5.4598416144246986e-05,0.0003921259849007118,66.66666666666666,0.0,33.33333333333333,1.0,1.0,-0.00039188564328176387,0.015600543555097036,0.08873563254372056,66.66666666666666,0.0,33.33333333333333,0.84375,1.0
1096_FacultySalaries,LR,median,0.05,6.0,0.005898690104658673,-0.0017881169454085355,0.031154360551177034,33.33333333333333,0.0,66.66666666666666,0.6875,1.0,-0.06742774654632556,-0.2369765288340202,2.7817548501796536,33.33333333333333,0.0,66.66666666666666,0.6875,1.0
1096_FacultySalaries,LR,median,0.1,6.0,-7.354601757314505e-05,6.0983376513334964e-05,0.0003640101694502171,50.0,0.0,50.0,0.84375,1.0,-0.012694972916954074,-0.014240696324369211,0.08476004532576961,50.0,0.0,50.0,1.0,1.0
1096_FacultySalaries,LR,median,0.2,6.0,0.0,0.0,0.0,0.0,100.0,0.0,1.0,1.0,0.0,0.0,0.0,0.0,100.0,0.0,1.0,1.0
1096_FacultySalaries,LR,median,0.3,6.0,-0.00016371994182136826,-5.105090552987024e-05,0.0003495054343765168,50.0,0.0,50.0,0.4375,1.0,-0.037802201557496855,-0.040066980609316155,0.07519605604098259,33.33333333333333,0.0,66.66666666666666,0.3125,1.0
1096_FacultySalaries,RF,KNN,0.05,6.0,-0.0004923853732488048,-1.0131838411031602e-05,0.0012089862529691222,50.0,0.0,50.0,0.6875,1.0,-0.06150506377158782,-0.02004000797517826,0.233515847129078,33.33333333333333,0.0,66.66666666666666,0.4375,1.0
1096_FacultySalaries,RF,KNN,0.1,6.0,0.0027495381972795405,0.001612645635760801,0.003152120238616902,100.0,0.0,0.0,0.03125,1.0,0.6308256068131626,0.6064718638236405,0.32183225630546286,100.0,0.0,0.0,0.03125,1.0
1096_FacultySalaries,RF,KNN,0.2,6.0,-0.0008896732582387065,-0.00040715647549049994,0.002729427796735978,50.0,0.0,50.0,0.84375,1.0,-0.21618550432931294,-0.10087190587294052,0.599308617171133,33.33333333333333,0.0,66.66666666666666,0.4375,1.0
1096_FacultySalaries,RF,KNN,0.3,6.0,0.0036486045198191874,0.0029477566032066194,0.003807443857146888,83.33333333333334,0.0,16.666666666666664,0.0625,1.0,0.8290436197238499,0.8301863862951007,0.5161041317448578,100.0,0.0,0.0,0.03125,1.0
1096_FacultySalaries,RF,mean,0.05,6.0,-0.0005354400125049211,-0.00020382768819748875,0.0009810820946562378,16.666666666666664,0.0,83.33333333333334,0.15625,1.0,-0.1029683780276152,-0.0313850014729882,0.22847175235760606,16.666666666666664,0.0,83.33333333333334,0.3125,1.0
1096_FacultySalaries,RF,mean,0.1,6.0,0.0004786976320613201,0.00018505526861939403,0.0023790739577139383,50.0,0.0,50.0,0.5625,1.0,0.13126588790881807,0.14754227495105812,0.46171327966180187,50.0,0.0,50.0,0.5625,1.0
1096_FacultySalaries,RF,mean,0.2,6.0,0.0,0.0,0.0,0.0,100.0,0.0,1.0,1.0,0.0,0.0,0.0,0.0,100.0,0.0,1.0,1.0
1096_FacultySalaries,RF,mean,0.3,6.0,0.0010942123799646357,0.0007827129404873179,0.0027059081396359663,50.0,0.0,50.0,0.4375,1.0,0.2635133497328975,0.17257225131899404,0.6779047026211741,50.0,0.0,50.0,0.5625,1.0
1096_FacultySalaries,RF,median,0.05,6.0,-0.0016441471598019342,-0.001205186999171881,0.002336010032237565,33.33333333333333,0.0,66.66666666666666,0.3125,1.0,-0.38499031165216,-0.3284163047653604,0.4410857914482323,16.666666666666664,0.0,83.33333333333334,0.09375,1.0
1096_FacultySalaries,RF,median,0.1,6.0,0.0004866734624742186,0.0003726578852882856,0.0010046941305404916,83.33333333333334,0.0,16.666666666666664,0.21875,1.0,0.11027281345933064,0.06325713951031853,0.278975990437921,66.66666666666666,0.0,33.33333333333333,0.3125,1.0
1096_FacultySalaries,RF,median,0.2,6.0,0.0,0.0,0.0,0.0,100.0,0.0,1.0,1.0,0.0,0.0,0.0,0.0,100.0,0.0,1.0,1.0
1096_FacultySalaries,RF,median,0.3,6.0,-0.0003231183129008275,-0.00027925735127282136,0.000924107286069706,33.33333333333333,0.0,66.66666666666666,0.4375,1.0,-0.09491506585750226,-0.07303643134240091,0.32088504536746737,33.33333333333333,0.0,66.66666666666666,0.6875,1.0
1096_FacultySalaries,SVR,KNN,0.05,6.0,0.0002990604076183641,-0.00022407282175046506,0.0019065667748282844,50.0,0.0,50.0,0.84375,1.0,0.029168854903264808,-0.03582071304890232,0.37297118474557694,33.33333333333333,0.0,66.66666666666666,1.0,1.0
1096_FacultySalaries,SVR,KNN,0.1,6.0,0.0021532940793924094,0.0022964130078944045,0.004383342644890238,83.33333333333334,0.0,16.666666666666664,0.21875,1.0,0.9694878401310641,0.9515811651802393,1.1852393543853224,66.66666666666666,0.0,33.33333333333333,0.15625,1.0
1096_FacultySalaries,SVR,KNN,0.2,6.0,-0.000301003104412297,-0.0004385685509352699,0.0007613114262933397,33.33333333333333,0.0,66.66666666666666,0.4375,1.0,-0.02108816482820758,-0.006086356744993471,0.34349677941383616,50.0,0.0,50.0,0.84375,1.0
1096_FacultySalaries,SVR,KNN,0.3,6.0,0.003352723188080923,0.004501309830186706,0.0036543642358205074,83.33333333333334,0.0,16.666666666666664,0.09375,1.0,1.5903601147108353,1.6059332854254054,1.0183984438534328,83.33333333333334,0.0,16.666666666666664,0.0625,1.0
1096_FacultySalaries,SVR,mean,0.05,6.0,0.0003908670152492448,0.0002329277930015472,0.0007345487914195618,50.0,0.0,50.0,0.4375,1.0,0.027571644064388168,0.02531075305542528,0.10634729770124368,50.0,0.0,50.0,0.4375,1.0
1096_FacultySalaries,SVR,mean,0.1,6.0,0.0001725700182608758,-1.6251015958146375e-05,0.0007153173906416718,33.33333333333333,0.0,66.66666666666666,0.84375,1.0,0.11464854488097576,0.047160930408277554,0.2804452608736569,50.0,0.0,50.0,0.4375,1.0
1096_FacultySalaries,SVR,mean,0.2,6.0,-5.005101176169813e-05,3.4718940095213036e-05,0.0003242786503291209,66.66666666666666,0.0,33.33333333333333,0.6875,1.0,-0.005977870397938091,0.016835737171501823,0.19247775259872688,83.33333333333334,0.0,16.666666666666664,0.4375,1.0
1096_FacultySalaries,SVR,mean,0.3,6.0,-5.322692391279693e-05,-0.000181856486775267,0.0012750210215504943,50.0,0.0,50.0,1.0,1.0,-0.011607278054626427,-0.053597853078532,0.4240961979997538,50.0,0.0,50.0,1.0,1.0
1096_FacultySalaries,SVR,median,0.05,6.0,0.0009410037393564052,0.00030369326027662735,0.0014176413268979333,50.0,0.0,50.0,0.4375,1.0,0.2393941174455986,0.06270007150126276,0.41100282857578635,50.0,0.0,50.0,0.4375,1.0
1096_FacultySalaries,SVR,median,0.1,6.0,-0.00026070323844519977,6.857746123217767e-05,0.0006155885180368188,66.66666666666666,0.0,33.33333333333333,1.0,1.0,-0.012021689806084654,0.013380671029887681,0.11984972048461603,50.0,0.0,50.0,1.0,1.0
1096_FacultySalaries,SVR,median,0.2,6.0,0.0,0.0,0.0,0.0,100.0,0.0,1.0,1.0,0.0,0.0,0.0,0.0,100.0,0.0,1.0,1.0
1096_FacultySalaries,SVR,median,0.3,6.0,-0.0005472990612654752,-0.00010779505982427828,0.0012587069639511984,33.33333333333333,0.0,66.66666666666666,0.3125,1.0,-0.08200587947247161,-0.008728981359430444,0.21378285915156253,50.0,0.0,50.0,0.5625,1.0
1199_BNG_echoMonths,DT,KNN,0.05,6.0,-0.0011856533592155445,0.0015148456617926492,0.011680938512541207,50.0,0.0,50.0,0.84375,1.0,-0.054629679938586674,0.0881552261828345,0.5502767220507946,50.0,0.0,50.0,0.84375,1.0
1199_BNG_echoMonths,DT,KNN,0.1,6.0,0.005236515287700399,0.006481290231477949,0.01179964929657074,66.66666666666666,0.0,33.33333333333333,0.4375,1.0,0.24517739188924548,0.3018553490677947,0.5522970177953712,66.66666666666666,0.0,33.33333333333333,0.4375,1.0
1199_BNG_echoMonths,DT,KNN,0.2,6.0,0.00542187116173768,0.009575261391789498,0.014899350594334846,66.66666666666666,0.0,33.33333333333333,0.5625,1.0,0.24549304736439928,0.4376285120534081,0.7000215612822444,66.66666666666666,0.0,33.33333333333333,0.5625,1.0
1199_BNG_echoMonths,DT,KNN,0.3,6.0,0.010587855026214434,0.012004348993872649,0.010227208778823273,83.33333333333334,0.0,16.666666666666664,0.09375,1.0,0.5020651497120364,0.5675977424377476,0.4836258322183239,83.33333333333334,0.0,16.666666666666664,0.09375,1.0
1199_BNG_echoMonths,DT,mean,0.05,6.0,0.002823971645882018,0.002544799975744954,0.003078731117883221,83.33333333333334,0.0,16.666666666666664,0.09375,1.0,0.1337013119161969,0.1202731918456007,0.14628661176517205,83.33333333333334,0.0,16.666666666666664,0.09375,1.0
1199_BNG_echoMonths,DT,mean,0.1,6.0,-0.0032872832423456815,-0.001432208081578349,0.007383468903636309,33.33333333333333,0.0,66.66666666666666,0.4375,1.0,-0.15335923247490166,-0.0673146087038113,0.34667698172639455,33.33333333333333,0.0,66.66666666666666,0.4375,1.0
1199_BNG_echoMonths,DT,mean,0.2,6.0,-0.00014004936708988136,0.0008245537546030489,0.004797490926417032,50.0,0.0,50.0,1.0,1.0,-0.009663966071799404,0.03532250332447704,0.2243465321504831,50.0,0.0,50.0,1.0,1.0
1199_BNG_echoMonths,DT,mean,0.3,6.0,0.0010021486698342022,0.0014683458117426482,0.004359439994904625,66.66666666666666,0.0,33.33333333333333,0.84375,1.0,0.04857370291463322,0.07081272256205798,0.20468031750933768,66.66666666666666,0.0,33.33333333333333,0.84375,1.0
1199_BNG_echoMonths,DT,median,0.05,6.0,-0.0004980805763231839,-5.253610713200352e-05,0.0029464397944748903,50.0,0.0,50.0,0.6875,1.0,-0.02314211421240325,-0.0005887812532249861,0.13932441948423327,50.0,0.0,50.0,0.84375,1.0
1199_BNG_echoMonths,DT,median,0.1,6.0,-0.0009198220473118184,-0.00048103747925925047,0.003381752720532606,50.0,0.0,50.0,0.6875,1.0,-0.04306022832894558,-0.0224796554069112,0.1614131372038068,50.0,0.0,50.0,0.6875,1.0
1199_BNG_echoMonths,DT,median,0.2,6.0,-0.0003618634325793328,-0.0005496718030171509,0.0025460350347336863,50.0,0.0,50.0,0.6875,1.0,-0.016550254896623182,-0.025384349690756244,0.11975187092524875,50.0,0.0,50.0,0.6875,1.0
1199_BNG_echoMonths,DT,median,0.3,6.0,-0.0013442883929743142,-0.000816931219878244,0.004227452040748742,50.0,0.0,50.0,0.6875,1.0,-0.06344481190439354,-0.03741580409673832,0.19924717808239986,50.0,0.0,50.0,0.6875,1.0
1199_BNG_echoMonths,KNN,KNN,0.05,6.0,0.0003489478502983756,0.0004934879811661075,0.00105326177562577,66.66666666666666,0.0,33.33333333333333,0.5625,1.0,0.028347379412249407,0.041570848215019,0.08400768064015444,66.66666666666666,0.0,33.33333333333333,0.5625,1.0
1199_BNG_echoMonths,KNN,KNN,0.1,6.0,0.0002720835416557081,0.00037255530796545533,0.001123039617128541,83.33333333333334,0.0,16.666666666666664,0.4375,1.0,0.02141609992850149,0.029670613797132657,0.0905221313860944,83.33333333333334,0.0,16.666666666666664,0.4375,1.0
1199_BNG_echoMonths,KNN,KNN,0.2,6.0,0.00042530799106587264,0.0003708518647732584,0.0015497216407830818,50.0,0.0,50.0,0.5625,1.0,0.03321825337419466,0.029152213615372184,0.12369910597442878,50.0,0.0,50.0,0.5625,1.0
1199_BNG_echoMonths,KNN,KNN,0.3,6.0,-0.0009361312971832755,-5.5939694171142085e-05,0.003954579838226777,50.0,0.0,50.0,0.84375,1.0,-0.07548352368716289,-0.005591389117634179,0.3189296680989924,50.0,0.0,50.0,0.84375,1.0
1199_BNG_echoMonths,KNN,mean,0.05,6.0,5.391472973689804e-05,-1.532725238623245e-05,0.0001973852333641206,50.0,0.0,50.0,0.84375,1.0,0.004338804328141842,-0.0011900619934648818,0.015931980306923676,50.0,0.0,50.0,0.84375,1.0
1199_BNG_echoMonths,KNN,mean,0.1,6.0,-0.00011025109556063913,-9.70776819214092e-05,0.0001710984113133621,33.33333333333333,0.0,66.66666666666666,0.15625,1.0,-0.008747374652962655,-0.007561768055467419,0.013704554864820086,33.33333333333333,0.0,66.66666666666666,0.15625,1.0
1199_BNG_echoMonths,KNN,mean,0.2,6.0,-1.6232198118720786e-05,-1.2345118441309255e-05,0.00021200495331043465,50.0,0.0,50.0,0.84375,1.0,-0.0012529825845125871,-0.0009985216802345974,0.016967285136014712,50.0,0.0,50.0,0.84375,1.0
1199_BNG_echoMonths,KNN,mean,0.3,6.0,-8.239798048029212e-05,-0.00011363957281279591,0.00027334699817849764,50.0,0.0,50.0,0.6875,1.0,-0.006433638467148337,-0.009109172211024913,0.022119627407147725,50.0,0.0,50.0,0.6875,1.0
1199_BNG_echoMonths,KNN,median,0.05,6.0,1.8392190192006996e-05,-9.191528098084767e-06,0.00014567038114749356,50.0,0.0,50.0,1.0,1.0,0.0016270189152665993,-0.0007345466555276547,0.011618644019182925,50.0,0.0,50.0,1.0,1.0
1199_BNG_echoMonths,KNN,median,0.1,6.0,-5.835495334470068e-05,-7.809104573180958e-06,0.0003474628981059186,50.0,0.0,50.0,1.0,1.0,-0.004580803758158521,-0.000621627142998964,0.027777233094364143,50.0,0.0,50.0,1.0,1.0
1199_BNG_echoMonths,KNN,median,0.2,6.0,-9.754462613527821e-05,-0.0001677571660827215,0.00025924317496526584,33.33333333333333,0.0,66.66666666666666,0.5625,1.0,-0.00779158172359386,-0.013431582371613461,0.020793730580665543,33.33333333333333,0.0,66.66666666666666,0.5625,1.0
1199_BNG_echoMonths,KNN,median,0.3,6.0,4.070255080431314e-05,5.5718529527959415e-05,0.00017336252305099676,50.0,0.0,50.0,0.6875,1.0,0.0032972340996189104,0.004422847539136167,0.013665228702428514,50.0,0.0,50.0,0.6875,1.0
1199_BNG_echoMonths,LR,KNN,0.05,6.0,-2.009503796696066e-06,-4.141129408552491e-07,6.601475565998201e-06,50.0,0.0,50.0,0.6875,1.0,-0.00018002410873650755,-3.948237577670192e-05,0.0005896745040486597,50.0,0.0,50.0,0.6875,1.0
1199_BNG_echoMonths,LR,KNN,0.1,6.0,1.1013048961838745e-05,6.666748116251897e-06,4.7347461949573746e-05,66.66666666666666,0.0,33.33333333333333,0.6875,1.0,0.0010001143526672453,0.0006166221711448989,0.00421130087907355,66.66666666666666,0.0,33.33333333333333,0.6875,1.0
1199_BNG_echoMonths,LR,KNN,0.2,6.0,5.956314222009077e-05,4.47033755661963e-05,4.5465616646537265e-05,83.33333333333334,0.0,16.666666666666664,0.0625,1.0,0.005359630770314556,0.004080224001908128,0.004031325386140957,83.33333333333334,0.0,16.666666666666664,0.0625,1.0
1199_BNG_echoMonths,LR,KNN,0.3,6.0,-1.4075166024011635e-05,-5.349702079493479e-06,2.6450975271550187e-05,50.0,0.0,50.0,0.4375,1.0,-0.0012681910927429478,-0.0005029962506502815,0.002363248975730468,50.0,0.0,50.0,0.4375,1.0
1199_BNG_echoMonths,LR,mean,0.05,6.0,1.661737966673904e-08,3.874628334843422e-08,1.1106154039687737e-07,50.0,0.0,50.0,0.84375,1.0,1.4561755450660536e-06,3.519892523936562e-06,9.90108442424166e-06,50.0,0.0,50.0,0.84375,1.0
1199_BNG_echoMonths,LR,mean,0.1,6.0,2.36175694954636e-07,1.8592078826484837e-07,7.88790191764367e-07,83.33333333333334,0.0,16.666666666666664,0.4375,1.0,2.135155226557638e-05,1.6107154372468916e-05,6.999542433977484e-05,83.33333333333334,0.0,16.666666666666664,0.3125,1.0
1199_BNG_echoMonths,LR,mean,0.2,6.0,-7.175365174250103e-08,8.68043589508094e-08,6.870221494731566e-07,66.66666666666666,0.0,33.33333333333333,1.0,1.0,-6.115521221444242e-06,7.619238106172828e-06,6.089270768490809e-05,66.66666666666666,0.0,33.33333333333333,1.0,1.0
1199_BNG_echoMonths,LR,mean,0.3,6.0,-9.95669755902521e-09,-3.4061250070438476e-08,1.916302443578219e-07,50.0,0.0,50.0,1.0,1.0,-9.749534082774867e-07,-3.0454357008843e-06,1.711941130811271e-05,50.0,0.0,50.0,1.0,1.0
1199_BNG_echoMonths,LR,median,0.05,6.0,-4.3655035142364795e-10,1.180896397334763e-08,5.080358190567637e-08,66.66666666666666,0.0,33.33333333333333,1.0,1.0,-7.510285919668567e-08,9.497415013104221e-07,4.522315918989495e-06,66.66666666666666,0.0,33.33333333333333,1.0,1.0
1199_BNG_echoMonths,LR,median,0.1,6.0,3.342938866927418e-07,1.9423688232822478e-07,4.096920358249282e-07,83.33333333333334,0.0,16.666666666666664,0.0625,1.0,2.9906064357774187e-05,1.714791632480028e-05,3.673504351404423e-05,83.33333333333334,0.0,16.666666666666664,0.0625,1.0
1199_BNG_echoMonths,LR,median,0.2,6.0,2.2015189276210675e-07,2.1212544645821119e-07,2.352696328035715e-07,83.33333333333334,0.0,16.666666666666664,0.09375,1.0,1.979097791046881e-05,1.8972092588427712e-05,2.093066221920705e-05,83.33333333333334,0.0,16.666666666666664,0.09375,1.0
1199_BNG_echoMonths,LR,median,0.3,6.0,-3.12712165791614e-08,-4.865329356062986e-08,1.4354566609383432e-07,33.33333333333333,0.0,66.66666666666666,0.6875,1.0,-2.8847672526288636e-06,-4.3559888078031855e-06,1.2787521664024011e-05,33.33333333333333,0.0,66.66666666666666,0.6875,1.0
1199_BNG_echoMonths,RF,KNN,0.05,6.0,8.171797847243238e-05,0.0002275144952313124,0.0008269882426037612,66.66666666666666,0.0,33.33333333333333,0.84375,1.0,0.007068162946287165,0.019759771802746913,0.0763998523807434,66.66666666666666,0.0,33.33333333333333,0.84375,1.0
1199_BNG_echoMonths,RF,KNN,0.1,6.0,0.00044952942356782377,0.00022747429527916752,0.0010718465293743104,66.66666666666666,0.0,33.33333333333333,0.4375,1.0,0.04179720874419914,0.02054202305543817,0.09922811386908342,66.66666666666666,0.0,33.33333333333333,0.4375,1.0
1199_BNG_echoMonths,RF,KNN,0.2,6.0,-0.00028669726604877804,-0.00045217697680768887,0.0015584881436171924,33.33333333333333,0.0,66.66666666666666,0.6875,1.0,-0.026182605112455265,-0.040897003478677696,0.14323610978262308,33.33333333333333,0.0,66.66666666666666,0.6875,1.0
1199_BNG_echoMonths,RF,KNN,0.3,6.0,7.002757362095657e-06,-0.0002858635707111423,0.0009883319233113272,33.33333333333333,0.0,66.66666666666666,1.0,1.0,-5.8016562982700824e-05,-0.02774270424856903,0.09113514916208484,33.33333333333333,0.0,66.66666666666666,1.0,1.0
1199_BNG_echoMonths,RF,mean,0.05,6.0,-2.8404455985509003e-05,-1.6649866515339173e-05,0.000185427731566886,50.0,0.0,50.0,0.84375,1.0,-0.002657802348588357,-0.0015303034599526426,0.017307148360378378,50.0,0.0,50.0,0.84375,1.0
1199_BNG_echoMonths,RF,mean,0.1,6.0,0.00011918443668191651,6.729171614539009e-05,0.00022530040137765702,50.0,0.0,50.0,0.4375,1.0,0.011116394649231665,0.006255688360532146,0.020803639429332273,50.0,0.0,50.0,0.4375,1.0
1199_BNG_echoMonths,RF,mean,0.2,6.0,-3.3799598839108956e-05,-2.586258725453816e-05,0.00023905596640655163,50.0,0.0,50.0,0.84375,1.0,-0.0032969807979535437,-0.002370391455505883,0.02243915875485835,50.0,0.0,50.0,0.84375,1.0
1199_BNG_echoMonths,RF,mean,0.3,6.0,-0.00010130687316002122,-7.477492567525834e-05,0.00021700615559910744,33.33333333333333,0.0,66.66666666666666,0.4375,1.0,-0.009232121373344638,-0.006855870191577776,0.019834823329528673,33.33333333333333,0.0,66.66666666666666,0.4375,1.0
1199_BNG_echoMonths,RF,median,0.05,6.0,-0.00010746098411693976,-0.0002648788998420859,0.00031952254899206473,33.33333333333333,0.0,66.66666666666666,0.5625,1.0,-0.009944489872256018,-0.02416796477751791,0.02958653843052879,33.33333333333333,0.0,66.66666666666666,0.5625,1.0
1199_BNG_echoMonths,RF,median,0.1,6.0,-6.791406509943736e-05,-3.81417895935765e-05,0.00012811108626603574,33.33333333333333,0.0,66.66666666666666,0.21875,1.0,-0.006124105300874513,-0.0036252982237540876,0.011980556335448587,33.33333333333333,0.0,66.66666666666666,0.3125,1.0
1199_BNG_echoMonths,RF,median,0.2,6.0,0.0001313184298147585,0.00021638260112319396,0.0002467778072525521,83.33333333333334,0.0,16.666666666666664,0.4375,1.0,0.01199838188568391,0.019799180176340414,0.02259783391986703,83.33333333333334,0.0,16.666666666666664,0.4375,1.0
1199_BNG_echoMonths,RF,median,0.3,6.0,-3.898563362128571e-05,5.574550104248122e-06,0.00014957935177716363,50.0,0.0,50.0,0.84375,1.0,-0.003575469496997696,0.0004342416959914959,0.013779791673313266,50.0,0.0,50.0,0.84375,1.0
1199_BNG_echoMonths,SVR,KNN,0.05,6.0,-2.6684157893049527e-05,-6.603594169929394e-05,0.00024568331381577573,50.0,0.0,50.0,0.84375,1.0,-0.002248499474516042,-0.005638987761035549,0.020894445572828504,50.0,0.0,50.0,0.84375,1.0
1199_BNG_echoMonths,SVR,KNN,0.1,6.0,-0.00011166219324336886,-0.00019368747272283104,0.0002321111621764336,33.33333333333333,0.0,66.66666666666666,0.21875,1.0,-0.0093182383936819,-0.01647002165967911,0.019915142769828625,33.33333333333333,0.0,66.66666666666666,0.21875,1.0
1199_BNG_echoMonths,SVR,KNN,0.2,6.0,0.00018927458219364368,0.00023062228069803403,0.0003121246717900182,83.33333333333334,0.0,16.666666666666664,0.21875,1.0,0.01630013141988011,0.020165511999790664,0.026628355682648954,83.33333333333334,0.0,16.666666666666664,0.21875,1.0
1199_BNG_echoMonths,SVR,KNN,0.3,6.0,-0.00010205347671103186,-0.0001335436449010352,0.00010569241842060932,16.666666666666664,0.0,83.33333333333334,0.0625,1.0,-0.008753172875049713,-0.011418186761543166,0.009041225648131939,16.666666666666664,0.0,83.33333333333334,0.0625,1.0
1199_BNG_echoMonths,SVR,mean,0.05,6.0,0.00011677773064930341,0.0001506449239999097,0.00014919905049465434,83.33333333333334,0.0,16.666666666666664,0.09375,1.0,0.009917161863482448,0.012829403148997713,0.012652838605328318,83.33333333333334,0.0,16.666666666666664,0.09375,1.0
1199_BNG_echoMonths,SVR,mean,0.1,6.0,-3.4637958208886634e-05,-3.9579484718221813e-05,0.00020094738528804958,33.33333333333333,0.0,66.66666666666666,0.6875,1.0,-0.0029971142483922793,-0.0034259619395928084,0.01716984724994197,33.33333333333333,0.0,66.66666666666666,0.6875,1.0
1199_BNG_echoMonths,SVR,mean,0.2,6.0,1.538343746935548e-05,4.5543275175946585e-05,0.00010679077245557277,66.66666666666666,0.0,33.33333333333333,0.5625,1.0,0.001223311307615284,0.003913026441787802,0.009247791639248033,66.66666666666666,0.0,33.33333333333333,0.5625,1.0
1199_BNG_echoMonths,SVR,mean,0.3,6.0,-4.4688494567531505e-06,-2.3123920711409784e-05,0.00025497013515455376,50.0,0.0,50.0,0.84375,1.0,-0.0003781869489474325,-0.0019176747668753105,0.021758963678389854,50.0,0.0,50.0,0.84375,1.0
1199_BNG_echoMonths,SVR,median,0.05,6.0,-2.176720130630157e-05,-9.154917486323133e-05,0.00031439190623628715,33.33333333333333,0.0,66.66666666666666,0.84375,1.0,-0.0017168450062098352,-0.007762397443367729,0.026685849829959803,33.33333333333333,0.0,66.66666666666666,0.84375,1.0
1199_BNG_echoMonths,SVR,median,0.1,6.0,-7.11405769126076e-05,-3.977991828341132e-05,0.000222691300536224,16.666666666666664,0.0,83.33333333333334,0.3125,1.0,-0.006123320244025514,-0.003549799060532423,0.01900076494473625,16.666666666666664,0.0,83.33333333333334,0.3125,1.0
1199_BNG_echoMonths,SVR,median,0.2,6.0,-0.00015621666983755186,-0.0002462685711797086,0.00035927271658599746,33.33333333333333,0.0,66.66666666666666,0.4375,1.0,-0.013253360839374744,-0.0208598193525747,0.030628764862853756,33.33333333333333,0.0,66.66666666666666,0.4375,1.0
1199_BNG_echoMonths,SVR,median,0.3,6.0,2.9124703302565076e-05,0.0001427095152995994,0.0002809106162156067,66.66666666666666,0.0,33.33333333333333,0.84375,1.0,0.0025752765352326334,0.012595070874699705,0.024048755898732323,66.66666666666666,0.0,33.33333333333333,0.84375,1.0
197_cpu_act,DT,KNN,0.05,6.0,0.00016138814753250777,0.00014541508585380614,0.00044131639081011666,66.66666666666666,0.0,33.33333333333333,0.5625,1.0,0.18025403959563777,0.13046522889652537,0.5690454690072276,66.66666666666666,0.0,33.33333333333333,0.5625,1.0
197_cpu_act,DT,KNN,0.1,6.0,-0.00039596241429383044,-0.0001723924049931158,0.0007481002863159949,50.0,0.0,50.0,0.5625,1.0,-0.4638512998441107,-0.20838201116768534,0.9150431236917159,50.0,0.0,50.0,0.5625,1.0
197_cpu_act,DT,KNN,0.2,6.0,-0.00018837591300036038,-0.0003524043363084539,0.0008577700649287963,33.33333333333333,0.0,66.66666666666666,0.6875,1.0,-0.32547125919991565,-0.49098579351385907,1.0072174535984324,16.666666666666664,0.0,83.33333333333334,0.4375,1.0
197_cpu_act,DT,KNN,0.3,6.0,-0.0005994100125921905,-0.0005261601975837249,0.001112595115802895,16.666666666666664,0.0,83.33333333333334,0.21875,1.0,-0.6980519096946987,-0.6207604651172096,1.3744892324657807,16.666666666666664,0.0,83.33333333333334,0.3125,1.0
197_cpu_act,DT,mean,0.05,6.0,8.795011386408813e-05,4.361733397550971e-05,0.00012567822009363228,66.66666666666666,0.0,33.33333333333333,0.21875,1.0,0.12637056087735676,0.062444377490843646,0.1720860285182795,66.66666666666666,0.0,33.33333333333333,0.21875,1.0
197_cpu_act,DT,mean,0.1,6.0,-0.00010053086542660683,4.997425887887097e-06,0.00032089122254873195,50.0,0.0,50.0,0.84375,1.0,-0.1152503466378374,0.038984971647840524,0.3818344977980263,50.0,0.0,50.0,0.84375,1.0
197_cpu_act,DT,mean,0.2,6.0,-0.00011652920331128858,-0.0003302361766250872,0.0004297356152769835,33.33333333333333,0.0,66.66666666666666,0.5625,1.0,-0.11761502440414966,-0.3670369805160455,0.5156039578353961,33.33333333333333,0.0,66.66666666666666,0.5625,1.0
197_cpu_act,DT,mean,0.3,6.0,6.287502322023981e-05,0.00010888642193551679,0.0006088218219210111,66.66666666666666,0.0,33.33333333333333,0.6875,1.0,0.08438656206450879,0.1500075996034228,0.7288600760417382,66.66666666666666,0.0,33.33333333333333,0.6875,1.0
197_cpu_act,DT,median,0.05,6.0,0.0001357802002260692,0.00015519834198673976,0.00035202494445451664,50.0,0.0,50.0,0.4375,1.0,0.17261567497043018,0.1929137821692686,0.4576771625564005,50.0,0.0,50.0,0.4375,1.0
197_cpu_act,DT,median,0.1,6.0,3.111006108693267e-05,5.1152028653189685e-05,0.00047431552570026603,50.0,0.0,50.0,1.0,1.0,0.014464170239184912,0.06014530070373959,0.5419776628262793,50.0,0.0,50.0,1.0,1.0
197_cpu_act,DT,median,0.2,6.0,0.00041625464431405135,0.00043534557130037177,0.00028741230655263643,83.33333333333334,0.0,16.666666666666664,0.0625,1.0,0.5034069964417711,0.5445244695815354,0.3582440569351142,83.33333333333334,0.0,16.666666666666664,0.0625,1.0
197_cpu_act,DT,median,0.3,6.0,7.909370706365992e-05,0.00019482400353598717,0.0006887894817938127,50.0,0.0,50.0,0.84375,1.0,0.1067988029156126,0.2661353459822778,0.8293815137373474,50.0,0.0,50.0,0.84375,1.0
197_cpu_act,KNN,KNN,0.05,6.0,0.0007970062795640831,0.0008649636608917821,0.000562534605443862,100.0,0.0,0.0,0.03125,1.0,0.5268083988557759,0.5116047896850617,0.4384382149077043,83.33333333333334,0.0,16.666666666666664,0.0625,1.0
197_cpu_act,KNN,KNN,0.1,6.0,0.001360182689451206,0.001007881969507185,0.0019972197157556754,66.66666666666666,0.0,33.33333333333333,0.21875,1.0,0.7782415107402745,0.5628412891913056,1.0870194203545738,66.66666666666666,0.0,33.33333333333333,0.21875,1.0
197_cpu_act,KNN,KNN,0.2,6.0,-0.0002799318263247974,-0.0005126818907694175,0.0007514701988468972,33.33333333333333,0.0,66.66666666666666,0.4375,1.0,-0.28142940769982344,-0.4347701785872144,0.5059519453832139,33.33333333333333,0.0,66.66666666666666,0.3125,1.0
197_cpu_act,KNN,KNN,0.3,6.0,3.842630283455254e-05,-0.0001745979466560854,0.0009805082990484498,33.33333333333333,0.0,66.66666666666666,0.5625,1.0,0.03703633756002139,-0.1099427522903106,0.6874939805395377,33.33333333333333,0.0,66.66666666666666,0.5625,1.0
197_cpu_act,KNN,mean,0.05,6.0,-1.9177189823453105e-05,-6.602031396019115e-07,5.435267517688837e-05,50.0,0.0,50.0,0.6875,1.0,-0.01179280052817575,-0.0006944124359750713,0.03361188886327471,50.0,0.0,50.0,0.6875,1.0
197_cpu_act,KNN,mean,0.1,6.0,-6.075574358740028e-06,-7.736899523269614e-06,9.766624451285098e-05,33.33333333333333,0.0,66.66666666666666,0.84375,1.0,-0.0018494091884027994,-0.004134552587532352,0.05179179892022297,33.33333333333333,0.0,66.66666666666666,0.84375,1.0
197_cpu_act,KNN,mean,0.2,6.0,9.591049413854025e-05,1.8552652737702235e-05,0.00015344391791356361,66.66666666666666,0.0,33.33333333333333,0.4375,1.0,0.06037460084862568,0.013378127242411093,0.10012128175469666,66.66666666666666,0.0,33.33333333333333,0.4375,1.0
197_cpu_act,KNN,mean,0.3,6.0,3.0654873042416465e-05,3.70926496097157e-05,2.726508923722202e-05,83.33333333333334,0.0,16.666666666666664,0.0625,1.0,0.022944937428326668,0.02493636456415279,0.019120302106269804,83.33333333333334,0.0,16.666666666666664,0.0625,1.0
197_cpu_act,KNN,median,0.05,6.0,0.0007015481817645627,0.00010075859190866732,0.0014670292343343526,66.66666666666666,0.0,33.33333333333333,0.21875,1.0,0.4097296018320878,0.06283918039172755,0.8668314891597271,66.66666666666666,0.0,33.33333333333333,0.21875,1.0
197_cpu_act,KNN,median,0.1,6.0,0.00017742296851693448,-7.590948735097802e-05,0.0007559561867362694,33.33333333333333,0.0,66.66666666666666,1.0,1.0,0.11178032092875738,-0.04502458721531747,0.4384686402816872,33.33333333333333,0.0,66.66666666666666,1.0,1.0
197_cpu_act,KNN,median,0.2,6.0,6.468622647811302e-05,-2.4012415785035213e-05,0.0001807087171095115,33.33333333333333,0.0,66.66666666666666,1.0,1.0,0.039697237765768056,-0.01600728760789723,0.11632033912348035,33.33333333333333,0.0,66.66666666666666,1.0,1.0
197_cpu_act,KNN,median,0.3,6.0,-1.4023815734879689e-05,-4.838749973701262e-06,2.475146553604048e-05,33.33333333333333,0.0,66.66666666666666,0.3125,1.0,-0.010838147316311678,-0.003967144059945014,0.018176338664476797,33.33333333333333,0.0,66.66666666666666,0.21875,1.0
197_cpu_act,LR,KNN,0.05,6.0,0.00031343243508700586,0.00040802074772583463,0.00032987888021749555,83.33333333333334,0.0,16.666666666666664,0.09375,1.0,0.05273299832451511,0.07001887307639931,0.05742272643876889,83.33333333333334,0.0,16.666666666666664,0.09375,1.0
197_cpu_act,LR,KNN,0.1,6.0,0.0006074719512118391,0.0006446685804719632,0.00072526266035831,66.66666666666666,0.0,33.33333333333333,0.15625,1.0,0.09956139039712557,0.10676589063027918,0.12386308823343872,66.66666666666666,0.0,33.33333333333333,0.15625,1.0
197_cpu_act,LR,KNN,0.2,6.0,-5.799898399074429e-05,-5.5417826508141754e-05,0.0001851938618056131,50.0,0.0,50.0,0.5625,1.0,-0.012578417798916858,-0.015068819642306105,0.03337159565857347,50.0,0.0,50.0,0.4375,1.0
197_cpu_act,LR,KNN,0.3,6.0,-9.337863975269108e-05,-9.175453358151175e-05,6.79925609284482e-05,16.666666666666664,0.0,83.33333333333334,0.0625,1.0,-0.01705790253382088,-0.016449577626062112,0.011772222778243368,16.666666666666664,0.0,83.33333333333334,0.0625,1.0
197_cpu_act,LR,mean,0.05,6.0,1.8662150627994183e-06,1.841196113572252e-06,9.24378449747212e-06,83.33333333333334,0.0,16.666666666666664,0.3125,1.0,0.00030639944355688334,0.00028292778048449435,0.0015420871004216065,83.33333333333334,0.0,16.666666666666664,0.3125,1.0
197_cpu_act,LR,mean,0.1,6.0,2.188310951445338e-06,-5.519880034721147e-07,8.855747315776745e-06,33.33333333333333,0.0,66.66666666666666,0.6875,1.0,0.0003632191918427476,-9.590428571521831e-05,0.0014625172322879198,50.0,0.0,50.0,0.84375,1.0
197_cpu_act,LR,mean,0.2,6.0,-2.4135834490272384e-07,-1.609163606142161e-06,4.695250565368726e-06,33.33333333333333,0.0,66.66666666666666,0.6875,1.0,-4.377845849418821e-05,-0.00030070973617094606,0.0008319041664024797,33.33333333333333,0.0,66.66666666666666,0.6875,1.0
197_cpu_act,LR,mean,0.3,6.0,-4.299005832930636e-06,-5.423071424703885e-07,1.273300474796164e-05,50.0,0.0,50.0,0.6875,1.0,-0.0007304265605124512,-1.4188421772707614e-05,0.0022261987558975316,50.0,0.0,50.0,0.6875,1.0
197_cpu_act,LR,median,0.05,6.0,-0.0009122424701910233,-0.0006537034303997769,0.0006075062466469415,0.0,0.0,100.0,0.03125,1.0,-0.1532609760577336,-0.11269552589994487,0.10073979416804056,0.0,0.0,100.0,0.03125,1.0
197_cpu_act,LR,median,0.1,6.0,-0.0012703408693557165,-0.001507406908254294,0.0007312480955697582,0.0,0.0,100.0,0.03125,1.0,-0.204415959116525,-0.24617904744866753,0.11542074265105456,0.0,0.0,100.0,0.03125,1.0
197_cpu_act,LR,median,0.2,6.0,1.3825664770076667e-06,7.872331042602099e-07,5.8576465203679086e-06,66.66666666666666,0.0,33.33333333333333,0.5625,1.0,0.0002523587530570066,9.134655867766488e-05,0.0010478896932810367,66.66666666666666,0.0,33.33333333333333,0.5625,1.0
197_cpu_act,LR,median,0.3,6.0,-1.1946749543893336e-06,-5.154312280319928e-07,3.2789519122946496e-06,50.0,0.0,50.0,0.5625,1.0,-0.0001990913457669376,-5.121653740910931e-05,0.0005300878404292558,50.0,0.0,50.0,0.5625,1.0
197_cpu_act,RF,KNN,0.05,6.0,2.2648154540116927e-06,1.7863596458722597e-05,7.651243383834741e-05,50.0,0.0,50.0,1.0,1.0,0.003746867840810316,0.03598800250179099,0.19125499152188072,50.0,0.0,50.0,1.0,1.0
197_cpu_act,RF,KNN,0.1,6.0,-1.0776876906148924e-05,6.4431994168945295e-06,7.315740881170667e-05,66.66666666666666,0.0,33.33333333333333,1.0,1.0,-0.016224392403749444,0.028837566604700066,0.16736487111038842,66.66666666666666,0.0,33.33333333333333,1.0,1.0
197_cpu_act,RF,KNN,0.2,6.0,1.6110200212212284e-05,-3.514655728176219e-06,8.756137178194059e-05,50.0,0.0,50.0,0.84375,1.0,0.03715468608507549,-0.031159132990974028,0.2125056492754617,50.0,0.0,50.0,0.84375,1.0
197_cpu_act,RF,KNN,0.3,6.0,-3.431922579864392e-05,-2.4299622959522704e-05,5.015481847562706e-05,16.666666666666664,0.0,83.33333333333334,0.09375,1.0,-0.06090847045156691,-0.023945882004967875,0.11973233120510478,16.666666666666664,0.0,83.33333333333334,0.21875,1.0
197_cpu_act,RF,mean,0.05,6.0,8.06554241666868e-06,5.021635982593864e-06,1.3271992912054638e-05,83.33333333333334,0.0,16.666666666666664,0.21875,1.0,0.018186952781381285,0.014802260200576619,0.031029961483998416,66.66666666666666,0.0,33.33333333333333,0.21875,1.0
197_cpu_act,RF,mean,0.1,6.0,1.4360682535463631e-05,1.0443229111534169e-05,2.1976848659027063e-05,66.66666666666666,0.0,33.33333333333333,0.21875,1.0,0.033090926754137405,0.02489396785360203,0.05431966962027076,66.66666666666666,0.0,33.33333333333333,0.3125,1.0
197_cpu_act,RF,mean,0.2,6.0,-1.2344895212364666e-06,-8.36836034712185e-06,3.509425426421179e-05,33.33333333333333,0.0,66.66666666666666,0.5625,1.0,-0.0046035673408051725,-0.021021459245592587,0.08864514403631596,33.33333333333333,0.0,66.66666666666666,0.5625,1.0
197_cpu_act,RF,mean,0.3,6.0,1.0433483086214057e-05,1.3286574713999855e-05,1.9158070220901883e-05,83.33333333333334,0.0,16.666666666666664,0.21875,1.0,0.02587226566560884,0.03242059857006627,0.05063280068299041,83.33333333333334,0.0,16.666666666666664,0.3125,1.0
197_cpu_act,RF,median,0.05,6.0,1.9818651189607017e-06,-1.3123436635731345e-06,2.2768034065333304e-05,33.33333333333333,0.0,66.66666666666666,0.84375,1.0,0.0043779405372478914,-0.005520343745572412,0.05694032198753542,33.33333333333333,0.0,66.66666666666666,0.84375,1.0
197_cpu_act,RF,median,0.1,6.0,6.588481433755788e-07,2.75424594331497e-06,1.8085213281988252e-05,66.66666666666666,0.0,33.33333333333333,0.84375,1.0,0.0046847637922884065,0.007288375560229012,0.0428722633368809,66.66666666666666,0.0,33.33333333333333,0.6875,1.0
197_cpu_act,RF,median,0.2,6.0,-1.8357711655203612e-05,-2.075300423420856e-05,3.0300397996011098e-05,33.33333333333333,0.0,66.66666666666666,0.21875,1.0,-0.04654248199781567,-0.052932677910497064,0.07411500124636539,33.33333333333333,0.0,66.66666666666666,0.21875,1.0
197_cpu_act,RF,median,0.3,6.0,1.44758263454318e-05,1.4922745735335141e-05,1.8037507469190374e-05,83.33333333333334,0.0,16.666666666666664,0.21875,1.0,0.0341728545811868,0.03615208453737568,0.04463454849349706,83.33333333333334,0.0,16.666666666666664,0.21875,1.0
197_cpu_act,SVR,KNN,0.05,6.0,0.0007295139803430531,0.00015618647071344305,0.001237677248068296,66.66666666666666,0.0,33.33333333333333,0.3125,1.0,0.06510494209593956,0.014436661088654375,0.1124364309357431,66.66666666666666,0.0,33.33333333333333,0.3125,1.0
197_cpu_act,SVR,KNN,0.1,6.0,-0.0004324569158037454,-0.0004316319627568066,0.0013888517410645198,16.666666666666664,0.0,83.33333333333334,0.3125,1.0,-0.04603776040161638,-0.044839884265708556,0.1177758068753555,16.666666666666664,0.0,83.33333333333334,0.3125,1.0
197_cpu_act,SVR,KNN,0.2,6.0,-5.181375208715422e-05,0.000308401166811495,0.0012591430025696237,66.66666666666666,0.0,33.33333333333333,0.84375,1.0,-0.007123598087197203,0.013883285685565502,0.10827861383651194,66.66666666666666,0.0,33.33333333333333,0.84375,1.0
197_cpu_act,SVR,KNN,0.3,6.0,1.2714678434897856e-05,7.063597150996914e-06,0.0002946124087454015,50.0,0.0,50.0,1.0,1.0,0.0014002196368888276,0.0014140018656721622,0.025730437896880617,50.0,0.0,50.0,0.84375,1.0
197_cpu_act,SVR,mean,0.05,6.0,6.086028442419308e-05,7.08566447853165e-05,0.0001597461088436772,83.33333333333334,0.0,16.666666666666664,0.3125,1.0,0.00518477494630114,0.00590962219766015,0.015559041335066342,66.66666666666666,0.0,33.33333333333333,0.5625,1.0
197_cpu_act,SVR,mean,0.1,6.0,2.0420456307346235e-05,-4.6178717801215186e-05,0.00014855844572535674,33.33333333333333,0.0,66.66666666666666,1.0,1.0,0.0031606195664445965,-0.002999657652494591,0.013155721956021691,33.33333333333333,0.0,66.66666666666666,1.0,1.0
197_cpu_act,SVR,mean,0.2,6.0,-5.173636114513824e-05,-0.00011300205492359439,0.00017166313012750853,33.33333333333333,0.0,66.66666666666666,0.6875,1.0,-0.004305765498657593,-0.010091201478484907,0.01616331320566627,33.33333333333333,0.0,66.66666666666666,0.6875,1.0
197_cpu_act,SVR,mean,0.3,6.0,6.974486541330704e-05,5.694816822079951e-05,0.00010195050789327161,66.66666666666666,0.0,33.33333333333333,0.21875,1.0,0.005884167282963835,0.0043149675299528085,0.009362343705626441,66.66666666666666,0.0,33.33333333333333,0.3125,1.0
197_cpu_act,SVR,median,0.05,6.0,-0.0002903752285227379,-0.00041147354930895497,0.00042057588232007336,16.666666666666664,0.0,83.33333333333334,0.21875,1.0,-0.02985951987896505,-0.04276116823399633,0.0382448542681535,16.666666666666664,0.0,83.33333333333334,0.15625,1.0
197_cpu_act,SVR,median,0.1,6.0,-0.0006902944823863333,-0.0007075900806282343,0.00042893767753733364,0.0,0.0,100.0,0.03125,1.0,-0.06456302599808376,-0.06849798687930611,0.03826706952635757,0.0,0.0,100.0,0.03125,1.0
197_cpu_act,SVR,median,0.2,6.0,-2.5992109528203782e-05,2.1050569798120033e-06,0.0001646010502079928,50.0,0.0,50.0,1.0,1.0,-0.00135948693135617,0.0010444282932861894,0.015565746756085588,50.0,0.0,50.0,1.0,1.0
197_cpu_act,SVR,median,0.3,6.0,-2.673319653209716e-05,-1.3740966383513076e-05,0.00011043301344308298,33.33333333333333,0.0,66.66666666666666,0.6875,1.0,-0.003046162350542102,-0.0009142286711007223,0.0096458412979953,33.33333333333333,0.0,66.66666666666666,0.5625,1.0
201_pol,DT,KNN,0.05,6.0,-7.571046638760182e-05,-0.00015687498296768077,0.0005702359517621619,33.33333333333333,0.0,66.66666666666666,0.84375,1.0,-0.1675015538940535,-0.23049110276018736,1.0397716025584418,33.33333333333333,0.0,66.66666666666666,0.84375,1.0
201_pol,DT,KNN,0.1,6.0,-0.0007173552162818749,-0.000555882878377878,0.0019234097835690153,33.33333333333333,0.0,66.66666666666666,0.4375,1.0,-1.190090221776329,-0.9115424845389762,3.1091371463144126,33.33333333333333,0.0,66.66666666666666,0.4375,1.0
201_pol,DT,KNN,0.2,6.0,-0.00045964332633846583,-0.0005109388301648421,0.00140574701476931,33.33333333333333,0.0,66.66666666666666,0.5625,1.0,-0.7367241448378463,-0.8091636266123049,2.2538963072765874,33.33333333333333,0.0,66.66666666666666,0.5625,1.0
201_pol,DT,KNN,0.3,6.0,0.00010448495130166435,-0.0002584238111623671,0.0006581516721133966,33.33333333333333,0.0,66.66666666666666,1.0,1.0,0.15780470705768324,-0.3709908003690924,1.145099648473314,33.33333333333333,0.0,66.66666666666666,1.0,1.0
201_pol,DT,mean,0.05,6.0,-2.7963830923312855e-05,-1.1074190703452835e-05,4.7358819989305416e-05,0.0,33.33333333333333,66.66666666666666,0.125,1.0,-0.049002656745516765,-0.019797860224663753,0.08162154857835573,0.0,33.33333333333333,66.66666666666666,0.125,1.0
201_pol,DT,mean,0.1,6.0,3.983671939013685e-05,7.194203384780495e-05,0.0004420333704257613,66.66666666666666,0.0,33.33333333333333,0.84375,1.0,0.0795381591896593,0.10186240000068042,0.58601405447424,66.66666666666666,0.0,33.33333333333333,0.84375,1.0
201_pol,DT,mean,0.2,6.0,3.877245514492348e-05,1.3238265944848226e-05,7.425917587340412e-05,66.66666666666666,0.0,33.33333333333333,0.3125,1.0,0.04470274768426153,0.015058125253000161,0.0887726547972122,83.33333333333334,0.0,16.666666666666664,0.21875,1.0
201_pol,DT,mean,0.3,6.0,1.6554842630245314e-05,9.449898025370995e-06,2.875932561492098e-05,66.66666666666666,0.0,33.33333333333333,0.15625,1.0,0.02843708427967749,0.016136503936224778,0.04963332799135614,66.66666666666666,0.0,33.33333333333333,0.15625,1.0
201_pol,DT,median,0.05,6.0,0.0,0.0,0.0,0.0,100.0,0.0,1.0,1.0,0.0,0.0,0.0,0.0,100.0,0.0,1.0,1.0
201_pol,DT,median,0.1,6.0,0.0,0.0,0.0,0.0,100.0,0.0,1.0,1.0,0.0,0.0,0.0,0.0,100.0,0.0,1.0,1.0
201_pol,DT,median,0.2,6.0,-2.3129195080869486e-05,0.0,5.665472610942095e-05,0.0,83.33333333333334,16.666666666666664,1.0,1.0,-0.02860427266013385,0.0,0.07006587248077115,0.0,83.33333333333334,16.666666666666664,1.0,1.0
201_pol,DT,median,0.3,6.0,0.0,0.0,0.0,0.0,100.0,0.0,1.0,1.0,0.0,0.0,0.0,0.0,100.0,0.0,1.0,1.0
201_pol,KNN,KNN,0.05,6.0,0.0001511958544080927,0.00014472084629624238,4.273045453628739e-05,100.0,0.0,0.0,0.03125,1.0,0.15500652649890576,0.14702638596920825,0.03837629697061965,100.0,0.0,0.0,0.03125,1.0
201_pol,KNN,KNN,0.1,6.0,-8.098349287457192e-05,-0.00011119556376765205,0.00010618482132807772,33.33333333333333,0.0,66.66666666666666,0.15625,1.0,-0.06865849922020385,-0.09708530855861854,0.09424897010107028,33.33333333333333,0.0,66.66666666666666,0.15625,1.0
201_pol,KNN,KNN,0.2,6.0,0.0005147050404066637,0.0005496892421028021,0.00028701414933291245,100.0,0.0,0.0,0.03125,1.0,0.5040239422097041,0.5501827049744626,0.2881675733260246,100.0,0.0,0.0,0.03125,1.0
201_pol,KNN,KNN,0.3,6.0,0.0007337067964223176,0.0006749602487522988,0.0002546351811760933,100.0,0.0,0.0,0.03125,1.0,0.6918464151519516,0.6439904451169098,0.24750508394805593,100.0,0.0,0.0,0.03125,1.0
201_pol,KNN,mean,0.05,6.0,-1.7591249042436807e-06,4.47217366361663e-07,6.683181177921363e-05,50.0,0.0,50.0,1.0,1.0,-0.00031218073090567383,0.00023532913488250084,0.06715911237963437,50.0,0.0,50.0,1.0,1.0
201_pol,KNN,mean,0.1,6.0,-1.3205943478570663e-06,1.3901649693170981e-05,7.804015731828271e-05,50.0,0.0,50.0,0.84375,1.0,-0.0003183217053902669,0.014174564302367364,0.07542038158248772,50.0,0.0,50.0,0.84375,1.0
201_pol,KNN,mean,0.2,6.0,2.3313732190259156e-05,3.052765569916405e-05,6.239974731541461e-05,66.66666666666666,0.0,33.33333333333333,0.5625,1.0,0.019116357967355075,0.024782996887325378,0.05320280736206144,66.66666666666666,0.0,33.33333333333333,0.4375,1.0
201_pol,KNN,mean,0.3,6.0,7.860411285454116e-05,6.89222444595905e-05,0.00012399576729484773,83.33333333333334,0.0,16.666666666666664,0.15625,1.0,0.06589423066945191,0.05961328062012642,0.10424735815300494,83.33333333333334,0.0,16.666666666666664,0.15625,1.0
201_pol,KNN,median,0.05,6.0,0.0,0.0,0.0,0.0,100.0,0.0,1.0,1.0,0.0,0.0,0.0,0.0,100.0,0.0,1.0,1.0
201_pol,KNN,median,0.1,6.0,0.0,0.0,0.0,0.0,100.0,0.0,1.0,1.0,0.0,0.0,0.0,0.0,100.0,0.0,1.0,1.0
201_pol,KNN,median,0.2,6.0,3.0830591929431606e-05,0.0,7.551921869507655e-05,16.666666666666664,83.33333333333334,0.0,1.0,1.0,0.027177121625667156,0.0,0.0665700806604426,16.666666666666664,83.33333333333334,0.0,1.0,1.0
201_pol,KNN,median,0.3,6.0,0.0,0.0,0.0,0.0,100.0,0.0,1.0,1.0,0.0,0.0,0.0,0.0,100.0,0.0,1.0,1.0
201_pol,LR,KNN,0.05,6.0,-4.638914147474712e-05,-1.8683024838650475e-05,0.0001667046167435363,50.0,0.0,50.0,0.6875,1.0,-0.004257794988093723,-0.001770315784100858,0.015507494776771711,50.0,0.0,50.0,0.6875,1.0
201_pol,LR,KNN,0.1,6.0,-0.00015631818287490754,-0.00015048888184415743,5.7754496543934214e-05,0.0,0.0,100.0,0.03125,1.0,-0.014765722060559601,-0.013983335340135732,0.0055299251911632595,0.0,0.0,100.0,0.03125,1.0
201_pol,LR,KNN,0.2,6.0,1.9180291789729537e-05,-3.37404842232214e-06,0.00010979065880551232,50.0,0.0,50.0,0.84375,1.0,0.0016579449799242537,-0.00037950124432841945,0.01031023940640097,50.0,0.0,50.0,0.84375,1.0
201_pol,LR,KNN,0.3,6.0,-5.429343296043757e-05,-5.1706250013106025e-05,0.00014398715287579768,33.33333333333333,0.0,66.66666666666666,0.5625,1.0,-0.005141530109233207,-0.004883489596739557,0.013560918620340685,33.33333333333333,0.0,66.66666666666666,0.4375,1.0
201_pol,LR,mean,0.05,6.0,5.323259801108075e-07,-3.8588833048414095e-07,2.844166155348682e-06,33.33333333333333,0.0,66.66666666666666,1.0,1.0,5.092666551415146e-05,-3.692037447844674e-05,0.0002672631483027389,33.33333333333333,0.0,66.66666666666666,1.0,1.0
201_pol,LR,mean,0.1,6.0,8.284844443632681e-07,1.1421646639031557e-06,9.295978060766063e-07,66.66666666666666,0.0,33.33333333333333,0.15625,1.0,7.680111716941447e-05,0.00010422017129339985,8.663108962856503e-05,66.66666666666666,0.0,33.33333333333333,0.15625,1.0
201_pol,LR,mean,0.2,6.0,-1.764405232936491e-07,1.084793328665068e-06,4.770757597780365e-06,50.0,0.0,50.0,0.84375,1.0,-2.0660362067101885e-05,9.94531397200315e-05,0.0004564820075965952,50.0,0.0,50.0,0.84375,1.0
201_pol,LR,mean,0.3,6.0,-6.147809815948424e-07,-4.083385274356033e-07,3.242221631654355e-06,50.0,0.0,50.0,0.6875,1.0,-6.011488313206076e-05,-3.8496219879698215e-05,0.0002925388789232453,50.0,0.0,50.0,0.6875,1.0
201_pol,LR,median,0.05,6.0,0.0,0.0,0.0,0.0,100.0,0.0,1.0,1.0,0.0,0.0,0.0,0.0,100.0,0.0,1.0,1.0
201_pol,LR,median,0.1,6.0,0.0,0.0,0.0,0.0,100.0,0.0,1.0,1.0,0.0,0.0,0.0,0.0,100.0,0.0,1.0,1.0
201_pol,LR,median,0.2,6.0,-8.108537765496212e-06,0.0,1.9861780085553e-05,0.0,83.33333333333334,16.666666666666664,1.0,1.0,-0.0007696966352724239,0.0,0.0018853640131545276,0.0,83.33333333333334,16.666666666666664,1.0,1.0
201_pol,LR,median,0.3,6.0,0.0,0.0,0.0,0.0,100.0,0.0,1.0,1.0,0.0,0.0,0.0,0.0,100.0,0.0,1.0,1.0
201_pol,RF,KNN,0.05,6.0,5.698810239472089e-05,7.525184555678965e-05,5.7451404201592094e-05,83.33333333333334,0.0,16.666666666666664,0.09375,1.0,0.2231109046032199,0.29615952588366945,0.22159786728429898,83.33333333333334,0.0,16.666666666666664,0.09375,1.0
201_pol,RF,KNN,0.1,6.0,-0.0002527794651027704,-0.000231194093362308,0.00020082149267916356,0.0,0.0,100.0,0.03125,1.0,-0.9279111179857104,-0.8589203900046609,0.7333442754605894,0.0,0.0,100.0,0.03125,1.0
201_pol,RF,KNN,0.2,6.0,0.0003591591982628299,0.00042787319924258993,0.0004312569854141526,83.33333333333334,0.0,16.666666666666664,0.15625,1.0,1.150672370460727,1.3529310296782189,1.3956786660638991,83.33333333333334,0.0,16.666666666666664,0.15625,1.0
201_pol,RF,KNN,0.3,6.0,8.161025728148363e-06,-3.0003042588822026e-05,0.00012324980669220622,50.0,0.0,50.0,0.84375,1.0,0.031553241121301846,-0.10685580355809621,0.4701751399974872,50.0,0.0,50.0,0.84375,1.0
201_pol,RF,mean,0.05,6.0,-8.775238297490754e-07,1.8652121175355418e-07,4.370771186844107e-06,50.0,0.0,50.0,1.0,1.0,-0.0036695306095779028,8.82806583159465e-05,0.017000685515550572,50.0,0.0,50.0,1.0,1.0
201_pol,RF,mean,0.1,6.0,-1.199287384623382e-06,-9.474490957506188e-06,3.319359214257859e-05,33.33333333333333,0.0,66.66666666666666,0.6875,1.0,-0.00547970406488917,-0.028799415783743468,0.09921902735366922,33.33333333333333,0.0,66.66666666666666,0.6875,1.0
201_pol,RF,mean,0.2,6.0,-2.1459898947862044e-06,-1.9774914234993446e-06,6.751633991668699e-06,33.33333333333333,0.0,66.66666666666666,0.5625,1.0,-0.004294035306373818,-0.003516376302047129,0.015658127651483254,33.33333333333333,0.0,66.66666666666666,0.5625,1.0
201_pol,RF,mean,0.3,6.0,6.555729777183809e-07,3.1564863856026193e-07,6.592324939769211e-06,50.0,0.0,50.0,0.84375,1.0,0.002572226480124362,0.0007949587767907404,0.025462302765967264,50.0,0.0,50.0,0.84375,1.0
201_pol,RF,median,0.05,6.0,0.0,0.0,0.0,0.0,100.0,0.0,1.0,1.0,0.0,0.0,0.0,0.0,100.0,0.0,1.0,1.0
201_pol,RF,median,0.1,6.0,0.0,0.0,0.0,0.0,100.0,0.0,1.0,1.0,0.0,0.0,0.0,0.0,100.0,0.0,1.0,1.0
201_pol,RF,median,0.2,6.0,-1.3706235982106445e-06,0.0,3.3573284450335457e-06,0.0,83.33333333333334,16.666666666666664,1.0,1.0,-0.0031363203103719275,0.0,0.007682384430338589,0.0,83.33333333333334,16.666666666666664,1.0,1.0
201_pol,RF,median,0.3,6.0,0.0,0.0,0.0,0.0,100.0,0.0,1.0,1.0,0.0,0.0,0.0,0.0,100.0,0.0,1.0,1.0
201_pol,SVR,KNN,0.05,6.0,-3.204042886036559e-05,3.410217100166535e-05,0.00026230556327449514,66.66666666666666,0.0,33.33333333333333,0.6875,1.0,-0.0028959458853059536,0.0031079818135975614,0.023920332990551317,66.66666666666666,0.0,33.33333333333333,0.6875,1.0
201_pol,SVR,KNN,0.1,6.0,-7.484996368360235e-05,-0.0001280909676226183,0.00014560710490138103,16.666666666666664,0.0,83.33333333333334,0.4375,1.0,-0.006885902473692094,-0.01169943984098343,0.013462126248728078,16.666666666666664,0.0,83.33333333333334,0.4375,1.0
201_pol,SVR,KNN,0.2,6.0,5.987717766828271e-05,2.384075983005718e-05,0.00017985874361541815,50.0,0.0,50.0,0.6875,1.0,0.0053073430771942605,0.0021980905820647373,0.016376559357870545,50.0,0.0,50.0,0.6875,1.0
201_pol,SVR,KNN,0.3,6.0,-6.91774439632864e-05,-1.0151971497118772e-05,0.0003397569220273854,50.0,0.0,50.0,1.0,1.0,-0.006429174582267511,-0.001299217081636098,0.031191298363979485,50.0,0.0,50.0,1.0,1.0
201_pol,SVR,mean,0.05,6.0,1.0667103544424275e-05,2.2671649280991968e-05,0.00013355315220580993,66.66666666666666,0.0,33.33333333333333,0.84375,1.0,0.000968900621937012,0.0021081614093973267,0.012068399924150779,66.66666666666666,0.0,33.33333333333333,0.84375,1.0
201_pol,SVR,mean,0.1,6.0,7.135775718038657e-05,9.443754636379031e-05,7.2037545389865e-05,83.33333333333334,0.0,16.666666666666664,0.09375,1.0,0.006597134901256973,0.008664215311244736,0.006620293561976151,83.33333333333334,0.0,16.666666666666664,0.09375,1.0
201_pol,SVR,mean,0.2,6.0,4.3763394622716355e-05,3.8607600438556045e-05,0.00011781911942379448,66.66666666666666,0.0,33.33333333333333,0.4375,1.0,0.00404288629713639,0.0035239564995880007,0.010898790440452968,66.66666666666666,0.0,33.33333333333333,0.4375,1.0
201_pol,SVR,mean,0.3,6.0,-1.408844964848055e-05,9.893836233815234e-06,6.548064224638272e-05,50.0,0.0,50.0,0.84375,1.0,-0.0011675603453734972,0.0009921921447597372,0.006052142477652466,50.0,0.0,50.0,0.84375,1.0
201_pol,SVR,median,0.05,6.0,0.0,0.0,0.0,0.0,100.0,0.0,1.0,1.0,0.0,0.0,0.0,0.0,100.0,0.0,1.0,1.0
201_pol,SVR,median,0.1,6.0,0.0,0.0,0.0,0.0,100.0,0.0,1.0,1.0,0.0,0.0,0.0,0.0,100.0,0.0,1.0,1.0
201_pol,SVR,median,0.2,6.0,7.412584126083773e-06,0.0,1.815704878435961e-05,16.666666666666664,83.33333333333334,0.0,1.0,1.0,0.0006863696580493199,0.0,0.0016812554371494065,16.666666666666664,83.33333333333334,0.0,1.0,1.0
201_pol,SVR,median,0.3,6.0,0.0,0.0,0.0,0.0,100.0,0.0,1.0,1.0,0.0,0.0,0.0,0.0,100.0,0.0,1.0,1.0
218_house_8L,DT,KNN,0.05,6.0,0.006061886077387853,0.0014130160547797255,0.0157621088329725,50.0,0.0,50.0,0.4375,1.0,0.42957331155021056,0.1195419784217036,1.1253025284494778,50.0,0.0,50.0,0.4375,1.0
218_house_8L,DT,KNN,0.1,6.0,0.005340095991838471,0.004028332141660568,0.021767852677570275,66.66666666666666,0.0,33.33333333333333,0.4375,1.0,0.364413278439706,0.3127633359670632,1.569427855804648,66.66666666666666,0.0,33.33333333333333,0.4375,1.0
218_house_8L,DT,KNN,0.2,6.0,-0.016968584356908734,-0.016878851007802675,0.008365783577893669,0.0,0.0,100.0,0.03125,1.0,-1.3562071698926037,-1.3413969176468505,0.6613506368854721,0.0,0.0,100.0,0.03125,1.0
218_house_8L,DT,KNN,0.3,6.0,0.0002278907513994973,0.005224861599708974,0.018743241728474566,83.33333333333334,0.0,16.666666666666664,0.4375,1.0,0.04754508403587885,0.43387879800707596,1.4080951601933602,83.33333333333334,0.0,16.666666666666664,0.4375,1.0
218_house_8L,DT,mean,0.05,6.0,0.001353211504009716,0.00115621974980476,0.008920779802127818,50.0,0.0,50.0,0.6875,1.0,0.13656934814422897,0.10358702547502528,0.692570086545532,50.0,0.0,50.0,0.6875,1.0
218_house_8L,DT,mean,0.1,6.0,0.0005880906647713716,-0.0013867249020282635,0.01048099340995538,50.0,0.0,50.0,0.84375,1.0,0.02549187248265292,-0.10437784814724352,0.7805680270010569,50.0,0.0,50.0,0.84375,1.0
218_house_8L,DT,mean,0.2,6.0,-0.0019383357878048162,-0.002026898400717847,0.005688986260307322,16.666666666666664,0.0,83.33333333333334,0.3125,1.0,-0.1336132898584616,-0.1437256154589835,0.4163021930658849,16.666666666666664,0.0,83.33333333333334,0.3125,1.0
218_house_8L,DT,mean,0.3,6.0,0.006148125851645814,0.007363652390427494,0.008015862995886837,83.33333333333334,0.0,16.666666666666664,0.15625,1.0,0.46858856404383986,0.5489063364623167,0.6217261473828924,83.33333333333334,0.0,16.666666666666664,0.15625,1.0
218_house_8L,DT,median,0.05,6.0,0.0051103052156286355,0.008798654955104207,0.01171854935132399,66.66666666666666,0.0,33.33333333333333,0.3125,1.0,0.3765442218658572,0.6877930322814776,0.9145948826874407,66.66666666666666,0.0,33.33333333333333,0.3125,1.0
218_house_8L,DT,median,0.1,6.0,0.0035028319415675115,0.0012984741411211365,0.014602883224144542,50.0,0.0,50.0,0.6875,1.0,0.2483383531780822,0.09749869168252843,1.0417869598026053,50.0,0.0,50.0,0.6875,1.0
218_house_8L,DT,median,0.2,6.0,0.0006021712901430517,-0.00143118216829205,0.007848878815510916,33.33333333333333,0.0,66.66666666666666,0.6875,1.0,0.04136323307136491,-0.10193512449625405,0.586486446965589,50.0,0.0,50.0,0.84375,1.0
218_house_8L,DT,median,0.3,6.0,0.0022572479264926226,0.003326795587181741,0.005924244399798711,83.33333333333334,0.0,16.666666666666664,0.4375,1.0,0.17156059265462686,0.24381226815654056,0.43956819913260725,83.33333333333334,0.0,16.666666666666664,0.4375,1.0
218_house_8L,KNN,KNN,0.05,6.0,4.208369975676011e-05,5.862128925832044e-05,0.0006261023501069011,66.66666666666666,0.0,33.33333333333333,0.84375,1.0,0.006657855950393953,0.010057814290756271,0.07670887008811493,66.66666666666666,0.0,33.33333333333333,0.84375,1.0
218_house_8L,KNN,KNN,0.1,6.0,0.0011695936914709604,0.0012871824430798484,0.0012709175464264261,66.66666666666666,0.0,33.33333333333333,0.15625,1.0,0.14071388958474593,0.1473062142984547,0.1507561192155451,66.66666666666666,0.0,33.33333333333333,0.15625,1.0
218_house_8L,KNN,KNN,0.2,6.0,0.00019897342725026337,-0.00014311060004512655,0.0009008487386105603,50.0,0.0,50.0,0.84375,1.0,0.027337495162319453,-0.015841529289673945,0.11359613749601576,50.0,0.0,50.0,0.84375,1.0
218_house_8L,KNN,KNN,0.3,6.0,0.00010636459597118675,-0.0012237225681552277,0.002520002174427702,33.33333333333333,0.0,66.66666666666666,1.0,1.0,0.018297644948592262,-0.1537608283821359,0.32320331975104494,33.33333333333333,0.0,66.66666666666666,1.0,1.0
218_house_8L,KNN,mean,0.05,6.0,-5.535864223582543e-06,-1.8693180248829933e-05,5.1212724135007196e-05,16.666666666666664,0.0,83.33333333333334,0.4375,1.0,-0.0006735581066288059,-0.0023139508648007236,0.006403210900279589,16.666666666666664,0.0,83.33333333333334,0.4375,1.0
218_house_8L,KNN,mean,0.1,6.0,2.6238097312429137e-05,3.744960907364758e-05,0.00010409766746064382,66.66666666666666,0.0,33.33333333333333,0.5625,1.0,0.003066786390550235,0.004271425440763285,0.01262812326642335,66.66666666666666,0.0,33.33333333333333,0.5625,1.0
218_house_8L,KNN,mean,0.2,6.0,-0.00026794801882751296,-0.0001902297360671934,0.0004577536560509799,33.33333333333333,0.0,66.66666666666666,0.3125,1.0,-0.03370907472217464,-0.02493175132654768,0.05864040562154738,33.33333333333333,0.0,66.66666666666666,0.3125,1.0
218_house_8L,KNN,mean,0.3,6.0,-8.574042964147137e-05,6.58293847003999e-05,0.00031712247740082236,66.66666666666666,0.0,33.33333333333333,1.0,1.0,-0.011206674118685969,0.006725807940922794,0.03913168364106203,66.66666666666666,0.0,33.33333333333333,1.0,1.0
218_house_8L,KNN,median,0.05,6.0,-0.00010512163803968096,-9.244612331854585e-05,8.064167480782277e-05,16.666666666666664,0.0,83.33333333333334,0.0625,1.0,-0.0127401413274067,-0.01126595397146286,0.009704476265115815,16.666666666666664,0.0,83.33333333333334,0.0625,1.0
218_house_8L,KNN,median,0.1,6.0,4.1029448285490044e-05,2.0499021743447532e-05,6.964369715301496e-05,83.33333333333334,0.0,16.666666666666664,0.21875,1.0,0.004864993678198765,0.0024187320807754977,0.008373714673178937,83.33333333333334,0.0,16.666666666666664,0.21875,1.0
218_house_8L,KNN,median,0.2,6.0,-2.6623907039928043e-06,5.461572016307592e-07,8.274187595140042e-06,50.0,16.666666666666664,33.33333333333333,0.8125,1.0,-0.00034697029198561103,6.675420596076348e-05,0.0010712903099978455,50.0,16.666666666666664,33.33333333333333,0.8125,1.0
218_house_8L,KNN,median,0.3,6.0,-4.6366781430995374e-07,-4.2378909770324213e-07,9.152634661970686e-06,50.0,0.0,50.0,1.0,1.0,-6.005336749119063e-05,-5.4311863343075364e-05,0.00111099943984916,50.0,0.0,50.0,1.0,1.0
218_house_8L,LR,KNN,0.05,6.0,-7.7049759898834e-05,2.9743481454513887e-05,0.0003995755460259205,50.0,0.0,50.0,0.84375,1.0,-0.0061132401985937055,0.002032471122957999,0.0315144862831955,50.0,0.0,50.0,0.84375,1.0
218_house_8L,LR,KNN,0.1,6.0,0.0002817850762486159,0.00030373448612860954,0.0003157330457622361,83.33333333333334,0.0,16.666666666666664,0.09375,1.0,0.02233174678484538,0.024342749232338,0.02471503537691048,83.33333333333334,0.0,16.666666666666664,0.09375,1.0
218_house_8L,LR,KNN,0.2,6.0,0.00047400690870177026,7.416546364003018e-05,0.0007074524089111016,83.33333333333334,0.0,16.666666666666664,0.15625,1.0,0.037430134549923035,0.005982002402004086,0.05591912857827438,83.33333333333334,0.0,16.666666666666664,0.15625,1.0
218_house_8L,LR,KNN,0.3,6.0,2.9759701807241523e-05,1.4359177653439081e-05,4.8781299734965634e-05,83.33333333333334,0.0,16.666666666666664,0.21875,1.0,0.0023630064340153275,0.0011502161279211636,0.0038735197086538263,83.33333333333334,0.0,16.666666666666664,0.21875,1.0
218_house_8L,LR,mean,0.05,6.0,-3.8269917401745346e-07,1.97947712962665e-06,8.742974063963439e-06,66.66666666666666,0.0,33.33333333333333,0.5625,1.0,-3.4701549800126824e-05,0.0001551801153000959,0.0006961915872357435,66.66666666666666,0.0,33.33333333333333,0.5625,1.0
218_house_8L,LR,mean,0.1,6.0,9.4931184215404e-07,-1.9109330872402186e-06,1.249319383524898e-05,33.33333333333333,0.0,66.66666666666666,0.84375,1.0,7.857173077051442e-05,-0.00013752938459966668,0.0009779002790775348,33.33333333333333,0.0,66.66666666666666,0.84375,1.0
218_house_8L,LR,mean,0.2,6.0,1.0232518139511685e-05,5.790720509324387e-06,1.0945719031222442e-05,83.33333333333334,0.0,16.666666666666664,0.0625,1.0,0.0008107608260866844,0.00046647390401215904,0.0008617305574622584,83.33333333333334,0.0,16.666666666666664,0.0625,1.0
218_house_8L,LR,mean,0.3,6.0,-3.0679912749187466e-08,-1.5751138587871694e-08,1.0308489974177732e-07,50.0,0.0,50.0,0.5625,1.0,-2.3204349168687258e-06,-1.2301337014832163e-06,8.286175696799723e-06,50.0,0.0,50.0,0.5625,1.0
218_house_8L,LR,median,0.05,6.0,-2.493787118843886e-07,2.7508362567540967e-06,8.878663870379502e-06,66.66666666666666,0.0,33.33333333333333,0.5625,1.0,-2.5463637601517018e-05,0.00021547685668445998,0.0007072436126399745,66.66666666666666,0.0,33.33333333333333,0.5625,1.0
218_house_8L,LR,median,0.1,6.0,-6.442448471274028e-07,-8.878051709348966e-07,9.07947056673973e-07,33.33333333333333,0.0,66.66666666666666,0.15625,1.0,-5.001650936247083e-05,-6.865343436069881e-05,7.146305239091266e-05,33.33333333333333,0.0,66.66666666666666,0.15625,1.0
218_house_8L,LR,median,0.2,6.0,2.2310631712466982e-08,-7.322280837218642e-10,1.291617781979629e-07,33.33333333333333,16.666666666666664,50.0,1.0,1.0,1.6936414535558955e-06,-6.31974844984284e-08,1.0149817540149992e-05,33.33333333333333,16.666666666666664,50.0,1.0,1.0
218_house_8L,LR,median,0.3,6.0,-2.5572903239456934e-09,-9.47618178370746e-10,1.2796295914346598e-08,33.33333333333333,16.666666666666664,50.0,1.0,1.0,-2.0201978701315643e-07,-7.620057492766611e-08,1.009822492249924e-06,33.33333333333333,16.666666666666664,50.0,1.0,1.0
218_house_8L,RF,KNN,0.05,6.0,-0.0002680327100264557,1.1594941011383586e-05,0.0007265111942382414,50.0,0.0,50.0,0.84375,1.0,-0.04012514176101231,0.0011289335615974727,0.11032411164798146,50.0,0.0,50.0,0.84375,1.0
218_house_8L,RF,KNN,0.1,6.0,-0.0006845679477848939,-0.0007504835677803467,0.0007143023024556182,33.33333333333333,0.0,66.66666666666666,0.15625,1.0,-0.0919545885323632,-0.11160772830024854,0.104636534313146,33.33333333333333,0.0,66.66666666666666,0.15625,1.0
218_house_8L,RF,KNN,0.2,6.0,-0.000892820145904564,-0.0009818885274637257,0.0011590770102021157,33.33333333333333,0.0,66.66666666666666,0.21875,1.0,-0.13628681633159287,-0.15412445429769692,0.17864505272059103,33.33333333333333,0.0,66.66666666666666,0.21875,1.0
218_house_8L,RF,KNN,0.3,6.0,-0.000600185904528335,-0.000968791199706498,0.001366466801980474,33.33333333333333,0.0,66.66666666666666,0.4375,1.0,-0.08492484895081549,-0.13879407913390504,0.2036432001607908,33.33333333333333,0.0,66.66666666666666,0.4375,1.0
218_house_8L,RF,mean,0.05,6.0,-7.965936606489181e-05,-5.180111492447681e-05,0.00044741107759153605,50.0,0.0,50.0,0.84375,1.0,-0.010823996978915547,-0.0055402734132967615,0.07109089263638593,50.0,0.0,50.0,0.84375,1.0
218_house_8L,RF,mean,0.1,6.0,0.00018694702728599966,-0.00011918432419166791,0.00063932727480137,33.33333333333333,0.0,66.66666666666666,1.0,1.0,0.027759942950305403,-0.014847773770570349,0.09418602361920674,33.33333333333333,0.0,66.66666666666666,1.0,1.0
218_house_8L,RF,mean,0.2,6.0,-4.1709885249356184e-05,-7.562086475998431e-05,0.0003543414520595112,33.33333333333333,0.0,66.66666666666666,0.84375,1.0,-0.007422306779082545,-0.011633986244927244,0.05364168651335659,33.33333333333333,0.0,66.66666666666666,0.84375,1.0
218_house_8L,RF,mean,0.3,6.0,0.00011224005259437748,0.00021695873308297253,0.0004986563999175569,66.66666666666666,0.0,33.33333333333333,0.5625,1.0,0.017194696064645767,0.033607788890990836,0.07462713574466885,66.66666666666666,0.0,33.33333333333333,0.5625,1.0
218_house_8L,RF,median,0.05,6.0,0.00031339048105618234,0.00023481616374187997,0.00029374317083505407,83.33333333333334,0.0,16.666666666666664,0.0625,1.0,0.048190119162228845,0.03567793918686245,0.04537686619507858,83.33333333333334,0.0,16.666666666666664,0.0625,1.0
218_house_8L,RF,median,0.1,6.0,-0.00022770011764385498,-0.00032374994028522286,0.00027883508525027733,16.666666666666664,0.0,83.33333333333334,0.15625,1.0,-0.03477267791038826,-0.04719957057341141,0.040802047873467015,16.666666666666664,0.0,83.33333333333334,0.09375,1.0
218_house_8L,RF,median,0.2,6.0,0.00022163515314242246,2.9230724966855526e-05,0.0004380668464121239,66.66666666666666,0.0,33.33333333333333,0.5625,1.0,0.03556338734381379,0.006594619785693484,0.06820915707519024,66.66666666666666,0.0,33.33333333333333,0.5625,1.0
218_house_8L,RF,median,0.3,6.0,0.0005254586382945995,0.0004861395187440998,0.0004986328020808691,83.33333333333334,0.0,16.666666666666664,0.0625,1.0,0.0774531147680144,0.07038109596371359,0.07319352243470238,83.33333333333334,0.0,16.666666666666664,0.0625,1.0
218_house_8L,SVR,KNN,0.05,6.0,-0.00013454764305508016,9.773592211310966e-05,0.0005045853129329511,50.0,0.0,50.0,0.84375,1.0,-0.009507510521347523,0.0043066634533516866,0.03278401538629145,50.0,0.0,50.0,0.84375,1.0
218_house_8L,SVR,KNN,0.1,6.0,0.002132473876944471,0.002111078210547207,0.001361741480960797,100.0,0.0,0.0,0.03125,1.0,0.14046068454824379,0.14281922837469874,0.08850777655306764,100.0,0.0,0.0,0.03125,1.0
218_house_8L,SVR,KNN,0.2,6.0,0.001031824618194931,0.0004080569770628373,0.0018028057204917966,83.33333333333334,0.0,16.666666666666664,0.09375,1.0,0.06813945136594175,0.02862865686162417,0.11779986944983051,83.33333333333334,0.0,16.666666666666664,0.09375,1.0
218_house_8L,SVR,KNN,0.3,6.0,-0.0002811971945873015,-0.0001757257201982776,0.0005463825263017656,33.33333333333333,0.0,66.66666666666666,0.3125,1.0,-0.018600863920164645,-0.012280536699778306,0.0356848625401235,33.33333333333333,0.0,66.66666666666666,0.3125,1.0
218_house_8L,SVR,mean,0.05,6.0,-1.287714121188388e-05,0.0002501921028619375,0.0005918956690224955,66.66666666666666,0.0,33.33333333333333,1.0,1.0,-0.0007414890590166598,0.016527153550715646,0.03942126688210979,66.66666666666666,0.0,33.33333333333333,1.0,1.0
218_house_8L,SVR,mean,0.1,6.0,0.0004799593357891531,0.00047520671131015546,0.0007174502421196273,50.0,0.0,50.0,0.4375,1.0,0.030980623944645718,0.03092989069406151,0.04694853123736116,50.0,0.0,50.0,0.4375,1.0
218_house_8L,SVR,mean,0.2,6.0,-0.0002564611267699736,-1.060368793055766e-05,0.0009035864317843049,50.0,0.0,50.0,0.5625,1.0,-0.01783116164165301,-0.0013799357630763075,0.06080261153233295,50.0,0.0,50.0,0.5625,1.0
218_house_8L,SVR,mean,0.3,6.0,-5.245570197804269e-05,3.7510667786733176e-05,0.00033084321951219324,66.66666666666666,0.0,33.33333333333333,0.6875,1.0,-0.0032483887156015984,0.0035548095719976445,0.021936580296302757,66.66666666666666,0.0,33.33333333333333,0.6875,1.0
218_house_8L,SVR,median,0.05,6.0,-0.00031137508557820454,-0.0001848064937639976,0.000425731833810952,16.666666666666664,0.0,83.33333333333334,0.0625,1.0,-0.020378157770976752,-0.012492216567687675,0.027265451099798634,16.666666666666664,0.0,83.33333333333334,0.0625,1.0
218_house_8L,SVR,median,0.1,6.0,-0.0004659072224772233,-0.0004308381845561926,0.0007474491197719242,16.666666666666664,0.0,83.33333333333334,0.15625,1.0,-0.029952818233622818,-0.028585487686090053,0.048406658366123234,16.666666666666664,0.0,83.33333333333334,0.15625,1.0
218_house_8L,SVR,median,0.2,6.0,-0.00013754560115020187,-0.00016241785462521585,0.0006239329400187712,33.33333333333333,0.0,66.66666666666666,0.6875,1.0,-0.009903695809893977,-0.010954432072889042,0.040744442569216326,33.33333333333333,0.0,66.66666666666666,0.6875,1.0
218_house_8L,SVR,median,0.3,6.0,0.00016513557834708462,-4.27836472754739e-05,0.00047370139637326677,33.33333333333333,0.0,66.66666666666666,1.0,1.0,0.010934936309994628,-0.003238994220032523,0.031373299502398894,33.33333333333333,0.0,66.66666666666666,1.0,1.0
225_puma8NH,DT,KNN,0.05,6.0,-0.0011847694224259668,-0.0060200665401369535,0.012090958632305785,33.33333333333333,0.0,66.66666666666666,0.84375,1.0,-0.09425883822261494,-0.4154726304777523,0.8384196081755289,33.33333333333333,0.0,66.66666666666666,0.84375,1.0
225_puma8NH,DT,KNN,0.1,6.0,0.0018993990592419037,0.0019008514872385918,0.0016773520201450029,83.33333333333334,0.0,16.666666666666664,0.0625,1.0,0.14807514669415986,0.1489542215200479,0.13349402274989106,83.33333333333334,0.0,16.666666666666664,0.0625,1.0
225_puma8NH,DT,KNN,0.2,6.0,-0.0011324958255590396,-0.0032860386282148046,0.005512087776692764,33.33333333333333,0.0,66.66666666666666,0.5625,1.0,-0.08690798341190283,-0.2515439037332449,0.4228790820626736,33.33333333333333,0.0,66.66666666666666,0.5625,1.0
225_puma8NH,DT,KNN,0.3,6.0,0.0018138453686108724,0.0013720109871060981,0.006465958003835839,83.33333333333334,0.0,16.666666666666664,0.3125,1.0,0.14894800636115166,0.11047552948988235,0.4949826710177951,83.33333333333334,0.0,16.666666666666664,0.3125,1.0
225_puma8NH,DT,mean,0.05,6.0,0.0039036334865883058,0.002665835272033068,0.006705842295267629,83.33333333333334,0.0,16.666666666666664,0.3125,1.0,0.28216569212757886,0.18708721158225353,0.4872168812839344,83.33333333333334,0.0,16.666666666666664,0.3125,1.0
225_puma8NH,DT,mean,0.1,6.0,0.0009918586071454294,4.4250619450347806e-06,0.001566513370172109,50.0,33.33333333333333,16.666666666666664,0.375,1.0,0.07577247511427142,0.0005717643569212606,0.11903226680471483,50.0,33.33333333333333,16.666666666666664,0.375,1.0
225_puma8NH,DT,mean,0.2,6.0,-0.0008379012899461616,-1.4972292008252897e-05,0.0017708317101509333,33.33333333333333,16.666666666666664,50.0,0.625,1.0,-0.06739374914595161,-0.0011649765081117435,0.14367684134076675,33.33333333333333,16.666666666666664,50.0,0.625,1.0
225_puma8NH,DT,mean,0.3,6.0,-0.0007063044073380431,-0.0005075180169871463,0.002168467737710277,33.33333333333333,0.0,66.66666666666666,0.4375,1.0,-0.05464960048998608,-0.03896585370964161,0.16779655673925664,33.33333333333333,0.0,66.66666666666666,0.4375,1.0
225_puma8NH,DT,median,0.05,6.0,0.0010237202604009472,0.0005153454022833459,0.005555372811669144,50.0,0.0,50.0,1.0,1.0,0.0750417890911448,0.03476333327149152,0.4090457523068369,50.0,0.0,50.0,1.0,1.0
225_puma8NH,DT,median,0.1,6.0,-0.00033891278324328183,-0.00018101582688118123,0.0010635895696056532,33.33333333333333,0.0,66.66666666666666,0.5625,1.0,-0.0261594076293116,-0.014704453537516236,0.08205894488700231,33.33333333333333,0.0,66.66666666666666,0.5625,1.0
225_puma8NH,DT,median,0.2,6.0,-0.0009087231729014711,-0.0017591986191252407,0.0017510558764267598,33.33333333333333,0.0,66.66666666666666,0.15625,1.0,-0.06905142374697959,-0.1347001961908745,0.13713244940347594,33.33333333333333,0.0,66.66666666666666,0.15625,1.0
225_puma8NH,DT,median,0.3,6.0,0.0006014291226411154,0.0010360290758754387,0.0036921654905111715,50.0,0.0,50.0,0.4375,1.0,0.04943133663466257,0.0809483645364466,0.28460994094540554,50.0,0.0,50.0,0.4375,1.0
225_puma8NH,KNN,KNN,0.05,6.0,-0.0012738612980954893,-0.0013265779126047927,0.0015051235617735946,16.666666666666664,0.0,83.33333333333334,0.09375,1.0,-0.1281747951836741,-0.1328300493645783,0.15188446205465944,16.666666666666664,0.0,83.33333333333334,0.09375,1.0
225_puma8NH,KNN,KNN,0.1,6.0,-0.0002209235510369593,3.117983001776903e-05,0.0017292310436746018,50.0,0.0,50.0,1.0,1.0,-0.02437256089097088,0.003284911469349436,0.18318483369872537,50.0,0.0,50.0,1.0,1.0
225_puma8NH,KNN,KNN,0.2,6.0,0.0016247018712227297,0.0007085689257306793,0.0026255836159162307,83.33333333333334,0.0,16.666666666666664,0.21875,1.0,0.16846043398601693,0.07134513372612562,0.27079565378259407,83.33333333333334,0.0,16.666666666666664,0.21875,1.0
225_puma8NH,KNN,KNN,0.3,6.0,-0.0019391054221372661,-0.00166587635367349,0.003765413598550187,50.0,0.0,50.0,0.4375,1.0,-0.20086055540603806,-0.16641537711353685,0.3945137547004595,50.0,0.0,50.0,0.4375,1.0
225_puma8NH,KNN,mean,0.05,6.0,3.2589233120429904e-05,0.0001716393029316532,0.00035266963083471314,83.33333333333334,0.0,16.666666666666664,0.4375,1.0,0.003156773372949065,0.016975200643797338,0.035146116392016875,83.33333333333334,0.0,16.666666666666664,0.4375,1.0
225_puma8NH,KNN,mean,0.1,6.0,5.0748045419472344e-05,5.9144386750698e-05,0.0001532885733698618,66.66666666666666,0.0,33.33333333333333,0.4375,1.0,0.00512877325632581,0.005713280648573121,0.016399447463704083,66.66666666666666,0.0,33.33333333333333,0.4375,1.0
225_puma8NH,KNN,mean,0.2,6.0,-2.377685678876344e-05,-0.00017581052553472531,0.0003847856711477633,33.33333333333333,0.0,66.66666666666666,0.6875,1.0,-0.0029839001370604926,-0.018548204102439403,0.0402223463162312,33.33333333333333,0.0,66.66666666666666,0.6875,1.0
225_puma8NH,KNN,mean,0.3,6.0,-7.49841087337999e-05,-4.894748723421882e-05,0.00024900695506946174,50.0,0.0,50.0,0.6875,1.0,-0.007747749793447382,-0.004725034464657395,0.025547588397382973,50.0,0.0,50.0,0.6875,1.0
225_puma8NH,KNN,median,0.05,6.0,2.976522865169584e-05,0.0001230045289624948,0.00029686488256680223,66.66666666666666,0.0,33.33333333333333,0.6875,1.0,0.0027939015666906277,0.011942062663778816,0.029606755767584123,66.66666666666666,0.0,33.33333333333333,0.6875,1.0
225_puma8NH,KNN,median,0.1,6.0,-1.837739860873396e-05,-4.35075595598966e-05,0.0003659170729930356,33.33333333333333,0.0,66.66666666666666,0.84375,1.0,-0.002090615165372105,-0.005086332791435196,0.0384318470875964,33.33333333333333,0.0,66.66666666666666,0.84375,1.0
225_puma8NH,KNN,median,0.2,6.0,-4.307144210798549e-05,0.00010099500010274376,0.0006710447769470155,66.66666666666666,0.0,33.33333333333333,0.6875,1.0,-0.005266869331933893,0.009736858314453844,0.07213665990879942,66.66666666666666,0.0,33.33333333333333,0.6875,1.0
225_puma8NH,KNN,median,0.3,6.0,-0.0002472372215478469,-0.0002118459783250204,0.00024001912669890208,16.666666666666664,0.0,83.33333333333334,0.0625,1.0,-0.026028828339036598,-0.02232884207985636,0.024477199780927383,0.0,0.0,100.0,0.03125,1.0
225_puma8NH,LR,KNN,0.05,6.0,-0.0001625397081461144,1.7273962352903904e-05,0.0004692613850566617,50.0,0.0,50.0,0.84375,1.0,-0.012976872461779415,0.0014629512684132128,0.0364700718806252,50.0,0.0,50.0,0.84375,1.0
225_puma8NH,LR,KNN,0.1,6.0,-2.149725823380466e-06,1.7393468555726432e-06,1.2508463825258767e-05,83.33333333333334,0.0,16.666666666666664,0.4375,1.0,-0.00016375674752102003,0.00013554552256640038,0.000974030814638747,83.33333333333334,0.0,16.666666666666664,0.4375,1.0
225_puma8NH,LR,KNN,0.2,6.0,1.0822821498723822e-06,-1.50936248675404e-05,4.5077712662111625e-05,33.33333333333333,0.0,66.66666666666666,1.0,1.0,9.333913182392823e-05,-0.0012050375572635007,0.0035477792497641716,33.33333333333333,0.0,66.66666666666666,1.0,1.0
225_puma8NH,LR,KNN,0.3,6.0,4.7487383551379304e-05,2.4898260383376947e-05,7.009118697188313e-05,66.66666666666666,0.0,33.33333333333333,0.15625,1.0,0.003695216808913547,0.001979864690673884,0.005485644515655059,66.66666666666666,0.0,33.33333333333333,0.15625,1.0
225_puma8NH,LR,mean,0.05,6.0,-4.453499810569417e-06,-3.4776741043018866e-06,3.2855399035968242e-06,0.0,0.0,100.0,0.03125,1.0,-0.0003524680999646653,-0.00027259322844045385,0.00025772587395340307,0.0,0.0,100.0,0.03125,1.0
225_puma8NH,LR,mean,0.1,6.0,1.1516816502317913e-07,6.429698717891341e-08,1.4383971553215586e-07,66.66666666666666,0.0,33.33333333333333,0.15625,1.0,9.158950584374903e-06,4.902383771125908e-06,1.1475193631596801e-05,66.66666666666666,0.0,33.33333333333333,0.15625,1.0
225_puma8NH,LR,mean,0.2,6.0,1.1530738783238625e-07,1.89252094801029e-07,1.130040992867619e-06,66.66666666666666,0.0,33.33333333333333,0.6875,1.0,9.602763495659628e-06,1.4958287029353818e-05,9.0291162046733e-05,66.66666666666666,0.0,33.33333333333333,0.6875,1.0
225_puma8NH,LR,mean,0.3,6.0,7.2622468409259495e-09,-1.4542010870477462e-07,3.5592875825092534e-07,16.666666666666664,0.0,83.33333333333334,0.4375,1.0,3.871692594412416e-07,-1.134809661437454e-05,2.814813407964743e-05,16.666666666666664,0.0,83.33333333333334,0.4375,1.0
225_puma8NH,LR,median,0.05,6.0,-1.5420030966532366e-05,-1.127515102891663e-05,1.1160932022419937e-05,0.0,0.0,100.0,0.03125,1.0,-0.0012184559275635577,-0.0008912909482546717,0.0008888494621701336,0.0,0.0,100.0,0.03125,1.0
225_puma8NH,LR,median,0.1,6.0,2.7947386885274206e-07,2.6662237265218103e-07,2.539345623805759e-07,100.0,0.0,0.0,0.03125,1.0,2.2153806795068853e-05,2.136740042505027e-05,2.045606547704361e-05,100.0,0.0,0.0,0.03125,1.0
225_puma8NH,LR,median,0.2,6.0,6.20460056351598e-07,8.928812769704031e-07,2.224730268759493e-06,66.66666666666666,0.0,33.33333333333333,0.5625,1.0,5.0359761129397996e-05,7.104979347102354e-05,0.0001782958547603466,66.66666666666666,0.0,33.33333333333333,0.5625,1.0
225_puma8NH,LR,median,0.3,6.0,1.4279218349400047e-07,7.437156362977149e-08,7.10686398811325e-07,50.0,0.0,50.0,0.84375,1.0,1.0667854826077419e-05,6.087483816638117e-06,5.620456864159288e-05,50.0,0.0,50.0,0.84375,1.0
225_puma8NH,RF,KNN,0.05,6.0,-0.0009126297699971198,-0.0009908542788012453,0.0020584993692311323,33.33333333333333,0.0,66.66666666666666,0.4375,1.0,-0.12607039320062338,-0.13456618555232,0.28206436800585627,33.33333333333333,0.0,66.66666666666666,0.4375,1.0
225_puma8NH,RF,KNN,0.1,6.0,-0.0001747464896613149,-0.00033813322201287077,0.0004998690372155123,33.33333333333333,0.0,66.66666666666666,0.4375,1.0,-0.02568765476313689,-0.0494922110796095,0.07359189696811012,33.33333333333333,0.0,66.66666666666666,0.4375,1.0
225_puma8NH,RF,KNN,0.2,6.0,7.165165817738887e-05,-0.00012917803737455547,0.0005747886031473264,50.0,0.0,50.0,0.84375,1.0,0.010616529971648409,-0.0193328275484981,0.0851325901880538,50.0,0.0,50.0,0.84375,1.0
225_puma8NH,RF,KNN,0.3,6.0,0.00033959811591592154,0.0003636761992532045,0.0003704588171523584,66.66666666666666,0.0,33.33333333333333,0.15625,1.0,0.05054050784877955,0.05489697227344101,0.053876450429854755,66.66666666666666,0.0,33.33333333333333,0.15625,1.0
225_puma8NH,RF,mean,0.05,6.0,-0.00017616913367363152,2.758109075695625e-05,0.000495234578131702,50.0,0.0,50.0,0.84375,1.0,-0.024905348256092225,0.003911737313888141,0.06886529532047209,50.0,0.0,50.0,0.84375,1.0
225_puma8NH,RF,mean,0.1,6.0,-3.077417221830636e-06,1.0030067015831534e-06,0.000125416513357587,50.0,0.0,50.0,1.0,1.0,-0.0005217975796923796,6.403695992995492e-05,0.018581256117713683,50.0,0.0,50.0,1.0,1.0
225_puma8NH,RF,mean,0.2,6.0,2.738598550361404e-05,4.121456446737337e-06,9.442217456075867e-05,66.66666666666666,0.0,33.33333333333333,0.5625,1.0,0.004174384460505631,0.0006120307307514328,0.014125919650434748,66.66666666666666,0.0,33.33333333333333,0.5625,1.0
225_puma8NH,RF,mean,0.3,6.0,-7.963540792728836e-05,-1.5629166694119956e-05,0.00020864355544317737,50.0,0.0,50.0,0.6875,1.0,-0.011404332021542764,-0.0022236150770805602,0.0305475212073408,50.0,0.0,50.0,0.6875,1.0
225_puma8NH,RF,median,0.05,6.0,-0.00019974596723354443,-0.0002791530069227166,0.0004615541100129245,33.33333333333333,0.0,66.66666666666666,0.4375,1.0,-0.027645593665222647,-0.0370920714226016,0.06379834631435025,33.33333333333333,0.0,66.66666666666666,0.4375,1.0
225_puma8NH,RF,median,0.1,6.0,1.941615195085363e-06,4.363518448891046e-05,0.00010615924292979154,66.66666666666666,0.0,33.33333333333333,0.6875,1.0,0.0003973617379963547,0.006703567068325455,0.015936051170935366,66.66666666666666,0.0,33.33333333333333,0.6875,1.0
225_puma8NH,RF,median,0.2,6.0,-5.264739501908977e-06,-1.9907129854501715e-05,6.943993417575033e-05,50.0,0.0,50.0,0.84375,1.0,-0.0006989353229098234,-0.0028882160965875278,0.010582289304750298,50.0,0.0,50.0,0.84375,1.0
225_puma8NH,RF,median,0.3,6.0,-8.266692035966787e-05,1.8199137365282336e-05,0.00023527111821086493,66.66666666666666,0.0,33.33333333333333,1.0,1.0,-0.01194949207838023,0.0025560145522694304,0.03451078474673221,66.66666666666666,0.0,33.33333333333333,1.0,1.0
225_puma8NH,SVR,KNN,0.05,6.0,-0.00017501001013824533,-5.078771271371796e-06,0.0010823172127606894,50.0,0.0,50.0,0.84375,1.0,-0.013547019568850049,-0.0003932954887324938,0.0808822578955385,50.0,0.0,50.0,0.84375,1.0
225_puma8NH,SVR,KNN,0.1,6.0,0.00023544024832394816,0.0002388554044945035,0.00043870884381660063,66.66666666666666,0.0,33.33333333333333,0.3125,1.0,0.018222182089024923,0.018030740576169872,0.03289923279156295,66.66666666666666,0.0,33.33333333333333,0.3125,1.0
225_puma8NH,SVR,KNN,0.2,6.0,-5.351964268827484e-05,-9.203871237969952e-05,0.00042992848106576664,33.33333333333333,0.0,66.66666666666666,0.84375,1.0,-0.004063475357317647,-0.00716336903301386,0.03261386057986506,33.33333333333333,0.0,66.66666666666666,0.84375,1.0
225_puma8NH,SVR,KNN,0.3,6.0,0.00014898883479295502,0.0001861527188416756,0.00010818410009822113,83.33333333333334,0.0,16.666666666666664,0.0625,1.0,0.010996789155711562,0.014293666679961374,0.008734513139509485,83.33333333333334,0.0,16.666666666666664,0.0625,1.0
225_puma8NH,SVR,mean,0.05,6.0,-0.00010806458309253753,-6.71634514620989e-05,0.00011624080024299143,16.666666666666664,0.0,83.33333333333334,0.0625,1.0,-0.008296677264408553,-0.00537975098782688,0.008490713715195546,16.666666666666664,0.0,83.33333333333334,0.0625,1.0
225_puma8NH,SVR,mean,0.1,6.0,1.3561258875342356e-05,1.9405716377929316e-05,0.0005093788275682307,50.0,0.0,50.0,0.84375,1.0,0.0009935477037448647,0.0015595168756449111,0.038394532932885014,50.0,0.0,50.0,0.84375,1.0
225_puma8NH,SVR,mean,0.2,6.0,0.00011241563188202353,0.0001561827976651331,0.00017552652290506556,83.33333333333334,0.0,16.666666666666664,0.21875,1.0,0.008555336824391543,0.011952243498678978,0.013475985110002087,83.33333333333334,0.0,16.666666666666664,0.21875,1.0
225_puma8NH,SVR,mean,0.3,6.0,-0.0002761979206461392,-0.0002799015171963126,0.000297962426860691,16.666666666666664,0.0,83.33333333333334,0.09375,1.0,-0.020529292414326158,-0.02109722884527647,0.022604355338989975,16.666666666666664,0.0,83.33333333333334,0.09375,1.0
225_puma8NH,SVR,median,0.05,6.0,0.0002076547820933361,-2.029565176728254e-05,0.000591657972767738,50.0,0.0,50.0,0.84375,1.0,0.015765124119381847,-0.001256796667749195,0.04477547298694733,50.0,0.0,50.0,0.84375,1.0
225_puma8NH,SVR,median,0.1,6.0,-0.0005027242856873911,-0.0005227227319347938,0.00045816969220332875,16.666666666666664,0.0,83.33333333333334,0.0625,1.0,-0.038263899463379304,-0.04011047344554744,0.0347271692416027,16.666666666666664,0.0,83.33333333333334,0.0625,1.0
225_puma8NH,SVR,median,0.2,6.0,-4.761332935144617e-05,2.020019371160031e-05,0.0006027379473130131,50.0,0.0,50.0,1.0,1.0,-0.0034492335758109817,0.0016314641955939785,0.045860794371191206,50.0,0.0,50.0,1.0,1.0
225_puma8NH,SVR,median,0.3,6.0,0.00010356403774160657,0.00012546606570729146,0.00015901714488149058,66.66666666666666,0.0,33.33333333333333,0.15625,1.0,0.008140274819178952,0.010008801043485376,0.012559816998150756,66.66666666666666,0.0,33.33333333333333,0.15625,1.0
227_cpu_small,DT,KNN,0.05,6.0,-0.000500471186276367,-9.165619462170316e-05,0.0018586862525738813,50.0,0.0,50.0,0.6875,1.0,-0.5121974138344991,-0.16947686557090486,1.8032042091325362,50.0,0.0,50.0,0.6875,1.0
227_cpu_small,DT,KNN,0.1,6.0,-0.0009240493071333566,-0.001003487890553545,0.0010467040377139176,16.666666666666664,0.0,83.33333333333334,0.15625,1.0,-0.7979674944488108,-0.9381456310169463,0.9835349248988638,16.666666666666664,0.0,83.33333333333334,0.15625,1.0
227_cpu_small,DT,KNN,0.2,6.0,0.00037808047105643744,0.0006485383135894085,0.0008541866878437294,66.66666666666666,0.0,33.33333333333333,0.3125,1.0,0.42193838600229455,0.6102576094378523,0.8154731202205189,66.66666666666666,0.0,33.33333333333333,0.3125,1.0
227_cpu_small,DT,KNN,0.3,6.0,0.00035254089264645055,0.0004912617139978814,0.0006857830307504497,83.33333333333334,0.0,16.666666666666664,0.3125,1.0,0.3563902232617875,0.5213710428879164,0.6929646834460048,83.33333333333334,0.0,16.666666666666664,0.3125,1.0
227_cpu_small,DT,mean,0.05,6.0,4.796647711110177e-05,0.00010663665769278241,0.0003697442723615867,66.66666666666666,0.0,33.33333333333333,0.6875,1.0,0.02816832541798753,0.0861136241379623,0.34813109221069,66.66666666666666,0.0,33.33333333333333,0.6875,1.0
227_cpu_small,DT,mean,0.1,6.0,-5.5256398921251414e-05,9.586743403872111e-05,0.00036538046923093986,66.66666666666666,0.0,33.33333333333333,1.0,1.0,-0.051160410922554474,0.09013494187477797,0.34275312822356035,66.66666666666666,0.0,33.33333333333333,1.0,1.0
227_cpu_small,DT,mean,0.2,6.0,-0.0001859513751177507,-0.00010780778429309024,0.0004081304588629896,33.33333333333333,0.0,66.66666666666666,0.3125,1.0,-0.1929372183908448,-0.11955375684422138,0.403352812183516,33.33333333333333,0.0,66.66666666666666,0.3125,1.0
227_cpu_small,DT,mean,0.3,6.0,0.00012265205437119361,9.905719501657195e-06,0.00032351682061145594,66.66666666666666,0.0,33.33333333333333,0.6875,1.0,0.12399838371979892,0.009301937720191982,0.32671401881495593,66.66666666666666,0.0,33.33333333333333,0.6875,1.0
227_cpu_small,DT,median,0.05,6.0,0.00026565074810950645,0.0003131197939227892,0.0003556316354444141,83.33333333333334,0.0,16.666666666666664,0.09375,1.0,0.23211750140229678,0.27039767799359204,0.3381210927029058,83.33333333333334,0.0,16.666666666666664,0.21875,1.0
227_cpu_small,DT,median,0.1,6.0,5.461790659612905e-05,6.14568678487526e-05,0.00021556801227585863,50.0,0.0,50.0,0.6875,1.0,0.04596274430956695,0.01493104168432296,0.19479400657230272,50.0,0.0,50.0,0.84375,1.0
227_cpu_small,DT,median,0.2,6.0,0.00022680522241376919,6.93717614126399e-05,0.0004863376547623286,50.0,0.0,50.0,0.4375,1.0,0.2519254848757189,0.08703999946022033,0.49973794172119484,50.0,0.0,50.0,0.4375,1.0
227_cpu_small,DT,median,0.3,6.0,-0.00011512173307437479,-6.299438246271105e-05,0.00030712539865143624,50.0,0.0,50.0,0.5625,1.0,-0.12482937361846776,-0.0636455261808433,0.3098258869311226,50.0,0.0,50.0,0.5625,1.0
227_cpu_small,KNN,KNN,0.05,6.0,-9.707024246176828e-05,-4.8896179157820185e-05,0.00013065300231719442,33.33333333333333,0.0,66.66666666666666,0.15625,1.0,-0.11822022915734531,-0.07980539811636364,0.14346522398257433,33.33333333333333,0.0,66.66666666666666,0.15625,1.0
227_cpu_small,KNN,KNN,0.1,6.0,0.0015232274874626417,0.0015223533419026491,0.0008750841984735512,100.0,0.0,0.0,0.03125,1.0,1.3637905468024043,1.3850035357143557,0.8068415543039801,100.0,0.0,0.0,0.03125,1.0
227_cpu_small,KNN,KNN,0.2,6.0,0.0014816252374726206,0.0014908770180439013,0.0003500472607119617,100.0,0.0,0.0,0.03125,1.0,1.7367921058636737,1.68037225663257,0.4132372960795577,100.0,0.0,0.0,0.03125,1.0
227_cpu_small,KNN,KNN,0.3,6.0,0.0010465506991291045,0.0009764073852109312,0.0006977618189725726,100.0,0.0,0.0,0.03125,1.0,1.3029119945180139,1.2678430271322423,0.8524722053818822,100.0,0.0,0.0,0.03125,1.0
227_cpu_small,KNN,mean,0.05,6.0,6.381407986570202e-06,-9.10566914702482e-07,2.6373594186700025e-05,50.0,0.0,50.0,1.0,1.0,0.006826199146485271,-0.0017101220115081522,0.03248212109125978,50.0,0.0,50.0,1.0,1.0
227_cpu_small,KNN,mean,0.1,6.0,8.635796972374562e-06,-5.53721688478781e-06,3.41328705750644e-05,50.0,0.0,50.0,0.84375,1.0,0.008686779309760044,-0.005754418506913299,0.03423794521755631,50.0,0.0,50.0,0.84375,1.0
227_cpu_small,KNN,mean,0.2,6.0,4.553653457058567e-05,7.689710555758289e-06,0.00011417862916962691,66.66666666666666,0.0,33.33333333333333,0.4375,1.0,0.045989413139331976,0.008768929740359598,0.1230530374663808,66.66666666666666,0.0,33.33333333333333,0.5625,1.0
227_cpu_small,KNN,mean,0.3,6.0,-3.2969649684799762e-06,-4.656025793303709e-06,4.263599743968145e-05,33.33333333333333,0.0,66.66666666666666,0.6875,1.0,0.00038351256969181247,-0.0048237439488637976,0.056323493511189496,33.33333333333333,0.0,66.66666666666666,0.6875,1.0
227_cpu_small,KNN,median,0.05,6.0,-1.7764035400065956e-07,-1.074808639700553e-06,1.2094975378583128e-05,50.0,0.0,50.0,0.84375,1.0,0.0004919667529359163,-0.0011206545183627963,0.01407764723110346,50.0,0.0,50.0,0.84375,1.0
227_cpu_small,KNN,median,0.1,6.0,8.939647529090008e-07,1.0335872565048199e-06,1.305142570922295e-05,50.0,0.0,50.0,1.0,1.0,-3.0512283115326222e-05,0.001391236722999819,0.013867873359640619,50.0,0.0,50.0,1.0,1.0
227_cpu_small,KNN,median,0.2,6.0,-6.65569247898512e-06,-6.4310321598037845e-06,1.6335784698524155e-05,33.33333333333333,0.0,66.66666666666666,0.6875,1.0,-0.006334231317174471,-0.006323780140777743,0.016069416768023453,33.33333333333333,0.0,66.66666666666666,0.5625,1.0
227_cpu_small,KNN,median,0.3,6.0,4.427158014445413e-06,3.591003656655545e-07,1.3023219117839714e-05,50.0,0.0,50.0,0.6875,1.0,0.00669810052371522,0.00043537483426894525,0.01640517229315305,50.0,0.0,50.0,0.5625,1.0
227_cpu_small,LR,KNN,0.05,6.0,7.649828753664156e-05,-2.20439120648952e-05,0.00024634113828442874,33.33333333333333,0.0,66.66666666666666,1.0,1.0,0.01178610473583968,-0.0046263068177746225,0.042145114467796424,33.33333333333333,0.0,66.66666666666666,1.0,1.0
227_cpu_small,LR,KNN,0.1,6.0,0.00038090279132931465,0.00023033701074093305,0.00047462748932680524,83.33333333333334,0.0,16.666666666666664,0.15625,1.0,0.06128034379631039,0.03794859013142158,0.08300317737150678,66.66666666666666,0.0,33.33333333333333,0.21875,1.0
227_cpu_small,LR,KNN,0.2,6.0,2.0082106979069092e-05,-1.0652156922807965e-05,0.0001254510870468424,50.0,0.0,50.0,0.84375,1.0,0.0034214755196798844,-0.001441187668375379,0.02158909802880795,50.0,0.0,50.0,0.84375,1.0
227_cpu_small,LR,KNN,0.3,6.0,-0.00010456020657810076,-0.0001168787757658829,4.935448259028735e-05,0.0,0.0,100.0,0.03125,1.0,-0.018560274212438055,-0.021485553991564293,0.008640580701006245,0.0,0.0,100.0,0.03125,1.0
227_cpu_small,LR,mean,0.05,6.0,-6.146890274005834e-07,-9.56075365710074e-07,3.3644852458931135e-06,33.33333333333333,0.0,66.66666666666666,0.6875,1.0,-0.00010905499791337013,-0.00015253320384922211,0.0005615717334534358,33.33333333333333,0.0,66.66666666666666,0.5625,1.0
227_cpu_small,LR,mean,0.1,6.0,-7.697511714310767e-06,-5.63680915000031e-06,9.14325882518763e-06,0.0,0.0,100.0,0.03125,1.0,-0.0013148110752337942,-0.0008871324337248523,0.0017058229614920811,0.0,0.0,100.0,0.03125,1.0
227_cpu_small,LR,mean,0.2,6.0,1.5078133442184931e-06,-1.2498833329432912e-07,3.1998793249357427e-06,33.33333333333333,0.0,66.66666666666666,1.0,1.0,0.00026062472067260134,-2.0514759110256e-05,0.0005522352056930616,33.33333333333333,0.0,66.66666666666666,1.0,1.0
227_cpu_small,LR,mean,0.3,6.0,2.0395328897045615e-06,9.513331502009059e-07,2.88716942434573e-06,66.66666666666666,0.0,33.33333333333333,0.15625,1.0,0.0003481193229681006,0.00015307307628480065,0.0004999637526213964,66.66666666666666,0.0,33.33333333333333,0.15625,1.0
227_cpu_small,LR,median,0.05,6.0,-1.238355428756499e-07,-2.2278491107474707e-08,9.162707241454907e-07,50.0,0.0,50.0,0.84375,1.0,-2.242573490901777e-05,-3.6147147627072076e-06,0.0001571345432226622,50.0,0.0,50.0,0.84375,1.0
227_cpu_small,LR,median,0.1,6.0,-3.1416697720461816e-05,-2.998182919189407e-05,1.7612790972044898e-05,0.0,0.0,100.0,0.03125,1.0,-0.005046130525609483,-0.004722230723544159,0.0030527628005123297,0.0,0.0,100.0,0.03125,1.0
227_cpu_small,LR,median,0.2,6.0,1.8838040403516368e-07,-1.1840104596760881e-07,2.3468861736146178e-06,33.33333333333333,0.0,66.66666666666666,1.0,1.0,4.0235357525620685e-05,-1.2261802179584675e-05,0.00040352160016199183,33.33333333333333,0.0,66.66666666666666,1.0,1.0
227_cpu_small,LR,median,0.3,6.0,2.8356666511205236e-07,2.477772322873051e-07,5.71655017247196e-07,66.66666666666666,0.0,33.33333333333333,0.3125,1.0,5.4883477046663365e-05,4.3630410906715596e-05,9.340211286046023e-05,66.66666666666666,0.0,33.33333333333333,0.3125,1.0
227_cpu_small,RF,KNN,0.05,6.0,-8.207915161928536e-05,-8.488888434921016e-05,0.0001767952949777835,33.33333333333333,0.0,66.66666666666666,0.3125,1.0,-0.16217350443528164,-0.16052721473106052,0.3238679172925652,33.33333333333333,0.0,66.66666666666666,0.3125,1.0
227_cpu_small,RF,KNN,0.1,6.0,1.9260683784383392e-05,2.192121633348698e-05,8.968224333551195e-05,66.66666666666666,0.0,33.33333333333333,0.5625,1.0,0.04877819080303403,0.07539196760783264,0.17023964979998446,66.66666666666666,0.0,33.33333333333333,0.5625,1.0
227_cpu_small,RF,KNN,0.2,6.0,1.39940741255562e-05,1.533111565887868e-05,8.534911162485065e-05,66.66666666666666,0.0,33.33333333333333,0.4375,1.0,0.023816335441810926,0.03305245623437748,0.17419737048091996,66.66666666666666,0.0,33.33333333333333,0.6875,1.0
227_cpu_small,RF,KNN,0.3,6.0,1.1900504919522733e-05,2.6568880825250663e-05,5.105212704269445e-05,66.66666666666666,0.0,33.33333333333333,0.5625,1.0,0.02944816321674296,0.05923007343231224,0.09748633545478573,66.66666666666666,0.0,33.33333333333333,0.4375,1.0
227_cpu_small,RF,mean,0.05,6.0,3.2102224388023495e-06,-1.1612579493558428e-06,2.114970395136385e-05,50.0,0.0,50.0,1.0,1.0,0.005620859043464793,-0.0019234927484617125,0.03869280838732632,50.0,0.0,50.0,0.84375,1.0
227_cpu_small,RF,mean,0.1,6.0,-9.977642567919146e-06,-6.559970415209726e-06,2.4082633151389866e-05,50.0,0.0,50.0,0.5625,1.0,-0.016459389563945392,-0.010483580001076631,0.047474012633219,50.0,0.0,50.0,0.5625,1.0
227_cpu_small,RF,mean,0.2,6.0,-1.0523477133705939e-05,-8.018425204869839e-06,1.9295439971822725e-05,50.0,0.0,50.0,0.4375,1.0,-0.022609863470405223,-0.017495428678306064,0.04106730911177263,33.33333333333333,0.0,66.66666666666666,0.3125,1.0
227_cpu_small,RF,mean,0.3,6.0,-2.1173097666434457e-06,4.592634868350043e-06,1.8146016675560972e-05,66.66666666666666,0.0,33.33333333333333,0.84375,1.0,-0.0047115957812785105,0.009383147923243412,0.03772135657933402,66.66666666666666,0.0,33.33333333333333,0.6875,1.0
227_cpu_small,RF,median,0.05,6.0,3.6524001830184893e-06,4.846647253753389e-06,2.0535062185208825e-05,50.0,0.0,50.0,1.0,1.0,0.005928767808017255,0.006286445188329824,0.03695379766345719,50.0,0.0,50.0,1.0,1.0
227_cpu_small,RF,median,0.1,6.0,-1.1183736074264299e-06,-1.6167587941207096e-06,2.4616900118446307e-05,50.0,0.0,50.0,1.0,1.0,-0.00683188761782092,-0.004117539064153718,0.044807888966512714,50.0,0.0,50.0,0.6875,1.0
227_cpu_small,RF,median,0.2,6.0,-1.0289343919722693e-05,-7.994871780769852e-06,2.0495773056395427e-05,16.666666666666664,0.0,83.33333333333334,0.3125,1.0,-0.022672857795575558,-0.01870852042204365,0.04154353168494961,16.666666666666664,0.0,83.33333333333334,0.21875,1.0
227_cpu_small,RF,median,0.3,6.0,-1.637315605867995e-05,-1.589645561778097e-05,2.4032527979892858e-05,16.666666666666664,0.0,83.33333333333334,0.15625,1.0,-0.034091094100413395,-0.03456907000915993,0.0482490767207458,16.666666666666664,0.0,83.33333333333334,0.15625,1.0
227_cpu_small,SVR,KNN,0.05,6.0,0.00010658008802829262,0.00024315313735565058,0.0002701690620154199,66.66666666666666,0.0,33.33333333333333,0.5625,1.0,0.009398174656141477,0.02073911910546101,0.02409545445421854,66.66666666666666,0.0,33.33333333333333,0.5625,1.0
227_cpu_small,SVR,KNN,0.1,6.0,-1.89976010625074e-05,0.00020762514983682645,0.0007329542761768323,66.66666666666666,0.0,33.33333333333333,1.0,1.0,0.004208379148447657,0.02355494081409821,0.06419604863250172,66.66666666666666,0.0,33.33333333333333,0.84375,1.0
227_cpu_small,SVR,KNN,0.2,6.0,0.00011436440600300542,6.876664159771728e-07,0.00034043944464519994,50.0,0.0,50.0,0.6875,1.0,0.012514405780389558,0.0030625343896011257,0.03287701886702671,50.0,0.0,50.0,0.6875,1.0
227_cpu_small,SVR,KNN,0.3,6.0,-6.261522524394121e-05,-4.145048314219135e-05,0.00012697858291531102,50.0,0.0,50.0,0.4375,1.0,-0.007828650094220475,-0.0039858223310412,0.013021668416695333,50.0,0.0,50.0,0.4375,1.0
227_cpu_small,SVR,mean,0.05,6.0,2.689996265282472e-05,2.6137784674362674e-05,7.487117671710722e-05,66.66666666666666,0.0,33.33333333333333,0.3125,1.0,0.00273443407407992,0.002549333953345182,0.007882767710665192,66.66666666666666,0.0,33.33333333333333,0.3125,1.0
227_cpu_small,SVR,mean,0.1,6.0,-1.8906604904167512e-06,3.7182516547135114e-05,0.00020337954662700912,50.0,0.0,50.0,1.0,1.0,-0.0018455357493971567,0.0008398801662145095,0.01825781502613602,50.0,0.0,50.0,0.84375,1.0
227_cpu_small,SVR,mean,0.2,6.0,6.691776765538338e-05,4.4986686016101896e-05,7.816442908347483e-05,83.33333333333334,0.0,16.666666666666664,0.0625,1.0,0.006833182751004876,0.005119523096157028,0.007517785938322202,83.33333333333334,0.0,16.666666666666664,0.0625,1.0
227_cpu_small,SVR,mean,0.3,6.0,-2.2569832884381893e-06,-3.553445612908268e-05,0.00011793232636252832,33.33333333333333,0.0,66.66666666666666,1.0,1.0,-0.00011880178912863713,-0.002903001061942939,0.010687478036079704,33.33333333333333,0.0,66.66666666666666,1.0,1.0
227_cpu_small,SVR,median,0.05,6.0,4.190666593270609e-05,6.419168816884646e-05,0.00010975205568240856,83.33333333333334,0.0,16.666666666666664,0.4375,1.0,0.003930394671417414,0.006605566410879794,0.011445877338020563,83.33333333333334,0.0,16.666666666666664,0.4375,1.0
227_cpu_small,SVR,median,0.1,6.0,-0.00016315765464683385,-0.0001108391667275499,0.0002101177632604808,16.666666666666664,0.0,83.33333333333334,0.0625,1.0,-0.015249443324755536,-0.01146406826971131,0.019591977735939504,16.666666666666664,0.0,83.33333333333334,0.09375,1.0
227_cpu_small,SVR,median,0.2,6.0,3.173004172124516e-05,2.8828723792062583e-05,6.815433227495568e-05,66.66666666666666,0.0,33.33333333333333,0.4375,1.0,0.002731445570315074,0.0023062002038980014,0.0060903053816174745,66.66666666666666,0.0,33.33333333333333,0.4375,1.0
227_cpu_small,SVR,median,0.3,6.0,4.8426121608879935e-05,9.996389356822788e-05,0.00013431459065735236,66.66666666666666,0.0,33.33333333333333,0.5625,1.0,0.0037766428194317427,0.008647422523040222,0.012076907569768633,66.66666666666666,0.0,33.33333333333333,0.5625,1.0
294_satellite_image,DT,KNN,0.05,6.0,0.002590769114386271,0.0024743090500259357,0.003015166266250357,66.66666666666666,0.0,33.33333333333333,0.15625,1.0,0.5579659763862006,0.5470259368386015,0.6644505192589485,66.66666666666666,0.0,33.33333333333333,0.15625,1.0
294_satellite_image,DT,KNN,0.1,6.0,0.004816671257882839,0.00506890992624115,0.009099350777827211,83.33333333333334,0.0,16.666666666666664,0.3125,1.0,1.1239493202438993,1.1426481683764111,2.0993978426628273,83.33333333333334,0.0,16.666666666666664,0.3125,1.0
294_satellite_image,DT,KNN,0.2,6.0,0.0011882961281511524,0.0008031349829152878,0.005061856061193998,66.66666666666666,0.0,33.33333333333333,0.6875,1.0,0.2640574572900064,0.1794635357985524,1.1191336217908547,66.66666666666666,0.0,33.33333333333333,0.5625,1.0
294_satellite_image,DT,KNN,0.3,6.0,0.002285393969048514,0.0013161939931283784,0.0067812366506347374,66.66666666666666,0.0,33.33333333333333,0.5625,1.0,0.47193098496094404,0.29056475311304497,1.5343717721838384,66.66666666666666,0.0,33.33333333333333,0.5625,1.0
294_satellite_image,DT,mean,0.05,6.0,0.0016792283538145103,0.00084145542784414,0.002705949524587223,50.0,16.666666666666664,33.33333333333333,0.3125,1.0,0.36848980757271227,0.1898634656835304,0.5865934524560307,50.0,16.666666666666664,33.33333333333333,0.3125,1.0
294_satellite_image,DT,mean,0.1,6.0,0.0008719123974525086,6.539901773849888e-05,0.0019131170660655725,50.0,16.666666666666664,33.33333333333333,0.4375,1.0,0.20678829142270339,0.015005352834853044,0.4599976135446841,66.66666666666666,16.666666666666664,16.666666666666664,0.3125,1.0
294_satellite_image,DT,mean,0.2,6.0,-0.0006070491286377933,0.00010143238515092357,0.0012886065377695727,50.0,0.0,50.0,0.84375,1.0,-0.13876895252179314,0.026702657298892596,0.2957060074949129,50.0,0.0,50.0,0.84375,1.0
294_satellite_image,DT,mean,0.3,6.0,0.0005644734678726208,0.00014520622012392792,0.002414267014656281,50.0,16.666666666666664,33.33333333333333,0.625,1.0,0.1127682045776105,0.02843149613871503,0.5153087729862309,50.0,16.666666666666664,33.33333333333333,0.625,1.0
294_satellite_image,DT,median,0.05,6.0,-6.835802771842925e-05,0.0,0.00021904387782525924,16.666666666666664,66.66666666666666,16.666666666666664,1.0,1.0,-0.016673440188966025,0.0,0.052592521593741004,16.666666666666664,66.66666666666666,16.666666666666664,1.0,1.0
294_satellite_image,DT,median,0.1,6.0,0.0,0.0,0.0,0.0,100.0,0.0,1.0,1.0,0.0,0.0,0.0,0.0,100.0,0.0,1.0,1.0
294_satellite_image,DT,median,0.2,6.0,0.0005471008946258404,-0.00014318554283432317,0.0017383415218777522,33.33333333333333,16.666666666666664,50.0,0.8125,1.0,0.11673225116980947,-0.03298107329277665,0.38023365583234053,33.33333333333333,16.666666666666664,50.0,0.8125,1.0
294_satellite_image,DT,median,0.3,6.0,-0.0007089664943000229,-0.001181447960092008,0.002037429410697148,16.666666666666664,0.0,83.33333333333334,0.4375,1.0,-0.1618059704956216,-0.2602554567311929,0.4659788476055571,16.666666666666664,0.0,83.33333333333334,0.4375,1.0
294_satellite_image,KNN,KNN,0.05,6.0,0.00045364671886196267,0.00040750521488180924,0.00012068648945106155,100.0,0.0,0.0,0.03125,1.0,0.23534023653333583,0.21611016022758428,0.056581789731911414,100.0,0.0,0.0,0.03125,1.0
294_satellite_image,KNN,KNN,0.1,6.0,0.0003620550355025361,0.0005357786655132979,0.0005757702851300303,66.66666666666666,0.0,33.33333333333333,0.3125,1.0,0.1885806359433869,0.28623897492275735,0.3079807891772698,66.66666666666666,0.0,33.33333333333333,0.3125,1.0
294_satellite_image,KNN,KNN,0.2,6.0,7.705192663122935e-05,2.0945591359344817e-05,0.0003801076885023437,50.0,0.0,50.0,0.5625,1.0,0.048595262773638646,0.020222191597262802,0.1984027050514696,50.0,0.0,50.0,0.5625,1.0
294_satellite_image,KNN,KNN,0.3,6.0,-3.457486417131802e-05,4.737912421581836e-05,0.00045194355313614155,66.66666666666666,0.0,33.33333333333333,1.0,1.0,-0.024168630363982462,0.025105542393800764,0.22953376753099836,66.66666666666666,0.0,33.33333333333333,1.0,1.0
294_satellite_image,KNN,mean,0.05,6.0,6.0047483807575595e-05,7.097034323017004e-05,3.6221622874873496e-05,100.0,0.0,0.0,0.03125,1.0,0.02968308120358833,0.03578871756595545,0.017562512472033644,100.0,0.0,0.0,0.03125,1.0
294_satellite_image,KNN,mean,0.1,6.0,-6.4727364325796915e-06,2.23185024730288e-05,9.559974925763481e-05,66.66666666666666,0.0,33.33333333333333,0.84375,1.0,-0.005090428387240098,0.006818344607448628,0.04887382598669072,66.66666666666666,0.0,33.33333333333333,0.84375,1.0
294_satellite_image,KNN,mean,0.2,6.0,0.00016912243996869414,0.00010191184535401909,0.00021952955853451702,83.33333333333334,0.0,16.666666666666664,0.09375,1.0,0.0849226719482057,0.050929305769991315,0.11025442585180122,83.33333333333334,0.0,16.666666666666664,0.09375,1.0
294_satellite_image,KNN,mean,0.3,6.0,-5.731612953195168e-05,-7.180601764295025e-05,9.397894939244209e-05,16.666666666666664,0.0,83.33333333333334,0.21875,1.0,-0.02662862991953184,-0.034631659829671084,0.04172573536845419,16.666666666666664,0.0,83.33333333333334,0.21875,1.0
294_satellite_image,KNN,median,0.05,6.0,-9.747853031779238e-06,-7.098970761620915e-06,2.6601975862122933e-05,33.33333333333333,16.666666666666664,50.0,0.4375,1.0,-0.00456153647638687,-0.0035304823362536128,0.012866983916219174,33.33333333333333,16.666666666666664,50.0,0.4375,1.0
294_satellite_image,KNN,median,0.1,6.0,0.0,0.0,0.0,0.0,100.0,0.0,1.0,1.0,0.0,0.0,0.0,0.0,100.0,0.0,1.0,1.0
294_satellite_image,KNN,median,0.2,6.0,-0.00012071554193802496,-0.0001087105113160014,0.0002561509904113106,33.33333333333333,0.0,66.66666666666666,0.4375,1.0,-0.060164820123036124,-0.053110246503209266,0.12734826680543213,33.33333333333333,0.0,66.66666666666666,0.4375,1.0
294_satellite_image,KNN,median,0.3,6.0,-9.288628917057211e-05,-0.000261181990076631,0.0004332140210373603,33.33333333333333,0.0,66.66666666666666,0.84375,1.0,-0.04338646758622794,-0.12521361660305444,0.20459383563276912,33.33333333333333,0.0,66.66666666666666,0.84375,1.0
294_satellite_image,LR,KNN,0.05,6.0,-2.138842019550058e-06,-2.402799938022726e-05,5.858535736512202e-05,33.33333333333333,0.0,66.66666666666666,1.0,1.0,-0.0002662355460453919,-0.0038043510169200544,0.009746662283569919,33.33333333333333,0.0,66.66666666666666,1.0,1.0
294_satellite_image,LR,KNN,0.1,6.0,9.035352133252017e-05,8.22445749315559e-05,2.8323951058867192e-05,100.0,0.0,0.0,0.03125,1.0,0.015038090037106357,0.01347293016517128,0.004795094260438205,100.0,0.0,0.0,0.03125,1.0
294_satellite_image,LR,KNN,0.2,6.0,-1.7910650796741184e-05,-2.858880548389786e-05,7.953844106246784e-05,33.33333333333333,0.0,66.66666666666666,0.6875,1.0,-0.0031258944051311597,-0.005072371390766914,0.013189539959859779,33.33333333333333,0.0,66.66666666666666,0.5625,1.0
294_satellite_image,LR,KNN,0.3,6.0,-0.0001315636985677234,-0.0001543381868269189,0.0001307604596116133,16.666666666666664,0.0,83.33333333333334,0.0625,1.0,-0.021801157131733747,-0.026095952415311804,0.021774363082060478,16.666666666666664,0.0,83.33333333333334,0.09375,1.0
294_satellite_image,LR,mean,0.05,6.0,-1.4836137005036498e-06,-1.8587822763760364e-06,4.1157850623075075e-06,33.33333333333333,0.0,66.66666666666666,0.5625,1.0,-0.000241073141727697,-0.00030311084578413293,0.0006798100095835057,33.33333333333333,0.0,66.66666666666666,0.5625,1.0
294_satellite_image,LR,mean,0.1,6.0,3.357689821015253e-06,3.2975392191270103e-06,2.081224931104338e-06,100.0,0.0,0.0,0.03125,1.0,0.0005588027410807094,0.0005499563446251215,0.0003463227641000172,100.0,0.0,0.0,0.03125,1.0
294_satellite_image,LR,mean,0.2,6.0,1.1615628707217773e-06,-4.478449418532371e-07,8.110769481308848e-06,33.33333333333333,0.0,66.66666666666666,0.84375,1.0,0.00020195248888515833,-8.107433819509993e-05,0.0013976425431336274,33.33333333333333,0.0,66.66666666666666,0.84375,1.0
294_satellite_image,LR,mean,0.3,6.0,3.1902582794211356e-06,7.248135981963166e-07,8.38131638154237e-06,50.0,0.0,50.0,0.5625,1.0,0.0005307809690618287,0.00011015699833986827,0.0014228774587884113,50.0,0.0,50.0,0.6875,1.0
294_satellite_image,LR,median,0.05,6.0,-4.830633355231336e-06,-4.94637702880274e-06,3.6292639725680837e-06,0.0,16.666666666666664,83.33333333333334,0.0625,1.0,-0.0007914477207890117,-0.000821667730256799,0.000590846579430352,0.0,16.666666666666664,83.33333333333334,0.0625,1.0
294_satellite_image,LR,median,0.1,6.0,0.0,0.0,0.0,0.0,100.0,0.0,1.0,1.0,0.0,0.0,0.0,0.0,100.0,0.0,1.0,1.0
294_satellite_image,LR,median,0.2,6.0,2.0703156829319596e-05,-1.3554253290026796e-05,6.995086935485917e-05,33.33333333333333,0.0,66.66666666666666,1.0,1.0,0.0035084017678060474,-0.0022927423965248897,0.011831339362522304,33.33333333333333,0.0,66.66666666666666,1.0,1.0
294_satellite_image,LR,median,0.3,6.0,7.933293915555565e-06,3.3604339022552665e-07,4.032311255644904e-05,50.0,0.0,50.0,0.84375,1.0,0.0013638316642248483,6.495623029061158e-05,0.006766598297213804,50.0,0.0,50.0,0.84375,1.0
294_satellite_image,RF,KNN,0.05,6.0,0.0001095379422389094,0.00023628505418249457,0.0004624901565004748,66.66666666666666,0.0,33.33333333333333,0.6875,1.0,0.05044743595850736,0.1163192215303813,0.22963803948686404,66.66666666666666,0.0,33.33333333333333,0.6875,1.0
294_satellite_image,RF,KNN,0.1,6.0,0.0008052373244442449,0.0007636852884537748,0.0004907227031182669,100.0,0.0,0.0,0.03125,1.0,0.40796754402690155,0.37965904737125167,0.2531314639998978,100.0,0.0,0.0,0.03125,1.0
294_satellite_image,RF,KNN,0.2,6.0,0.0003390632473772766,0.00018382296793001407,0.0007405800553569132,66.66666666666666,0.0,33.33333333333333,0.4375,1.0,0.16935141218866598,0.09111432103252584,0.3749923416633056,66.66666666666666,0.0,33.33333333333333,0.4375,1.0
294_satellite_image,RF,KNN,0.3,6.0,0.00044608006834145897,0.00034727035520998317,0.0008443770359927243,83.33333333333334,0.0,16.666666666666664,0.21875,1.0,0.22145826495184792,0.17388594405585964,0.4190982089366863,83.33333333333334,0.0,16.666666666666664,0.21875,1.0
294_satellite_image,RF,mean,0.05,6.0,4.240809505229315e-05,-6.9475431381804675e-06,0.00013691288625812496,33.33333333333333,0.0,66.66666666666666,1.0,1.0,0.020720243229129538,-0.0023102704075739252,0.06749024060773477,50.0,0.0,50.0,0.84375,1.0
294_satellite_image,RF,mean,0.1,6.0,1.3658721309872668e-05,2.390416601921741e-05,5.0451480545979916e-05,83.33333333333334,0.0,16.666666666666664,0.4375,1.0,0.005723985081600744,0.012030811680658175,0.025027690518072476,83.33333333333334,0.0,16.666666666666664,0.4375,1.0
294_satellite_image,RF,mean,0.2,6.0,-2.1612026713653993e-05,-3.5723849292734755e-05,8.790114148807058e-05,16.666666666666664,0.0,83.33333333333334,0.4375,1.0,-0.011459783757346196,-0.018310256476232675,0.04293117146818705,16.666666666666664,0.0,83.33333333333334,0.4375,1.0
294_satellite_image,RF,mean,0.3,6.0,3.241001814459817e-05,2.3071311516187354e-05,3.737068561569124e-05,83.33333333333334,0.0,16.666666666666664,0.09375,1.0,0.016014821133484868,0.011284990881901243,0.018826477289157446,83.33333333333334,0.0,16.666666666666664,0.09375,1.0
294_satellite_image,RF,median,0.05,6.0,-4.9226911098358235e-06,-4.363548352759317e-06,6.163638180723403e-05,33.33333333333333,16.666666666666664,50.0,1.0,1.0,-0.0026691340171146397,-0.0020718461784824077,0.02960054882188706,33.33333333333333,16.666666666666664,50.0,1.0,1.0
294_satellite_image,RF,median,0.1,6.0,0.0,0.0,0.0,0.0,100.0,0.0,1.0,1.0,0.0,0.0,0.0,0.0,100.0,0.0,1.0,1.0
294_satellite_image,RF,median,0.2,6.0,6.460848129646868e-05,8.418445560770538e-05,0.00011050765243761198,83.33333333333334,0.0,16.666666666666664,0.3125,1.0,0.030855234571159684,0.039801202161892674,0.05323250581192653,83.33333333333334,0.0,16.666666666666664,0.3125,1.0
294_satellite_image,RF,median,0.3,6.0,8.295776400546462e-05,0.00010212533981057703,0.00018474056253617267,83.33333333333334,0.0,16.666666666666664,0.3125,1.0,0.04066503481447634,0.05020700795306614,0.0894298843821206,83.33333333333334,0.0,16.666666666666664,0.3125,1.0
294_satellite_image,SVR,KNN,0.05,6.0,5.4340703585120664e-05,5.97531543904406e-05,0.00019064539034816373,66.66666666666666,0.0,33.33333333333333,0.5625,1.0,0.008434082848079177,0.00949219810437725,0.0302524579472757,66.66666666666666,0.0,33.33333333333333,0.5625,1.0
294_satellite_image,SVR,KNN,0.1,6.0,0.00015822762728608572,0.0001895302669636112,0.0002084674351242001,66.66666666666666,0.0,33.33333333333333,0.21875,1.0,0.025202901962288398,0.02920949645046171,0.03310448896656308,66.66666666666666,0.0,33.33333333333333,0.21875,1.0
294_satellite_image,SVR,KNN,0.2,6.0,-3.9282214858660236e-05,-8.641225834360444e-05,0.00030414404913967064,33.33333333333333,0.0,66.66666666666666,0.6875,1.0,-0.006660223137759202,-0.014573454833956546,0.04848037169732484,33.33333333333333,0.0,66.66666666666666,0.6875,1.0
294_satellite_image,SVR,KNN,0.3,6.0,-6.135746296416962e-05,-2.3753306350349224e-05,0.00021281744769825747,50.0,0.0,50.0,1.0,1.0,-0.01000301922809686,-0.0035593624199794227,0.034745102525771,50.0,0.0,50.0,1.0,1.0
294_satellite_image,SVR,mean,0.05,6.0,-5.438393444218148e-05,-0.00015968886674977423,0.0002537448854078904,33.33333333333333,0.0,66.66666666666666,0.5625,1.0,-0.008613093987401623,-0.025369462842502646,0.04019361762992258,33.33333333333333,0.0,66.66666666666666,0.5625,1.0
294_satellite_image,SVR,mean,0.1,6.0,1.673100727200838e-05,-1.6948551042617055e-06,0.00013585857359429336,50.0,0.0,50.0,1.0,1.0,0.002695296412988414,-0.000243587220204294,0.021832414398786384,50.0,0.0,50.0,1.0,1.0
294_satellite_image,SVR,mean,0.2,6.0,-5.955485720005038e-05,-3.543312463738513e-05,0.0001420681831387321,33.33333333333333,0.0,66.66666666666666,0.4375,1.0,-0.009970291479779354,-0.006025949399901987,0.023321091419571754,33.33333333333333,0.0,66.66666666666666,0.4375,1.0
294_satellite_image,SVR,mean,0.3,6.0,-8.320734104949601e-06,5.001578565499987e-05,0.00016729523641607888,83.33333333333334,0.0,16.666666666666664,0.4375,1.0,-0.0014169368728227001,0.008337179848805915,0.026911176590202163,83.33333333333334,0.0,16.666666666666664,0.4375,1.0
294_satellite_image,SVR,median,0.05,6.0,1.3450044613375992e-05,-1.3782579433851971e-05,7.786272892481578e-05,33.33333333333333,16.666666666666664,50.0,0.8125,1.0,0.002054131219922748,-0.002136279769470436,0.012298322312809801,33.33333333333333,16.666666666666664,50.0,0.8125,1.0
294_satellite_image,SVR,median,0.1,6.0,0.0,0.0,0.0,0.0,100.0,0.0,1.0,1.0,0.0,0.0,0.0,0.0,100.0,0.0,1.0,1.0
294_satellite_image,SVR,median,0.2,6.0,-1.9139392124001287e-05,-8.97772499697247e-06,9.62625685303526e-05,50.0,0.0,50.0,0.6875,1.0,-0.0032846767541781976,-0.0015429519910139444,0.01571534100315415,50.0,0.0,50.0,0.6875,1.0
294_satellite_image,SVR,median,0.3,6.0,-0.0001244339483464918,-0.00017501936275032826,0.00018477818221999552,16.666666666666664,0.0,83.33333333333334,0.3125,1.0,-0.02010901691717287,-0.02804207812939986,0.029590435273438305,16.666666666666664,0.0,83.33333333333334,0.3125,1.0
503_wind,DT,KNN,0.05,6.0,0.0013321658702201329,0.0020445989647720486,0.005410394425443851,50.0,0.0,50.0,0.4375,1.0,0.1359496266249023,0.219499852668546,0.5811977619268456,50.0,0.0,50.0,0.4375,1.0
503_wind,DT,KNN,0.1,6.0,-0.002378542276309792,-0.0012820782338406889,0.01007559483232519,33.33333333333333,0.0,66.66666666666666,0.5625,1.0,-0.26091487908135647,-0.13079160753109836,1.0675532238292051,33.33333333333333,0.0,66.66666666666666,0.5625,1.0
503_wind,DT,KNN,0.2,6.0,0.0030417232701921058,0.0052730727317986115,0.0056973605152312295,66.66666666666666,0.0,33.33333333333333,0.3125,1.0,0.33720710896299827,0.6118405924466291,0.606018397879622,66.66666666666666,0.0,33.33333333333333,0.21875,1.0
503_wind,DT,KNN,0.3,6.0,0.004193023663418134,0.0028160802997045375,0.010981094267828156,50.0,0.0,50.0,0.6875,1.0,0.40154415301495455,0.2632502736628686,1.132347284742281,50.0,0.0,50.0,0.6875,1.0
503_wind,DT,mean,0.05,6.0,-0.00015015652311907898,-3.87650286293173e-05,0.002128240532232135,50.0,0.0,50.0,1.0,1.0,-0.016206266207725972,-0.004554811818724818,0.23445122636108387,50.0,0.0,50.0,1.0,1.0
503_wind,DT,mean,0.1,6.0,-0.0035082717542515387,-0.0031972363499386813,0.004739992056605583,16.666666666666664,0.0,83.33333333333334,0.21875,1.0,-0.3744347135904779,-0.3541911434181392,0.5155854146778787,16.666666666666664,0.0,83.33333333333334,0.21875,1.0
503_wind,DT,mean,0.2,6.0,0.0007622649551586683,0.00023423744163303395,0.0025938761944014764,50.0,0.0,50.0,0.6875,1.0,0.08193122796361156,0.023382618723641953,0.26784915011877136,50.0,0.0,50.0,0.6875,1.0
503_wind,DT,mean,0.3,6.0,-0.0004918027672172939,-0.0014687736563732123,0.002794217268313853,16.666666666666664,0.0,83.33333333333334,0.4375,1.0,-0.05242566630794148,-0.15766676273377195,0.28761051424831396,16.666666666666664,0.0,83.33333333333334,0.4375,1.0
503_wind,DT,median,0.05,6.0,0.0007765136120954271,-0.00023039159293314349,0.003720760704822144,50.0,0.0,50.0,1.0,1.0,0.09126672678182761,-0.02459353147286447,0.4121258301247473,50.0,0.0,50.0,1.0,1.0
503_wind,DT,median,0.1,6.0,-0.001433600527923684,-0.002471034316119003,0.004491742888900258,16.666666666666664,0.0,83.33333333333334,0.4375,1.0,-0.15133714208446858,-0.2665418922377534,0.4846847635960324,16.666666666666664,0.0,83.33333333333334,0.4375,1.0
503_wind,DT,median,0.2,6.0,-0.0012607588189480674,0.0009803491789093788,0.004674156976032238,66.66666666666666,0.0,33.33333333333333,1.0,1.0,-0.12879439718467758,0.10515753490945384,0.49313253567748183,66.66666666666666,0.0,33.33333333333333,1.0,1.0
503_wind,DT,median,0.3,6.0,-7.331737995143935e-05,-0.0009903684847992755,0.0020725957019482664,33.33333333333333,0.0,66.66666666666666,0.6875,1.0,0.0041141424530896685,-0.10613982718219805,0.23519517245175295,33.33333333333333,0.0,66.66666666666666,0.6875,1.0
503_wind,KNN,KNN,0.05,6.0,-1.6536870083017075e-05,0.00019411838497579437,0.0006865490784724548,66.66666666666666,0.0,33.33333333333333,0.84375,1.0,-0.002001280634717287,0.03809615286618799,0.12737749258988829,66.66666666666666,0.0,33.33333333333333,0.84375,1.0
503_wind,KNN,KNN,0.1,6.0,0.00022626484153901819,0.0001588673003086183,0.0003861555815812489,66.66666666666666,0.0,33.33333333333333,0.3125,1.0,0.04163903191924912,0.027714884133639917,0.07096531778361868,66.66666666666666,0.0,33.33333333333333,0.3125,1.0
503_wind,KNN,KNN,0.2,6.0,-6.090467199909577e-05,0.0002251926743756516,0.0014738035666212472,50.0,0.0,50.0,1.0,1.0,-0.006752807153937002,0.05078099928701224,0.26415408350167474,50.0,0.0,50.0,1.0,1.0
503_wind,KNN,KNN,0.3,6.0,-3.411516129716204e-05,-0.0006730715600235526,0.0017713031584235055,33.33333333333333,0.0,66.66666666666666,1.0,1.0,-0.008409668930200426,-0.11678944122398512,0.3182189573295265,33.33333333333333,0.0,66.66666666666666,1.0,1.0
503_wind,KNN,mean,0.05,6.0,2.4154050529782516e-05,2.320516316850485e-05,8.387051166132465e-05,66.66666666666666,0.0,33.33333333333333,0.5625,1.0,0.004868103370983031,0.004259564194268682,0.01573265152166987,66.66666666666666,0.0,33.33333333333333,0.5625,1.0
503_wind,KNN,mean,0.1,6.0,6.483930345872284e-05,2.272878421627489e-05,0.00016473150605734758,50.0,0.0,50.0,0.4375,1.0,0.011200193889644378,0.0036913442744357433,0.029455007902337745,50.0,0.0,50.0,0.4375,1.0
503_wind,KNN,mean,0.2,6.0,-3.0337406241531806e-05,-8.107123642031588e-05,0.0002456012064239419,50.0,0.0,50.0,0.84375,1.0,-0.006016525103082433,-0.015535322472184252,0.045079603482490904,50.0,0.0,50.0,0.84375,1.0
503_wind,KNN,mean,0.3,6.0,-0.00011310526115154707,-0.00013660078485089322,0.0003940545411755753,50.0,0.0,50.0,0.5625,1.0,-0.019786800766218453,-0.022724480965680492,0.06821218582602896,50.0,0.0,50.0,0.5625,1.0
503_wind,KNN,median,0.05,6.0,-1.3058239926903395e-05,-3.3322390702195115e-05,0.00027110730057372225,33.33333333333333,0.0,66.66666666666666,0.84375,1.0,-0.002390185270764643,-0.0056737022749809496,0.0501454156347135,33.33333333333333,0.0,66.66666666666666,0.84375,1.0
503_wind,KNN,median,0.1,6.0,-6.426087766533047e-05,-2.0820995615011828e-05,0.00023506368780693758,50.0,0.0,50.0,0.6875,1.0,-0.012011951587391554,-0.0037567864993893006,0.04262134680320939,50.0,0.0,50.0,0.6875,1.0
503_wind,KNN,median,0.2,6.0,5.208369835217145e-05,6.381881343231477e-05,0.000176965154005483,66.66666666666666,0.0,33.33333333333333,0.4375,1.0,0.00938528677337599,0.011871004844830474,0.03222561271375459,66.66666666666666,0.0,33.33333333333333,0.4375,1.0
503_wind,KNN,median,0.3,6.0,-3.009194764162319e-05,-3.603951246766712e-05,9.653473597627806e-05,33.33333333333333,0.0,66.66666666666666,0.5625,1.0,-0.005537886894408561,-0.006401657503330351,0.01786072827039279,33.33333333333333,0.0,66.66666666666666,0.5625,1.0
503_wind,LR,KNN,0.05,6.0,6.156378741722923e-05,6.656964835599632e-05,7.365758393919434e-05,66.66666666666666,0.0,33.33333333333333,0.15625,1.0,0.01274130886073993,0.014002624631728529,0.015484222424987351,66.66666666666666,0.0,33.33333333333333,0.15625,1.0
503_wind,LR,KNN,0.1,6.0,-6.218910659601858e-05,-4.972179363749163e-05,0.00013899219952171797,50.0,0.0,50.0,0.4375,1.0,-0.012865689626501586,-0.009575002286604718,0.02850807644023063,50.0,0.0,50.0,0.4375,1.0
503_wind,LR,KNN,0.2,6.0,0.00011657877317004332,0.0001391525144367467,0.0001864876272367715,66.66666666666666,0.0,33.33333333333333,0.3125,1.0,0.024191397934355277,0.028405102410314634,0.03869413753695544,66.66666666666666,0.0,33.33333333333333,0.3125,1.0
503_wind,LR,KNN,0.3,6.0,-0.0003276860782286765,-0.00029860231635803203,0.00016477075609745871,0.0,0.0,100.0,0.03125,1.0,-0.0669109820667168,-0.06176931283191793,0.034355377330957816,0.0,0.0,100.0,0.03125,1.0
503_wind,LR,mean,0.05,6.0,-1.6027042623600884e-06,-4.780175792418184e-07,2.862296059356214e-06,33.33333333333333,0.0,66.66666666666666,0.3125,1.0,-0.000364631588459504,-0.0001396070793450813,0.0006238952022384416,33.33333333333333,0.0,66.66666666666666,0.3125,1.0
503_wind,LR,mean,0.1,6.0,9.614316426320713e-07,1.2055434316926572e-06,4.127591573220917e-06,66.66666666666666,0.0,33.33333333333333,0.6875,1.0,0.00013556114091366528,0.00016688294571499205,0.0008002239202159866,66.66666666666666,0.0,33.33333333333333,0.6875,1.0
503_wind,LR,mean,0.2,6.0,6.477081550918898e-07,1.0715075894895953e-06,4.920436981618932e-06,50.0,0.0,50.0,0.6875,1.0,0.00010484296087568215,0.00021167061950985505,0.0009905509937850863,50.0,0.0,50.0,0.6875,1.0
503_wind,LR,mean,0.3,6.0,2.088803751280436e-06,3.1688862331402667e-06,3.820105800140025e-06,66.66666666666666,0.0,33.33333333333333,0.21875,1.0,0.00040363503739520163,0.0006393368757959655,0.0007513929701757747,66.66666666666666,0.0,33.33333333333333,0.21875,1.0
503_wind,LR,median,0.05,6.0,3.92936713583536e-06,3.7028865128574395e-06,6.221928849016913e-06,66.66666666666666,0.0,33.33333333333333,0.3125,1.0,0.0008006743318482007,0.0007611123737447284,0.0013301724269222989,66.66666666666666,0.0,33.33333333333333,0.3125,1.0
503_wind,LR,median,0.1,6.0,-5.834727706451511e-06,-5.517504798047135e-06,4.139219982046964e-06,16.666666666666664,0.0,83.33333333333334,0.0625,1.0,-0.001199932832830768,-0.0011833993252397385,0.0008456684306874056,16.666666666666664,0.0,83.33333333333334,0.0625,1.0
503_wind,LR,median,0.2,6.0,-4.651529387592982e-08,-3.326173031448221e-08,7.267137527728606e-07,50.0,0.0,50.0,1.0,1.0,-8.773940046189474e-06,-4.786038723142976e-06,0.0001496031661356367,50.0,0.0,50.0,1.0,1.0
503_wind,LR,median,0.3,6.0,3.1806707504281975e-06,2.519076402751619e-06,3.686994638199001e-06,83.33333333333334,0.0,16.666666666666664,0.09375,1.0,0.000623239809550375,0.00048647579991260934,0.0007367295558544281,83.33333333333334,0.0,16.666666666666664,0.09375,1.0
503_wind,RF,KNN,0.05,6.0,0.00022293767949356966,0.000230541557128372,0.0004164796267039452,83.33333333333334,0.0,16.666666666666664,0.21875,1.0,0.05199455096490387,0.05437359375117788,0.09380605954475331,83.33333333333334,0.0,16.666666666666664,0.21875,1.0
503_wind,RF,KNN,0.1,6.0,8.290404375828804e-05,-3.2182315953976914e-05,0.000323168240594066,50.0,0.0,50.0,0.84375,1.0,0.019044110451908593,-0.004111847346060524,0.0687789687355216,50.0,0.0,50.0,0.84375,1.0
503_wind,RF,KNN,0.2,6.0,-0.00015322395587545148,-0.0003066245067266937,0.0009280616351313559,33.33333333333333,0.0,66.66666666666666,0.6875,1.0,-0.03311844229576603,-0.06697058784530986,0.19978504177077744,33.33333333333333,0.0,66.66666666666666,0.6875,1.0
503_wind,RF,KNN,0.3,6.0,-0.00017658486054259828,-0.00011272901390196877,0.000927423865691658,33.33333333333333,0.0,66.66666666666666,0.6875,1.0,-0.04143902610692784,-0.02835731068987646,0.20039133319627087,33.33333333333333,0.0,66.66666666666666,0.6875,1.0
503_wind,RF,mean,0.05,6.0,1.2587640690342461e-05,3.340279478653008e-05,0.00010841922816347826,66.66666666666666,0.0,33.33333333333333,0.84375,1.0,0.0028214137662769556,0.007609425132686826,0.024923152985862715,66.66666666666666,0.0,33.33333333333333,0.84375,1.0
503_wind,RF,mean,0.1,6.0,6.430756946329552e-05,3.411854190848995e-05,0.00022457169573779015,50.0,0.0,50.0,0.6875,1.0,0.013859636825329466,0.006018439448333579,0.049981511177824414,50.0,0.0,50.0,0.6875,1.0
503_wind,RF,mean,0.2,6.0,-8.884564742397034e-05,-0.00010405857778683636,0.00010012832890862985,16.666666666666664,0.0,83.33333333333334,0.15625,1.0,-0.018952438199837104,-0.022603346334176842,0.021579336225233687,16.666666666666664,0.0,83.33333333333334,0.15625,1.0
503_wind,RF,mean,0.3,6.0,-0.00011849859962426157,-0.00015004303251386908,0.00023713812889336207,33.33333333333333,0.0,66.66666666666666,0.4375,1.0,-0.026151915081451666,-0.032433689544572764,0.05126026836098813,33.33333333333333,0.0,66.66666666666666,0.4375,1.0
503_wind,RF,median,0.05,6.0,-5.645957169240582e-05,-4.2675515401158215e-05,0.00016599240206006114,33.33333333333333,0.0,66.66666666666666,0.5625,1.0,-0.013720940809150137,-0.010816005032574414,0.036994182027042105,33.33333333333333,0.0,66.66666666666666,0.5625,1.0
503_wind,RF,median,0.1,6.0,-0.0002215216841718326,-0.00021819255201555032,0.00036654112018427156,33.33333333333333,0.0,66.66666666666666,0.3125,1.0,-0.04939168518152929,-0.048171174574202044,0.08056358439216248,33.33333333333333,0.0,66.66666666666666,0.3125,1.0
503_wind,RF,median,0.2,6.0,-1.692000044722919e-05,5.4220452677278264e-05,0.00023821286460724335,66.66666666666666,0.0,33.33333333333333,0.5625,1.0,-0.002981009555291037,0.011518996967288397,0.051158258633403134,66.66666666666666,0.0,33.33333333333333,0.5625,1.0
503_wind,RF,median,0.3,6.0,-0.0001245075687481186,-0.00013350393204553113,0.0002725164515507628,16.666666666666664,0.0,83.33333333333334,0.3125,1.0,-0.028989767809531736,-0.027732116986683986,0.057164462688092756,16.666666666666664,0.0,83.33333333333334,0.3125,1.0
503_wind,SVR,KNN,0.05,6.0,2.1530445871091135e-05,7.685711538141238e-06,0.00010440334580960333,50.0,0.0,50.0,0.6875,1.0,0.0045950161449376924,0.0011176068583911162,0.021683798841476205,50.0,0.0,50.0,0.6875,1.0
503_wind,SVR,KNN,0.1,6.0,-9.01471514765199e-05,-8.117618139069638e-05,0.00011806116693002852,16.666666666666664,0.0,83.33333333333334,0.15625,1.0,-0.018861630763495826,-0.016510997528424762,0.023626966771959967,16.666666666666664,0.0,83.33333333333334,0.15625,1.0
503_wind,SVR,KNN,0.2,6.0,1.0307908263007537e-05,2.922747941380699e-05,0.0002839929223478979,50.0,0.0,50.0,1.0,1.0,0.002328125025383177,0.005326086357515849,0.05874347315812995,50.0,0.0,50.0,1.0,1.0
503_wind,SVR,KNN,0.3,6.0,-0.0004094989912528472,-0.00043506090116768315,0.00016229676354228501,0.0,0.0,100.0,0.03125,1.0,-0.0830219300083203,-0.08916369778394917,0.03391560648777516,0.0,0.0,100.0,0.03125,1.0
503_wind,SVR,mean,0.05,6.0,-2.530781795406778e-06,-5.960321403097879e-06,3.526900211201082e-05,50.0,0.0,50.0,0.84375,1.0,-0.0004559042123220396,-0.0013664659822710768,0.007263213093283816,50.0,0.0,50.0,0.84375,1.0
503_wind,SVR,mean,0.1,6.0,6.027511649594104e-06,-9.831993162068287e-06,3.8329375923356746e-05,33.33333333333333,0.0,66.66666666666666,1.0,1.0,0.0011854844887790909,-0.0017487694552628056,0.0076935375398702625,33.33333333333333,0.0,66.66666666666666,1.0,1.0
503_wind,SVR,mean,0.2,6.0,5.0136735263199096e-05,5.291235071575029e-05,5.510293345327706e-05,83.33333333333334,0.0,16.666666666666664,0.09375,1.0,0.01001016315227094,0.010573308983458977,0.011368625760095515,83.33333333333334,0.0,16.666666666666664,0.09375,1.0
503_wind,SVR,mean,0.3,6.0,1.7602210633701116e-05,2.425052357007962e-05,7.631967903703065e-05,66.66666666666666,0.0,33.33333333333333,0.84375,1.0,0.003284936238742547,0.00439838258629179,0.014936254646881026,66.66666666666666,0.0,33.33333333333333,0.84375,1.0
503_wind,SVR,median,0.05,6.0,1.570224208731948e-05,2.2266040550222854e-05,5.149096555935772e-05,66.66666666666666,0.0,33.33333333333333,0.5625,1.0,0.0031541254432828902,0.004362339174257285,0.010421227411505902,66.66666666666666,0.0,33.33333333333333,0.5625,1.0
503_wind,SVR,median,0.1,6.0,4.026700590483341e-06,6.245193342302446e-06,2.512937665127022e-05,50.0,0.0,50.0,0.84375,1.0,0.0006717860329159695,0.0011555633603345444,0.005086508442204798,50.0,0.0,50.0,0.84375,1.0
503_wind,SVR,median,0.2,6.0,4.1076837228315455e-06,4.121590508887607e-06,2.4226685506131153e-05,66.66666666666666,0.0,33.33333333333333,0.6875,1.0,0.0007176462375313922,0.0007322587983289931,0.005009592690114182,66.66666666666666,0.0,33.33333333333333,0.6875,1.0
503_wind,SVR,median,0.3,6.0,-2.0335449314290432e-05,-1.537470593576673e-05,2.8506600768373892e-05,16.666666666666664,0.0,83.33333333333334,0.15625,1.0,-0.004023891781632305,-0.0031478545896459578,0.0056743184557744636,16.666666666666664,0.0,83.33333333333334,0.15625,1.0
505_tecator,DT,KNN,0.05,6.0,0.00017932015575972127,0.00021773180551898363,0.0008369924995764887,50.0,0.0,50.0,0.6875,1.0,0.17966926432567776,0.29818752501815154,2.101870684269249,50.0,0.0,50.0,0.84375,1.0
505_tecator,DT,KNN,0.1,6.0,0.00041248395116610936,0.00030754601716559415,0.0007645959423418444,83.33333333333334,0.0,16.666666666666664,0.21875,1.0,1.0398890362654294,0.8641218637383264,1.1622548405184774,83.33333333333334,0.0,16.666666666666664,0.15625,1.0
505_tecator,DT,KNN,0.2,6.0,9.189996969085253e-05,0.0003214294272120277,0.00153826368308654,50.0,0.0,50.0,1.0,1.0,0.16590737325091545,0.4878719792482874,3.375325090447244,50.0,0.0,50.0,1.0,1.0
505_tecator,DT,KNN,0.3,6.0,-0.001173866519400731,-0.0006016015830397348,0.0013519316054229436,16.666666666666664,0.0,83.33333333333334,0.0625,1.0,-2.067159537998855,-1.9821989481470177,3.2481432824183822,16.666666666666664,0.0,83.33333333333334,0.3125,1.0
505_tecator,DT,mean,0.05,6.0,0.0,0.0,0.0,0.0,100.0,0.0,1.0,1.0,0.0,0.0,0.0,0.0,100.0,0.0,1.0,1.0
505_tecator,DT,mean,0.1,6.0,0.00014240152958033825,0.0,0.000657213303256976,16.666666666666664,50.0,33.33333333333333,1.0,1.0,0.34049078120838666,0.0,1.6356721878973774,16.666666666666664,50.0,33.33333333333333,1.0,1.0
505_tecator,DT,mean,0.2,6.0,-1.432175257903845e-05,0.0,3.508098604103321e-05,0.0,83.33333333333334,16.666666666666664,1.0,1.0,-0.04591766247711765,0.0,0.1124748432502797,0.0,83.33333333333334,16.666666666666664,1.0,1.0
505_tecator,DT,mean,0.3,6.0,0.00033155353168895507,6.851912500560609e-05,0.0006637798635268397,50.0,16.666666666666664,33.33333333333333,0.3125,1.0,0.688189136316022,0.1871644515147418,1.3646864466794237,50.0,16.666666666666664,33.33333333333333,0.3125,1.0
505_tecator,DT,median,0.05,6.0,2.4548775467000034e-05,0.0,0.00023759117468587717,33.33333333333333,33.33333333333333,33.33333333333333,0.875,1.0,0.0764409533656855,0.0,0.49799590480590084,33.33333333333333,33.33333333333333,33.33333333333333,1.0,1.0
505_tecator,DT,median,0.1,6.0,-3.782833937896838e-05,-1.311812351778574e-05,0.00020982406317954523,33.33333333333333,16.666666666666664,50.0,0.8125,1.0,0.0019521158726624743,-0.035213276840728884,0.34917804387229556,33.33333333333333,16.666666666666664,50.0,1.0,1.0
505_tecator,DT,median,0.2,6.0,0.00042422569342328204,0.0004225503171153,0.0006478723685190553,83.33333333333334,0.0,16.666666666666664,0.15625,1.0,0.8504204005523365,1.0721083182335005,1.5258031773090843,66.66666666666666,0.0,33.33333333333333,0.21875,1.0
505_tecator,DT,median,0.3,6.0,-0.0006927163534612609,-0.0006235142443541397,0.0005408599588405675,0.0,0.0,100.0,0.03125,1.0,-1.6402251996376112,-1.496156601151712,1.3275306683569326,0.0,0.0,100.0,0.03125,1.0
505_tecator,KNN,KNN,0.05,6.0,-4.417233222447914e-05,-0.00015642079229771788,0.001945864672978639,50.0,0.0,50.0,1.0,1.0,-0.016385795097180068,-0.06825038649243503,0.5891319120762436,33.33333333333333,0.0,66.66666666666666,0.84375,1.0
505_tecator,KNN,KNN,0.1,6.0,0.00018020573067623058,9.228883268597166e-06,0.0016124582509969357,50.0,0.0,50.0,1.0,1.0,0.051498211270683714,0.008509394633739138,0.4832191716241095,50.0,0.0,50.0,0.84375,1.0
505_tecator,KNN,KNN,0.2,6.0,8.595558023669995e-05,0.0003514033309782727,0.001572160224987615,50.0,0.0,50.0,1.0,1.0,0.07713296584843697,0.1577131789503449,0.4459437433977669,50.0,0.0,50.0,0.84375,1.0
505_tecator,KNN,KNN,0.3,6.0,-0.003749335102900875,-0.0006577039480709646,0.007858120093318547,50.0,0.0,50.0,0.5625,1.0,-1.2026788568650029,-0.25120731673694147,2.275327636863952,50.0,0.0,50.0,0.5625,1.0
505_tecator,KNN,mean,0.05,6.0,0.0005628465406594304,0.0005492805415024948,0.0007487691622381908,83.33333333333334,0.0,16.666666666666664,0.15625,1.0,0.16201275780120528,0.142881940559336,0.22462982189150538,83.33333333333334,0.0,16.666666666666664,0.15625,1.0
505_tecator,KNN,mean,0.1,6.0,0.00017978869513255816,0.00013311582690916923,0.00041338511652362755,50.0,0.0,50.0,0.4375,1.0,0.042408376224246286,0.037831416300149384,0.09967111708080464,50.0,0.0,50.0,0.4375,1.0
505_tecator,KNN,mean,0.2,6.0,-0.0020634199428622804,-0.0018984748814397934,0.0018195985989683684,16.666666666666664,0.0,83.33333333333334,0.0625,1.0,-0.6308363237271258,-0.6386522527432257,0.5402955721361722,16.666666666666664,0.0,83.33333333333334,0.0625,1.0
505_tecator,KNN,mean,0.3,6.0,0.0002605550159130443,-0.00037156815745637006,0.001433208309783964,33.33333333333333,0.0,66.66666666666666,1.0,1.0,0.07393560586523924,-0.09608019617430336,0.3985685158724856,33.33333333333333,0.0,66.66666666666666,1.0,1.0
505_tecator,KNN,median,0.05,6.0,-0.0004573400878512546,-0.00044256372803147537,0.0017528336008577484,50.0,0.0,50.0,0.6875,1.0,-0.06719875701449733,-0.11064136767108612,0.5056383649800077,50.0,0.0,50.0,0.84375,1.0
505_tecator,KNN,median,0.1,6.0,0.0014547847927720015,0.0010876004572428766,0.0015634208842526573,83.33333333333334,0.0,16.666666666666664,0.0625,1.0,0.4701012731745043,0.35360038879222677,0.5828683835440429,83.33333333333334,0.0,16.666666666666664,0.0625,1.0
505_tecator,KNN,median,0.2,6.0,4.60373452274195e-05,-0.0007947593361540273,0.0022222080171927275,33.33333333333333,0.0,66.66666666666666,0.5625,1.0,-0.006797294686790772,-0.2115338308053782,0.634973286501177,33.33333333333333,0.0,66.66666666666666,0.6875,1.0
505_tecator,KNN,median,0.3,6.0,-0.0010951320088991023,-0.001047358160393419,0.0017227491547263589,33.33333333333333,0.0,66.66666666666666,0.21875,1.0,-0.3119320878219869,-0.3343107658049114,0.510720276317285,33.33333333333333,0.0,66.66666666666666,0.3125,1.0
505_tecator,LR,KNN,0.05,6.0,-0.0014729844016629912,-0.001883990441715111,0.0037163349817118368,33.33333333333333,0.0,66.66666666666666,0.3125,1.0,-2.2366296187082937,-3.4843230220934913,8.333578408358004,33.33333333333333,0.0,66.66666666666666,0.6875,1.0
505_tecator,LR,KNN,0.1,6.0,0.0010137136146254333,0.0009506442882183941,0.0016051037537657086,83.33333333333334,0.0,16.666666666666664,0.21875,1.0,2.5537526916628077,2.3371142533517206,5.374686914378662,66.66666666666666,0.0,33.33333333333333,0.3125,1.0
505_tecator,LR,KNN,0.2,6.0,0.0018323002646176885,0.0016892947696336424,0.0024360522934160503,83.33333333333334,0.0,16.666666666666664,0.15625,1.0,5.049937875943896,5.327433267940897,6.57605582649777,83.33333333333334,0.0,16.666666666666664,0.15625,1.0
505_tecator,LR,KNN,0.3,6.0,0.0012400778450259626,0.001679874123925451,0.004579444964767413,66.66666666666666,0.0,33.33333333333333,0.4375,1.0,5.832252838599804,5.505408214943413,13.524399298000494,83.33333333333334,0.0,16.666666666666664,0.3125,1.0
505_tecator,LR,mean,0.05,6.0,-0.0001215582122960727,5.6494760966030455e-06,0.0004531729488183534,50.0,0.0,50.0,1.0,1.0,-0.14994827631588564,-0.006430837660473114,0.8165846187296265,50.0,0.0,50.0,1.0,1.0
505_tecator,LR,mean,0.1,6.0,0.00010015138344103096,3.0094281620152152e-05,0.0002910139561781599,66.66666666666666,0.0,33.33333333333333,0.5625,1.0,0.49967943440202806,0.03405631883979222,1.456523692658425,50.0,0.0,50.0,0.6875,1.0
505_tecator,LR,mean,0.2,6.0,4.3726923931138494e-05,4.68767763748823e-05,6.288253240740576e-05,83.33333333333334,0.0,16.666666666666664,0.15625,1.0,0.11418666678152901,0.1619411848356393,0.24196434118713667,83.33333333333334,0.0,16.666666666666664,0.3125,1.0
505_tecator,LR,mean,0.3,6.0,-4.14635981184445e-05,1.910846815955658e-05,0.0002595593287110306,66.66666666666666,0.0,33.33333333333333,1.0,1.0,-0.00642290221233055,0.24432413560757035,0.9073909319543314,66.66666666666666,0.0,33.33333333333333,1.0,1.0
505_tecator,LR,median,0.05,6.0,-0.00027076261219436776,-9.187399931609441e-05,0.0006928385245161332,33.33333333333333,0.0,66.66666666666666,0.4375,1.0,-0.5920346385803005,-0.2443976395415385,1.3518460553299898,16.666666666666664,0.0,83.33333333333334,0.3125,1.0
505_tecator,LR,median,0.1,6.0,0.00017881681276613973,-7.130466464660978e-05,0.0005966687965633942,33.33333333333333,0.0,66.66666666666666,1.0,1.0,0.7807914533385901,-0.2014526613941858,2.259384054398978,33.33333333333333,0.0,66.66666666666666,1.0,1.0
505_tecator,LR,median,0.2,6.0,0.00017929689838891427,0.0001729613453308465,0.00020566683282312288,66.66666666666666,0.0,33.33333333333333,0.15625,1.0,0.7985838635201042,0.5553323191038677,1.0754010972722987,83.33333333333334,0.0,16.666666666666664,0.15625,1.0
505_tecator,LR,median,0.3,6.0,-1.0395384951807548e-05,-2.080512338309415e-05,0.0004699233957005145,33.33333333333333,0.0,66.66666666666666,0.84375,1.0,-0.19340881730394113,0.02499124518789761,1.6619347214516138,50.0,0.0,50.0,1.0,1.0
505_tecator,RF,KNN,0.05,6.0,0.00011174813030506714,0.00010873479391276808,9.108012661962534e-05,100.0,0.0,0.0,0.03125,1.0,0.4400340555814702,0.46747814098058954,0.40227061011436904,100.0,0.0,0.0,0.03125,1.0
505_tecator,RF,KNN,0.1,6.0,1.417463130261772e-05,4.183882130703864e-05,0.000163726497531591,66.66666666666666,0.0,33.33333333333333,0.6875,1.0,0.0741551536674599,0.19560333195074336,0.7429028382388865,66.66666666666666,0.0,33.33333333333333,0.6875,1.0
505_tecator,RF,KNN,0.2,6.0,-4.484006628900176e-05,-2.8988238351623785e-05,0.00010700949020810186,50.0,0.0,50.0,0.5625,1.0,-0.22218714272088394,-0.21938516926683418,0.4485696637130407,33.33333333333333,0.0,66.66666666666666,0.3125,1.0
505_tecator,RF,KNN,0.3,6.0,-1.628913000782199e-05,6.098114409863742e-05,0.00019566850466190086,66.66666666666666,0.0,33.33333333333333,0.84375,1.0,0.03410328759611749,0.26610503975236327,0.8287580677351327,66.66666666666666,0.0,33.33333333333333,0.6875,1.0
505_tecator,RF,mean,0.05,6.0,-1.0824951493200915e-05,-3.6160760661929636e-06,2.4104540431821712e-05,33.33333333333333,0.0,66.66666666666666,0.5625,1.0,-0.05447437681324685,-0.032849439007181805,0.10059250990250415,33.33333333333333,0.0,66.66666666666666,0.3125,1.0
505_tecator,RF,mean,0.1,6.0,-1.2009766458098703e-05,4.3170674640657936e-07,2.980762337645e-05,50.0,0.0,50.0,0.84375,1.0,-0.04024455442366309,0.003257949227015307,0.10336253565223032,50.0,0.0,50.0,0.84375,1.0
505_tecator,RF,mean,0.2,6.0,7.758830518659702e-06,1.1467806811660264e-05,2.469604048388897e-05,66.66666666666666,0.0,33.33333333333333,0.5625,1.0,0.035476094314576816,0.05248272924074118,0.10779587543796446,66.66666666666666,0.0,33.33333333333333,0.5625,1.0
505_tecator,RF,mean,0.3,6.0,1.766765396943315e-05,2.0997866446381686e-05,4.975874848582767e-05,66.66666666666666,0.0,33.33333333333333,0.5625,1.0,0.05572592902305345,0.04843549193019505,0.20960139229851,66.66666666666666,0.0,33.33333333333333,0.5625,1.0
505_tecator,RF,median,0.05,6.0,-8.548508318495518e-06,-2.495276689662429e-06,3.832178228329748e-05,50.0,0.0,50.0,0.84375,1.0,-0.03775728521023492,-0.006007764418874528,0.17004218241424068,50.0,0.0,50.0,0.6875,1.0
505_tecator,RF,median,0.1,6.0,-2.4853600876099485e-05,-1.9210418654380668e-05,3.113636019226526e-05,33.33333333333333,0.0,66.66666666666666,0.15625,1.0,-0.08874540076553605,-0.08883732142849762,0.10255322159814685,33.33333333333333,0.0,66.66666666666666,0.15625,1.0
505_tecator,RF,median,0.2,6.0,-9.214351022375963e-07,2.2269795138696313e-05,0.00010608401148886822,50.0,0.0,50.0,0.84375,1.0,0.031774167794231346,0.15743435387993346,0.46381245249854125,50.0,0.0,50.0,0.84375,1.0
505_tecator,RF,median,0.3,6.0,-4.0387196528028175e-06,-4.1015747903605515e-07,0.00014888600109671867,50.0,0.0,50.0,0.84375,1.0,-0.007022862686083024,0.014741962986666121,0.6190174996867563,50.0,0.0,50.0,1.0,1.0
505_tecator,SVR,KNN,0.05,6.0,-0.0001487076678235444,-7.094281845354544e-05,0.0002804831512811033,16.666666666666664,0.0,83.33333333333334,0.21875,1.0,-1.1335194555973946,-0.794126341185955,1.7060108715480313,16.666666666666664,0.0,83.33333333333334,0.15625,1.0
505_tecator,SVR,KNN,0.1,6.0,0.00026264191036815915,0.00036787628810219797,0.00038355807650209,83.33333333333334,0.0,16.666666666666664,0.21875,1.0,1.7107210812639908,2.303247390071842,2.3188880279566653,83.33333333333334,0.0,16.666666666666664,0.21875,1.0
505_tecator,SVR,KNN,0.2,6.0,0.0001853043179439647,0.0002477653068995722,0.0003693034773298709,66.66666666666666,0.0,33.33333333333333,0.4375,1.0,1.506838652222034,1.7417459763517233,2.8145687951521694,83.33333333333334,0.0,16.666666666666664,0.21875,1.0
505_tecator,SVR,KNN,0.3,6.0,0.000716062239250248,0.0006655718934971966,0.0012228917736070996,66.66666666666666,0.0,33.33333333333333,0.21875,1.0,4.403986774798287,5.639216490819104,8.392166469879788,66.66666666666666,0.0,33.33333333333333,0.4375,1.0
505_tecator,SVR,mean,0.05,6.0,-1.6030691726195052e-05,2.1005262021978055e-05,0.0001063196772574231,83.33333333333334,0.0,16.666666666666664,0.4375,1.0,0.039946574728325523,0.19481557545978648,0.5149291630663541,83.33333333333334,0.0,16.666666666666664,0.4375,1.0
505_tecator,SVR,mean,0.1,6.0,6.21033198750139e-05,4.515793026399484e-05,8.346543662703493e-05,66.66666666666666,0.0,33.33333333333333,0.15625,1.0,0.4015040358340123,0.3118380227719705,0.5709079232381532,66.66666666666666,0.0,33.33333333333333,0.15625,1.0
505_tecator,SVR,mean,0.2,6.0,-2.0723681304365044e-05,-2.1773017878534695e-05,8.989771127521074e-05,50.0,0.0,50.0,0.6875,1.0,-0.1885239176423066,-0.08453923468546864,0.6133985486986305,50.0,0.0,50.0,0.6875,1.0
505_tecator,SVR,mean,0.3,6.0,-2.867675919882018e-05,-0.00020961246474832107,0.001583394661952984,33.33333333333333,0.0,66.66666666666666,0.5625,1.0,-1.169462165282775,-1.2445945238903526,9.087308402999692,33.33333333333333,0.0,66.66666666666666,0.5625,1.0
505_tecator,SVR,median,0.05,6.0,-2.816793995802369e-05,2.6757848985314858e-05,0.00017398723759745434,83.33333333333334,0.0,16.666666666666664,0.4375,1.0,0.024662952287109935,0.22305613647162764,0.7779636034046912,83.33333333333334,0.0,16.666666666666664,0.4375,1.0
505_tecator,SVR,median,0.1,6.0,8.66213473178501e-05,4.034100650540662e-05,0.000281887927776877,66.66666666666666,0.0,33.33333333333333,0.3125,1.0,0.41832596152883844,0.2417887811902993,1.4880479026991915,66.66666666666666,0.0,33.33333333333333,0.4375,1.0
505_tecator,SVR,median,0.2,6.0,2.662048321037484e-05,7.094300517418439e-05,0.000130309646046838,66.66666666666666,0.0,33.33333333333333,0.5625,1.0,0.31228005727822034,0.6701200126452553,0.8998139420981032,66.66666666666666,0.0,33.33333333333333,0.5625,1.0
505_tecator,SVR,median,0.3,6.0,0.0007161920589590457,0.0006298446922539669,0.0009929032123887325,66.66666666666666,0.0,33.33333333333333,0.21875,1.0,3.1153280961975387,3.0567200494028253,4.675682667916298,83.33333333333334,0.0,16.666666666666664,0.15625,1.0
529_pollen,DT,KNN,0.05,6.0,0.002038138361655284,-0.0020926545189159373,0.014139641151311213,33.33333333333333,0.0,66.66666666666666,0.6875,1.0,0.20917106288917686,-0.22347201090509283,1.4706898786215075,33.33333333333333,0.0,66.66666666666666,0.6875,1.0
529_pollen,DT,KNN,0.1,6.0,-0.006003585889319087,-0.008835419755036045,0.014726918462793418,16.666666666666664,0.0,83.33333333333334,0.4375,1.0,-0.6296819152296959,-0.9440230158096652,1.499004435314105,16.666666666666664,0.0,83.33333333333334,0.3125,1.0
529_pollen,DT,KNN,0.2,6.0,-0.005250614343397464,-0.009438625870670181,0.01183732981664797,33.33333333333333,0.0,66.66666666666666,0.21875,1.0,-0.571209450668519,-1.0200451119308174,1.2094833241837706,33.33333333333333,0.0,66.66666666666666,0.21875,1.0
529_pollen,DT,KNN,0.3,6.0,0.011072810110148948,0.00907737398005555,0.0184775150655405,66.66666666666666,0.0,33.33333333333333,0.3125,1.0,0.6757591311308114,0.5823591492423845,1.1397416139075678,66.66666666666666,0.0,33.33333333333333,0.3125,1.0
529_pollen,DT,mean,0.05,6.0,-0.0010111155374554204,-0.0004878782637238732,0.0030464135630571044,33.33333333333333,0.0,66.66666666666666,0.5625,1.0,-0.11402900713578895,-0.04929672675214681,0.32635099552848834,33.33333333333333,0.0,66.66666666666666,0.5625,1.0
529_pollen,DT,mean,0.1,6.0,-0.0002115489944646091,-0.00010356628476249075,0.003560433267162646,50.0,0.0,50.0,1.0,1.0,-0.03171135706928724,-0.01361273347685314,0.35875878804145106,50.0,0.0,50.0,1.0,1.0
529_pollen,DT,mean,0.2,6.0,-0.001563587856514707,-0.0014064571900800904,0.002988255335413025,16.666666666666664,0.0,83.33333333333334,0.3125,1.0,-0.16145123803190078,-0.13491786111498585,0.3233830330738569,16.666666666666664,0.0,83.33333333333334,0.3125,1.0
529_pollen,DT,mean,0.3,6.0,-0.001373314201619578,-0.0009100596749744977,0.003233060249424672,33.33333333333333,0.0,66.66666666666666,0.3125,1.0,-0.07926027533957626,-0.040025388284347256,0.19868427157976484,33.33333333333333,0.0,66.66666666666666,0.4375,1.0
529_pollen,DT,median,0.05,6.0,5.519890150951223e-05,-0.00039863917533083937,0.0020606272442448225,33.33333333333333,0.0,66.66666666666666,1.0,1.0,0.008777309866017666,-0.038644264912301,0.22214295081405971,33.33333333333333,0.0,66.66666666666666,1.0,1.0
529_pollen,DT,median,0.1,6.0,0.003306770092862066,0.00321774423400234,0.003139398644154638,83.33333333333334,0.0,16.666666666666664,0.0625,1.0,0.36241908419916485,0.37245375247080004,0.3315398598815924,83.33333333333334,0.0,16.666666666666664,0.0625,1.0
529_pollen,DT,median,0.2,6.0,-0.0008523516641451753,-0.0018224194410302874,0.00456722041612884,33.33333333333333,0.0,66.66666666666666,0.6875,1.0,-0.09182717477557671,-0.19308945657959006,0.4844510352036592,33.33333333333333,0.0,66.66666666666666,0.6875,1.0
529_pollen,DT,median,0.3,6.0,0.001054036106874559,0.00023567654519708603,0.006920420338502017,50.0,0.0,50.0,0.84375,1.0,0.06797440149369693,0.01812152444004749,0.38718391500574245,50.0,0.0,50.0,0.84375,1.0
529_pollen,KNN,KNN,0.05,6.0,0.0005347058662752794,0.0006243702824917374,0.0019114697719789092,66.66666666666666,0.0,33.33333333333333,0.5625,1.0,0.07919733424169244,0.09307298160579847,0.3018816494646806,66.66666666666666,0.0,33.33333333333333,0.5625,1.0
529_pollen,KNN,KNN,0.1,6.0,-0.0020080050566158767,-0.003006264732426267,0.0021492819754467727,16.666666666666664,0.0,83.33333333333334,0.09375,1.0,-0.31168271240146433,-0.4538224824865481,0.3286174916534085,16.666666666666664,0.0,83.33333333333334,0.09375,1.0
529_pollen,KNN,KNN,0.2,6.0,0.0014398692982690031,0.0016815496940028596,0.0035208657105701255,66.66666666666666,0.0,33.33333333333333,0.4375,1.0,0.22743329589317185,0.2656399711645845,0.5526168264150806,66.66666666666666,0.0,33.33333333333333,0.4375,1.0
529_pollen,KNN,KNN,0.3,6.0,-0.0072996872735179115,-0.0065023519097682225,0.004937934266325272,0.0,0.0,100.0,0.03125,1.0,-0.7187825828364013,-0.6482035345993391,0.49910065181665714,0.0,0.0,100.0,0.03125,1.0
529_pollen,KNN,mean,0.05,6.0,-0.0002194195151813035,-0.0003072816366874176,0.00034799633838405113,33.33333333333333,0.0,66.66666666666666,0.21875,1.0,-0.03384614174844703,-0.04794959150088025,0.05522294224894834,33.33333333333333,0.0,66.66666666666666,0.21875,1.0
529_pollen,KNN,mean,0.1,6.0,-1.575252683405637e-05,0.00024182974706138394,0.0007617462269568549,66.66666666666666,0.0,33.33333333333333,1.0,1.0,-0.0019175079376084812,0.03838405987415921,0.11873073022957764,66.66666666666666,0.0,33.33333333333333,1.0,1.0
529_pollen,KNN,mean,0.2,6.0,0.0001830907716504996,0.00012861463647184657,0.00036980560793288395,66.66666666666666,0.0,33.33333333333333,0.4375,1.0,0.02954384849572511,0.020455337226651066,0.05997738638149901,66.66666666666666,0.0,33.33333333333333,0.4375,1.0
529_pollen,KNN,mean,0.3,6.0,0.0002468225359946452,6.08221010422183e-05,0.0009038205323818885,66.66666666666666,0.0,33.33333333333333,0.5625,1.0,0.023983988576264315,0.006117565185566472,0.08894634327107198,66.66666666666666,0.0,33.33333333333333,0.5625,1.0
529_pollen,KNN,median,0.05,6.0,0.0002986217859033598,0.00021978949342082998,0.00021092877879573646,100.0,0.0,0.0,0.03125,1.0,0.047015732790317406,0.03497106316664775,0.032521679328176824,100.0,0.0,0.0,0.03125,1.0
529_pollen,KNN,median,0.1,6.0,0.00042223705155238395,0.0006232708212226545,0.0005553130803967779,66.66666666666666,0.0,33.33333333333333,0.15625,1.0,0.06470535371123316,0.09902628718754976,0.08727524669305277,66.66666666666666,0.0,33.33333333333333,0.15625,1.0
529_pollen,KNN,median,0.2,6.0,0.00012125511963110662,4.1282540907350285e-05,0.0005178106771800503,50.0,0.0,50.0,0.6875,1.0,0.01887096291121402,0.00577936511009689,0.08226431431202355,50.0,0.0,50.0,0.6875,1.0
529_pollen,KNN,median,0.3,6.0,-0.00017499817442116297,-0.00015027690330515764,0.0005327321344430018,16.666666666666664,0.0,83.33333333333334,0.3125,1.0,-0.018200183240801332,-0.01505219397066691,0.050644445874799236,16.666666666666664,0.0,83.33333333333334,0.3125,1.0
529_pollen,LR,KNN,0.05,6.0,0.0002714604615739839,0.0002189340768973258,0.0002880689234523799,83.33333333333334,0.0,16.666666666666664,0.09375,1.0,0.06184169686675863,0.04941108779001527,0.06937088722905393,83.33333333333334,0.0,16.666666666666664,0.09375,1.0
529_pollen,LR,KNN,0.1,6.0,0.00019755536163795773,0.00015536115177322563,0.0004012140567386438,66.66666666666666,0.0,33.33333333333333,0.3125,1.0,0.043585746568608565,0.03717191113736419,0.08849477930294937,66.66666666666666,0.0,33.33333333333333,0.3125,1.0
529_pollen,LR,KNN,0.2,6.0,1.5036777179178173e-05,2.2872950987129492e-06,0.00012124361677458147,50.0,0.0,50.0,0.84375,1.0,0.0033439823920608483,0.001242106438731366,0.029381379365492667,50.0,0.0,50.0,0.84375,1.0
529_pollen,LR,KNN,0.3,6.0,0.0025345480794383888,0.0023154178833917904,0.0023259113811324728,83.33333333333334,0.0,16.666666666666664,0.0625,1.0,0.32902329291767546,0.3129401888373454,0.30410735109546655,83.33333333333334,0.0,16.666666666666664,0.0625,1.0
529_pollen,LR,mean,0.05,6.0,2.9927019035332534e-06,2.061894199933967e-06,4.92789606326363e-06,83.33333333333334,0.0,16.666666666666664,0.15625,1.0,0.0007926687118327306,0.0004470180906182365,0.0010800236510788294,83.33333333333334,0.0,16.666666666666664,0.15625,1.0
529_pollen,LR,mean,0.1,6.0,2.5591522263002098e-06,4.499827179760274e-06,2.4726687789242487e-05,50.0,0.0,50.0,0.84375,1.0,0.0006288751154860858,0.0009440486775871299,0.005505745583528762,50.0,0.0,50.0,0.6875,1.0
529_pollen,LR,mean,0.2,6.0,-3.436498901554508e-07,-8.517198607504994e-07,2.781960319713534e-06,33.33333333333333,0.0,66.66666666666666,0.84375,1.0,-9.010817345324112e-05,-0.00021481816288930667,0.0006549562639188001,33.33333333333333,0.0,66.66666666666666,0.84375,1.0
529_pollen,LR,mean,0.3,6.0,7.179602566372474e-06,-4.6413940185285885e-05,0.00010688082077676104,33.33333333333333,0.0,66.66666666666666,1.0,1.0,0.0005052132674770378,-0.004150318165780103,0.009256508576975353,33.33333333333333,0.0,66.66666666666666,1.0,1.0
529_pollen,LR,median,0.05,6.0,1.2375262811115118e-05,1.1033237331814494e-05,1.0898314445199794e-05,100.0,0.0,0.0,0.03125,1.0,0.003079518298495848,0.002642427940006248,0.002848174630667815,100.0,0.0,0.0,0.03125,1.0
529_pollen,LR,median,0.1,6.0,6.840768007979984e-06,6.867234458418636e-06,2.1172008363671917e-05,66.66666666666666,0.0,33.33333333333333,0.5625,1.0,0.0014534431861666487,0.0014566245071886493,0.00497563263846421,66.66666666666666,0.0,33.33333333333333,0.5625,1.0
529_pollen,LR,median,0.2,6.0,5.495672146249575e-07,1.2519259038334951e-06,2.4105619942758636e-06,83.33333333333334,0.0,16.666666666666664,0.4375,1.0,0.00011706685334216667,0.00029513033352465896,0.0005950820281355043,83.33333333333334,0.0,16.666666666666664,0.4375,1.0
529_pollen,LR,median,0.3,6.0,6.541189688165823e-05,4.6899694211205434e-05,0.00013600771530617795,50.0,0.0,50.0,0.4375,1.0,0.00502618800816274,0.003943460231967714,0.010959226652020168,66.66666666666666,0.0,33.33333333333333,0.4375,1.0
529_pollen,RF,KNN,0.05,6.0,0.0015792065104264046,0.0014965200904665243,0.0016313888997992274,83.33333333333334,0.0,16.666666666666664,0.0625,1.0,0.31127166611630164,0.29603752843098396,0.323380457348132,83.33333333333334,0.0,16.666666666666664,0.09375,1.0
529_pollen,RF,KNN,0.1,6.0,0.0002507801477613462,-0.00038982839793710866,0.0016151934435070824,33.33333333333333,0.0,66.66666666666666,1.0,1.0,0.044118961198901886,-0.0805251779403156,0.3068127330060056,33.33333333333333,0.0,66.66666666666666,1.0,1.0
529_pollen,RF,KNN,0.2,6.0,-0.00013532822978782702,-1.5632900559392482e-05,0.0008708506566046485,50.0,0.0,50.0,0.84375,1.0,-0.030798752836809207,-0.0035234463060205175,0.17901800829965758,50.0,0.0,50.0,0.6875,1.0
529_pollen,RF,KNN,0.3,6.0,-0.004307258065974521,-0.0041608337514860705,0.004009153665679551,16.666666666666664,0.0,83.33333333333334,0.0625,1.0,-0.49604867035824257,-0.46708784872021303,0.4701724242862603,16.666666666666664,0.0,83.33333333333334,0.0625,1.0
529_pollen,RF,mean,0.05,6.0,-6.987784924998112e-05,-0.00010035547120607058,0.00013675472219825535,33.33333333333333,0.0,66.66666666666666,0.3125,1.0,-0.013440598018292628,-0.01910746934392467,0.02709799213586477,33.33333333333333,0.0,66.66666666666666,0.3125,1.0
529_pollen,RF,mean,0.1,6.0,1.7907677026640645e-05,9.671109332537453e-05,0.0002810845497782626,83.33333333333334,0.0,16.666666666666664,0.4375,1.0,0.004473617498504561,0.01952342275203736,0.05508132821109108,83.33333333333334,0.0,16.666666666666664,0.4375,1.0
529_pollen,RF,mean,0.2,6.0,4.669938837292831e-05,4.600077460203966e-05,0.00018890064925567696,66.66666666666666,0.0,33.33333333333333,0.5625,1.0,0.008693613356653975,0.00856528498137935,0.0384793635802226,66.66666666666666,0.0,33.33333333333333,0.6875,1.0
529_pollen,RF,mean,0.3,6.0,9.56416558117364e-05,0.00017000883287193735,0.00038606710928022005,50.0,0.0,50.0,0.84375,1.0,0.012307247369200552,0.020540215132788434,0.04304404427976749,50.0,0.0,50.0,0.84375,1.0
529_pollen,RF,median,0.05,6.0,-9.266589310336082e-05,-9.464100013173438e-05,0.00011804451559420509,16.666666666666664,0.0,83.33333333333334,0.21875,1.0,-0.019266988720818383,-0.01836911409959524,0.024260008618306173,16.666666666666664,0.0,83.33333333333334,0.21875,1.0
529_pollen,RF,median,0.1,6.0,-4.266006244091347e-05,-3.608902103591216e-05,0.0001845815847997496,33.33333333333333,0.0,66.66666666666666,0.5625,1.0,-0.008137656932120372,-0.007726880273620912,0.03494732707815846,33.33333333333333,0.0,66.66666666666666,0.5625,1.0
529_pollen,RF,median,0.2,6.0,5.86932728494823e-05,7.30000633999417e-05,6.396042355692028e-05,66.66666666666666,0.0,33.33333333333333,0.15625,1.0,0.012373357226766133,0.0159166921427285,0.012370332126849487,66.66666666666666,0.0,33.33333333333333,0.15625,1.0
529_pollen,RF,median,0.3,6.0,0.0002826886867349591,0.0002879541687158538,0.00030628288405606247,83.33333333333334,0.0,16.666666666666664,0.15625,1.0,0.033463044819689224,0.032848165289697195,0.033685595741173385,83.33333333333334,0.0,16.666666666666664,0.0625,1.0
529_pollen,SVR,KNN,0.05,6.0,0.0003001597565711611,0.00027694810398437575,0.0002636358788592876,83.33333333333334,0.0,16.666666666666664,0.0625,1.0,0.06849168054892885,0.06392241901015161,0.06296231862497714,83.33333333333334,0.0,16.666666666666664,0.0625,1.0
529_pollen,SVR,KNN,0.1,6.0,0.00020220612224739845,0.0001120040022516422,0.0004278720191131809,66.66666666666666,0.0,33.33333333333333,0.4375,1.0,0.04432137391750395,0.027198468288142152,0.0944588122673997,66.66666666666666,0.0,33.33333333333333,0.3125,1.0
529_pollen,SVR,KNN,0.2,6.0,-8.567276007102423e-06,-6.218255359530245e-05,0.00016898557764178575,33.33333333333333,0.0,66.66666666666666,1.0,1.0,-0.0024153367900890716,-0.014408997259733646,0.04020765390916631,33.33333333333333,0.0,66.66666666666666,1.0,1.0
529_pollen,SVR,KNN,0.3,6.0,0.0025696919469264854,0.0025703738971369905,0.0025477266078161335,83.33333333333334,0.0,16.666666666666664,0.09375,1.0,0.3336533074894,0.3466403528776934,0.3335632401985397,83.33333333333334,0.0,16.666666666666664,0.09375,1.0
529_pollen,SVR,mean,0.05,6.0,-1.2520839031878358e-05,-2.659119615283645e-05,7.149462886279728e-05,33.33333333333333,0.0,66.66666666666666,0.84375,1.0,-0.0029028537899381153,-0.007125920176335962,0.01718068010521391,33.33333333333333,0.0,66.66666666666666,0.84375,1.0
529_pollen,SVR,mean,0.1,6.0,-5.415732121285174e-05,-6.69986335368189e-05,6.623987277920928e-05,33.33333333333333,0.0,66.66666666666666,0.15625,1.0,-0.011810726287469842,-0.014528478032677754,0.0151287913005771,33.33333333333333,0.0,66.66666666666666,0.15625,1.0
529_pollen,SVR,mean,0.2,6.0,1.8484542018045353e-05,1.0982193208386448e-05,5.286983321960203e-05,66.66666666666666,0.0,33.33333333333333,0.5625,1.0,0.00435431431253461,0.001965014845560409,0.012722254901623197,66.66666666666666,0.0,33.33333333333333,0.5625,1.0
529_pollen,SVR,mean,0.3,6.0,-9.339201290275989e-05,-9.855609746575733e-05,0.00026568968746061664,33.33333333333333,0.0,66.66666666666666,0.3125,1.0,-0.007653052890610162,-0.00760063538342816,0.02184713995700572,33.33333333333333,0.0,66.66666666666666,0.3125,1.0
529_pollen,SVR,median,0.05,6.0,3.3028798100224556e-05,4.4631507852055385e-05,3.33928100013681e-05,83.33333333333334,0.0,16.666666666666664,0.09375,1.0,0.007928597928926423,0.011133167946019429,0.007992452134113306,83.33333333333334,0.0,16.666666666666664,0.09375,1.0
529_pollen,SVR,median,0.1,6.0,3.661716540640884e-05,3.448879624595724e-05,6.966188854877423e-05,66.66666666666666,0.0,33.33333333333333,0.3125,1.0,0.008157215295098745,0.007718405102333411,0.016162918373100334,66.66666666666666,0.0,33.33333333333333,0.3125,1.0
529_pollen,SVR,median,0.2,6.0,-4.206887169100337e-05,-4.8303872221822086e-05,7.342796085815022e-05,33.33333333333333,0.0,66.66666666666666,0.21875,1.0,-0.009945781387174004,-0.010950273858456492,0.017318173086156064,33.33333333333333,0.0,66.66666666666666,0.21875,1.0
529_pollen,SVR,median,0.3,6.0,-0.00017939871940469052,-0.0001531306423030454,0.000407392636224866,50.0,0.0,50.0,0.4375,1.0,-0.0152611678739605,-0.01205388090292194,0.033237169171996636,50.0,0.0,50.0,0.4375,1.0
537_houses,DT,KNN,0.05,6.0,0.005200576433406008,0.002853209884836394,0.006652166808940652,100.0,0.0,0.0,0.03125,1.0,0.7146572776679571,0.3774599258816713,0.9203280908657843,100.0,0.0,0.0,0.03125,1.0
537_houses,DT,KNN,0.1,6.0,-0.0005781990166178197,0.00014044590640338583,0.004591083669145054,50.0,0.0,50.0,1.0,1.0,-0.08170680405126636,0.026623301976249333,0.6395567016647832,50.0,0.0,50.0,1.0,1.0
537_houses,DT,KNN,0.2,6.0,-0.0012078028734691844,-0.0001372897381311522,0.006114734093343469,50.0,0.0,50.0,1.0,1.0,-0.16153732425709458,-0.0075623421659269385,0.8415288844780984,50.0,0.0,50.0,1.0,1.0
537_houses,DT,KNN,0.3,6.0,0.0012608156591870274,0.00102607820648426,0.0035387364360042585,50.0,0.0,50.0,0.4375,1.0,0.17968192780318895,0.14765989711444355,0.5006021127763337,50.0,0.0,50.0,0.4375,1.0
537_houses,DT,mean,0.05,6.0,0.0008314625456911084,0.0011470657117337857,0.001869753346015196,66.66666666666666,0.0,33.33333333333333,0.3125,1.0,0.10750462324081324,0.15587896158347836,0.2524243383951939,66.66666666666666,0.0,33.33333333333333,0.3125,1.0
537_houses,DT,mean,0.1,6.0,0.00010902168838189397,0.00015195521333633,0.0002983837448445883,66.66666666666666,0.0,33.33333333333333,0.4375,1.0,0.015182657715838687,0.01990614602112456,0.04128983872745947,66.66666666666666,0.0,33.33333333333333,0.4375,1.0
537_houses,DT,mean,0.2,6.0,0.00012434399691924058,4.78668810094951e-05,0.001776670899064311,50.0,0.0,50.0,0.84375,1.0,0.01824033301278367,0.001644444789029153,0.24983203477423765,50.0,0.0,50.0,0.84375,1.0
537_houses,DT,mean,0.3,6.0,0.0011029862244352946,0.00021400752290812175,0.0016952206709621145,50.0,0.0,50.0,0.4375,1.0,0.15121059557749586,0.028932537869163947,0.23337128878419675,66.66666666666666,0.0,33.33333333333333,0.21875,1.0
537_houses,DT,median,0.05,6.0,-0.0010278606256923228,1.4914685089684188e-05,0.0022697368074527406,50.0,0.0,50.0,0.84375,1.0,-0.1411395491669857,0.00165657812481795,0.31400533028789823,50.0,0.0,50.0,0.84375,1.0
537_houses,DT,median,0.1,6.0,-4.1388640568296164e-05,0.0,0.00010138105053978118,0.0,83.33333333333334,16.666666666666664,1.0,1.0,-0.00580478123238642,0.0,0.014218752087830829,0.0,83.33333333333334,16.666666666666664,1.0,1.0
537_houses,DT,median,0.2,6.0,-0.00016522619830170818,0.0003725866091720542,0.0015584922800929105,66.66666666666666,0.0,33.33333333333333,1.0,1.0,-0.02807941650557737,0.050022768887945976,0.2156081930585674,66.66666666666666,0.0,33.33333333333333,1.0,1.0
537_houses,DT,median,0.3,6.0,-0.0009067912856908037,-0.00019894106195555983,0.002225588064480869,50.0,0.0,50.0,0.5625,1.0,-0.12466364168982708,-0.02000293663447139,0.30349274710912455,50.0,0.0,50.0,0.6875,1.0
537_houses,KNN,KNN,0.05,6.0,-2.8761526376116137e-05,-0.00020454427648064488,0.0007001543055789346,33.33333333333333,0.0,66.66666666666666,0.84375,1.0,-0.003798330929090719,-0.030261760708296732,0.11532890002872888,33.33333333333333,0.0,66.66666666666666,0.84375,1.0
537_houses,KNN,KNN,0.1,6.0,0.001517505011439139,0.0014328179517145156,0.0006018196130005549,100.0,0.0,0.0,0.03125,1.0,0.2561002694422317,0.24182758243757455,0.09989860202293946,100.0,0.0,0.0,0.03125,1.0
537_houses,KNN,KNN,0.2,6.0,0.00023823571828677595,0.0004245017151001673,0.0004563642921264405,83.33333333333334,0.0,16.666666666666664,0.4375,1.0,0.04056219786612999,0.07236660562118177,0.07700645901976302,83.33333333333334,0.0,16.666666666666664,0.4375,1.0
537_houses,KNN,KNN,0.3,6.0,-9.785597901055636e-05,-0.00022802968995655482,0.0005731910019524971,33.33333333333333,0.0,66.66666666666666,0.5625,1.0,-0.016358619189464515,-0.0370843953090995,0.09760374580363294,33.33333333333333,0.0,66.66666666666666,0.5625,1.0
537_houses,KNN,mean,0.05,6.0,-5.0392778446095576e-05,-2.7259055218331607e-05,7.590712862331032e-05,16.666666666666664,0.0,83.33333333333334,0.09375,1.0,-0.008181890789495985,-0.004412714253388817,0.012399200536900745,16.666666666666664,0.0,83.33333333333334,0.09375,1.0
537_houses,KNN,mean,0.1,6.0,9.485528731976538e-05,7.893917000206807e-05,0.0001340193336486665,66.66666666666666,0.0,33.33333333333333,0.21875,1.0,0.016038734110885973,0.013286981988407658,0.022513861414495247,66.66666666666666,0.0,33.33333333333333,0.21875,1.0
537_houses,KNN,mean,0.2,6.0,-5.795525924897257e-05,-9.244539967534493e-05,0.00012324465306549063,33.33333333333333,0.0,66.66666666666666,0.3125,1.0,-0.009416056041945675,-0.014737459218982653,0.020431295158914488,33.33333333333333,0.0,66.66666666666666,0.3125,1.0
537_houses,KNN,mean,0.3,6.0,1.0513180928317656e-05,2.529326203465354e-05,0.00014683646089363038,50.0,0.0,50.0,0.84375,1.0,0.0016737174392320818,0.004113246602849646,0.02393019408408929,50.0,0.0,50.0,0.84375,1.0
537_houses,KNN,median,0.05,6.0,5.9486339548923496e-05,2.871498530482297e-05,8.904885189359076e-05,66.66666666666666,0.0,33.33333333333333,0.15625,1.0,0.009519954144121705,0.004646416992474441,0.014232654490697222,66.66666666666666,0.0,33.33333333333333,0.21875,1.0
537_houses,KNN,median,0.1,6.0,1.1436545198343731e-05,0.0,2.801370015621918e-05,16.666666666666664,83.33333333333334,0.0,1.0,1.0,0.0019126976462070042,0.0,0.004685133265429585,16.666666666666664,83.33333333333334,0.0,1.0,1.0
537_houses,KNN,median,0.2,6.0,1.0972686438570634e-05,3.193457045475023e-05,5.2699140968539974e-05,66.66666666666666,0.0,33.33333333333333,0.5625,1.0,0.0017571891360265706,0.005261850699633959,0.008455749173303356,66.66666666666666,0.0,33.33333333333333,0.5625,1.0
537_houses,KNN,median,0.3,6.0,-0.00011361406043619571,-0.00011603005893162655,0.00022730418110118969,33.33333333333333,0.0,66.66666666666666,0.3125,1.0,-0.01880407665496638,-0.019771281353760422,0.0374834604513196,33.33333333333333,0.0,66.66666666666666,0.3125,1.0
537_houses,LR,KNN,0.05,6.0,0.00015933989807812946,0.00013377562625643824,0.0001502111462316632,83.33333333333334,0.0,16.666666666666664,0.0625,1.0,0.02088867123549908,0.01758411453633844,0.02025111069640252,83.33333333333334,0.0,16.666666666666664,0.0625,1.0
537_houses,LR,KNN,0.1,6.0,-2.206696614881487e-06,1.4795074450513201e-05,4.1270716096536624e-05,66.66666666666666,0.0,33.33333333333333,1.0,1.0,-0.00038267902274637344,0.001933319492390508,0.005622869851806948,66.66666666666666,0.0,33.33333333333333,1.0,1.0
537_houses,LR,KNN,0.2,6.0,-2.0516333451163032e-05,-2.62493953828713e-06,8.204013856135192e-05,50.0,0.0,50.0,0.6875,1.0,-0.002833051235468687,-0.0002935226765679313,0.01129531445827734,50.0,0.0,50.0,0.6875,1.0
537_houses,LR,KNN,0.3,6.0,-1.6003803466243156e-05,-1.3138428203329777e-05,3.7224719941922973e-05,33.33333333333333,0.0,66.66666666666666,0.4375,1.0,-0.002183315919373962,-0.0017712953676346983,0.005027177212801147,33.33333333333333,0.0,66.66666666666666,0.4375,1.0
537_houses,LR,mean,0.05,6.0,-1.1860397380325516e-06,-2.2887246386993354e-07,3.0843949691626192e-06,50.0,0.0,50.0,0.5625,1.0,-0.0001514320117692063,-3.0736427879657695e-05,0.00040114638081615656,50.0,0.0,50.0,0.5625,1.0
537_houses,LR,mean,0.1,6.0,-7.203709948925645e-08,-4.631308735958406e-07,1.290409855068666e-06,16.666666666666664,0.0,83.33333333333334,0.4375,1.0,-7.876060725784395e-06,-6.22792317955659e-05,0.0001799924845331581,33.33333333333333,0.0,66.66666666666666,0.6875,1.0
537_houses,LR,mean,0.2,6.0,-3.585836342671437e-08,-1.968323409817785e-08,1.7059516789123194e-07,33.33333333333333,0.0,66.66666666666666,0.5625,1.0,-5.103245385451941e-06,-2.7490953196864314e-06,2.2952707845873742e-05,33.33333333333333,0.0,66.66666666666666,0.5625,1.0
537_houses,LR,mean,0.3,6.0,1.9712643832085302e-08,-4.8379359129935295e-08,3.1094752751263444e-07,16.666666666666664,0.0,83.33333333333334,0.4375,1.0,2.8012711446215893e-06,-6.6883459113758465e-06,4.310768225124914e-05,16.666666666666664,0.0,83.33333333333334,0.4375,1.0
537_houses,LR,median,0.05,6.0,-3.555701322451495e-07,1.585435309148231e-07,2.6067725057352503e-06,66.66666666666666,0.0,33.33333333333333,1.0,1.0,-3.385695129841283e-05,2.0662153087691632e-05,0.0003286078742727799,66.66666666666666,0.0,33.33333333333333,1.0,1.0
537_houses,LR,median,0.1,6.0,-2.0689437953228898e-06,0.0,5.067856605038318e-06,0.0,83.33333333333334,16.666666666666664,1.0,1.0,-0.00028294036324833085,0.0,0.0006930595175961328,0.0,83.33333333333334,16.666666666666664,1.0,1.0
537_houses,LR,median,0.2,6.0,-6.295729437777453e-09,-2.259098691448358e-08,7.233142704160586e-08,33.33333333333333,0.0,66.66666666666666,0.84375,1.0,-9.80965435071026e-07,-3.093634969607001e-06,9.590434443620894e-06,33.33333333333333,0.0,66.66666666666666,0.84375,1.0
537_houses,LR,median,0.3,6.0,3.768182024558679e-07,3.13732068435435e-07,5.051114591627055e-07,83.33333333333334,0.0,16.666666666666664,0.21875,1.0,5.211000908084793e-05,4.3685786145767556e-05,6.884187470648628e-05,83.33333333333334,0.0,16.666666666666664,0.21875,1.0
537_houses,RF,KNN,0.05,6.0,0.000278290066327902,0.0005073156731016937,0.0007203235206041993,66.66666666666666,0.0,33.33333333333333,0.4375,1.0,0.07582134963517254,0.14040723359722845,0.19730684269399287,66.66666666666666,0.0,33.33333333333333,0.4375,1.0
537_houses,RF,KNN,0.1,6.0,-0.00011501068752034493,-5.749271514254861e-05,0.00021938354243716097,33.33333333333333,0.0,66.66666666666666,0.3125,1.0,-0.031011038176437078,-0.014090556391630345,0.06092345901842864,50.0,0.0,50.0,0.4375,1.0
537_houses,RF,KNN,0.2,6.0,6.559417642622763e-06,5.525945350304262e-05,0.0001432417471860546,66.66666666666666,0.0,33.33333333333333,0.84375,1.0,0.002263511902042971,0.015895081509201672,0.03993908295515936,66.66666666666666,0.0,33.33333333333333,0.84375,1.0
537_houses,RF,KNN,0.3,6.0,0.00015332020514469136,0.00018770109690507963,0.00024255913203939688,66.66666666666666,0.0,33.33333333333333,0.3125,1.0,0.0421678989260136,0.05181349833257767,0.06663848035378085,66.66666666666666,0.0,33.33333333333333,0.3125,1.0
537_houses,RF,mean,0.05,6.0,-3.462724588970678e-05,-3.15305213677286e-05,9.234734943726263e-05,33.33333333333333,0.0,66.66666666666666,0.5625,1.0,-0.009465636204080684,-0.008287400610669456,0.025218060753770925,33.33333333333333,0.0,66.66666666666666,0.5625,1.0
537_houses,RF,mean,0.1,6.0,-1.2306969314053914e-05,-1.139294242724631e-06,5.795223113404466e-05,50.0,0.0,50.0,0.84375,1.0,-0.003296850402833207,-0.0003208944910189902,0.01576450305217762,50.0,0.0,50.0,0.84375,1.0
537_houses,RF,mean,0.2,6.0,2.5567713997642905e-06,1.0425186177387413e-05,0.00013372262616197784,50.0,0.0,50.0,1.0,1.0,0.0006224198811279619,0.003292367171614045,0.03647738328724341,50.0,0.0,50.0,1.0,1.0
537_houses,RF,mean,0.3,6.0,-2.827909655561678e-05,-1.9081764822348468e-05,0.00012560912128894278,16.666666666666664,0.0,83.33333333333334,0.3125,1.0,-0.007786876301290532,-0.004988701952907657,0.033842588245786426,16.666666666666664,0.0,83.33333333333334,0.3125,1.0
537_houses,RF,median,0.05,6.0,2.6107949628132823e-06,6.36086154343074e-06,0.00012795933469667874,50.0,0.0,50.0,1.0,1.0,0.0005714630535411672,0.001990039220457971,0.03490157496755897,50.0,0.0,50.0,1.0,1.0
537_houses,RF,median,0.1,6.0,-9.041581169063248e-06,0.0,2.214726033216196e-05,0.0,83.33333333333334,16.666666666666664,1.0,1.0,-0.0024706490403693026,0.0,0.00605182948240171,0.0,83.33333333333334,16.666666666666664,1.0,1.0
537_houses,RF,median,0.2,6.0,-2.0236403633078215e-05,-5.6683024937331794e-05,8.10007086891226e-05,33.33333333333333,0.0,66.66666666666666,0.5625,1.0,-0.005516507825052392,-0.01570667418195003,0.02180387387778782,33.33333333333333,0.0,66.66666666666666,0.5625,1.0
537_houses,RF,median,0.3,6.0,6.774008807497456e-06,-5.0266765130924096e-05,0.00021028349236082845,16.666666666666664,0.0,83.33333333333334,0.4375,1.0,0.0016633555185441736,-0.013253791610105203,0.05707537612708809,16.666666666666664,0.0,83.33333333333334,0.4375,1.0
537_houses,SVR,KNN,0.05,6.0,7.339265869358662e-06,3.615856182204169e-05,0.0002654085247539385,50.0,0.0,50.0,1.0,1.0,0.0006524115067233233,0.0042919897042356745,0.033918594397422744,50.0,0.0,50.0,1.0,1.0
537_houses,SVR,KNN,0.1,6.0,-9.800690200715648e-06,-1.687860092464133e-05,0.0001322372931545443,33.33333333333333,0.0,66.66666666666666,0.84375,1.0,-0.0012370970625660146,-0.00198595792676568,0.017582872085683314,33.33333333333333,0.0,66.66666666666666,0.6875,1.0
537_houses,SVR,KNN,0.2,6.0,-0.00017018420469709175,-0.0002068137700548811,0.00019962577592343722,33.33333333333333,0.0,66.66666666666666,0.15625,1.0,-0.022311879048193328,-0.02715054524307208,0.026647076257507646,33.33333333333333,0.0,66.66666666666666,0.15625,1.0
537_houses,SVR,KNN,0.3,6.0,0.00010401223677047877,0.00011054038677710265,0.0001657738524107537,66.66666666666666,0.0,33.33333333333333,0.21875,1.0,0.014014634057431806,0.01494873765776436,0.022104433495767996,66.66666666666666,0.0,33.33333333333333,0.21875,1.0
537_houses,SVR,mean,0.05,6.0,5.704508737525149e-05,4.1565713385594005e-05,0.00010115095460344602,66.66666666666666,0.0,33.33333333333333,0.3125,1.0,0.0073112031746891135,0.005264246807948398,0.012725444413554457,66.66666666666666,0.0,33.33333333333333,0.3125,1.0
537_houses,SVR,mean,0.1,6.0,8.530102421775802e-05,4.097615610576533e-05,0.00017461416924914315,66.66666666666666,0.0,33.33333333333333,0.5625,1.0,0.01085377085337061,0.005458507218361595,0.022146281644874866,66.66666666666666,0.0,33.33333333333333,0.5625,1.0
537_houses,SVR,mean,0.2,6.0,-3.0134528153147322e-05,6.396067877023626e-05,0.0002487955463987037,50.0,0.0,50.0,0.84375,1.0,-0.003955576147433886,0.008474192060726273,0.0329436559305329,50.0,0.0,50.0,0.84375,1.0
537_houses,SVR,mean,0.3,6.0,-8.877896758315481e-06,-3.5363344226158056e-05,0.0001417299834453857,33.33333333333333,0.0,66.66666666666666,0.84375,1.0,-0.0010629762805733336,-0.004646692464430315,0.01882007978182258,33.33333333333333,0.0,66.66666666666666,0.84375,1.0
537_houses,SVR,median,0.05,6.0,8.077291849121575e-05,8.809626116940139e-05,0.0001033300479185773,83.33333333333334,0.0,16.666666666666664,0.15625,1.0,0.010042433557648361,0.010693949069611238,0.012848849736194119,83.33333333333334,0.0,16.666666666666664,0.15625,1.0
537_houses,SVR,median,0.1,6.0,7.1594659896701e-06,0.0,1.7537038505501923e-05,16.666666666666664,83.33333333333334,0.0,1.0,1.0,0.0009515604963015598,0.0,0.002330837675328341,16.666666666666664,83.33333333333334,0.0,1.0,1.0
537_houses,SVR,median,0.2,6.0,6.897638617660758e-05,8.982930066442352e-05,9.073874081963575e-05,66.66666666666666,0.0,33.33333333333333,0.15625,1.0,0.009382126220643975,0.012157173071033235,0.01204288140950417,83.33333333333334,0.0,16.666666666666664,0.09375,1.0
537_houses,SVR,median,0.3,6.0,1.8687341843034073e-05,3.258221764146363e-05,5.10735767123175e-05,66.66666666666666,0.0,33.33333333333333,0.4375,1.0,0.002495912326492001,0.004211404166230033,0.006923854494538467,66.66666666666666,0.0,33.33333333333333,0.4375,1.0
542_pollution,DT,KNN,0.05,6.0,0.06570049650852576,-4.583791902151857e-05,0.20638884871391852,33.33333333333333,16.666666666666664,50.0,1.0,1.0,1.1827756550744204,-0.0022007747576855917,4.03220155160428,33.33333333333333,16.666666666666664,50.0,1.0,1.0
542_pollution,DT,KNN,0.1,6.0,-0.0011689795108786687,0.0,0.002844803359775066,0.0,66.66666666666666,33.33333333333333,0.5,1.0,-0.06952120440560776,0.0,0.16959662765974623,0.0,66.66666666666666,33.33333333333333,0.5,1.0
542_pollution,DT,KNN,0.2,6.0,0.01946910751601705,-0.0248032241512368,0.1438137493318627,50.0,0.0,50.0,1.0,1.0,-0.8429604103612921,-2.1253072741962824,5.43525499143441,33.33333333333333,0.0,66.66666666666666,0.5625,1.0
542_pollution,DT,KNN,0.3,6.0,-0.04459689492768118,0.005837660582224895,0.14296875049037058,50.0,0.0,50.0,1.0,1.0,-1.4743326974498248,0.9582070862184578,6.644599596727335,50.0,0.0,50.0,1.0,1.0
542_pollution,DT,mean,0.05,6.0,0.01662950399356559,0.0,0.03650188522276429,33.33333333333333,66.66666666666666,0.0,0.5,1.0,0.43755490498389166,0.0,0.9318232695264319,33.33333333333333,66.66666666666666,0.0,0.5,1.0
542_pollution,DT,mean,0.1,6.0,-0.023055516579685367,0.0,0.0564742513765068,0.0,83.33333333333334,16.666666666666664,1.0,1.0,-1.0050213504606398,0.0,2.4617894892314345,0.0,83.33333333333334,16.666666666666664,1.0,1.0
542_pollution,DT,mean,0.2,6.0,0.010189599041863603,0.004650485698091261,0.023581921189105706,50.0,33.33333333333333,16.666666666666664,0.375,1.0,0.9530960798033056,0.21941274299214233,1.7637496246825488,50.0,33.33333333333333,16.666666666666664,0.375,1.0
542_pollution,DT,mean,0.3,6.0,-6.134796276408237e-05,-0.002854531560242346,0.017406239230119924,16.666666666666664,33.33333333333333,50.0,0.875,1.0,-0.03676496983409603,-0.10677710372795557,0.8007592784752193,16.666666666666664,33.33333333333333,50.0,0.875,1.0
542_pollution,DT,median,0.05,6.0,0.006942853768855131,0.0,0.10818397249892926,33.33333333333333,50.0,16.666666666666664,0.75,1.0,-0.23759198262504766,0.0,4.952886143414546,33.33333333333333,50.0,16.666666666666664,1.0,1.0
542_pollution,DT,median,0.1,6.0,0.054627615651214746,0.037240415707461796,0.07914594069763727,66.66666666666666,16.666666666666664,16.666666666666664,0.1875,1.0,1.8313873852226952,1.2744823652285027,3.0738859888767354,66.66666666666666,16.666666666666664,16.666666666666664,0.3125,1.0
542_pollution,DT,median,0.2,6.0,0.003155210930313524,-0.017629804160165873,0.047959410529953145,33.33333333333333,0.0,66.66666666666666,1.0,1.0,0.024531116133303128,-0.6104307207823946,2.404326754933706,33.33333333333333,0.0,66.66666666666666,1.0,1.0
542_pollution,DT,median,0.3,6.0,-0.06410267616633954,-0.11829085824635209,0.12285110576765142,33.33333333333333,0.0,66.66666666666666,0.4375,1.0,-3.3330191302483594,-6.34718924084624,5.843659559508409,33.33333333333333,0.0,66.66666666666666,0.21875,1.0
542_pollution,KNN,KNN,0.05,6.0,-0.002472844901354493,-0.0016838206014287566,0.007798943571570137,16.666666666666664,16.666666666666664,66.66666666666666,0.4375,1.0,-0.12610921720186632,-0.14615177215340344,0.5923296844435159,16.666666666666664,16.666666666666664,66.66666666666666,0.4375,1.0
542_pollution,KNN,KNN,0.1,6.0,0.0011253898939483989,0.0015093893277937503,0.007672737344399327,66.66666666666666,0.0,33.33333333333333,0.6875,1.0,-0.015485419792653879,0.10660487061302432,0.510228076885781,66.66666666666666,0.0,33.33333333333333,1.0,1.0
542_pollution,KNN,KNN,0.2,6.0,0.008648873562113862,-0.008564534558720915,0.0404248256342012,50.0,0.0,50.0,0.84375,1.0,0.2828712241199215,-0.6578604878236859,2.577133140752722,50.0,0.0,50.0,0.84375,1.0
542_pollution,KNN,KNN,0.3,6.0,0.002711874299430319,0.011486461357235953,0.04327406232500365,83.33333333333334,0.0,16.666666666666664,0.4375,1.0,0.23812445879620614,0.6500010090200286,2.9775172040888234,66.66666666666666,0.0,33.33333333333333,0.5625,1.0
542_pollution,KNN,mean,0.05,6.0,-0.0026234902105714045,-2.8288295914752348e-05,0.0053715249791520675,16.666666666666664,33.33333333333333,50.0,0.375,1.0,-0.19235548495187924,-0.0016984501675905573,0.36304299644194776,16.666666666666664,33.33333333333333,50.0,0.375,1.0
542_pollution,KNN,mean,0.1,6.0,0.0037982915861017965,0.004053451588617252,0.006296659054407084,83.33333333333334,0.0,16.666666666666664,0.3125,1.0,0.31664486497470473,0.2798346677891841,0.530055310709818,83.33333333333334,0.0,16.666666666666664,0.15625,1.0
542_pollution,KNN,mean,0.2,6.0,-0.0006028422062742492,-0.0003760215006597123,0.003242097610011786,33.33333333333333,16.666666666666664,50.0,0.8125,1.0,-0.0303190889341146,0.012051129233779576,0.2229059885174018,50.0,16.666666666666664,33.33333333333333,1.0,1.0
542_pollution,KNN,mean,0.3,6.0,0.004960085394273696,0.003080931420947161,0.024373012342845952,50.0,0.0,50.0,0.6875,1.0,0.09564174270085539,0.10305146510176413,1.2904946550933416,50.0,0.0,50.0,1.0,1.0
542_pollution,KNN,median,0.05,6.0,0.0014041394925783472,0.0,0.0038638978274052748,33.33333333333333,50.0,16.666666666666664,0.5,1.0,0.1314764737936476,0.0,0.31428505826929304,33.33333333333333,50.0,16.666666666666664,0.5,1.0
542_pollution,KNN,median,0.1,6.0,0.00036298771423661874,0.0,0.0007293299303598287,33.33333333333333,66.66666666666666,0.0,0.5,1.0,0.045612950907545635,0.0,0.10296292603263708,33.33333333333333,66.66666666666666,0.0,0.5,1.0
542_pollution,KNN,median,0.2,6.0,-0.007305467462183061,-0.012615950273007409,0.016569312561681714,33.33333333333333,0.0,66.66666666666666,0.3125,1.0,-0.6478125432232439,-0.804084100571471,1.0076281185769402,33.33333333333333,0.0,66.66666666666666,0.3125,1.0
542_pollution,KNN,median,0.3,6.0,0.009141825971866344,0.011696465605407866,0.031292426605811684,66.66666666666666,0.0,33.33333333333333,0.5625,1.0,0.5380595379163359,0.5740251158378892,1.8882673448611715,66.66666666666666,0.0,33.33333333333333,0.4375,1.0
542_pollution,LR,KNN,0.05,6.0,0.010327219329368578,0.0014589539732541984,0.0185027811741401,50.0,0.0,50.0,0.5625,1.0,0.4670647157029548,0.19539337999270417,0.7024849368437638,83.33333333333334,0.0,16.666666666666664,0.15625,1.0
542_pollution,LR,KNN,0.1,6.0,-0.08437816685809353,-0.009100566954848816,0.18912938039823432,0.0,0.0,100.0,0.03125,1.0,-0.9267230992584655,-0.7815878074708484,1.1731052439864156,16.666666666666664,0.0,83.33333333333334,0.09375,1.0
542_pollution,LR,KNN,0.2,6.0,-0.01750884766553209,-0.00971079904247936,0.04940033959944565,33.33333333333333,0.0,66.66666666666666,0.5625,1.0,-1.171166950194587,-0.6478573835275441,2.5156525567558736,50.0,0.0,50.0,0.5625,1.0
542_pollution,LR,KNN,0.3,6.0,-0.006445826335661292,-0.006706658950169836,0.02479146829006485,33.33333333333333,0.0,66.66666666666666,0.6875,1.0,-0.5652451846407495,-0.8144978590910991,1.9809625947612048,50.0,0.0,50.0,0.6875,1.0
542_pollution,LR,mean,0.05,6.0,-0.0004833983245197797,-0.00012835004849469367,0.000868661940835596,50.0,0.0,50.0,0.4375,1.0,-0.029052169621654078,-0.004490024505580734,0.0775499722067938,33.33333333333333,0.0,66.66666666666666,0.5625,1.0
542_pollution,LR,mean,0.1,6.0,0.002947932618315561,0.0004843091988026016,0.009554070132977406,66.66666666666666,0.0,33.33333333333333,0.4375,1.0,0.02604212930235586,0.07422145874350161,0.15797862588038958,66.66666666666666,0.0,33.33333333333333,0.5625,1.0
542_pollution,LR,mean,0.2,6.0,0.0029299338505046958,0.0036313826423869933,0.0061074820863985186,66.66666666666666,0.0,33.33333333333333,0.3125,1.0,0.09696042092349277,0.17574580730518205,0.38964462607466827,66.66666666666666,0.0,33.33333333333333,0.6875,1.0
542_pollution,LR,mean,0.3,6.0,-1.3970495992189172e-05,0.0032441814046228756,0.016570021029668713,83.33333333333334,0.0,16.666666666666664,0.4375,1.0,0.08375935971318589,0.3090766860227254,0.946724793332552,83.33333333333334,0.0,16.666666666666664,0.4375,1.0
542_pollution,LR,median,0.05,6.0,0.0004568090031656947,0.0007262266412290663,0.0011779774610926534,66.66666666666666,0.0,33.33333333333333,0.4375,1.0,0.05100262810994566,0.05642926001994329,0.08018414370570692,66.66666666666666,0.0,33.33333333333333,0.3125,1.0
542_pollution,LR,median,0.1,6.0,-0.015079692997327329,8.683937262815578e-05,0.0330444822347113,50.0,0.0,50.0,0.84375,1.0,-0.14160546074863423,0.019715872406364052,0.27703569659986516,66.66666666666666,0.0,33.33333333333333,1.0,1.0
542_pollution,LR,median,0.2,6.0,0.013044632500194503,0.015064965806162095,0.029592700587233095,83.33333333333334,0.0,16.666666666666664,0.3125,1.0,0.588514612644104,0.6922173115220167,1.2996245544550733,83.33333333333334,0.0,16.666666666666664,0.3125,1.0
542_pollution,LR,median,0.3,6.0,0.002949108899893013,0.004046798118792105,0.008744094737913788,83.33333333333334,0.0,16.666666666666664,0.3125,1.0,0.298283193210166,0.4547713277900523,0.5190107868611101,83.33333333333334,0.0,16.666666666666664,0.3125,1.0
542_pollution,RF,KNN,0.05,6.0,0.006100039485156343,0.00017033931945056868,0.014445532744124637,66.66666666666666,0.0,33.33333333333333,0.5625,1.0,0.324401426153534,0.03590421667823114,0.837251578599821,83.33333333333334,0.0,16.666666666666664,0.3125,1.0
542_pollution,RF,KNN,0.1,6.0,-0.0011121771806999192,-0.002238411721160155,0.004112823145519159,33.33333333333333,0.0,66.66666666666666,0.4375,1.0,-0.11489625086770096,-0.1980924561230829,0.39708881980397603,33.33333333333333,0.0,66.66666666666666,0.4375,1.0
542_pollution,RF,KNN,0.2,6.0,0.01824626804112711,0.017735537777272076,0.020628681136976693,83.33333333333334,0.0,16.666666666666664,0.09375,1.0,1.115350587277826,1.1512372362623093,1.5973322825667082,66.66666666666666,0.0,33.33333333333333,0.21875,1.0
542_pollution,RF,KNN,0.3,6.0,-0.01002749022046881,-0.010930040667975593,0.007404047858554224,16.666666666666664,0.0,83.33333333333334,0.0625,1.0,-0.7145425080571167,-0.6761127270782814,0.5685633731641643,16.666666666666664,0.0,83.33333333333334,0.0625,1.0
542_pollution,RF,mean,0.05,6.0,-0.0010372649470722455,-0.0006958636857423983,0.0030157101814522586,50.0,0.0,50.0,0.6875,1.0,-0.13490970422517187,-0.05415903891404289,0.28415262412860903,50.0,0.0,50.0,0.6875,1.0
542_pollution,RF,mean,0.1,6.0,0.00142978539742226,-8.089452601320324e-05,0.003925407325000707,50.0,0.0,50.0,0.84375,1.0,0.09858798885840618,-0.013524146746818646,0.28905491730334754,50.0,0.0,50.0,0.84375,1.0
542_pollution,RF,mean,0.2,6.0,-1.1276163688160128e-06,-0.0019381020524019688,0.004757875986848912,33.33333333333333,0.0,66.66666666666666,1.0,1.0,-0.034505172315199166,-0.17394754892937658,0.35158841354030324,33.33333333333333,0.0,66.66666666666666,1.0,1.0
542_pollution,RF,mean,0.3,6.0,-0.00046701431324197573,-0.00019918940253485506,0.002368774976395233,50.0,0.0,50.0,0.5625,1.0,-0.06894709352397711,-0.029728191966670044,0.20453590087545542,50.0,0.0,50.0,0.4375,1.0
542_pollution,RF,median,0.05,6.0,-0.0016159973356923891,-0.002576452238363336,0.0027332054208732692,16.666666666666664,0.0,83.33333333333334,0.3125,1.0,-0.13301527781748487,-0.17730011664513243,0.22820348737826535,16.666666666666664,0.0,83.33333333333334,0.21875,1.0
542_pollution,RF,median,0.1,6.0,0.0013671188152337514,0.002039301933804971,0.0019075584690061282,83.33333333333334,0.0,16.666666666666664,0.21875,1.0,0.10137822132570229,0.19049659522763207,0.18737033060017566,66.66666666666666,0.0,33.33333333333333,0.21875,1.0
542_pollution,RF,median,0.2,6.0,0.00020144681354380042,0.001938079842791457,0.008066860428553422,66.66666666666666,0.0,33.33333333333333,1.0,1.0,0.11039876067347737,0.25529956041088825,0.4657980153510968,66.66666666666666,0.0,33.33333333333333,0.84375,1.0
542_pollution,RF,median,0.3,6.0,0.00010698285326980288,-0.002138654929248196,0.00529099127730953,33.33333333333333,0.0,66.66666666666666,1.0,1.0,-0.06170944719652993,-0.18006553087114702,0.49354299006708213,16.666666666666664,0.0,83.33333333333334,0.4375,1.0
542_pollution,SVR,KNN,0.05,6.0,-0.0010453291241358902,-0.003777289287444311,0.009295187601607538,50.0,0.0,50.0,0.84375,1.0,-0.14593330489210188,-0.27014366369352694,0.7610578241555336,50.0,0.0,50.0,0.84375,1.0
542_pollution,SVR,KNN,0.1,6.0,0.011470250567495304,0.009523300618593272,0.015043367255318794,83.33333333333334,0.0,16.666666666666664,0.15625,1.0,0.5030397906555142,0.5519520025175877,0.7350974215465657,83.33333333333334,0.0,16.666666666666664,0.15625,1.0
542_pollution,SVR,KNN,0.2,6.0,-0.005628363339052807,-0.007532143324372881,0.021456185048378082,33.33333333333333,0.0,66.66666666666666,0.4375,1.0,-0.4320409155268769,-0.7820070776995912,1.8428655206595,33.33333333333333,0.0,66.66666666666666,0.6875,1.0
542_pollution,SVR,KNN,0.3,6.0,0.010388704823400966,-0.003388736014403343,0.05782956820514545,33.33333333333333,0.0,66.66666666666666,0.84375,1.0,-0.11200919818724868,-0.3264184107473234,3.278742294695365,33.33333333333333,0.0,66.66666666666666,0.5625,1.0
542_pollution,SVR,mean,0.05,6.0,0.0024401823635821687,0.0027428823902636568,0.0036554306274691013,66.66666666666666,0.0,33.33333333333333,0.21875,1.0,0.1556477313426875,0.2594689717173379,0.2680322112290582,83.33333333333334,0.0,16.666666666666664,0.21875,1.0
542_pollution,SVR,mean,0.1,6.0,0.002231618619411573,-0.0006503444788255458,0.00953289211803278,33.33333333333333,0.0,66.66666666666666,0.84375,1.0,0.012837250816490531,-0.059401652344289575,0.39482526755918285,50.0,0.0,50.0,1.0,1.0
542_pollution,SVR,mean,0.2,6.0,-0.0013471834487902383,-0.0009860842257446573,0.007634118411751351,50.0,0.0,50.0,0.84375,1.0,-0.14481675078495956,-0.20532154520479215,0.4417313110157405,33.33333333333333,0.0,66.66666666666666,0.5625,1.0
542_pollution,SVR,mean,0.3,6.0,0.006274563535595967,-0.001285152389060712,0.025173187905697576,33.33333333333333,0.0,66.66666666666666,0.6875,1.0,0.695459757149491,-0.10705534142663697,2.382228326259377,33.33333333333333,0.0,66.66666666666666,0.84375,1.0
542_pollution,SVR,median,0.05,6.0,-0.0005063768690447187,0.0009321080780030355,0.006111549533597666,50.0,0.0,50.0,1.0,1.0,-0.04070509496935437,0.11487536198752349,0.4728746355135699,50.0,0.0,50.0,0.84375,1.0
542_pollution,SVR,median,0.1,6.0,0.00165644016077592,-0.0013732201053228421,0.005734650766100594,33.33333333333333,0.0,66.66666666666666,1.0,1.0,0.038115660636585356,-0.15906264983605167,0.3433246887070407,33.33333333333333,0.0,66.66666666666666,1.0,1.0
542_pollution,SVR,median,0.2,6.0,0.014497794564210334,0.021279941821695215,0.025407897450519062,66.66666666666666,0.0,33.33333333333333,0.3125,1.0,0.8344304538125401,1.426655650236709,1.5633428609924742,66.66666666666666,0.0,33.33333333333333,0.3125,1.0
542_pollution,SVR,median,0.3,6.0,-0.006069139502374738,-0.004341357119803352,0.00822894760411116,33.33333333333333,0.0,66.66666666666666,0.3125,1.0,-0.489728170701631,-0.32243406562900023,0.741982165770068,33.33333333333333,0.0,66.66666666666666,0.3125,1.0
560_bodyfat,DT,KNN,0.05,6.0,-0.0009202908038362101,-2.4339259905858945e-06,0.0022439584699413973,16.666666666666664,33.33333333333333,50.0,0.25,1.0,-1.9131900106092783,-0.0020506029434469437,4.6750367037455085,16.666666666666664,33.33333333333333,50.0,0.25,1.0
560_bodyfat,DT,KNN,0.1,6.0,-0.0018582949954272232,-2.1724656465771375e-05,0.0035973104387662046,33.33333333333333,0.0,66.66666666666666,0.4375,1.0,-2.979821484114305,-0.028064388121268397,5.651331101569804,33.33333333333333,0.0,66.66666666666666,0.4375,1.0
560_bodyfat,DT,KNN,0.2,6.0,0.0037447612084000603,0.0007137165010612234,0.0072559508779649305,66.66666666666666,16.666666666666664,16.666666666666664,0.125,1.0,3.7410383332423205,0.8324335717613134,7.084724166647941,66.66666666666666,16.666666666666664,16.666666666666664,0.125,1.0
560_bodyfat,DT,KNN,0.3,6.0,0.0005693280794802358,-0.0016369614139593591,0.011245037289323773,50.0,0.0,50.0,1.0,1.0,-0.3273913047599364,-3.2180040265537153,12.368964302992397,50.0,0.0,50.0,1.0,1.0
560_bodyfat,DT,mean,0.05,6.0,0.0011575851175752438,0.0,0.0028514289346255094,16.666666666666664,66.66666666666666,16.666666666666664,1.0,1.0,0.9136095362706017,0.0,2.256463192195543,16.666666666666664,66.66666666666666,16.666666666666664,1.0,1.0
560_bodyfat,DT,mean,0.1,6.0,1.7131330875552742e-06,0.0,5.118094832226836e-06,33.33333333333333,50.0,16.666666666666664,0.75,1.0,0.0014288510499866445,0.0,0.0065070284584227926,33.33333333333333,50.0,16.666666666666664,0.75,1.0
560_bodyfat,DT,mean,0.2,6.0,1.6225960498920482e-06,0.0,3.974532380891074e-06,16.666666666666664,83.33333333333334,0.0,1.0,1.0,0.0012530036199948165,0.0,0.003069219514847494,16.666666666666664,83.33333333333334,0.0,1.0,1.0
560_bodyfat,DT,mean,0.3,6.0,-3.5347483697082773e-06,-5.443565033180775e-07,5.506691844979642e-06,0.0,50.0,50.0,0.25,1.0,-0.004951730786862818,-0.0006983449807112227,0.008172419020671912,0.0,50.0,50.0,0.25,1.0
560_bodyfat,DT,median,0.05,6.0,-1.6605935687641349e-06,0.0,4.067606913619461e-06,0.0,83.33333333333334,16.666666666666664,1.0,1.0,-0.0048849792273556085,0.0,0.011965706511116458,0.0,83.33333333333334,16.666666666666664,1.0,1.0
560_bodyfat,DT,median,0.1,6.0,-0.003949603623497426,-0.0005928748253780092,0.006446021327671031,50.0,0.0,50.0,0.4375,1.0,-4.090960357566498,-1.8780734280104041,7.049003731761969,50.0,0.0,50.0,0.5625,1.0
560_bodyfat,DT,median,0.2,6.0,0.0011182483342995393,8.793838080961569e-05,0.004645151269929444,66.66666666666666,0.0,33.33333333333333,0.4375,1.0,0.4906375761458486,0.20394386362303019,5.636479210877156,66.66666666666666,0.0,33.33333333333333,0.5625,1.0
560_bodyfat,DT,median,0.3,6.0,0.0003029531344328669,0.0016555028019051288,0.004850657245119588,50.0,0.0,50.0,1.0,1.0,-1.1741145708921832,2.113069598219202,8.175646084339945,66.66666666666666,0.0,33.33333333333333,1.0,1.0
560_bodyfat,KNN,KNN,0.05,6.0,0.00030266870242127525,0.000395512864916181,0.0009502874702147704,66.66666666666666,0.0,33.33333333333333,0.5625,1.0,0.05628882885520384,0.06669235569695867,0.2703839860556695,50.0,0.0,50.0,0.6875,1.0
560_bodyfat,KNN,KNN,0.1,6.0,0.0004128604043889446,0.00032674856031905675,0.001736753734825688,50.0,0.0,50.0,0.6875,1.0,0.080577111135148,0.023364597193638884,0.5468127345899197,50.0,0.0,50.0,0.84375,1.0
560_bodyfat,KNN,KNN,0.2,6.0,0.0013800043821424561,0.0009266534313421837,0.0026085962904641626,66.66666666666666,0.0,33.33333333333333,0.3125,1.0,0.4201299843165876,0.37664603817984155,0.8164389086912783,66.66666666666666,0.0,33.33333333333333,0.3125,1.0
560_bodyfat,KNN,KNN,0.3,6.0,-0.003245272599528041,-0.0012919371794515855,0.006209703498066383,50.0,0.0,50.0,0.4375,1.0,-0.9349627968737361,-0.20934906505240225,1.8980713099951996,50.0,0.0,50.0,0.4375,1.0
560_bodyfat,KNN,mean,0.05,6.0,-0.0004486994967268047,-0.0004901788849147048,0.001018884628939052,33.33333333333333,0.0,66.66666666666666,0.4375,1.0,-0.12573028381693188,-0.13844946878088008,0.32213406952195406,33.33333333333333,0.0,66.66666666666666,0.5625,1.0
560_bodyfat,KNN,mean,0.1,6.0,-2.1502172989721715e-06,0.00028224445660463005,0.0014677790092609544,66.66666666666666,0.0,33.33333333333333,0.84375,1.0,-0.048751528313329386,0.027557653454208433,0.4036527864941905,50.0,0.0,50.0,1.0,1.0
560_bodyfat,KNN,mean,0.2,6.0,0.00026264852233541064,-0.0002744130314006332,0.0023647351520198036,33.33333333333333,0.0,66.66666666666666,1.0,1.0,0.10567790830959121,0.016331057684728575,0.6118417483451675,50.0,0.0,50.0,0.84375,1.0
560_bodyfat,KNN,mean,0.3,6.0,0.00039651450097625646,0.00022085479130778962,0.0010618101712180595,50.0,0.0,50.0,0.5625,1.0,0.11998179619842321,0.08436440852520526,0.3003945246444179,50.0,0.0,50.0,0.5625,1.0
560_bodyfat,KNN,median,0.05,6.0,-0.00024983072519196847,-0.00024225912444486575,0.0005604756175567931,16.666666666666664,16.666666666666664,66.66666666666666,0.3125,1.0,-0.053433198789794356,-0.04008594015373678,0.16323160497713632,16.666666666666664,16.666666666666664,66.66666666666666,0.4375,1.0
560_bodyfat,KNN,median,0.1,6.0,0.00010583169977076053,0.00017924824866816236,0.001601205266143756,50.0,0.0,50.0,0.6875,1.0,0.019651100258352417,0.07798142349448757,0.4286319811399226,50.0,0.0,50.0,0.84375,1.0
560_bodyfat,KNN,median,0.2,6.0,0.00027209496417192797,0.00035452383698225676,0.001955880706072637,50.0,0.0,50.0,0.84375,1.0,0.040438209097953946,0.11469587027573509,0.48930723031805967,50.0,0.0,50.0,0.84375,1.0
560_bodyfat,KNN,median,0.3,6.0,0.0005769301725780754,0.0006515586439745924,0.0016508308750052443,83.33333333333334,0.0,16.666666666666664,0.3125,1.0,0.16102715497500145,0.1689621231164358,0.438879495333182,66.66666666666666,0.0,33.33333333333333,0.4375,1.0
560_bodyfat,LR,KNN,0.05,6.0,-7.292452254910782e-06,-1.3042346057590137e-05,1.5088117258524112e-05,33.33333333333333,0.0,66.66666666666666,0.3125,1.0,-0.02163973060193036,-0.02702764929889422,0.03860239307022534,33.33333333333333,0.0,66.66666666666666,0.15625,1.0
560_bodyfat,LR,KNN,0.1,6.0,2.1655774009458433e-05,2.378075400555346e-05,3.118270404665392e-05,83.33333333333334,0.0,16.666666666666664,0.15625,1.0,0.09273862534098753,0.10081523057764438,0.09913480030899309,83.33333333333334,0.0,16.666666666666664,0.09375,1.0
560_bodyfat,LR,KNN,0.2,6.0,-4.6400471030235334e-05,3.9709449785818585e-05,0.00041573240169501323,50.0,0.0,50.0,1.0,1.0,-0.07460690222185194,0.2048220411274342,1.0418116233744887,66.66666666666666,0.0,33.33333333333333,0.84375,1.0
560_bodyfat,LR,KNN,0.3,6.0,8.593348707249445e-07,1.361872201477432e-05,0.00013917043794881449,66.66666666666666,0.0,33.33333333333333,0.84375,1.0,0.15599593167040782,0.03646813053116763,0.42089108238017386,50.0,0.0,50.0,0.5625,1.0
560_bodyfat,LR,mean,0.05,6.0,-6.383290836834791e-07,-1.7503906006299808e-06,3.5209021350647564e-06,33.33333333333333,0.0,66.66666666666666,0.6875,1.0,-0.0008540060694448666,-0.0016250599301172986,0.007783902848229679,50.0,0.0,50.0,0.84375,1.0
560_bodyfat,LR,mean,0.1,6.0,1.1110495599523743e-05,9.30506495500083e-06,1.3469729255863988e-05,83.33333333333334,0.0,16.666666666666664,0.15625,1.0,0.036295195096631296,0.03414303168180944,0.03739266918258055,83.33333333333334,0.0,16.666666666666664,0.09375,1.0
560_bodyfat,LR,mean,0.2,6.0,-1.695888618426696e-05,-1.4229292342071709e-05,2.4608430347038945e-05,16.666666666666664,0.0,83.33333333333334,0.21875,1.0,-0.047291173471514354,-0.028994659454698417,0.06886023767749497,16.666666666666664,0.0,83.33333333333334,0.21875,1.0
560_bodyfat,LR,mean,0.3,6.0,-1.672066399394101e-05,-1.4404372427390122e-05,1.2928279299785315e-05,0.0,0.0,100.0,0.03125,1.0,-0.0325128899029321,-0.02257176999218171,0.03340607048130069,16.666666666666664,0.0,83.33333333333334,0.0625,1.0
560_bodyfat,LR,median,0.05,6.0,9.524785439992318e-08,-4.73429300706929e-07,2.907158917126896e-06,50.0,0.0,50.0,1.0,1.0,0.001869579103531036,0.0016461979278699875,0.01204225990749898,66.66666666666666,0.0,33.33333333333333,0.84375,1.0
560_bodyfat,LR,median,0.1,6.0,9.738249634202075e-06,2.0211670122005643e-06,1.9121868213158734e-05,66.66666666666666,0.0,33.33333333333333,0.3125,1.0,0.03216622264820566,0.004908176395900068,0.046185204987751576,83.33333333333334,0.0,16.666666666666664,0.09375,1.0
560_bodyfat,LR,median,0.2,6.0,-1.3049418150834491e-05,-8.961689132835904e-06,1.6994647784239827e-05,16.666666666666664,0.0,83.33333333333334,0.09375,1.0,-0.03163593392290024,-0.020920191459188595,0.05376043064274274,16.666666666666664,0.0,83.33333333333334,0.21875,1.0
560_bodyfat,LR,median,0.3,6.0,-1.605132486964811e-05,-1.7097027965373712e-05,1.4491648823475035e-05,16.666666666666664,0.0,83.33333333333334,0.0625,1.0,-0.03132335743729306,-0.03474149496809742,0.02852013862539427,16.666666666666664,0.0,83.33333333333334,0.0625,1.0
560_bodyfat,RF,KNN,0.05,6.0,1.0187388621481682e-05,1.0020911247243802e-05,3.6166122437298736e-05,66.66666666666666,0.0,33.33333333333333,0.5625,1.0,0.017497257775965096,0.01976527136628153,0.04948791470874839,66.66666666666666,0.0,33.33333333333333,0.4375,1.0
560_bodyfat,RF,KNN,0.1,6.0,-7.168232953676708e-06,-6.911430884271041e-07,0.0001442134225277416,50.0,0.0,50.0,1.0,1.0,-0.07099185404304904,0.030817227941521544,0.32578247959064,66.66666666666666,0.0,33.33333333333333,1.0,1.0
560_bodyfat,RF,KNN,0.2,6.0,7.497755354679558e-05,6.801616319951354e-05,0.00016315058169045227,66.66666666666666,0.0,33.33333333333333,0.4375,1.0,0.09022361294062113,0.0671840089985479,0.30797973289750996,50.0,0.0,50.0,0.4375,1.0
560_bodyfat,RF,KNN,0.3,6.0,5.003507673610279e-06,-1.9698734100959125e-05,0.00012923466274916522,16.666666666666664,0.0,83.33333333333334,0.4375,1.0,-0.05422904497981751,-0.09600958558376954,0.29522650344330065,33.33333333333333,0.0,66.66666666666666,0.5625,1.0
560_bodyfat,RF,mean,0.05,6.0,-3.4308822003762765e-06,-2.5572939083007284e-06,4.628188581600403e-06,16.666666666666664,0.0,83.33333333333334,0.09375,1.0,-0.009435824979862636,-0.005282883161570358,0.011476555491540896,16.666666666666664,0.0,83.33333333333334,0.09375,1.0
560_bodyfat,RF,mean,0.1,6.0,-6.489516164716787e-05,-2.412945380786402e-05,9.493217230840872e-05,16.666666666666664,0.0,83.33333333333334,0.0625,1.0,-0.16490086561332248,-0.036493866685598904,0.26761328269799595,33.33333333333333,0.0,66.66666666666666,0.3125,1.0
560_bodyfat,RF,mean,0.2,6.0,-3.8049982958125264e-06,-7.668398206983618e-07,1.2069721691146001e-05,33.33333333333333,0.0,66.66666666666666,0.6875,1.0,-0.001826630237930567,-0.006350282805418672,0.028617225282826942,33.33333333333333,0.0,66.66666666666666,0.6875,1.0
560_bodyfat,RF,mean,0.3,6.0,-7.71746187631465e-06,-3.606653365517687e-06,3.7612391774072444e-05,33.33333333333333,0.0,66.66666666666666,0.5625,1.0,-0.04143535776169541,-0.0074951362367573285,0.1304132446227947,33.33333333333333,0.0,66.66666666666666,0.6875,1.0
560_bodyfat,RF,median,0.05,6.0,-1.737423584446951e-06,1.5041922746705794e-05,5.732143263746006e-05,50.0,0.0,50.0,0.84375,1.0,-0.04498493730749492,0.01181248703339899,0.20690373403315324,66.66666666666666,0.0,33.33333333333333,0.6875,1.0
560_bodyfat,RF,median,0.1,6.0,9.760981203266184e-05,5.840511387539271e-05,0.00020769871269082625,66.66666666666666,0.0,33.33333333333333,0.4375,1.0,0.2096426420971722,0.17484500292565955,0.4368304223622459,50.0,0.0,50.0,0.4375,1.0
560_bodyfat,RF,median,0.2,6.0,-9.95517324192489e-05,-0.00012204605767113241,0.00010625787139563159,16.666666666666664,0.0,83.33333333333334,0.09375,1.0,-0.26891698543995096,-0.18589718490094737,0.4515159265870877,33.33333333333333,0.0,66.66666666666666,0.21875,1.0
560_bodyfat,RF,median,0.3,6.0,-1.3396241869301218e-05,-4.08525842088836e-05,0.00023335069875861115,50.0,0.0,50.0,0.84375,1.0,-0.1587224310560411,-0.20050099879205538,0.3905669257688577,33.33333333333333,0.0,66.66666666666666,0.3125,1.0
560_bodyfat,SVR,KNN,0.05,6.0,-3.666516242099386e-05,-1.2637946226690122e-05,0.0001083539664799313,33.33333333333333,0.0,66.66666666666666,0.84375,1.0,-0.050098165871936336,-0.04276716986073501,0.15899120220143245,33.33333333333333,0.0,66.66666666666666,0.5625,1.0
560_bodyfat,SVR,KNN,0.1,6.0,-2.0683211285732472e-05,-4.83152251379293e-06,0.00031632099998967714,33.33333333333333,0.0,66.66666666666666,0.84375,1.0,0.07576323722365615,0.11574007188871495,0.38605610210494495,83.33333333333334,0.0,16.666666666666664,0.3125,1.0
560_bodyfat,SVR,KNN,0.2,6.0,0.00011201198630796567,9.190758338828431e-07,0.0009133432007879359,50.0,0.0,50.0,0.84375,1.0,0.3563730661046837,0.44374760023177084,1.4781877305720443,66.66666666666666,0.0,33.33333333333333,0.6875,1.0
560_bodyfat,SVR,KNN,0.3,6.0,0.00019766515546284133,0.000210454591354714,0.000160030925667815,83.33333333333334,0.0,16.666666666666664,0.0625,1.0,0.45113971024914307,0.3884487489813122,0.3888760630293274,83.33333333333334,0.0,16.666666666666664,0.0625,1.0
560_bodyfat,SVR,mean,0.05,6.0,1.0343629705052612e-05,1.469226141465052e-05,3.834502040977608e-05,66.66666666666666,0.0,33.33333333333333,0.5625,1.0,0.043597212873864706,0.02312430122604151,0.11292153330243307,66.66666666666666,0.0,33.33333333333333,0.5625,1.0
560_bodyfat,SVR,mean,0.1,6.0,4.922718586403141e-05,1.0082692254109737e-05,8.242839098645265e-05,83.33333333333334,0.0,16.666666666666664,0.15625,1.0,0.13320676428378805,0.026688807289075724,0.20427084347111304,83.33333333333334,0.0,16.666666666666664,0.0625,1.0
560_bodyfat,SVR,mean,0.2,6.0,-8.88697285404046e-05,-7.816253176989862e-05,9.178484671357763e-05,16.666666666666664,0.0,83.33333333333334,0.0625,1.0,-0.18539405260467381,-0.12017198431602728,0.255577211418692,16.666666666666664,0.0,83.33333333333334,0.09375,1.0
560_bodyfat,SVR,mean,0.3,6.0,-6.573295791778566e-05,-3.145383504854493e-05,8.636407839436511e-05,16.666666666666664,0.0,83.33333333333334,0.15625,1.0,-0.21937156168772873,-0.1719474243443329,0.2694065101128942,16.666666666666664,0.0,83.33333333333334,0.09375,1.0
560_bodyfat,SVR,median,0.05,6.0,4.854858276559515e-06,-5.229125083994202e-06,2.857797688733628e-05,33.33333333333333,0.0,66.66666666666666,1.0,1.0,0.012711962147174858,-0.0008910301609543394,0.04784375701811385,50.0,0.0,50.0,0.84375,1.0
560_bodyfat,SVR,median,0.1,6.0,3.7443943109616296e-05,1.6568044827192097e-06,0.00010364833896875052,50.0,0.0,50.0,0.6875,1.0,0.17411984369406072,0.009799611606393643,0.36894467876977277,50.0,0.0,50.0,0.6875,1.0
560_bodyfat,SVR,median,0.2,6.0,-3.707869439626791e-05,-3.928046880724567e-05,5.193677790559463e-05,33.33333333333333,0.0,66.66666666666666,0.15625,1.0,-0.07977826261107546,-0.07498008319863604,0.12781810621952652,50.0,0.0,50.0,0.4375,1.0
560_bodyfat,SVR,median,0.3,6.0,7.857308769713503e-06,2.2873679063506458e-05,4.5796634825452575e-05,66.66666666666666,0.0,33.33333333333333,0.84375,1.0,0.004915356162284951,0.006589558176193437,0.07283371172940326,50.0,0.0,50.0,0.84375,1.0
564_fried,DT,KNN,0.05,6.0,6.951907196497038e-05,-5.239989742777951e-06,0.000915338196671758,50.0,0.0,50.0,1.0,1.0,0.021195159506845335,-0.002311948235971504,0.28190675852183705,50.0,0.0,50.0,1.0,1.0
564_fried,DT,KNN,0.1,6.0,0.0002945260619712046,0.00031386041293607336,0.0009284844742867233,50.0,0.0,50.0,0.6875,1.0,0.0923051176879368,0.10015251004624062,0.28233597430516205,66.66666666666666,0.0,33.33333333333333,0.5625,1.0
564_fried,DT,KNN,0.2,6.0,0.0005212399972919038,0.0006323217027614514,0.0006411053412776106,83.33333333333334,0.0,16.666666666666664,0.09375,1.0,0.15768585376210956,0.19343617941389907,0.19553452612261676,83.33333333333334,0.0,16.666666666666664,0.09375,1.0
564_fried,DT,KNN,0.3,6.0,0.0002276511229220198,5.588609461670835e-05,0.0008191087067801414,50.0,0.0,50.0,0.6875,1.0,0.06883399165552756,0.015382497340516499,0.2503921939041385,50.0,0.0,50.0,0.6875,1.0
564_fried,DT,mean,0.05,6.0,-3.292070434063321e-05,-7.841512419226593e-06,0.00018965229770773193,33.33333333333333,0.0,66.66666666666666,0.5625,1.0,-0.010499748467366413,-0.002460802449957096,0.059441643664443995,33.33333333333333,0.0,66.66666666666666,0.5625,1.0
564_fried,DT,mean,0.1,6.0,-3.4012578493169965e-05,6.327042132603378e-06,0.00031037120660765437,66.66666666666666,0.0,33.33333333333333,0.84375,1.0,-0.010607697516157878,0.0019516907030057249,0.09410439648628639,66.66666666666666,0.0,33.33333333333333,0.84375,1.0
564_fried,DT,mean,0.2,6.0,1.2728023842482432e-06,2.5147901651145776e-05,0.0001550538517818568,83.33333333333334,0.0,16.666666666666664,0.4375,1.0,0.00018097145908938482,0.007894047269619247,0.04762278242489147,83.33333333333334,0.0,16.666666666666664,0.4375,1.0
564_fried,DT,mean,0.3,6.0,-4.581794860801051e-05,-2.847048791387863e-06,0.00018303339965368057,33.33333333333333,0.0,66.66666666666666,0.5625,1.0,-0.014730438633226517,-0.0008820715520353473,0.056746303999770036,33.33333333333333,0.0,66.66666666666666,0.5625,1.0
564_fried,DT,median,0.05,6.0,-0.00010840162216256093,-0.000128600012399116,0.00014016480399677876,16.666666666666664,0.0,83.33333333333334,0.15625,1.0,-0.03310325480241769,-0.04007899214606519,0.04223844214826598,16.666666666666664,0.0,83.33333333333334,0.15625,1.0
564_fried,DT,median,0.1,6.0,0.00011443806149019631,0.0002504094187930628,0.000669539637367616,83.33333333333334,0.0,16.666666666666664,0.4375,1.0,0.032780077050499824,0.0767958570591049,0.20332966412145376,83.33333333333334,0.0,16.666666666666664,0.4375,1.0
564_fried,DT,median,0.2,6.0,-0.00011611248296363359,1.2086631155039385e-05,0.0008237376098927411,50.0,0.0,50.0,1.0,1.0,-0.03546600389604175,0.006001084115494534,0.25235621680946524,50.0,0.0,50.0,1.0,1.0
564_fried,DT,median,0.3,6.0,-0.0002063811833740344,-0.0002904058370828966,0.0005738245005829416,16.666666666666664,0.0,83.33333333333334,0.4375,1.0,-0.06258816734798946,-0.088719397211717,0.17497033853278446,16.666666666666664,0.0,83.33333333333334,0.4375,1.0
564_fried,KNN,KNN,0.05,6.0,0.00035911979984276643,0.00034156513652511267,0.00022307755245787133,100.0,0.0,0.0,0.03125,1.0,0.11531436801356403,0.10975733008424723,0.0717335768648582,100.0,0.0,0.0,0.03125,1.0
564_fried,KNN,KNN,0.1,6.0,0.0007411323021090377,0.0006564184249474025,0.0002502752566913723,100.0,0.0,0.0,0.03125,1.0,0.23936320422644544,0.21172878361936975,0.0809096164818324,100.0,0.0,0.0,0.03125,1.0
564_fried,KNN,KNN,0.2,6.0,0.001331968444559184,0.0013724411096973643,0.0003061238300064068,100.0,0.0,0.0,0.03125,1.0,0.4271244189173178,0.4384039015666693,0.09727399849576299,100.0,0.0,0.0,0.03125,1.0
564_fried,KNN,KNN,0.3,6.0,0.0019621976088968762,0.0020920207437860605,0.0005008261520548761,100.0,0.0,0.0,0.03125,1.0,0.6292945180812949,0.6712861069037772,0.16093768936648686,100.0,0.0,0.0,0.03125,1.0
564_fried,KNN,mean,0.05,6.0,1.75405034914163e-05,1.5346160034512835e-05,2.244911812903754e-05,66.66666666666666,0.0,33.33333333333333,0.15625,1.0,0.005652943284883061,0.004898016494226062,0.007204080422973678,66.66666666666666,0.0,33.33333333333333,0.15625,1.0
564_fried,KNN,mean,0.1,6.0,-2.3605334821263924e-06,7.6291215758139685e-06,2.557520816634619e-05,66.66666666666666,0.0,33.33333333333333,1.0,1.0,-0.0008034986845846286,0.0024307601317156077,0.008178292762608211,66.66666666666666,0.0,33.33333333333333,1.0,1.0
564_fried,KNN,mean,0.2,6.0,-2.853244611665066e-05,-4.128547422355133e-05,7.100506203093796e-05,16.666666666666664,0.0,83.33333333333334,0.3125,1.0,-0.009083120372978598,-0.013185901721716535,0.022769775626819096,16.666666666666664,0.0,83.33333333333334,0.3125,1.0
564_fried,KNN,mean,0.3,6.0,1.2336308668573862e-05,2.7593347063314955e-05,3.959363233258686e-05,66.66666666666666,0.0,33.33333333333333,0.5625,1.0,0.004043574516647236,0.008969806294050676,0.012650145232279194,66.66666666666666,0.0,33.33333333333333,0.4375,1.0
564_fried,KNN,median,0.05,6.0,-4.1023342623458525e-06,2.6659172303045153e-06,3.4537969671038856e-05,50.0,0.0,50.0,1.0,1.0,-0.0013197164762698468,0.0009409346197041913,0.011090263744036493,50.0,0.0,50.0,1.0,1.0
564_fried,KNN,median,0.1,6.0,2.9516518375756935e-05,3.538754616499995e-05,2.9534579413904147e-05,83.33333333333334,0.0,16.666666666666664,0.09375,1.0,0.0094028899455868,0.011349842310549864,0.00936182523270665,83.33333333333334,0.0,16.666666666666664,0.09375,1.0
564_fried,KNN,median,0.2,6.0,-1.4409497460843301e-05,-4.843327480796855e-06,5.526814544842112e-05,16.666666666666664,0.0,83.33333333333334,0.3125,1.0,-0.004625333030257173,-0.001590835034069957,0.01762256458042222,16.666666666666664,0.0,83.33333333333334,0.3125,1.0
564_fried,KNN,median,0.3,6.0,-4.827357419190381e-06,-1.3943479783229407e-05,3.989869830780205e-05,33.33333333333333,0.0,66.66666666666666,0.6875,1.0,-0.001568290884041483,-0.004539622285289051,0.012833026132123879,33.33333333333333,0.0,66.66666666666666,0.6875,1.0
564_fried,LR,KNN,0.05,6.0,2.8580863897786912e-08,-7.679331975873893e-08,8.303492708128015e-07,50.0,0.0,50.0,1.0,1.0,3.537031366046112e-06,-1.3663826858832042e-05,0.00014841244860322908,50.0,0.0,50.0,0.84375,1.0
564_fried,LR,KNN,0.1,6.0,1.039351964567577e-06,7.671203829384687e-07,1.8857663930764652e-06,83.33333333333334,0.0,16.666666666666664,0.21875,1.0,0.00018805713652140157,0.00013691120712326963,0.0003425525846365395,83.33333333333334,0.0,16.666666666666664,0.21875,1.0
564_fried,LR,KNN,0.2,6.0,1.273716615105928e-06,1.4133705385499518e-06,3.379658697374614e-06,66.66666666666666,0.0,33.33333333333333,0.6875,1.0,0.00023094415686726217,0.00025860860809711977,0.0006031015588274362,66.66666666666666,0.0,33.33333333333333,0.6875,1.0
564_fried,LR,KNN,0.3,6.0,3.1538152874081384e-06,3.4569258933192515e-06,3.892770788274339e-06,83.33333333333334,0.0,16.666666666666664,0.09375,1.0,0.0005657434480852244,0.0006236983810056862,0.0007013158864220373,83.33333333333334,0.0,16.666666666666664,0.09375,1.0
564_fried,LR,mean,0.05,6.0,-4.62346525879435e-09,-9.081302376756639e-10,1.5959595341733615e-08,33.33333333333333,16.666666666666664,50.0,0.8125,1.0,-8.166800344337745e-07,-1.0323969738092023e-07,2.8906030580340374e-06,50.0,0.0,50.0,0.84375,1.0
564_fried,LR,mean,0.1,6.0,2.068393238167469e-08,3.059255626602919e-09,4.376138493026905e-08,66.66666666666666,0.0,33.33333333333333,0.5625,1.0,3.7166999192947308e-06,6.186555837193231e-07,7.798896272001566e-06,66.66666666666666,0.0,33.33333333333333,0.5625,1.0
564_fried,LR,mean,0.2,6.0,1.9685745626200438e-10,1.0684226448010037e-08,2.5804005408322958e-08,66.66666666666666,0.0,33.33333333333333,0.6875,1.0,6.20014917495084e-08,1.9311068935492733e-06,4.658616454379356e-06,66.66666666666666,0.0,33.33333333333333,0.6875,1.0
564_fried,LR,mean,0.3,6.0,1.3673739418518238e-08,-4.884760984591452e-09,5.055380352805636e-08,50.0,0.0,50.0,0.84375,1.0,2.4662775891791245e-06,-8.717071432195324e-07,9.087217954502517e-06,50.0,0.0,50.0,0.84375,1.0
564_fried,LR,median,0.05,6.0,-9.335543245854913e-09,-2.185107816909948e-09,3.3243139374302976e-08,33.33333333333333,16.666666666666664,50.0,0.625,1.0,-1.6910368396790834e-06,-3.8176433628945435e-07,5.999018495742852e-06,33.33333333333333,16.666666666666664,50.0,0.625,1.0
564_fried,LR,median,0.1,6.0,-1.1505035868442093e-08,-3.770762035948394e-08,9.149177896134385e-08,33.33333333333333,0.0,66.66666666666666,0.6875,1.0,-2.0692385361426578e-06,-6.826300366807548e-06,1.6476542361361828e-05,33.33333333333333,0.0,66.66666666666666,0.6875,1.0
564_fried,LR,median,0.2,6.0,-7.999956475046588e-09,8.674735929581345e-10,4.651567146078882e-08,50.0,16.666666666666664,33.33333333333333,1.0,1.0,-1.4295611641013833e-06,1.558347683057548e-07,8.431982160490349e-06,50.0,16.666666666666664,33.33333333333333,1.0,1.0
564_fried,LR,median,0.3,6.0,1.8873303494112054e-08,-9.894736086035749e-09,7.201928694921921e-08,33.33333333333333,0.0,66.66666666666666,1.0,1.0,3.3858324121021197e-06,-1.789457123121608e-06,1.294947711277689e-05,33.33333333333333,0.0,66.66666666666666,1.0,1.0
564_fried,RF,KNN,0.05,6.0,6.352060861044191e-06,3.501835264374531e-06,6.10229392159095e-05,66.66666666666666,0.0,33.33333333333333,0.84375,1.0,0.00481717853121698,0.0027501930224834137,0.045657396083760855,66.66666666666666,0.0,33.33333333333333,0.84375,1.0
564_fried,RF,KNN,0.1,6.0,-1.3597714744961742e-05,-2.6863499409612857e-05,5.5443824396807084e-05,16.666666666666664,0.0,83.33333333333334,0.4375,1.0,-0.01018555552543409,-0.019967237455435487,0.04064869291992484,16.666666666666664,0.0,83.33333333333334,0.4375,1.0
564_fried,RF,KNN,0.2,6.0,8.010473862840595e-06,1.16489148505039e-05,2.0862346675623834e-05,66.66666666666666,0.0,33.33333333333333,0.4375,1.0,0.005906190007600864,0.008224925266580098,0.015564612126599564,66.66666666666666,0.0,33.33333333333333,0.4375,1.0
564_fried,RF,KNN,0.3,6.0,4.621413617604079e-06,2.0754025048308478e-05,3.7174126274011206e-05,66.66666666666666,0.0,33.33333333333333,0.6875,1.0,0.00355964612128701,0.01523668700880818,0.027949531720916496,66.66666666666666,0.0,33.33333333333333,0.6875,1.0
564_fried,RF,mean,0.05,6.0,1.2910708384235765e-06,-1.5250722495974145e-06,1.1150625005559992e-05,50.0,0.0,50.0,0.84375,1.0,0.0010224006099499125,-0.0010747549900794577,0.008268104016716085,50.0,0.0,50.0,0.84375,1.0
564_fried,RF,mean,0.1,6.0,-4.904912968043777e-06,-2.353335420424152e-06,1.229483163590513e-05,50.0,0.0,50.0,0.5625,1.0,-0.003654884780428686,-0.001718692814225326,0.00916867534098447,50.0,0.0,50.0,0.5625,1.0
564_fried,RF,mean,0.2,6.0,6.661620296129674e-07,-1.0059376768900563e-05,2.4569433776384463e-05,33.33333333333333,0.0,66.66666666666666,0.5625,1.0,0.00044324283720727496,-0.0074840568588158615,0.018042460112267265,33.33333333333333,0.0,66.66666666666666,0.5625,1.0
564_fried,RF,mean,0.3,6.0,-7.95197474512399e-06,-4.5195788541674276e-06,2.778105964788254e-05,50.0,0.0,50.0,0.6875,1.0,-0.005923144462278024,-0.0033138463884669904,0.02072650484641475,50.0,0.0,50.0,0.6875,1.0
564_fried,RF,median,0.05,6.0,-9.87693296357802e-06,-2.276921785282493e-06,2.0243386774733452e-05,50.0,0.0,50.0,0.4375,1.0,-0.007473231588159968,-0.0020253728111706503,0.015194297987246171,50.0,0.0,50.0,0.4375,1.0
564_fried,RF,median,0.1,6.0,5.138876954117559e-06,-8.76426022111687e-06,3.876014069320637e-05,33.33333333333333,0.0,66.66666666666666,1.0,1.0,0.003952501274180012,-0.006640768837904593,0.029038984283401834,33.33333333333333,0.0,66.66666666666666,1.0,1.0
564_fried,RF,median,0.2,6.0,-2.7807340845509287e-06,-9.233103573924595e-07,5.567468062734389e-05,50.0,0.0,50.0,0.84375,1.0,-0.002018756730344006,-0.0006257920690729555,0.041568960677703444,50.0,0.0,50.0,0.84375,1.0
564_fried,RF,median,0.3,6.0,-2.0100847169579605e-05,-1.1718163948015725e-05,6.500234558351418e-05,50.0,0.0,50.0,0.6875,1.0,-0.014998719232343166,-0.008654763966795992,0.04829411099984485,50.0,0.0,50.0,0.6875,1.0
564_fried,SVR,KNN,0.05,6.0,-1.789823870253689e-05,-1.6147806790267616e-05,5.6994614656543494e-05,33.33333333333333,0.0,66.66666666666666,0.5625,1.0,-0.003153357955914432,-0.0030175872947089248,0.009967101633768795,33.33333333333333,0.0,66.66666666666666,0.5625,1.0
564_fried,SVR,KNN,0.1,6.0,-2.619361375177931e-05,-1.8914220804910897e-05,9.210638552657807e-05,50.0,0.0,50.0,0.5625,1.0,-0.004640598256993881,-0.00339741984664725,0.016413853568114346,50.0,0.0,50.0,0.5625,1.0
564_fried,SVR,KNN,0.2,6.0,-1.4750754768718307e-05,-5.8884953167415155e-06,0.00011665541929498063,50.0,0.0,50.0,0.6875,1.0,-0.00267848198618245,-0.0010655694972203347,0.020625815129897935,50.0,0.0,50.0,0.6875,1.0
564_fried,SVR,KNN,0.3,6.0,-0.00010903368877470306,-0.00010060386964844126,5.7739914608658697e-05,0.0,0.0,100.0,0.03125,1.0,-0.019111593792852058,-0.017626659929358426,0.010118511957641513,0.0,0.0,100.0,0.03125,1.0
564_fried,SVR,mean,0.05,6.0,6.435084483595126e-05,8.659401125454824e-05,8.751311921312186e-05,66.66666666666666,0.0,33.33333333333333,0.15625,1.0,0.011270046903325046,0.015597328095425952,0.01562770548560089,66.66666666666666,0.0,33.33333333333333,0.15625,1.0
564_fried,SVR,mean,0.1,6.0,-3.622855893318603e-06,-4.343989509880686e-06,6.802513759275201e-05,50.0,0.0,50.0,1.0,1.0,-0.0005370013380331965,-0.0006128287219299765,0.011877088421814598,50.0,0.0,50.0,1.0,1.0
564_fried,SVR,mean,0.2,6.0,5.078648457927197e-06,-3.368643893830736e-07,7.225479101455995e-05,50.0,0.0,50.0,1.0,1.0,0.0008331692723708728,-1.0734518617870527e-05,0.012855463776997512,50.0,0.0,50.0,1.0,1.0
564_fried,SVR,mean,0.3,6.0,2.4082400672550037e-05,1.6189563236568283e-05,6.379342064946904e-05,66.66666666666666,0.0,33.33333333333333,0.5625,1.0,0.004342140730836685,0.0029709234474432403,0.011168298914172724,66.66666666666666,0.0,33.33333333333333,0.5625,1.0
564_fried,SVR,median,0.05,6.0,2.4823958078012964e-07,4.392400981761968e-05,8.584070377451403e-05,66.66666666666666,0.0,33.33333333333333,1.0,1.0,0.00013378036488053495,0.007937618065318019,0.015071319880452906,66.66666666666666,0.0,33.33333333333333,1.0,1.0
564_fried,SVR,median,0.1,6.0,-7.35489423714375e-06,2.010749386910371e-05,0.00010210955428861665,50.0,0.0,50.0,1.0,1.0,-0.0013213261131848235,0.0035501862520308835,0.01815496759409581,50.0,0.0,50.0,1.0,1.0
564_fried,SVR,median,0.2,6.0,1.1913587497636158e-06,-1.341033812207737e-05,8.320974151454814e-05,33.33333333333333,0.0,66.66666666666666,0.6875,1.0,0.0002719911279685123,-0.002375586364002943,0.014535623520997154,33.33333333333333,0.0,66.66666666666666,0.6875,1.0
564_fried,SVR,median,0.3,6.0,4.6718039986607764e-05,2.348514096545129e-05,6.90620737745533e-05,83.33333333333334,0.0,16.666666666666664,0.09375,1.0,0.008210665233925768,0.004130621021180188,0.012195764556198615,83.33333333333334,0.0,16.666666666666664,0.15625,1.0
574_house_16H,DT,KNN,0.05,6.0,0.00035333251786646053,-0.0006149710785520179,0.022561519516868966,50.0,0.0,50.0,1.0,1.0,-0.004831979993175903,-0.03117228441677026,1.3997580540538344,50.0,0.0,50.0,1.0,1.0
574_house_16H,DT,KNN,0.1,6.0,0.005513841263915307,0.002047501401656049,0.012534781806829341,50.0,0.0,50.0,0.5625,1.0,0.3411571013986299,0.15049163957487174,0.7604083008674402,50.0,0.0,50.0,0.5625,1.0
574_house_16H,DT,KNN,0.2,6.0,0.0034125723518227216,0.00406485920213101,0.015928482270172333,50.0,0.0,50.0,0.6875,1.0,0.23483690360823473,0.27823513609514205,1.0030770139973344,50.0,0.0,50.0,0.6875,1.0
574_house_16H,DT,KNN,0.3,6.0,-0.0009140306845653821,0.004098673676642892,0.019741955445349627,83.33333333333334,0.0,16.666666666666664,0.4375,1.0,-0.058919270003645975,0.25895952042156706,1.2499039380546408,83.33333333333334,0.0,16.666666666666664,0.4375,1.0
574_house_16H,DT,mean,0.05,6.0,0.0018694592173340852,0.001252827915650248,0.009274354572172542,50.0,0.0,50.0,0.5625,1.0,0.1203450017116528,0.09019022205607613,0.6194360032621579,50.0,0.0,50.0,0.5625,1.0
574_house_16H,DT,mean,0.1,6.0,0.001297091259671752,0.0007731578568534042,0.006722775835094865,50.0,0.0,50.0,0.84375,1.0,0.08731427757408217,0.05030749687925194,0.4289930428047608,50.0,0.0,50.0,0.84375,1.0
574_house_16H,DT,mean,0.2,6.0,0.0014041913869866085,0.0007889747467433039,0.004366809965193138,50.0,0.0,50.0,0.5625,1.0,0.08463169127016335,0.0452635128233412,0.2936456746306818,50.0,0.0,50.0,0.84375,1.0
574_house_16H,DT,mean,0.3,6.0,0.00025340032895496595,0.002065259509189246,0.009043383321146634,66.66666666666666,0.0,33.33333333333333,0.5625,1.0,-0.011110109751410543,0.12592637105064708,0.6158623548425833,66.66666666666666,0.0,33.33333333333333,0.5625,1.0
574_house_16H,DT,median,0.05,6.0,0.0023840291282203655,0.001994401700564502,0.005678447073466162,66.66666666666666,0.0,33.33333333333333,0.4375,1.0,0.16706466690629182,0.14158935141861306,0.37565711934164225,66.66666666666666,0.0,33.33333333333333,0.4375,1.0
574_house_16H,DT,median,0.1,6.0,-0.003976918135464229,-0.006066254529717541,0.009363961001232634,33.33333333333333,0.0,66.66666666666666,0.4375,1.0,-0.23415988150836478,-0.35117745601969846,0.5787866634195477,33.33333333333333,0.0,66.66666666666666,0.4375,1.0
574_house_16H,DT,median,0.2,6.0,0.005809870646254651,0.011487572816069491,0.01218410910145462,66.66666666666666,0.0,33.33333333333333,0.21875,1.0,0.3779837926962113,0.7354801688276871,0.7683673031769646,66.66666666666666,0.0,33.33333333333333,0.21875,1.0
574_house_16H,DT,median,0.3,6.0,0.006405652217201037,0.006760583881780843,0.0096749772209478,83.33333333333334,0.0,16.666666666666664,0.21875,1.0,0.4204427259097671,0.43978126166325293,0.604073096226518,83.33333333333334,0.0,16.666666666666664,0.21875,1.0
574_house_16H,KNN,KNN,0.05,6.0,0.0003927419099642726,0.00020836437627921867,0.0017782368731912475,50.0,0.0,50.0,0.6875,1.0,0.03987976561630583,0.02203599503161985,0.17680480703456378,50.0,0.0,50.0,0.6875,1.0
574_house_16H,KNN,KNN,0.1,6.0,0.0007423225557999605,0.0006355240597904765,0.0014092283582637494,50.0,0.0,50.0,0.4375,1.0,0.07027657798271271,0.06587837699263646,0.13518794170582116,66.66666666666666,0.0,33.33333333333333,0.3125,1.0
574_house_16H,KNN,KNN,0.2,6.0,-0.0008661114286622936,-0.0007040545984067226,0.0025876394549157883,33.33333333333333,0.0,66.66666666666666,0.6875,1.0,-0.08106777997569356,-0.06609631942816796,0.24874968831426686,33.33333333333333,0.0,66.66666666666666,0.6875,1.0
574_house_16H,KNN,KNN,0.3,6.0,-0.00037318482273637765,-0.0014890462152925,0.003431512234583777,33.33333333333333,0.0,66.66666666666666,0.84375,1.0,-0.029706838150168464,-0.1314948367851145,0.32218171697096476,33.33333333333333,0.0,66.66666666666666,0.84375,1.0
574_house_16H,KNN,mean,0.05,6.0,-6.435380259427655e-05,-7.053284996377807e-05,0.0001863094285138467,16.666666666666664,0.0,83.33333333333334,0.3125,1.0,-0.006142216603610515,-0.006910586731319751,0.017942892334425777,16.666666666666664,0.0,83.33333333333334,0.3125,1.0
574_house_16H,KNN,mean,0.1,6.0,3.858804303181566e-05,-5.95084314494454e-05,0.0003750351678485194,50.0,0.0,50.0,0.84375,1.0,0.003902362014843027,-0.006015327104063831,0.03647602699503213,50.0,0.0,50.0,0.84375,1.0
574_house_16H,KNN,mean,0.2,6.0,-3.419953946881549e-05,-0.00011272150446836604,0.00017503004874343855,16.666666666666664,0.0,83.33333333333334,0.4375,1.0,-0.0031699976407920075,-0.011322232546936994,0.017506780261371504,33.33333333333333,0.0,66.66666666666666,0.5625,1.0
574_house_16H,KNN,mean,0.3,6.0,-0.00012409859914523183,2.4964961238577166e-05,0.0006509285279862474,50.0,0.0,50.0,1.0,1.0,-0.011553954423525983,0.001841095807875503,0.062086552126199714,50.0,0.0,50.0,0.84375,1.0
574_house_16H,KNN,median,0.05,6.0,5.926707923569382e-05,7.317036458953652e-07,0.0001690104655976523,50.0,0.0,50.0,0.6875,1.0,0.005606210222770691,0.00039516097441977347,0.016343173296335396,50.0,0.0,50.0,0.6875,1.0
574_house_16H,KNN,median,0.1,6.0,0.00013100060832550256,0.0001488194194769199,0.00015471135583956376,66.66666666666666,0.0,33.33333333333333,0.21875,1.0,0.01295218288510732,0.014771846583519816,0.015211827681764543,66.66666666666666,0.0,33.33333333333333,0.15625,1.0
574_house_16H,KNN,median,0.2,6.0,3.0947835824089255e-05,3.769311457946234e-05,0.00017869444321948915,50.0,0.0,50.0,0.5625,1.0,0.0028702230459836525,0.0034681121746673997,0.01711255134348497,50.0,0.0,50.0,0.5625,1.0
574_house_16H,KNN,median,0.3,6.0,0.00011069387555194081,0.00019264721784745253,0.0004703410994749894,66.66666666666666,0.0,33.33333333333333,0.6875,1.0,0.010940997269516486,0.0197242506443387,0.04420418095028776,66.66666666666666,0.0,33.33333333333333,0.6875,1.0
574_house_16H,LR,KNN,0.05,6.0,0.00031671028337593166,0.00021085176318935694,0.0006035032793720073,50.0,0.0,50.0,0.4375,1.0,0.02080338471681286,0.013664853810422806,0.03985551473670306,50.0,0.0,50.0,0.4375,1.0
574_house_16H,LR,KNN,0.1,6.0,-0.00014395591808647376,6.021463075608913e-05,0.0005574740609778705,66.66666666666666,0.0,33.33333333333333,1.0,1.0,-0.009318626395547288,0.0037609533663002822,0.03680473748618821,50.0,0.0,50.0,0.84375,1.0
574_house_16H,LR,KNN,0.2,6.0,0.00011572262240286402,0.0001460587880681985,0.0001160219725473369,83.33333333333334,0.0,16.666666666666664,0.09375,1.0,0.007718186450521965,0.00963946639622567,0.007762763628311963,83.33333333333334,0.0,16.666666666666664,0.09375,1.0
574_house_16H,LR,KNN,0.3,6.0,0.00020673379071910192,0.00020170081053660915,0.0001305699995878011,100.0,0.0,0.0,0.03125,1.0,0.013537118585220623,0.013261386925185867,0.008654701288967394,100.0,0.0,0.0,0.03125,1.0
574_house_16H,LR,mean,0.05,6.0,-5.52384853282073e-06,-3.678065689530219e-06,9.387540400499518e-06,33.33333333333333,0.0,66.66666666666666,0.3125,1.0,-0.000365851972181967,-0.0002457688071594252,0.0006290040090357586,33.33333333333333,0.0,66.66666666666666,0.3125,1.0
574_house_16H,LR,mean,0.1,6.0,-5.010322484770106e-06,-1.8284729985940107e-06,1.0069126984374203e-05,50.0,0.0,50.0,0.5625,1.0,-0.0003321248298246154,-0.0001203554330119188,0.0006721262345587096,50.0,0.0,50.0,0.5625,1.0
574_house_16H,LR,mean,0.2,6.0,6.328233718664681e-07,3.9077576345636356e-07,1.2433123456386296e-06,83.33333333333334,0.0,16.666666666666664,0.21875,1.0,3.962532662392895e-05,2.364363046458126e-05,8.358482917035239e-05,83.33333333333334,0.0,16.666666666666664,0.21875,1.0
574_house_16H,LR,mean,0.3,6.0,6.0251730233755e-07,-2.2858252082813557e-08,2.3879311535262818e-06,33.33333333333333,0.0,66.66666666666666,1.0,1.0,3.310591719798185e-05,-1.1112997663594686e-05,0.00016227856393350237,33.33333333333333,0.0,66.66666666666666,1.0,1.0
574_house_16H,LR,median,0.05,6.0,-4.413749562443929e-06,6.675825589969042e-07,1.2939547608554603e-05,66.66666666666666,0.0,33.33333333333333,0.6875,1.0,-0.0002947281254279798,4.481834126748872e-05,0.0008646576626834442,66.66666666666666,0.0,33.33333333333333,0.6875,1.0
574_house_16H,LR,median,0.1,6.0,-4.818312507745559e-06,-1.4244849181610508e-06,1.2343526905105715e-05,50.0,0.0,50.0,0.5625,1.0,-0.00032251082881171,-9.938410817637087e-05,0.0008255146347882029,50.0,0.0,50.0,0.5625,1.0
574_house_16H,LR,median,0.2,6.0,1.1336571270846123e-06,8.244752834063451e-07,2.336873634343995e-06,66.66666666666666,0.0,33.33333333333333,0.3125,1.0,7.491223272385038e-05,5.63865978167157e-05,0.00015605852376753855,66.66666666666666,0.0,33.33333333333333,0.3125,1.0
574_house_16H,LR,median,0.3,6.0,8.60976563187473e-07,7.757795836976777e-07,1.523079728523693e-06,66.66666666666666,0.0,33.33333333333333,0.3125,1.0,5.042779367258252e-05,3.882974764706305e-05,9.737114789913704e-05,66.66666666666666,0.0,33.33333333333333,0.3125,1.0
574_house_16H,RF,KNN,0.05,6.0,0.0005622843330356231,0.00037539356067195495,0.000520326367444988,83.33333333333334,0.0,16.666666666666664,0.0625,1.0,0.07618007311238559,0.05288197781306799,0.07143970112417605,83.33333333333334,0.0,16.666666666666664,0.0625,1.0
574_house_16H,RF,KNN,0.1,6.0,6.109480563504244e-05,-0.0001317811952796788,0.0011953469017168233,33.33333333333333,0.0,66.66666666666666,0.84375,1.0,0.009168598658151035,-0.01643336699462012,0.15931124659748633,33.33333333333333,0.0,66.66666666666666,0.84375,1.0
574_house_16H,RF,KNN,0.2,6.0,-4.59028143524239e-05,-0.00019502797112919135,0.0011069455594157288,33.33333333333333,0.0,66.66666666666666,0.5625,1.0,-0.004787319566716904,-0.022832165704309963,0.147463552351607,33.33333333333333,0.0,66.66666666666666,0.6875,1.0
574_house_16H,RF,KNN,0.3,6.0,2.8296640560791324e-05,0.00019942525771482478,0.0011190268483951406,66.66666666666666,0.0,33.33333333333333,0.84375,1.0,0.00366454218415233,0.026492615634668697,0.14793645187678317,66.66666666666666,0.0,33.33333333333333,0.84375,1.0
574_house_16H,RF,mean,0.05,6.0,-5.928968153638229e-05,-4.877284855853148e-05,0.00039724541230086533,50.0,0.0,50.0,0.6875,1.0,-0.009592588919941534,-0.007999518726660432,0.05419265253476621,50.0,0.0,50.0,0.6875,1.0
574_house_16H,RF,mean,0.1,6.0,3.127140754275818e-05,2.0752314615901657e-05,7.232678513607654e-05,66.66666666666666,0.0,33.33333333333333,0.4375,1.0,0.004026351682364748,0.002383969754971192,0.010860033251819123,50.0,0.0,50.0,0.5625,1.0
574_house_16H,RF,mean,0.2,6.0,6.864350008972675e-05,2.4770820473030142e-05,0.00028729035623534574,66.66666666666666,0.0,33.33333333333333,0.6875,1.0,0.009588481236068482,0.0049543967527741805,0.03897799362447821,66.66666666666666,0.0,33.33333333333333,0.6875,1.0
574_house_16H,RF,mean,0.3,6.0,-0.00011467614574287947,-8.466557421732412e-05,0.00029105586645777616,33.33333333333333,0.0,66.66666666666666,0.4375,1.0,-0.0152692716104601,-0.010584385880118109,0.03924852453787922,33.33333333333333,0.0,66.66666666666666,0.4375,1.0
574_house_16H,RF,median,0.05,6.0,-0.00013961453769480622,-5.3692820598472135e-05,0.00034471531190193364,16.666666666666664,0.0,83.33333333333334,0.3125,1.0,-0.018141608991223176,-0.006661413215623677,0.046177543447362246,33.33333333333333,0.0,66.66666666666666,0.4375,1.0
574_house_16H,RF,median,0.1,6.0,-0.00020510039886562081,-0.00017792565937446714,0.0005229772831986355,33.33333333333333,0.0,66.66666666666666,0.5625,1.0,-0.027578148195479203,-0.023432253059309655,0.06903071803489798,33.33333333333333,0.0,66.66666666666666,0.5625,1.0
574_house_16H,RF,median,0.2,6.0,-0.00021516127954516553,-0.00025078491323754504,0.0002613018519216933,16.666666666666664,0.0,83.33333333333334,0.15625,1.0,-0.02765319555011329,-0.03249130097424001,0.03570274800355598,16.666666666666664,0.0,83.33333333333334,0.15625,1.0
574_house_16H,RF,median,0.3,6.0,-0.00014497048368872223,-0.00034109180952635043,0.00044341324620425526,33.33333333333333,0.0,66.66666666666666,0.5625,1.0,-0.020306062147045514,-0.04744552950648286,0.06002801130520411,33.33333333333333,0.0,66.66666666666666,0.5625,1.0
574_house_16H,SVR,KNN,0.05,6.0,7.858287627457901e-05,-5.759482196490695e-05,0.0004628537852591635,33.33333333333333,0.0,66.66666666666666,1.0,1.0,0.004725790556733818,-0.0033124388950706834,0.02783836688717639,33.33333333333333,0.0,66.66666666666666,1.0,1.0
574_house_16H,SVR,KNN,0.1,6.0,0.0003447218953284842,0.00016454393532565337,0.0005221476593384555,83.33333333333334,0.0,16.666666666666664,0.21875,1.0,0.02075275228254195,0.009918927773586599,0.031907445080147055,83.33333333333334,0.0,16.666666666666664,0.21875,1.0
574_house_16H,SVR,KNN,0.2,6.0,3.7806048780911206e-05,6.201132110845997e-05,0.00022386545266498288,66.66666666666666,0.0,33.33333333333333,0.84375,1.0,0.00247163316414188,0.00381598969015554,0.01385181353798033,66.66666666666666,0.0,33.33333333333333,0.84375,1.0
574_house_16H,SVR,KNN,0.3,6.0,0.00010179361475815922,-6.444744727926444e-05,0.00048585127998434174,50.0,0.0,50.0,0.84375,1.0,0.005731272524205809,-0.003913172555804363,0.028637701310917488,50.0,0.0,50.0,0.84375,1.0
574_house_16H,SVR,mean,0.05,6.0,-2.9071324395409565e-05,-8.044782222255131e-05,0.000460259600652111,50.0,0.0,50.0,1.0,1.0,-0.0016456563537499702,-0.004849643398669496,0.02742475347390319,50.0,0.0,50.0,1.0,1.0
574_house_16H,SVR,mean,0.1,6.0,-5.4966111634635606e-05,-1.8187955691501e-05,0.00022816540716137185,50.0,0.0,50.0,0.6875,1.0,-0.0034322405505656135,-0.0014023362736275383,0.013771504861525676,33.33333333333333,0.0,66.66666666666666,0.5625,1.0
574_house_16H,SVR,mean,0.2,6.0,-0.0002262388928197523,-0.0003003105568100545,0.00026976126219132424,16.666666666666664,0.0,83.33333333333334,0.15625,1.0,-0.01375637245253656,-0.018283472216290057,0.01665618442061563,16.666666666666664,0.0,83.33333333333334,0.15625,1.0
574_house_16H,SVR,mean,0.3,6.0,-0.00012859186542946155,-3.8951131280690054e-05,0.00029639316564520463,50.0,0.0,50.0,0.5625,1.0,-0.007561007119250326,-0.002465476637765761,0.01744124573546634,33.33333333333333,0.0,66.66666666666666,0.4375,1.0
574_house_16H,SVR,median,0.05,6.0,2.6349770149762992e-05,-1.9993088591449548e-05,0.0002949518937799865,50.0,0.0,50.0,1.0,1.0,0.0017159029055381161,-0.0008464794372009552,0.017543484677656537,50.0,0.0,50.0,1.0,1.0
574_house_16H,SVR,median,0.1,6.0,-0.00016126324296143746,-0.00020577733906945728,0.00018661919678295162,33.33333333333333,0.0,66.66666666666666,0.15625,1.0,-0.009916685024089359,-0.01299291089027696,0.011384942014829688,33.33333333333333,0.0,66.66666666666666,0.15625,1.0
574_house_16H,SVR,median,0.2,6.0,0.00012906152124727197,6.882830700320752e-05,0.0004303975959533189,50.0,0.0,50.0,0.6875,1.0,0.007820693102924025,0.004209830619057194,0.02607228217238151,50.0,0.0,50.0,0.6875,1.0
574_house_16H,SVR,median,0.3,6.0,0.0003138493184756998,0.00028094361322239525,0.00040260977743579365,66.66666666666666,0.0,33.33333333333333,0.21875,1.0,0.01844930880314583,0.016748290704323536,0.024117645257542404,66.66666666666666,0.0,33.33333333333333,0.21875,1.0
