ds,alg,leak,imputer,perc-miss,test_mae_mean,test_mae_std,test_mse_mean,test_mse_std,test_rmse_mean,test_rmse_std,test_r2_mean,test_r2_std
1027_ESL,DT,Com vazamento,KNN,0.05,0.4354001445958413,0.025475989963371595,0.45986215330486585,0.050294328405824824,0.6747202525394648,0.03714914093724473,0.768310696092469,0.027742281343729226
1027_ESL,DT,Com vazamento,KNN,0.1,0.43618841123964075,0.0260452376369105,0.4538663021366039,0.046167203728632575,0.6698650152778107,0.034760757891801344,0.7718068822698124,0.02491583024211052
1027_ESL,DT,Com vazamento,KNN,0.2,0.4468950552710798,0.027450735550209722,0.4658309137824698,0.04724831587265365,0.6789769746382847,0.034815008942107914,0.7655323389365085,0.02493400900265691
1027_ESL,DT,Com vazamento,KNN,0.3,0.4451888442908211,0.025630695099831596,0.4674830943712534,0.045792931157784225,0.6799380711187323,0.03386629849274653,0.7645845861279422,0.024816044341262222
1027_ESL,DT,Com vazamento,mean,0.05,0.44363752424715536,0.02237290414375646,0.4669671710861132,0.04699428994318641,0.6801516879259255,0.03408697138115598,0.7647108017866703,0.026393271438566995
1027_ESL,DT,Com vazamento,mean,0.1,0.43694316555484586,0.019940521379407758,0.4571006698976985,0.04168132359881995,0.6723038432898103,0.03090631616472083,0.7701870219245905,0.022302935860009098
1027_ESL,DT,Com vazamento,mean,0.2,0.437273939630497,0.018409656129199745,0.45846556167624913,0.0303575163462643,0.6741376705069272,0.02226418264571167,0.7691303719287769,0.016607940315816687
1027_ESL,DT,Com vazamento,mean,0.3,0.45236974257059237,0.018075397563480897,0.48181339322072364,0.03584591921711694,0.6912788784110381,0.026204094489130022,0.7573967324185737,0.01978203945881739
1027_ESL,DT,Com vazamento,median,0.05,0.43851701292787354,0.023962925402292293,0.4531659715876435,0.05054112299819081,0.6699411694382915,0.03721700746378213,0.7714996554082898,0.027935630608714897
1027_ESL,DT,Com vazamento,median,0.1,0.4373899883889638,0.02331887623949763,0.4459041454151503,0.04565893152314543,0.6645049434681322,0.034360522482742524,0.7754516579003278,0.024409272279348988
1027_ESL,DT,Com vazamento,median,0.2,0.4381172182401691,0.02344273931923548,0.4412587290543466,0.03467911220575639,0.6612221968270761,0.025787441988607128,0.7776716716099651,0.018702897554568557
1027_ESL,DT,Com vazamento,median,0.3,0.4520426106793347,0.01982406555776411,0.45877507493634834,0.03220681372623699,0.6745989172982325,0.024451737761388686,0.7688242046247667,0.0185680998515325
1027_ESL,DT,Sem vazamento,KNN,0.05,0.4395913000933493,0.025342116813510524,0.4614261912045654,0.050817737687806404,0.6756910488899405,0.037868510709075744,0.7675683549414857,0.027858749560330753
1027_ESL,DT,Sem vazamento,KNN,0.1,0.4363345177894358,0.025078324105640943,0.45500830972096523,0.045633768365009215,0.6714164239164976,0.03393648923034023,0.7709937032172604,0.024224632670780222
1027_ESL,DT,Sem vazamento,KNN,0.2,0.43814863604822624,0.032591868575457296,0.4579555894897395,0.05223045179724661,0.6720826988412117,0.03850969408135456,0.7694077579853591,0.026600944897742326
1027_ESL,DT,Sem vazamento,KNN,0.3,0.4467243933785672,0.024533354979450462,0.4670171072515774,0.04466708101507683,0.6798924750191729,0.033206061449317655,0.7646312303023842,0.024701053721061243
1027_ESL,DT,Sem vazamento,mean,0.05,0.4404592618219667,0.023736934635710867,0.4595071116126425,0.04475593759626355,0.6740214898448373,0.032269181041400315,0.7682102195155632,0.02499429069462066
1027_ESL,DT,Sem vazamento,mean,0.1,0.44080814733990953,0.02547243539851745,0.4622463419529504,0.04607158239389224,0.67604597389684,0.03404289977148868,0.7676300096842539,0.024401616248437244
1027_ESL,DT,Sem vazamento,mean,0.2,0.43812776476710896,0.01844068521739569,0.46008782943581195,0.029206229384562046,0.6752886462361237,0.021418437389800066,0.7683615670161648,0.01609424582617489
1027_ESL,DT,Sem vazamento,mean,0.3,0.45199405951048305,0.019659530989468692,0.480505333111434,0.03665728417033076,0.6900875632483676,0.026876934396462777,0.7579213299325044,0.019971443988935276
1027_ESL,DT,Sem vazamento,median,0.05,0.43851701292787354,0.023962925402292293,0.4531659715876435,0.05054112299819081,0.6699411694382915,0.03721700746378213,0.7714996554082898,0.027935630608714897
1027_ESL,DT,Sem vazamento,median,0.1,0.4373899883889638,0.02331887623949763,0.4459041454151503,0.04565893152314543,0.6645049434681322,0.034360522482742524,0.7754516579003278,0.024409272279348988
1027_ESL,DT,Sem vazamento,median,0.2,0.4381172182401691,0.02344273931923548,0.4412587290543466,0.03467911220575639,0.6612221968270761,0.025787441988607128,0.7776716716099651,0.018702897554568557
1027_ESL,DT,Sem vazamento,median,0.3,0.4520426106793347,0.01982406555776411,0.45877507493634834,0.03220681372623699,0.6745989172982325,0.024451737761388686,0.7688242046247667,0.0185680998515325
1027_ESL,KNN,Com vazamento,KNN,0.05,0.40956284153005473,0.010147616020627068,0.3113661202185792,0.010196492890102245,0.5568771979994112,0.009968622163874657,0.8436495964357141,0.004973939095447827
1027_ESL,KNN,Com vazamento,KNN,0.1,0.39890710382513667,0.00751092846479694,0.3014754098360655,0.007064223369488534,0.5476276997318378,0.007907236594131038,0.848722716013711,0.0043581165464929685
1027_ESL,KNN,Com vazamento,KNN,0.2,0.4054644808743169,0.014625272427139156,0.31560109289617483,0.012667439874183279,0.5603433739891689,0.011677341831475977,0.8417396605696442,0.005846335879618817
1027_ESL,KNN,Com vazamento,KNN,0.3,0.4064890710382514,0.013036180264143507,0.32162568306010925,0.009446580549666605,0.565608155299933,0.008485122316165439,0.8383750567307313,0.004951998231289133
1027_ESL,KNN,Com vazamento,mean,0.05,0.40942622950819674,0.006210064565533032,0.3139071038251366,0.009797282373967604,0.5591371740817236,0.008982361003775478,0.8423365251080276,0.004029121294241438
1027_ESL,KNN,Com vazamento,mean,0.1,0.4020491803278689,0.00457109622740943,0.31409836065573765,0.008046492155705158,0.5587063431578111,0.007579622667155607,0.8425141996673564,0.0029527251783350787
1027_ESL,KNN,Com vazamento,mean,0.2,0.4142759562841531,0.009792995410748071,0.32561475409836066,0.010055843804728725,0.569339418831166,0.009280402014878812,0.8366040766207151,0.006190449419720693
1027_ESL,KNN,Com vazamento,mean,0.3,0.41851092896174863,0.009162074456639746,0.332363387978142,0.009732986750470433,0.575309954022666,0.008365374062043582,0.8330408794923351,0.005272540376157669
1027_ESL,KNN,Com vazamento,median,0.05,0.4118169398907104,0.006152548051988323,0.31607923497267754,0.008447224063221752,0.5610402081734823,0.007872919943107072,0.841262286375021,0.003533906210688617
1027_ESL,KNN,Com vazamento,median,0.1,0.40512295081967215,0.004373932088346156,0.318155737704918,0.007072540401756662,0.5623958005713086,0.005855370043527827,0.8403948859466595,0.002299163960164451
1027_ESL,KNN,Com vazamento,median,0.2,0.4163934426229508,0.011151759086240588,0.33396174863387973,0.011773033501851039,0.576390653299825,0.01045336558153248,0.8326731464954517,0.006378178920861183
1027_ESL,KNN,Com vazamento,median,0.3,0.4260928961748634,0.006919638277434111,0.3421311475409836,0.009371114710450454,0.5836072165807377,0.008249008708036867,0.828140785603306,0.006360340334809994
1027_ESL,KNN,Sem vazamento,KNN,0.05,0.40724043715846997,0.007325258394945437,0.31114754098360653,0.008185402020358137,0.5566767561101996,0.00811990304075706,0.8438626381863653,0.004080018758715532
1027_ESL,KNN,Sem vazamento,KNN,0.1,0.4021857923497268,0.007232958298480581,0.3060928961748634,0.008563226859697777,0.5519086593503432,0.008793871457356404,0.8464344825494855,0.005020806012267471
1027_ESL,KNN,Sem vazamento,KNN,0.2,0.40382513661202185,0.014950124612354615,0.31724043715846995,0.01522999934504814,0.562024317949306,0.014018477994441655,0.8408775940661891,0.007685378762627067
1027_ESL,KNN,Sem vazamento,KNN,0.3,0.40717213114754097,0.012220401610972504,0.320724043715847,0.007911669144032086,0.5651769536550094,0.007356966157285992,0.8390236874626228,0.0037323013778763994
1027_ESL,KNN,Sem vazamento,mean,0.05,0.4094262295081968,0.0070463204263401654,0.3136885245901639,0.00861537409445596,0.5588948946848706,0.008257315649030168,0.8424135128538897,0.0035678038045579997
1027_ESL,KNN,Sem vazamento,mean,0.1,0.4026639344262295,0.007635499982573221,0.31392076502732236,0.009180388856159644,0.5584969571820234,0.008709326210872734,0.8425505546540147,0.00323024631173614
1027_ESL,KNN,Sem vazamento,mean,0.2,0.41536885245901645,0.009402143139702644,0.32821038251366114,0.01109830213640126,0.5714536389153049,0.0102979034889566,0.8353402441560948,0.007159937995587838
1027_ESL,KNN,Sem vazamento,mean,0.3,0.4188524590163935,0.007993379415826167,0.3323770491803278,0.008522698402954491,0.5754083275993548,0.0074314681119165135,0.8330652265199713,0.0046591616382355506
1027_ESL,KNN,Sem vazamento,median,0.05,0.4118169398907104,0.006152548051988323,0.31607923497267754,0.008447224063221752,0.5610402081734823,0.007872919943107072,0.841262286375021,0.003533906210688617
1027_ESL,KNN,Sem vazamento,median,0.1,0.40512295081967215,0.004373932088346156,0.318155737704918,0.007072540401756662,0.5623958005713086,0.005855370043527827,0.8403948859466595,0.002299163960164451
1027_ESL,KNN,Sem vazamento,median,0.2,0.4163934426229508,0.011151759086240588,0.33396174863387973,0.011773033501851039,0.576390653299825,0.01045336558153248,0.8326731464954517,0.006378178920861183
1027_ESL,KNN,Sem vazamento,median,0.3,0.4260928961748634,0.006919638277434111,0.3421311475409836,0.009371114710450454,0.5836072165807377,0.008249008708036867,0.828140785603306,0.006360340334809994
1027_ESL,LR,Com vazamento,KNN,0.05,0.4059519949258974,0.001408145901827643,0.286710045374726,0.002295097324773556,0.5341737827445202,0.0028419855970778164,0.8557084224343453,0.0017239241986681027
1027_ESL,LR,Com vazamento,KNN,0.1,0.40432411050462025,0.0013845899850283103,0.28221768328536934,0.0025487020793304557,0.5300229120149925,0.002906245464010128,0.858039331606184,0.0016485307303881257
1027_ESL,LR,Com vazamento,KNN,0.2,0.4051088993710574,0.0015820658580366917,0.2863986476015677,0.0026513573688329403,0.533971101514891,0.0031652072676125746,0.855771128476889,0.0018894520700660261
1027_ESL,LR,Com vazamento,KNN,0.3,0.41010542258335364,0.0013650396054275353,0.29227703589940207,0.002287320304863253,0.5395660433928039,0.00268398312123101,0.8528769470399458,0.0018897176840097089
1027_ESL,LR,Com vazamento,mean,0.05,0.412401088015214,0.001420895148301659,0.29589741118855123,0.002190420459360415,0.5428005001035986,0.002704486087843967,0.8510351895552435,0.0017308808746597688
1027_ESL,LR,Com vazamento,mean,0.1,0.4153317172801296,0.0014888932144946077,0.29701279929100144,0.0026347759322295264,0.5439218747115152,0.0026165660926434275,0.8505806749341286,0.0014725487336401078
1027_ESL,LR,Com vazamento,mean,0.2,0.42336498501446335,0.0012714221211145083,0.30825616551326546,0.0025117250397871734,0.5541788695333317,0.0027279605283976106,0.8448902575366125,0.0015926825912249431
1027_ESL,LR,Com vazamento,mean,0.3,0.4240395130823909,0.0012823550856257205,0.31321922033482047,0.002148693285010445,0.5586056358483891,0.0024867093037483235,0.842348633605933,0.0018171126735902138
1027_ESL,LR,Com vazamento,median,0.05,0.4126140819041689,0.0014369509439980926,0.2962050191541399,0.002200483774907243,0.5430881127387724,0.002706555001806614,0.8508790907227785,0.0017300195420069963
1027_ESL,LR,Com vazamento,median,0.1,0.41523009799694127,0.001486670404568305,0.29686480057236986,0.002629297448895031,0.5437834628512731,0.002617598606894076,0.8506552230062603,0.001473149856612614
1027_ESL,LR,Com vazamento,median,0.2,0.42228345161591824,0.001360072163167658,0.3065848101124945,0.002445147337711897,0.5526404708908718,0.002708736528662717,0.8457303264875616,0.0015917662713992849
1027_ESL,LR,Com vazamento,median,0.3,0.4216941395273664,0.0014575196302558083,0.3102023354284064,0.002133342542442849,0.555852805473506,0.002511422858871396,0.8438705903644106,0.001831186089783257
1027_ESL,LR,Sem vazamento,KNN,0.05,0.40726785898773654,0.0012296920889191172,0.28769359725121846,0.002001465008235975,0.535113515034092,0.0025996168445033066,0.8552111538023651,0.0016342391039703664
1027_ESL,LR,Sem vazamento,KNN,0.1,0.4055570017980629,0.0013185299149528946,0.2850621087445921,0.0030498390126530777,0.5326642688350466,0.0031711946976510003,0.8565861935079485,0.00194076403024139
1027_ESL,LR,Sem vazamento,KNN,0.2,0.40839448115892374,0.0019396725551514451,0.28780905222276576,0.002712595936618459,0.5353678373323478,0.002937899781640787,0.8551007811314607,0.0014459649202896029
1027_ESL,LR,Sem vazamento,KNN,0.3,0.40978650734363814,0.0015382279627269,0.2927368765257948,0.0023390613263745428,0.5399368355638225,0.00244188802591272,0.8526407360887177,0.0017957566517083792
1027_ESL,LR,Sem vazamento,mean,0.05,0.41237847737836736,0.001366168339923311,0.29588406430945174,0.002143274303382171,0.5427922823909247,0.002665568010075153,0.8510384934323122,0.0017417177308886942
1027_ESL,LR,Sem vazamento,mean,0.1,0.41534791729188175,0.0014147594026093877,0.29705526563669177,0.0026353699973779244,0.5439687506432026,0.0026153355957954276,0.8505560338435925,0.0014994728118718685
1027_ESL,LR,Sem vazamento,mean,0.2,0.4234366675815142,0.001237926991440359,0.30835474842904154,0.002473155884266104,0.5542815824460844,0.002684071494973332,0.8448362851153375,0.0016108652726016266
1027_ESL,LR,Sem vazamento,mean,0.3,0.4240751712304278,0.0013066045772243884,0.31331018117147774,0.0021350686373441392,0.558702050965779,0.0024638098936918327,0.8423017710846524,0.0018236540941490883
1027_ESL,LR,Sem vazamento,median,0.05,0.4126140819041689,0.0014369509439980926,0.2962050191541399,0.002200483774907243,0.5430881127387724,0.002706555001806614,0.8508790907227785,0.0017300195420069963
1027_ESL,LR,Sem vazamento,median,0.1,0.41523009799694127,0.001486670404568305,0.29686480057236986,0.002629297448895031,0.5437834628512731,0.002617598606894076,0.8506552230062603,0.001473149856612614
1027_ESL,LR,Sem vazamento,median,0.2,0.42228345161591824,0.001360072163167658,0.3065848101124945,0.002445147337711897,0.5526404708908718,0.002708736528662717,0.8457303264875616,0.0015917662713992849
1027_ESL,LR,Sem vazamento,median,0.3,0.4216941395273664,0.0014575196302558083,0.3102023354284064,0.002133342542442849,0.555852805473506,0.002511422858871396,0.8438705903644106,0.001831186089783257
1027_ESL,RF,Com vazamento,KNN,0.05,0.4123750231805407,0.007169955691263494,0.34235098223904364,0.00981027481313251,0.5830867735852644,0.00832585106902926,0.8279217832972136,0.006029859498039899
1027_ESL,RF,Com vazamento,KNN,0.1,0.4093330928001691,0.007930422139841587,0.3361986129179497,0.01120675383018624,0.5778015447647601,0.009608989722042287,0.8310961403541836,0.006165153174219711
1027_ESL,RF,Com vazamento,KNN,0.2,0.41481640450835666,0.011326254313463017,0.34606474422675815,0.016151202793080636,0.5866948126170263,0.013918223798292061,0.8260405534613192,0.008659438816698591
1027_ESL,RF,Com vazamento,KNN,0.3,0.42010027973736386,0.009593624093374747,0.3576568693018925,0.012357501679456461,0.596159121784083,0.010276083623786193,0.8204368741692946,0.006140261911166683
1027_ESL,RF,Com vazamento,mean,0.05,0.41302041500852765,0.008614321062706636,0.34164436235869866,0.010045493191359342,0.5826970821444223,0.00828667803766937,0.8282389862328946,0.005651494057794763
1027_ESL,RF,Com vazamento,mean,0.1,0.4111483808939982,0.008552554020918226,0.33564224423775696,0.01009670446277787,0.5773832404937944,0.009013115558102067,0.8312828325148,0.0055966298347350455
1027_ESL,RF,Com vazamento,mean,0.2,0.41523293619397994,0.009406119899693057,0.3481927432836664,0.012725660468643216,0.5882116358080349,0.010895621707029809,0.8250380156348017,0.006899800916706893
1027_ESL,RF,Com vazamento,mean,0.3,0.4248455892288165,0.0069506272535752745,0.3666437011586308,0.010679202521532767,0.6036218935604879,0.009068163766067432,0.8157792057513887,0.005649579622936185
1027_ESL,RF,Com vazamento,median,0.05,0.4137282281860552,0.008527734046228959,0.3416641221861012,0.010036261564881169,0.5826906266549579,0.008039745394416495,0.8281548721355292,0.005603675057767721
1027_ESL,RF,Com vazamento,median,0.1,0.41145897066047393,0.009759681366457355,0.335728562931866,0.01072509621519551,0.577441087516342,0.009050637034854956,0.831251102330928,0.00540813809927286
1027_ESL,RF,Com vazamento,median,0.2,0.4188387179320083,0.01223374692154805,0.3475398418935878,0.0133910083676741,0.5876573177713033,0.01154808007191879,0.825371316379028,0.007215986219233693
1027_ESL,RF,Com vazamento,median,0.3,0.4278923984944056,0.009039142759378099,0.3600140407205423,0.010588526925787293,0.5982529916804277,0.009129771980820552,0.8190646991160223,0.006147659794093797
1027_ESL,RF,Sem vazamento,KNN,0.05,0.41287336316192175,0.0071130729019603,0.3437537604826602,0.010123014015388069,0.5842408397491535,0.008494364587822838,0.8271943600081682,0.006330937795778511
1027_ESL,RF,Sem vazamento,KNN,0.1,0.411794251463381,0.00905595603420737,0.3382825605534148,0.0111400598802153,0.5797779118658719,0.00986575357733346,0.8299837094330419,0.006524709038976891
1027_ESL,RF,Sem vazamento,KNN,0.2,0.4103484122511348,0.01420685481228252,0.34240639222247315,0.0187894463217497,0.583335917381827,0.016038324668698582,0.8279997600933061,0.009617071104262444
1027_ESL,RF,Sem vazamento,KNN,0.3,0.4209183922056874,0.007231032524238781,0.35831278967400654,0.01121970288535363,0.5966765359983462,0.00939574346644585,0.8199610024896072,0.0053617988746215255
1027_ESL,RF,Sem vazamento,mean,0.05,0.4132863435609723,0.008251555892991069,0.3423879347388219,0.009718254441251335,0.5833516250797807,0.007951058944604848,0.8277928214395572,0.005493540317282909
1027_ESL,RF,Sem vazamento,mean,0.1,0.41194045679775443,0.008831627551445374,0.33698290550360394,0.010185951081292685,0.5785473145057652,0.008989903213631655,0.8306947611865861,0.005502177764837115
1027_ESL,RF,Sem vazamento,mean,0.2,0.4153253553109892,0.009715037711920093,0.34835390026245533,0.012905886850738273,0.5883496536307086,0.01106383674365012,0.8249508995016429,0.007016833430787122
1027_ESL,RF,Sem vazamento,mean,0.3,0.4244288734025207,0.007444877798205258,0.36603283488915644,0.01129912116904943,0.6030876979751671,0.009689735751343118,0.8160668304589961,0.00595262468144765
1027_ESL,RF,Sem vazamento,median,0.05,0.4137282281860552,0.008527734046228959,0.3416641221861012,0.010036261564881169,0.5826906266549579,0.008039745394416495,0.8281548721355292,0.005603675057767721
1027_ESL,RF,Sem vazamento,median,0.1,0.41145897066047393,0.009759681366457355,0.335728562931866,0.01072509621519551,0.577441087516342,0.009050637034854956,0.831251102330928,0.00540813809927286
1027_ESL,RF,Sem vazamento,median,0.2,0.4188387179320083,0.01223374692154805,0.3475398418935878,0.0133910083676741,0.5876573177713033,0.01154808007191879,0.825371316379028,0.007215986219233693
1027_ESL,RF,Sem vazamento,median,0.3,0.4278923984944056,0.009039142759378099,0.3600140407205423,0.010588526925787293,0.5982529916804277,0.009129771980820552,0.8190646991160223,0.006147659794093797
1027_ESL,SVR,Com vazamento,KNN,0.05,0.4035430358366428,0.0011068249810245656,0.28504042890522024,0.001866305375727985,0.5326447285695243,0.0018959986707029921,0.8566673911383141,0.001246474795730992
1027_ESL,SVR,Com vazamento,KNN,0.1,0.4018182846004223,0.0010193743237144784,0.2805375488753129,0.0018405121065203334,0.5285188264039379,0.0019393502016614831,0.8589762196043463,0.0015497659813063548
1027_ESL,SVR,Com vazamento,KNN,0.2,0.40241979509900516,0.0011853843701714634,0.2839693729186281,0.0017502506606127883,0.5317540879530341,0.0019167017351526946,0.8571020624752438,0.0019165839338338793
1027_ESL,SVR,Com vazamento,KNN,0.3,0.40622161406915996,0.0011729734326166924,0.29147097514209724,0.0021235910538455116,0.5388175767253068,0.0022905483603585896,0.8533516800838562,0.002061743883593966
1027_ESL,SVR,Com vazamento,mean,0.05,0.41357786548114284,0.003355255571094515,0.2993402992871374,0.0045186775356049974,0.5459454269792755,0.0044391514118754,0.8493916802090434,0.002169446182449059
1027_ESL,SVR,Com vazamento,mean,0.1,0.4154350944369766,0.003001895895615918,0.300762153531044,0.004854023303186252,0.5473483833130782,0.004620863793632519,0.8487754180199952,0.0024188709468496144
1027_ESL,SVR,Com vazamento,mean,0.2,0.42184293962655367,0.0022903419908624316,0.31110762031218003,0.0039409849980332895,0.5567912409104048,0.003464064373293124,0.8434949785820326,0.0017414811249796991
1027_ESL,SVR,Com vazamento,mean,0.3,0.42198885750528126,0.0013257182888692298,0.3134786293406059,0.0016955552911011615,0.5588368693125425,0.002035210426055555,0.8422812049566882,0.0024009856388873315
1027_ESL,SVR,Com vazamento,median,0.05,0.41384226667947915,0.003376912098299055,0.2997510628316715,0.004526663959933271,0.5463257373247729,0.004409091830315698,0.8491888805008462,0.00215041095387653
1027_ESL,SVR,Com vazamento,median,0.1,0.415310751746379,0.0029930230981552474,0.3006486340983006,0.004895351354501957,0.5472409332592494,0.004659078661590709,0.8488327574600131,0.002428305582183022
1027_ESL,SVR,Com vazamento,median,0.2,0.42069101691161864,0.0023612303857585264,0.31001588174847194,0.004561384659703301,0.5558047496622466,0.004193685742153499,0.844044814586287,0.002235244177108501
1027_ESL,SVR,Com vazamento,median,0.3,0.42058282376882544,0.0015338841785803574,0.3111276107973043,0.001931293251691093,0.5566514475665546,0.0021808160055338537,0.8435129228200494,0.0019321187408166715
1027_ESL,SVR,Sem vazamento,KNN,0.05,0.405095878220237,0.0008146722622958229,0.28640782246936886,0.001848089969925562,0.5339592549707468,0.0018775313948189809,0.8559776679053139,0.0010813572171311395
1027_ESL,SVR,Sem vazamento,KNN,0.1,0.40315727851006605,0.0010439986531308775,0.283608477464626,0.0021830226294376827,0.5313528260395032,0.002065717197072117,0.8574061193927816,0.0019911504958159084
1027_ESL,SVR,Sem vazamento,KNN,0.2,0.40675737032767495,0.0019098570426372482,0.28791609328204143,0.0030181947022547553,0.5355069920820977,0.002728796936364356,0.8551419683515569,0.0017819635817545203
1027_ESL,SVR,Sem vazamento,KNN,0.3,0.4073639590583074,0.0015034405008908542,0.2926257603687338,0.0018233810941784426,0.5398123982607219,0.0017245506582785927,0.8527714359121608,0.0016428171976940113
1027_ESL,SVR,Sem vazamento,mean,0.05,0.4135841934533764,0.003244797997732523,0.2994549991764151,0.004507452787676739,0.5460646973693808,0.004427555056796552,0.8493331666210069,0.002165732717503507
1027_ESL,SVR,Sem vazamento,mean,0.1,0.4154163737431716,0.0029313377603128973,0.3006912274151021,0.004839427836283004,0.5472893924966038,0.004592373000465628,0.8488098538141574,0.0023840318528792663
1027_ESL,SVR,Sem vazamento,mean,0.2,0.4218393422083691,0.002368385148070758,0.31106046094388856,0.003958755087115918,0.5567619013961559,0.0034551946960249247,0.8435191847334051,0.0017047955739575113
1027_ESL,SVR,Sem vazamento,mean,0.3,0.4220792922825746,0.0014150413864061696,0.31360080711748545,0.0018807973052523323,0.5589649047201214,0.002163745232767458,0.8422211031508167,0.002520213396214194
1027_ESL,SVR,Sem vazamento,median,0.05,0.41384226667947915,0.003376912098299055,0.2997510628316715,0.004526663959933271,0.5463257373247729,0.004409091830315698,0.8491888805008462,0.00215041095387653
1027_ESL,SVR,Sem vazamento,median,0.1,0.415310751746379,0.0029930230981552474,0.3006486340983006,0.004895351354501957,0.5472409332592494,0.004659078661590709,0.8488327574600131,0.002428305582183022
1027_ESL,SVR,Sem vazamento,median,0.2,0.42069101691161864,0.0023612303857585264,0.31001588174847194,0.004561384659703301,0.5558047496622466,0.004193685742153499,0.844044814586287,0.002235244177108501
1027_ESL,SVR,Sem vazamento,median,0.3,0.42058282376882544,0.0015338841785803574,0.3111276107973043,0.001931293251691093,0.5566514475665546,0.0021808160055338537,0.8435129228200494,0.0019321187408166715
1028_SWD,DT,Com vazamento,KNN,0.05,0.5084999301624301,0.002717488737206249,0.4220135638715004,0.00469311906398668,0.6492524708246928,0.003639738676776925,0.35345151450120954,0.009401186928266617
1028_SWD,DT,Com vazamento,KNN,0.1,0.509383010970511,0.002873917693057786,0.42752477407964246,0.005580032885107432,0.6534805039230844,0.004460121598159654,0.3454407953208464,0.010015737310152636
1028_SWD,DT,Com vazamento,KNN,0.2,0.5139501285751286,0.0025569068185734766,0.43270589650671504,0.005123009424864141,0.6574095943156095,0.004078139445840752,0.337206318960206,0.010455242777556778
1028_SWD,DT,Com vazamento,KNN,0.3,0.5136912101787102,0.003773297085531154,0.44350429778368555,0.0086975400178218,0.6653871295809314,0.00662386251819468,0.3204992396269973,0.015758338310563058
1028_SWD,DT,Com vazamento,mean,0.05,0.510957683982684,0.00775160851899955,0.4461424176373437,0.016297691779020584,0.6675011715990303,0.012175821472555078,0.3161402840160686,0.0246982696502848
1028_SWD,DT,Com vazamento,mean,0.1,0.5088634018759018,0.00691034459259758,0.4446557083129012,0.010986139637706052,0.6662717513903788,0.007955458080025271,0.31934023599297773,0.01737153620215658
1028_SWD,DT,Com vazamento,mean,0.2,0.5241547378547379,0.007759575185115405,0.4696485180539158,0.01166213854445915,0.6847308452701716,0.008792766986525593,0.2799835799874409,0.017983453444038962
1028_SWD,DT,Com vazamento,mean,0.3,0.5323604497354498,0.005487504755979959,0.48917119633773315,0.009380331227010657,0.6989088646557193,0.00685604188864693,0.2504127411268677,0.016270578551389706
1028_SWD,DT,Com vazamento,median,0.05,0.5080475653975655,0.0036983670225409875,0.4333462655079372,0.005007620535459266,0.6578517205515476,0.003485476795525589,0.3365199839743027,0.008071319852630128
1028_SWD,DT,Com vazamento,median,0.1,0.5122006377881377,0.005726136202988543,0.4417174948482985,0.00979687173202339,0.6640878236417697,0.007096985855866801,0.32356135190017393,0.015268750603857958
1028_SWD,DT,Com vazamento,median,0.2,0.516675561013061,0.005314891451053465,0.44990675247052997,0.00646199262971226,0.6702832436105309,0.004981859645205501,0.31087660551636115,0.010663268531325286
1028_SWD,DT,Com vazamento,median,0.3,0.5191780844155844,0.005039970912055546,0.45360253423376035,0.006507199148855033,0.6729963430179172,0.0048463586422471385,0.3050476003490106,0.012527407504639218
1028_SWD,DT,Sem vazamento,KNN,0.05,0.509110452047952,0.0030406658967338336,0.4260073733597382,0.005096714328800283,0.652335278519799,0.0037918212711055125,0.3475389505051974,0.008748230575053436
1028_SWD,DT,Sem vazamento,KNN,0.1,0.5112483428608429,0.0054054122596308265,0.4327294090151135,0.009849720470687554,0.6573276550097618,0.007440786215568273,0.3376761520590414,0.016349970072021745
1028_SWD,DT,Sem vazamento,KNN,0.2,0.5172343517593517,0.006526788709396215,0.4434830698042302,0.009551762214368171,0.6654219361354022,0.007355752623890803,0.3208526905555772,0.016193204006959352
1028_SWD,DT,Sem vazamento,KNN,0.3,0.517191582954083,0.007398353085903272,0.4538830270496496,0.013636657695136395,0.6731859146280724,0.010279323136061431,0.3046572902546173,0.022769252809061478
1028_SWD,DT,Sem vazamento,mean,0.05,0.510957683982684,0.00775160851899955,0.4461424176373437,0.016297691779020584,0.6675011715990303,0.012175821472555078,0.3161402840160686,0.0246982696502848
1028_SWD,DT,Sem vazamento,mean,0.1,0.5088634018759018,0.00691034459259758,0.4446557083129012,0.010986139637706052,0.6662717513903788,0.007955458080025271,0.31934023599297773,0.01737153620215658
1028_SWD,DT,Sem vazamento,mean,0.2,0.5241547378547379,0.007759575185115405,0.4696485180539158,0.01166213854445915,0.6847308452701716,0.008792766986525593,0.2799835799874409,0.017983453444038962
1028_SWD,DT,Sem vazamento,mean,0.3,0.5323604497354498,0.005487504755979959,0.48917119633773315,0.009380331227010657,0.6989088646557193,0.00685604188864693,0.2504127411268677,0.016270578551389706
1028_SWD,DT,Sem vazamento,median,0.05,0.5080475653975655,0.0036983670225409875,0.4333462655079372,0.005007620535459266,0.6578517205515476,0.003485476795525589,0.3365199839743027,0.008071319852630128
1028_SWD,DT,Sem vazamento,median,0.1,0.5122006377881377,0.005726136202988543,0.4417174948482985,0.00979687173202339,0.6640878236417697,0.007096985855866801,0.32356135190017393,0.015268750603857958
1028_SWD,DT,Sem vazamento,median,0.2,0.516675561013061,0.005314891451053465,0.44990675247052997,0.00646199262971226,0.6702832436105309,0.004981859645205501,0.31087660551636115,0.010663268531325286
1028_SWD,DT,Sem vazamento,median,0.3,0.5191780844155844,0.005039970912055546,0.45360253423376035,0.006507199148855033,0.6729963430179172,0.0048463586422471385,0.3050476003490106,0.012527407504639218
1028_SWD,KNN,Com vazamento,KNN,0.05,0.5174666666666666,0.007035528883223106,0.43249333333333334,0.011852065923992587,0.6572602836449944,0.008951900244241378,0.3369953630852993,0.019201660233785382
1028_SWD,KNN,Com vazamento,KNN,0.1,0.5169,0.005686123459792224,0.4354733333333333,0.012172189066337512,0.6594230312694361,0.009058675319292905,0.33323227139223127,0.019724445150748744
1028_SWD,KNN,Com vazamento,KNN,0.2,0.5175,0.008128714535521584,0.4329799999999999,0.012199193415959942,0.6576228799087819,0.009219215300268337,0.3364125202763841,0.020150531572821817
1028_SWD,KNN,Com vazamento,KNN,0.3,0.5184,0.0038429155598321313,0.4367733333333333,0.005176418324156817,0.66050224683522,0.0039149311618681135,0.3313535949242397,0.008640539638842743
1028_SWD,KNN,Com vazamento,mean,0.05,0.5151666666666667,0.005113772254086701,0.43304666666666664,0.008534482214327163,0.6577143468279658,0.006344696706526498,0.3364266387582055,0.012984170726961838
1028_SWD,KNN,Com vazamento,mean,0.1,0.5154333333333333,0.0044405705339141816,0.43507333333333326,0.004796159574770874,0.6591119986884243,0.003715658689139575,0.33420662759697733,0.008922671128423439
1028_SWD,KNN,Com vazamento,mean,0.2,0.5162,0.004607819440906958,0.43632,0.007036726511667185,0.6601259014465806,0.005319622041045696,0.3319163688510764,0.012176952121896898
1028_SWD,KNN,Com vazamento,mean,0.3,0.5170666666666667,0.0042250049309636275,0.43525333333333327,0.008873499121917287,0.6593467372456697,0.006810070854852739,0.3337197446207232,0.015679717392721077
1028_SWD,KNN,Com vazamento,median,0.05,0.5163333333333334,0.003883640903413512,0.43250666666666665,0.008128160103410081,0.6573076959814467,0.0061472829387529985,0.33716287396725225,0.012746137216804907
1028_SWD,KNN,Com vazamento,median,0.1,0.5189333333333334,0.003196664928744719,0.43768,0.0030469394480363366,0.6612042280499658,0.002297340727491141,0.3300001084771243,0.0051636633328580525
1028_SWD,KNN,Com vazamento,median,0.2,0.5142,0.0030541774670113453,0.43286666666666657,0.0030431212047282246,0.6574655471474161,0.002439441903739855,0.33709003341068877,0.003317045224970187
1028_SWD,KNN,Com vazamento,median,0.3,0.5167333333333334,0.005565129528291952,0.4311066666666667,0.00667027635609404,0.6561798036014671,0.005076870922495973,0.3392594531604955,0.010263607191237254
1028_SWD,KNN,Sem vazamento,KNN,0.05,0.5176666666666667,0.006410824179983936,0.43326666666666663,0.011369704774824468,0.6578519160349837,0.008549666010244154,0.3359448729973123,0.018304874635962354
1028_SWD,KNN,Sem vazamento,KNN,0.1,0.5143333333333334,0.004754226190103555,0.4300266666666666,0.007662131992250379,0.6553112464185498,0.005920833855075971,0.3417361742620287,0.014131626102612952
1028_SWD,KNN,Sem vazamento,KNN,0.2,0.5177666666666667,0.007563508885872158,0.43415333333333334,0.011262949288115722,0.6585165514285866,0.008580324388166511,0.33486462846042087,0.018673519999734003
1028_SWD,KNN,Sem vazamento,KNN,0.3,0.5162666666666668,0.0059607605778680935,0.4339733333333333,0.010057392637590853,0.658422556951361,0.00771723686677547,0.3352631829543677,0.014716039501092418
1028_SWD,KNN,Sem vazamento,mean,0.05,0.5151666666666667,0.005113772254086701,0.43304666666666664,0.008534482214327163,0.6577143468279658,0.006344696706526498,0.3364266387582055,0.012984170726961838
1028_SWD,KNN,Sem vazamento,mean,0.1,0.5151,0.0046091213913282995,0.43477999999999994,0.004549584596421939,0.6588890932197177,0.0035241878784763032,0.3345781116532181,0.008336656277000424
1028_SWD,KNN,Sem vazamento,mean,0.2,0.5164000000000001,0.004468556814006064,0.4363466666666666,0.006962696795543128,0.660147567974074,0.0052563654401662965,0.33187841958965053,0.012045091794893327
1028_SWD,KNN,Sem vazamento,mean,0.3,0.5170666666666667,0.0036653330908208936,0.43507999999999997,0.006613053757531382,0.6592395040005944,0.005004646418427353,0.3338277975488519,0.012062264389890076
1028_SWD,KNN,Sem vazamento,median,0.05,0.5163333333333334,0.003883640903413512,0.43250666666666665,0.008128160103410081,0.6573076959814467,0.0061472829387529985,0.33716287396725225,0.012746137216804907
1028_SWD,KNN,Sem vazamento,median,0.1,0.5189333333333334,0.003196664928744719,0.43768,0.0030469394480363366,0.6612042280499658,0.002297340727491141,0.3300001084771243,0.0051636633328580525
1028_SWD,KNN,Sem vazamento,median,0.2,0.5142,0.0030541774670113453,0.43286666666666657,0.0030431212047282246,0.6574655471474161,0.002439441903739855,0.33709003341068877,0.003317045224970187
1028_SWD,KNN,Sem vazamento,median,0.3,0.5167333333333334,0.005565129528291952,0.4311066666666667,0.00667027635609404,0.6561798036014671,0.005076870922495973,0.3392594531604955,0.010263607191237254
1028_SWD,LR,Com vazamento,KNN,0.05,0.509635949760152,0.0004068345348238515,0.4000936333171085,0.0021216563280261483,0.6320654789978252,0.0017420068193185916,0.388171043015688,0.004399526005118652
1028_SWD,LR,Com vazamento,KNN,0.1,0.5106942081113529,0.00039258715529644846,0.4017075835522983,0.0019636903012305567,0.6333330053322638,0.0016195768363956146,0.3858472702305344,0.004191737665298535
1028_SWD,LR,Com vazamento,KNN,0.2,0.5100260019595539,0.000496995826920508,0.4004277396587046,0.0021212503336204436,0.6323320647695582,0.0017207289773978084,0.38772572493780055,0.004365211162789195
1028_SWD,LR,Com vazamento,KNN,0.3,0.5125573393701706,0.0003860799928539553,0.4041202220441205,0.0023541651884652396,0.6352327980428365,0.001915008770280253,0.3821392914181951,0.00456743928987161
1028_SWD,LR,Com vazamento,mean,0.05,0.5113031752701197,0.00039810507839279204,0.4028842236121812,0.0017306334854577691,0.6342744570894187,0.0014794449248836262,0.3839471237326173,0.00397027555452483
1028_SWD,LR,Com vazamento,mean,0.1,0.5112838654174353,0.0005884452603053054,0.40401820430552876,0.0017038057142269843,0.6351435765980501,0.0013812336229827742,0.38240232131079704,0.0032872472853294537
1028_SWD,LR,Com vazamento,mean,0.2,0.5119060133302381,0.0006361307571667583,0.40497313371888005,0.002016041906470231,0.6359355056079063,0.0016161131714590416,0.3807628407548165,0.003868987943239363
1028_SWD,LR,Com vazamento,mean,0.3,0.5148437926097111,0.0009936326105531965,0.4073619131014019,0.0026014175478955024,0.6377543041449224,0.0021263904417716446,0.3773703812755344,0.004717785897771454
1028_SWD,LR,Com vazamento,median,0.05,0.5110427220886603,0.0003801097423112616,0.4026867429615663,0.0016980260582673498,0.634120090862936,0.001466244579486716,0.38425800623486833,0.0039201454983876245
1028_SWD,LR,Com vazamento,median,0.1,0.5113936038912781,0.0005551266640392459,0.4039997672277744,0.0017503865693649521,0.6351281399831543,0.0014292019031696109,0.3824245118146333,0.003271839739481919
1028_SWD,LR,Com vazamento,median,0.2,0.511854872620363,0.0006231340731932865,0.40485784551120596,0.001957789637424532,0.6358447263193463,0.0015681726225249782,0.380941139172059,0.003745413330391264
1028_SWD,LR,Com vazamento,median,0.3,0.5147908426823523,0.0009728629848925748,0.4072967265482808,0.002573808797795834,0.6377027587041723,0.002103884976968795,0.37747201449873274,0.004657123560099243
1028_SWD,LR,Sem vazamento,KNN,0.05,0.5094729022695562,0.0003940615000222131,0.399905076655577,0.0020999161488552587,0.6319252240518413,0.0016984353694860929,0.3884189970699649,0.004169367882241515
1028_SWD,LR,Sem vazamento,KNN,0.1,0.5112583266405678,0.0004047288903545281,0.40292279000322734,0.002107719471980053,0.634259051388771,0.0018102019800715513,0.3840717913648524,0.004981489852628103
1028_SWD,LR,Sem vazamento,KNN,0.2,0.5107760539074198,0.0007521485782157006,0.4015516268454418,0.0023591447438063404,0.6332260172453109,0.0018847040722145066,0.38602085648186035,0.004574333650263539
1028_SWD,LR,Sem vazamento,KNN,0.3,0.5135032211353906,0.00035150727370064313,0.40560987253384595,0.002436588906510455,0.6363966159263769,0.001973745182245394,0.37994210288217256,0.004487892217235132
1028_SWD,LR,Sem vazamento,mean,0.05,0.5113076305391532,0.0003945146156314897,0.402893843467953,0.0017076065185738815,0.6342826192329326,0.001459797541414564,0.3839319051072884,0.003929859168200571
1028_SWD,LR,Sem vazamento,mean,0.1,0.511261878370346,0.0005307373617820761,0.40401082273905753,0.0016253408179229465,0.635138745326044,0.001330713339067967,0.3824114475420186,0.0032505489263248374
1028_SWD,LR,Sem vazamento,mean,0.2,0.5119002045471192,0.0006319505182421141,0.40497672866745543,0.00201006632565942,0.6359384699243736,0.0016123219534292515,0.38075861082914025,0.003859330603140609
1028_SWD,LR,Sem vazamento,mean,0.3,0.5148488765754583,0.0009910080889262679,0.40736635960087475,0.0026058390543897813,0.6377583074182014,0.0021290277821544757,0.37736314742495525,0.004718840075704104
1028_SWD,LR,Sem vazamento,median,0.05,0.5110427220886603,0.0003801097423112616,0.4026867429615663,0.0016980260582673498,0.634120090862936,0.001466244579486716,0.38425800623486833,0.0039201454983876245
1028_SWD,LR,Sem vazamento,median,0.1,0.5113936038912781,0.0005551266640392459,0.4039997672277744,0.0017503865693649521,0.6351281399831543,0.0014292019031696109,0.3824245118146333,0.003271839739481919
1028_SWD,LR,Sem vazamento,median,0.2,0.511854872620363,0.0006231340731932865,0.40485784551120596,0.001957789637424532,0.6358447263193463,0.0015681726225249782,0.380941139172059,0.003745413330391264
1028_SWD,LR,Sem vazamento,median,0.3,0.5147908426823523,0.0009728629848925748,0.4072967265482808,0.002573808797795834,0.6377027587041723,0.002103884976968795,0.37747201449873274,0.004657123560099243
1028_SWD,RF,Com vazamento,KNN,0.05,0.509262224034538,0.0031715648305701487,0.41903812493955767,0.004810980123344116,0.6469232316162898,0.003761588704417931,0.35788005463715455,0.00917653036787681
1028_SWD,RF,Com vazamento,KNN,0.1,0.5095540176670106,0.0034628722320305784,0.4231842360697124,0.005390271892443204,0.6501190372135818,0.004295584913250457,0.35188717638030137,0.009466150626560461
1028_SWD,RF,Com vazamento,KNN,0.2,0.5128930867097884,0.0033303376448172964,0.42506797992122913,0.0050016847402074025,0.6515549649370395,0.003963377651072249,0.348740809435655,0.00958941612195888
1028_SWD,RF,Com vazamento,KNN,0.3,0.5132024202364035,0.0041394486250601915,0.4318036729847956,0.007150580491837272,0.6565897502600203,0.005558310159451623,0.3383248009855708,0.01271923527639706
1028_SWD,RF,Com vazamento,mean,0.05,0.5099184283493895,0.004358730437440431,0.427064272560244,0.008126595513373525,0.6530668435461334,0.006170257418691308,0.3460121169245442,0.012665387683485192
1028_SWD,RF,Com vazamento,mean,0.1,0.5059826019658394,0.003457723536623948,0.4242173964927114,0.0069414038279279194,0.6507233080560658,0.005205415040131115,0.3506395581195767,0.011355013357868201
1028_SWD,RF,Com vazamento,mean,0.2,0.5190568340441116,0.006752663609287802,0.44298954864397205,0.008502632554009385,0.6650582852457009,0.006547042877658979,0.32131044386972246,0.012930767545720461
1028_SWD,RF,Com vazamento,mean,0.3,0.5242329912744407,0.006250788153089757,0.45336431641175623,0.009175230492379458,0.6728501359226745,0.006961642716607879,0.3054452351993565,0.014293516661736743
1028_SWD,RF,Com vazamento,median,0.05,0.5093979349426663,0.003974119920369006,0.42395480289452575,0.006986869327597036,0.6506906798015222,0.005281297335540009,0.3506926380003062,0.011061712331341999
1028_SWD,RF,Com vazamento,median,0.1,0.5101216488914292,0.003671480891266585,0.4277998175883367,0.006893244854863319,0.653504376041755,0.005084166582172036,0.34480962082466543,0.011515492768223256
1028_SWD,RF,Com vazamento,median,0.2,0.5133478791135304,0.005182912203237795,0.4325541435743944,0.006597765176109007,0.657252280977211,0.0051509762522390775,0.33738472692389143,0.010257822625381522
1028_SWD,RF,Com vazamento,median,0.3,0.5157050388696426,0.005537723175204286,0.43455402429321915,0.007960895602071135,0.6587369731915412,0.006093173266948181,0.33430555753599717,0.012980589396254403
1028_SWD,RF,Sem vazamento,KNN,0.05,0.5096688262543713,0.0035938306243072232,0.42169209110183375,0.005860423476133471,0.6489731298264384,0.0044842727389624235,0.3539341108543124,0.010026744246361971
1028_SWD,RF,Sem vazamento,KNN,0.1,0.5100911730283832,0.004368293784416014,0.4246992403719281,0.008234873146577133,0.6511750200066898,0.006347382379666413,0.3498074938836704,0.013893308776238672
1028_SWD,RF,Sem vazamento,KNN,0.2,0.5153571397885395,0.006292652413006181,0.4310484882262016,0.007977224981453347,0.6560623689393675,0.0062483982825259285,0.3398177804951301,0.012848589065292062
1028_SWD,RF,Sem vazamento,KNN,0.3,0.5155545221079654,0.006419159263157001,0.43728269053606156,0.010167334824977678,0.6607669902446129,0.0078040039527801025,0.3300599367404518,0.016715637836335777
1028_SWD,RF,Sem vazamento,mean,0.05,0.5099184283493895,0.004358730437440431,0.427064272560244,0.008126595513373525,0.6530668435461334,0.006170257418691308,0.3460121169245442,0.012665387683485192
1028_SWD,RF,Sem vazamento,mean,0.1,0.5059831112250986,0.003457891588257689,0.4242172562992757,0.006941907214258569,0.6507232068293315,0.005205797636346725,0.3506397211916377,0.011355749839001306
1028_SWD,RF,Sem vazamento,mean,0.2,0.5190587058389835,0.0067501680074624065,0.44299031518562315,0.008499827369907504,0.6650589140294261,0.006544945676892112,0.3213094315227931,0.012926536765371935
1028_SWD,RF,Sem vazamento,mean,0.3,0.524232606659056,0.006251058214853784,0.4533635086283004,0.009175573715715226,0.6728495731488465,0.006961934342799491,0.3054464625055115,0.014294157721797223
1028_SWD,RF,Sem vazamento,median,0.05,0.5093979349426663,0.003974119920369006,0.42395480289452575,0.006986869327597036,0.6506906798015222,0.005281297335540009,0.3506926380003062,0.011061712331341999
1028_SWD,RF,Sem vazamento,median,0.1,0.5101216488914292,0.003671480891266585,0.4277998175883367,0.006893244854863319,0.653504376041755,0.005084166582172036,0.34480962082466543,0.011515492768223256
1028_SWD,RF,Sem vazamento,median,0.2,0.5133478791135304,0.005182912203237795,0.4325541435743944,0.006597765176109007,0.657252280977211,0.0051509762522390775,0.33738472692389143,0.010257822625381522
1028_SWD,RF,Sem vazamento,median,0.3,0.5157050388696426,0.005537723175204286,0.43455402429321915,0.007960895602071135,0.6587369731915412,0.006093173266948181,0.33430555753599717,0.012980589396254403
1028_SWD,SVR,Com vazamento,KNN,0.05,0.5057501980379518,0.001736254101243104,0.40649780992007384,0.0016790864781650236,0.6370402047847445,0.0013816985416426118,0.3777868191247776,0.004627223175490742
1028_SWD,SVR,Com vazamento,KNN,0.1,0.5071038483273717,0.0017773269846185088,0.40870585665989495,0.0019005624769482107,0.6387987718170779,0.0016360013321898626,0.3745886196327348,0.005285264895813204
1028_SWD,SVR,Com vazamento,KNN,0.2,0.5063602751503065,0.0015046961827867174,0.4079538269126359,0.0015604200006307846,0.6381845372487979,0.0012445664260138257,0.3756632407973359,0.004475505859861453
1028_SWD,SVR,Com vazamento,KNN,0.3,0.5100749279970632,0.002127841751674101,0.4112803846328507,0.002699741782324623,0.6407615585191998,0.0020553809679293112,0.3706655003237882,0.0054553339605268
1028_SWD,SVR,Com vazamento,mean,0.05,0.508322047762473,0.0023226556073232658,0.4105547276495372,0.0022434609464904577,0.6402107353670639,0.0017779015294270316,0.3715953280151805,0.00566397968406397
1028_SWD,SVR,Com vazamento,mean,0.1,0.5064223066349544,0.001571532800779672,0.4101098439075266,0.0012383202512952377,0.6398804262153369,0.0007985389327541251,0.3725327575572855,0.002569492820061071
1028_SWD,SVR,Com vazamento,mean,0.2,0.5081046503262622,0.0015592057476118725,0.4117580472611119,0.0012762777072890343,0.6411659368890884,0.0010789191570326458,0.3699877700277654,0.004000605485438879
1028_SWD,SVR,Com vazamento,mean,0.3,0.5121660220666012,0.001847801398857902,0.41493938120995,0.002425838646068111,0.6435653210753584,0.0018242252965641327,0.3654702930632581,0.004360690535760551
1028_SWD,SVR,Com vazamento,median,0.05,0.5081589616321941,0.0023468861069523834,0.4100774783299457,0.002307753121262751,0.639842760216572,0.00184695494269853,0.3723573072956386,0.005718920137520823
1028_SWD,SVR,Com vazamento,median,0.1,0.5070146273764026,0.002121421627419341,0.40981296551042856,0.0019091137883444204,0.6396622968521295,0.0012759565990616926,0.37298651403175853,0.0031567573114678615
1028_SWD,SVR,Com vazamento,median,0.2,0.5080560107942228,0.0016413347578778685,0.41160825725286837,0.0014753642609590433,0.6410502784272553,0.0012170444307609248,0.3702308015812983,0.004317965442022972
1028_SWD,SVR,Com vazamento,median,0.3,0.5119859380464916,0.0019404322648265114,0.41466949192583513,0.002548334744566594,0.6433589516952732,0.0019168028644768586,0.36588415744105734,0.0044219661955198055
1028_SWD,SVR,Sem vazamento,KNN,0.05,0.5056348352536052,0.0015952815670599479,0.4064115109510215,0.0016343612584751425,0.6369722932476597,0.0013153812614230922,0.3778576539406719,0.004460379066044179
1028_SWD,SVR,Sem vazamento,KNN,0.1,0.5078144491289939,0.00215446640692196,0.4103165227878822,0.002814061864874749,0.6400138888545412,0.0023617870235652662,0.37224170059363226,0.0067336425094574204
1028_SWD,SVR,Sem vazamento,KNN,0.2,0.5072936742368134,0.0019439193333136338,0.40922497129377283,0.002257361886150782,0.6391571283719891,0.0017602244997820275,0.37373982573396275,0.005443795218787764
1028_SWD,SVR,Sem vazamento,KNN,0.3,0.5112689191798161,0.001530819413548954,0.413300165274324,0.0017465258519209392,0.6423254794310355,0.0012632551366461757,0.3677691378214147,0.004086193540634141
1028_SWD,SVR,Sem vazamento,mean,0.05,0.5083637456550973,0.0023242984082440586,0.41058497711553704,0.002212137348331116,0.6402360203224761,0.0017544897868253502,0.3715467780977266,0.005613171136761534
1028_SWD,SVR,Sem vazamento,mean,0.1,0.50647814603305,0.001538057847478674,0.41013403916219815,0.0013767144351299872,0.6398982643762078,0.0009247610985268136,0.37250349905752334,0.0027004167689986362
1028_SWD,SVR,Sem vazamento,mean,0.2,0.5081070927541783,0.0015637268019884263,0.41171822336549874,0.0013008791671912617,0.6411346607214824,0.001097113920742208,0.3700536502138357,0.004018565082865605
1028_SWD,SVR,Sem vazamento,mean,0.3,0.5120964793354218,0.0018430549010569983,0.4148004489070885,0.0023835314051207745,0.6434629978224456,0.0017774213750915949,0.36566901303666527,0.004251310204856526
1028_SWD,SVR,Sem vazamento,median,0.05,0.5081589616321941,0.0023468861069523834,0.4100774783299457,0.002307753121262751,0.639842760216572,0.00184695494269853,0.3723573072956386,0.005718920137520823
1028_SWD,SVR,Sem vazamento,median,0.1,0.5070146273764026,0.002121421627419341,0.40981296551042856,0.0019091137883444204,0.6396622968521295,0.0012759565990616926,0.37298651403175853,0.0031567573114678615
1028_SWD,SVR,Sem vazamento,median,0.2,0.5080560107942228,0.0016413347578778685,0.41160825725286837,0.0014753642609590433,0.6410502784272553,0.0012170444307609248,0.3702308015812983,0.004317965442022972
1028_SWD,SVR,Sem vazamento,median,0.3,0.5119859380464916,0.0019404322648265114,0.41466949192583513,0.002548334744566594,0.6433589516952732,0.0019168028644768586,0.36588415744105734,0.0044219661955198055
1029_LEV,DT,Com vazamento,KNN,0.05,0.501341159620107,0.004409216719722439,0.45537208554622755,0.009766138993213368,0.674057843034396,0.006964984329703734,0.49812951954518586,0.010609379169169346
1029_LEV,DT,Com vazamento,KNN,0.1,0.5039119157021666,0.003656754774820653,0.4653186763680132,0.008293214639052663,0.6813406491966445,0.005910491795760451,0.48746663586795336,0.00949993449592055
1029_LEV,DT,Com vazamento,KNN,0.2,0.5030220758935692,0.00911061255704165,0.4657531023442834,0.018794072838721823,0.6815095650732474,0.01371249831728867,0.4868948450003354,0.021411558683065754
1029_LEV,DT,Com vazamento,KNN,0.3,0.5050641360645071,0.005042204461160037,0.47717669059309475,0.013903942689789192,0.6898987114668111,0.010114138175085507,0.4746932245797157,0.016068063680379
1029_LEV,DT,Com vazamento,mean,0.05,0.5027365533854117,0.005894567188243423,0.4561797376861703,0.012815395794523139,0.6745330299652315,0.009194925139099645,0.49731388999387177,0.014276000218723403
1029_LEV,DT,Com vazamento,mean,0.1,0.502269693806652,0.006426760529491098,0.4689596208774441,0.0109088175340639,0.6841143846918457,0.007845322464238183,0.4831301174308713,0.012726945824076932
1029_LEV,DT,Com vazamento,mean,0.2,0.5140567829737915,0.009450549041903978,0.5063928950608071,0.020302628133516805,0.7106203437733268,0.014287473458012267,0.4421181055633778,0.022855874593989602
1029_LEV,DT,Com vazamento,mean,0.3,0.515098462500978,0.006663735680347168,0.5085290135331447,0.019202441872170104,0.712170681471747,0.013466991183568072,0.4398075661997887,0.021773185335918356
1029_LEV,DT,Com vazamento,median,0.05,0.500053851882122,0.005400100844125617,0.4545480176000627,0.012632360338341411,0.6733621334892709,0.009060176301424446,0.4991167392203491,0.013996114067230002
1029_LEV,DT,Com vazamento,median,0.1,0.49954380892011846,0.006254281472309411,0.4636970256895591,0.00883828479733571,0.6803557930697961,0.006324975876278178,0.4888975122107973,0.010093167581015302
1029_LEV,DT,Com vazamento,median,0.2,0.5127235866206377,0.0064896293619799,0.49375368303530176,0.016114563669683734,0.7017569317579055,0.011430381859100744,0.4561116409837658,0.018501454625609353
1029_LEV,DT,Com vazamento,median,0.3,0.5055435780847805,0.006544869852484241,0.48940390890803914,0.016121793209010978,0.698517489501655,0.011170985409056713,0.4610028392698045,0.017917108798712337
1029_LEV,DT,Sem vazamento,KNN,0.05,0.5005177312800394,0.004212184826653826,0.4533139599434628,0.008714850659709113,0.6724886365778389,0.006138566589687547,0.5003496508682971,0.009335596900620434
1029_LEV,DT,Sem vazamento,KNN,0.1,0.5014107709733046,0.004635766896779133,0.46490562748215797,0.006844139142497183,0.6809791508180862,0.004978573308117968,0.48772735857983734,0.00872594044659842
1029_LEV,DT,Sem vazamento,KNN,0.2,0.5063227109067042,0.012875224953605355,0.4767797779470877,0.029547764956606735,0.6893275420628776,0.020903249467272844,0.4747853612736848,0.03366508919429418
1029_LEV,DT,Sem vazamento,KNN,0.3,0.509131933807795,0.00859275828103588,0.48245645674910315,0.01714282799379981,0.6938092964541629,0.012531688883604572,0.46841102898931597,0.020189247235831004
1029_LEV,DT,Sem vazamento,mean,0.05,0.5033050904039488,0.006459666002596941,0.4580843690530645,0.014320021361157462,0.675930785201447,0.010244741801333748,0.495167944902615,0.015733753754896433
1029_LEV,DT,Sem vazamento,mean,0.1,0.502269693806652,0.006426760529491098,0.4689596208774441,0.0109088175340639,0.6841143846918457,0.007845322464238183,0.4831301174308713,0.012726945824076932
1029_LEV,DT,Sem vazamento,mean,0.2,0.5119895890565976,0.007892274462408014,0.5023547982048151,0.018255622423587005,0.7078261411424238,0.012921462195124267,0.4466813269714136,0.020772515963932467
1029_LEV,DT,Sem vazamento,mean,0.3,0.515098462500978,0.006663735680347168,0.5085290135331447,0.019202441872170104,0.712170681471747,0.013466991183568072,0.4398075661997887,0.021773185335918356
1029_LEV,DT,Sem vazamento,median,0.05,0.500053851882122,0.005400100844125617,0.4545480176000627,0.012632360338341411,0.6733621334892709,0.009060176301424446,0.4991167392203491,0.013996114067230002
1029_LEV,DT,Sem vazamento,median,0.1,0.49954380892011846,0.006254281472309411,0.4636970256895591,0.00883828479733571,0.6803557930697961,0.006324975876278178,0.4888975122107973,0.010093167581015302
1029_LEV,DT,Sem vazamento,median,0.2,0.5127235866206377,0.0064896293619799,0.49375368303530176,0.016114563669683734,0.7017569317579055,0.011430381859100744,0.4561116409837658,0.018501454625609353
1029_LEV,DT,Sem vazamento,median,0.3,0.5055435780847805,0.006544869852484241,0.48940390890803914,0.016121793209010978,0.698517489501655,0.011170985409056713,0.4610028392698045,0.017917108798712337
1029_LEV,KNN,Com vazamento,KNN,0.05,0.5068,0.004059556626036868,0.46946666666666664,0.009954413426549373,0.6845857725568162,0.006940303169465326,0.4824993306157929,0.01042026494769233
1029_LEV,KNN,Com vazamento,KNN,0.1,0.5074666666666667,0.0048623725347475,0.4696266666666667,0.007776463635012174,0.6846313149666544,0.005596516183816735,0.4822533079015477,0.008879805726772367
1029_LEV,KNN,Com vazamento,KNN,0.2,0.5036,0.004946109582287896,0.4622933333333333,0.0076000701751146385,0.6792536124078873,0.0054368456144168265,0.4901857445516787,0.008724685592515295
1029_LEV,KNN,Com vazamento,KNN,0.3,0.5113333333333334,0.007983649958926467,0.4773866666666667,0.01157917210627197,0.6901881780916681,0.008492840899832143,0.4738945435936818,0.013913459938843112
1029_LEV,KNN,Com vazamento,mean,0.05,0.5005333333333334,0.0029439202887759507,0.4626133333333333,0.008843444276223284,0.6793615807960273,0.006207502947301793,0.4901254618412043,0.00970836135712075
1029_LEV,KNN,Com vazamento,mean,0.1,0.5105666666666666,0.007305249254246323,0.4791,0.013626298103300074,0.6914354207060067,0.009782018261711696,0.47164386049162627,0.016077084415842324
1029_LEV,KNN,Com vazamento,mean,0.2,0.5105333333333334,0.006834812847962057,0.47298666666666667,0.010089445310157878,0.6869758089636856,0.007507741514314273,0.4786034347650274,0.01193328315752787
1029_LEV,KNN,Com vazamento,mean,0.3,0.5195666666666666,0.007832666638295476,0.48048666666666673,0.014030239722352126,0.6925785002470408,0.01017806146224152,0.4697095617468188,0.017531194433424404
1029_LEV,KNN,Com vazamento,median,0.05,0.5008333333333334,0.0064292042016619345,0.4616733333333333,0.009702368095813842,0.6786986767495601,0.006798411818986465,0.49087099660317995,0.01041170205008372
1029_LEV,KNN,Com vazamento,median,0.1,0.5047666666666667,0.005770846269540234,0.47802000000000006,0.009269675290968952,0.6905640624663377,0.007110683068574212,0.4733329800169391,0.01191970960373641
1029_LEV,KNN,Com vazamento,median,0.2,0.5133666666666666,0.008749323783394155,0.4719266666666666,0.009721840703625365,0.6862104191912429,0.007136028735107415,0.4801428445317353,0.01082535578024692
1029_LEV,KNN,Com vazamento,median,0.3,0.5211666666666667,0.007617261100071792,0.48915333333333333,0.011312984869903559,0.6985297860608135,0.008207466483774859,0.4609134234722046,0.014553426698512074
1029_LEV,KNN,Sem vazamento,KNN,0.05,0.49953333333333333,0.0031436708903233856,0.45727999999999996,0.00821970315765722,0.6755625104802016,0.005910956550846969,0.4952914532492529,0.008744297550795222
1029_LEV,KNN,Sem vazamento,KNN,0.1,0.5060333333333333,0.0021593208808944253,0.4657533333333333,0.004762346760439314,0.6818402437841206,0.00326984893942568,0.4865556409202818,0.005393952881593987
1029_LEV,KNN,Sem vazamento,KNN,0.2,0.5064333333333334,0.003856250337655336,0.46804666666666667,0.011676147766565231,0.6834617409662077,0.008370054484851975,0.4835026996115413,0.013483813610714372
1029_LEV,KNN,Sem vazamento,KNN,0.3,0.5172,0.007194442299441975,0.4799066666666667,0.018809132533603664,0.6918197647682621,0.013600588764558818,0.4712438890271398,0.0220692534151106
1029_LEV,KNN,Sem vazamento,mean,0.05,0.5009333333333333,0.0029303014634448577,0.46373333333333333,0.01061985059530814,0.6802135120509712,0.0075591373759569145,0.48879230980663824,0.012390900227682066
1029_LEV,KNN,Sem vazamento,mean,0.1,0.5107333333333334,0.007021870595978449,0.4793066666666667,0.013232412730362776,0.6916028167122255,0.009486095859038604,0.471418276791063,0.015619874744278962
1029_LEV,KNN,Sem vazamento,mean,0.2,0.5097333333333334,0.006475389306185936,0.4742,0.011316904170310912,0.6878743325857698,0.008424222663236922,0.47726728356280107,0.013347578137480448
1029_LEV,KNN,Sem vazamento,mean,0.3,0.5206666666666666,0.006960076627930688,0.48300000000000004,0.013366896423628056,0.6944458880783558,0.00971431300728706,0.46693778679972225,0.016609599046376645
1029_LEV,KNN,Sem vazamento,median,0.05,0.5008333333333334,0.0064292042016619345,0.4616733333333333,0.009702368095813842,0.6786986767495601,0.006798411818986465,0.49087099660317995,0.01041170205008372
1029_LEV,KNN,Sem vazamento,median,0.1,0.5047666666666667,0.005770846269540234,0.47802000000000006,0.009269675290968952,0.6905640624663377,0.007110683068574212,0.4733329800169391,0.01191970960373641
1029_LEV,KNN,Sem vazamento,median,0.2,0.5133666666666666,0.008749323783394155,0.4719266666666666,0.009721840703625365,0.6862104191912429,0.007136028735107415,0.4801428445317353,0.01082535578024692
1029_LEV,KNN,Sem vazamento,median,0.3,0.5211666666666667,0.007617261100071792,0.48915333333333333,0.011312984869903559,0.6985297860608135,0.008207466483774859,0.4609134234722046,0.014553426698512074
1029_LEV,LR,Com vazamento,KNN,0.05,0.4891107861812855,0.0016494220549110544,0.3999982195637621,0.002477249831471195,0.6317757740264115,0.0017607319404302532,0.55921796506983,0.003124646285055845
1029_LEV,LR,Com vazamento,KNN,0.1,0.49003272621556176,0.0016784523511328435,0.4031589392328541,0.0025661610021343543,0.634251802053237,0.0018036108290002577,0.5557681790904095,0.0031822093321398717
1029_LEV,LR,Com vazamento,KNN,0.2,0.4921696042409816,0.0014715073468320192,0.4049584451813402,0.0020506289101977497,0.6356562959363703,0.0012929381354554554,0.5538908602663692,0.0025600749986134518
1029_LEV,LR,Com vazamento,KNN,0.3,0.4942069822656681,0.0014882388902459922,0.4111129248375291,0.0025065134847318043,0.6403904292659905,0.0017314808873321026,0.546959358822555,0.003341659668810727
1029_LEV,LR,Com vazamento,mean,0.05,0.4879715625703869,0.0014736802453697182,0.3981738439736695,0.0023148779551107413,0.6303095520469246,0.0016156907858858327,0.561272067653316,0.002808531011632355
1029_LEV,LR,Com vazamento,mean,0.1,0.5025215429358578,0.0015794747158451362,0.4194160010888767,0.002423840866151194,0.646941351126507,0.0015643100307301463,0.5378084188906492,0.0031309402284217173
1029_LEV,LR,Com vazamento,mean,0.2,0.5279505960030777,0.001135085907463622,0.4623692968755309,0.0023546069076357916,0.6793038371357323,0.0015499129837217055,0.4910457131253943,0.0021901390238170727
1029_LEV,LR,Com vazamento,mean,0.3,0.518295383872985,0.0015277290974296462,0.4462787843557255,0.002515810355063045,0.6673400653156946,0.001674512303223636,0.5082075825797664,0.0036965532979310618
1029_LEV,LR,Com vazamento,median,0.05,0.4879836775434246,0.001472838798113015,0.3981898016316821,0.0023157313335788327,0.6303223284031715,0.0016160557568545455,0.56125382097039,0.0028099335764385455
1029_LEV,LR,Com vazamento,median,0.1,0.5030304165939757,0.0015579219193461,0.42124061286210407,0.002483656119108271,0.6483607836108727,0.0016229703721981523,0.5357407779122434,0.003283123824003009
1029_LEV,LR,Com vazamento,median,0.2,0.5279738181835608,0.0011353166545133475,0.46238611693054943,0.0023544348957579755,0.679316319516038,0.001550706530900501,0.4910271807672193,0.0021909055938360627
1029_LEV,LR,Com vazamento,median,0.3,0.5184070472562771,0.0013145102877192391,0.44662796542665345,0.002445547155456566,0.6676115870388362,0.0016430901663461635,0.507825276782459,0.003680763685552417
1029_LEV,LR,Sem vazamento,KNN,0.05,0.4888265304778617,0.0016593291167947746,0.39957591131676545,0.0023948653023624406,0.6314445076702823,0.0016694857881515987,0.5596597759943801,0.0032366489899720787
1029_LEV,LR,Sem vazamento,KNN,0.1,0.490771611054402,0.0013100940001944512,0.4036986172421125,0.0022286110224950238,0.6346348084235154,0.0016350900677386817,0.55513400672296,0.002941892566994736
1029_LEV,LR,Sem vazamento,KNN,0.2,0.5006779467184598,0.003376114680269311,0.41820015348014167,0.005951959304715668,0.6460153578262974,0.004517164277956496,0.5392319521935667,0.006707876763194733
1029_LEV,LR,Sem vazamento,KNN,0.3,0.5010680968279133,0.002276371310570472,0.4189915215927111,0.00358864673582393,0.646483905982168,0.0027440278897973226,0.538248596850363,0.004623160511965533
1029_LEV,LR,Sem vazamento,mean,0.05,0.4879711310951462,0.0014788126049739825,0.39815187979136013,0.0022991347704968404,0.6302911077447801,0.0015980366600138877,0.5612953190369767,0.0028181657360743808
1029_LEV,LR,Sem vazamento,mean,0.1,0.5025463282075825,0.0015630746562430142,0.4194043613899845,0.0023795913971410136,0.6469345215361534,0.0015315178627319061,0.5378235704283661,0.0030904948990963725
1029_LEV,LR,Sem vazamento,mean,0.2,0.5279834764313854,0.001118940123060849,0.4624004610423191,0.0023553075860425735,0.6793248662595289,0.0015309194388086066,0.49101913331244135,0.0021417140485453863
1029_LEV,LR,Sem vazamento,mean,0.3,0.5182746251300128,0.0015145456058628247,0.44634669385023534,0.002460869880474297,0.6673926498316233,0.001638290676346885,0.5081255597723986,0.003725675143381853
1029_LEV,LR,Sem vazamento,median,0.05,0.4879836775434246,0.001472838798113015,0.3981898016316821,0.0023157313335788327,0.6303223284031715,0.0016160557568545455,0.56125382097039,0.0028099335764385455
1029_LEV,LR,Sem vazamento,median,0.1,0.5030304165939757,0.0015579219193461,0.42124061286210407,0.002483656119108271,0.6483607836108727,0.0016229703721981523,0.5357407779122434,0.003283123824003009
1029_LEV,LR,Sem vazamento,median,0.2,0.5279738181835608,0.0011353166545133475,0.46238611693054943,0.0023544348957579755,0.679316319516038,0.001550706530900501,0.4910271807672193,0.0021909055938360627
1029_LEV,LR,Sem vazamento,median,0.3,0.5184070472562771,0.0013145102877192391,0.44662796542665345,0.002445547155456566,0.6676115870388362,0.0016430901663461635,0.507825276782459,0.003680763685552417
1029_LEV,RF,Com vazamento,KNN,0.05,0.5018657214291643,0.003706080867053784,0.45038711427598616,0.009066495342222295,0.6703508568076603,0.0064143637351434775,0.5036684993024818,0.009374729494007885
1029_LEV,RF,Com vazamento,KNN,0.1,0.503568714232549,0.004050631418609403,0.4591907716769504,0.0078114877789170496,0.6769158133253517,0.005525595761712304,0.49413038668385084,0.008572933715789295
1029_LEV,RF,Com vazamento,KNN,0.2,0.5019461712804704,0.006050180410948048,0.45588962192894167,0.010387381074597527,0.6743446857034665,0.0074755344394574225,0.49770259620194296,0.011954449282885483
1029_LEV,RF,Com vazamento,KNN,0.3,0.502910415105341,0.0031353177620091674,0.46417928069340353,0.008143046838209244,0.6805066738337845,0.005789620224773023,0.48884674318599775,0.009484932378109974
1029_LEV,RF,Com vazamento,mean,0.05,0.5015153951430781,0.004588028392359554,0.4473590460085671,0.00986594411337147,0.6680401816183008,0.007021615321123253,0.5070476321688977,0.010536591490758114
1029_LEV,RF,Com vazamento,mean,0.1,0.503210650047382,0.005904599097633659,0.457190600010882,0.00806383190900473,0.6754512576463032,0.005768048052244468,0.49629383817082,0.00940940210932054
1029_LEV,RF,Com vazamento,mean,0.2,0.5116068729235578,0.00785310045747342,0.4762659958912289,0.014602393317966136,0.6893136249917974,0.010584069785317026,0.4755125317250553,0.01675726439422356
1029_LEV,RF,Com vazamento,mean,0.3,0.5127139578298833,0.004863227010924921,0.48019113593505613,0.009987197722899048,0.6921460282990465,0.006955640070616634,0.47102686383512365,0.010945682621726228
1029_LEV,RF,Com vazamento,median,0.05,0.49966213263420883,0.004737526976923441,0.44760273599078576,0.010181878948287438,0.6682390889105839,0.007257504939264628,0.5067730156803261,0.010925747054545017
1029_LEV,RF,Com vazamento,median,0.1,0.5006868984323793,0.004328345135792457,0.45643696955507645,0.005809580491431258,0.6749384003345448,0.004135294299306245,0.49717285133892736,0.0065494170147195
1029_LEV,RF,Com vazamento,median,0.2,0.5105219336123037,0.006536067949454909,0.46903849093703937,0.013309713077525957,0.6840728665734847,0.009691830242563775,0.4835312319713723,0.015459148057454263
1029_LEV,RF,Com vazamento,median,0.3,0.506117430602211,0.005012372909416888,0.4684444342516687,0.011409235160285853,0.683534510889356,0.007905998690733088,0.48409426189173593,0.01190980063982963
1029_LEV,RF,Sem vazamento,KNN,0.05,0.5009595990082168,0.0036868617236495782,0.4482101317551473,0.008271182228785673,0.6687301281239365,0.005838226746805816,0.5059667758416748,0.008476541394118152
1029_LEV,RF,Sem vazamento,KNN,0.1,0.5007205497301038,0.005120024258457075,0.4566839608640385,0.00780401126894537,0.6750186391860035,0.005617414749388354,0.4968610577572699,0.009184532639424396
1029_LEV,RF,Sem vazamento,KNN,0.2,0.5044938680490706,0.008306624090039155,0.46104874820622777,0.013067017985613156,0.6781758508647946,0.009470401205624597,0.4921234950451039,0.015213354837009837
1029_LEV,RF,Sem vazamento,KNN,0.3,0.5050206096517557,0.005154821515546933,0.4654921530678721,0.010328490490657004,0.6815142826364887,0.0075478863029332585,0.48716616875037344,0.012444082995034179
1029_LEV,RF,Sem vazamento,mean,0.05,0.501676836606185,0.004697031100163113,0.4473954717346766,0.010047650082775061,0.6680778592280191,0.007170418828689922,0.5070009272592809,0.010742621042649279
1029_LEV,RF,Sem vazamento,mean,0.1,0.5032010071902392,0.0058899400209243445,0.45719483847844455,0.008069155749807887,0.6754546908953653,0.005772181388886876,0.4962888999700392,0.009413905565355884
1029_LEV,RF,Sem vazamento,mean,0.2,0.5113060370733303,0.007321124700612121,0.4758379076855877,0.014521356313524079,0.6890451132912413,0.010572959817749321,0.47600739230725236,0.016762105793515527
1029_LEV,RF,Sem vazamento,mean,0.3,0.512705741560042,0.004861942605342033,0.4801970803646653,0.00999532953962848,0.6921505666525882,0.006961523352737972,0.47102020973684966,0.010950841544705808
1029_LEV,RF,Sem vazamento,median,0.05,0.49966213263420883,0.004737526976923441,0.44760273599078576,0.010181878948287438,0.6682390889105839,0.007257504939264628,0.5067730156803261,0.010925747054545017
1029_LEV,RF,Sem vazamento,median,0.1,0.5006868984323793,0.004328345135792457,0.45643696955507645,0.005809580491431258,0.6749384003345448,0.004135294299306245,0.49717285133892736,0.0065494170147195
1029_LEV,RF,Sem vazamento,median,0.2,0.5105219336123037,0.006536067949454909,0.46903849093703937,0.013309713077525957,0.6840728665734847,0.009691830242563775,0.4835312319713723,0.015459148057454263
1029_LEV,RF,Sem vazamento,median,0.3,0.506117430602211,0.005012372909416888,0.4684444342516687,0.011409235160285853,0.683534510889356,0.007905998690733088,0.48409426189173593,0.01190980063982963
1029_LEV,SVR,Com vazamento,KNN,0.05,0.4849360990481693,0.0009772901737039206,0.4045524730875724,0.0015839983508503027,0.6352749165981244,0.0011385728474754473,0.5541106695998587,0.002197781863764506
1029_LEV,SVR,Com vazamento,KNN,0.1,0.48651515543284374,0.0011870335899480786,0.40753049796815305,0.0018888393899214619,0.6376021435934414,0.0012306237213043126,0.550864339230274,0.0023726730239244757
1029_LEV,SVR,Com vazamento,KNN,0.2,0.48793970330815384,0.0010421047502773807,0.40983844554578286,0.0023205252340445575,0.6394002664756263,0.0016631817794695168,0.5484796649961236,0.0026206951903330594
1029_LEV,SVR,Com vazamento,KNN,0.3,0.49006538866096455,0.0010432514971603067,0.41638802745641473,0.0026324015659094768,0.6443267697997861,0.0016616467470868712,0.5410606314329308,0.0031318927285135093
1029_LEV,SVR,Com vazamento,mean,0.05,0.48390527183699467,0.0012307177497797442,0.4031536677136625,0.0020598118907201334,0.6341939450639287,0.0014337323754522065,0.5557272166567091,0.003187495653141085
1029_LEV,SVR,Com vazamento,mean,0.1,0.49888505058149407,0.0011116716264133993,0.4264219860537988,0.0017264575687282661,0.6522192942720433,0.0009780789679911409,0.5300238622198462,0.002189646056375084
1029_LEV,SVR,Com vazamento,mean,0.2,0.5247926983329679,0.0019187056937459168,0.4698069699309064,0.002255153727147489,0.6847197250194171,0.0015983961718370623,0.48275935554891086,0.002783553391054051
1029_LEV,SVR,Com vazamento,mean,0.3,0.5144281287387911,0.0016544872704073103,0.45527606105652924,0.0031050680071612125,0.6738720264218334,0.001922058794915634,0.49824838530993065,0.0036111301187571197
1029_LEV,SVR,Com vazamento,median,0.05,0.48394471333468436,0.0011785893901805726,0.4031237697921537,0.0019849577626703603,0.6341689702501617,0.0013758275498123762,0.5557579773451083,0.003109778328283359
1029_LEV,SVR,Com vazamento,median,0.1,0.49954844190907305,0.0008826209001065522,0.42881244798810797,0.0019247099116824636,0.6540469772703985,0.001117563249854532,0.5273231170027293,0.002388301153628796
1029_LEV,SVR,Com vazamento,median,0.2,0.5248518009554285,0.0019298853103443291,0.4698403955955683,0.002210272954389099,0.6847471329952063,0.0015600730409200487,0.4827212364776859,0.0027076194570910925
1029_LEV,SVR,Com vazamento,median,0.3,0.514649804816376,0.0015776533471865476,0.4564873766690753,0.003155922054531389,0.6747590671264523,0.0019138118369231457,0.4968908680087553,0.0036530115142472007
1029_LEV,SVR,Sem vazamento,KNN,0.05,0.4847678604048826,0.0010643665596199484,0.4041418540827177,0.0017525173620332075,0.6349614939315835,0.0013276883482533806,0.5545427787416775,0.002886604023006048
1029_LEV,SVR,Sem vazamento,KNN,0.1,0.48697487808801637,0.0011946462381994998,0.4084692635150596,0.0016101859796947408,0.6382943590202586,0.0010560047166813101,0.5498125977605852,0.002031928664864653
1029_LEV,SVR,Sem vazamento,KNN,0.2,0.496524305728734,0.003227981582010589,0.42386237954015504,0.006762828078099434,0.6503185970318933,0.005027728333438548,0.5329560830500196,0.007360495706927152
1029_LEV,SVR,Sem vazamento,KNN,0.3,0.4969727817918801,0.0024939198385816423,0.42675876597400375,0.0042453933593331605,0.6523021372081547,0.0030263695091956345,0.5296149153165554,0.004582355785795431
1029_LEV,SVR,Sem vazamento,mean,0.05,0.48395529132447107,0.0012129882745332205,0.403022025635239,0.0020502001041369897,0.6340869104179984,0.0014140842860001055,0.5558701796778299,0.0031620161158569127
1029_LEV,SVR,Sem vazamento,mean,0.1,0.4988686571253653,0.0011490501721818343,0.42635402019848495,0.001860164505094234,0.6521688874480828,0.0010898555699710459,0.5301080150671632,0.002178474977943737
1029_LEV,SVR,Sem vazamento,mean,0.2,0.5248654024970562,0.0019829342625072286,0.46983203522584094,0.0023667736849171056,0.6847375435602282,0.0016845729417086118,0.48273409328879313,0.002822441723215423
1029_LEV,SVR,Sem vazamento,mean,0.3,0.5145503623483468,0.0014483102512929116,0.4552424186586452,0.002606821632187316,0.6738570893574845,0.0015556300277872746,0.4982709329162183,0.003337669780815072
1029_LEV,SVR,Sem vazamento,median,0.05,0.48394471333468436,0.0011785893901805726,0.4031237697921537,0.0019849577626703603,0.6341689702501617,0.0013758275498123762,0.5557579773451083,0.003109778328283359
1029_LEV,SVR,Sem vazamento,median,0.1,0.49954844190907305,0.0008826209001065522,0.42881244798810797,0.0019247099116824636,0.6540469772703985,0.001117563249854532,0.5273231170027293,0.002388301153628796
1029_LEV,SVR,Sem vazamento,median,0.2,0.5248518009554285,0.0019298853103443291,0.4698403955955683,0.002210272954389099,0.6847471329952063,0.0015600730409200487,0.4827212364776859,0.0027076194570910925
1029_LEV,SVR,Sem vazamento,median,0.3,0.514649804816376,0.0015776533471865476,0.4564873766690753,0.003155922054531389,0.6747590671264523,0.0019138118369231457,0.4968908680087553,0.0036530115142472007
1030_ERA,DT,Com vazamento,KNN,0.05,1.2655337861786073,0.007544780015172433,2.53584231494152,0.030400483427866363,1.5912860267991285,0.009327728033546371,0.35204037121611703,0.007619406035683903
1030_ERA,DT,Com vazamento,KNN,0.1,1.2666404900988821,0.007344328666835563,2.5378937402459565,0.03076148902147839,1.5919298058811158,0.009443530366407039,0.3515172083920408,0.007744636944991057
1030_ERA,DT,Com vazamento,KNN,0.2,1.2794337031502865,0.01005332057853895,2.598373303779992,0.037709598514456676,1.610944646448444,0.011584433982147906,0.3360593161468896,0.009407348363576033
1030_ERA,DT,Com vazamento,KNN,0.3,1.2627356766456683,0.0077577935471314285,2.5322954276542604,0.03060991945266356,1.5902087140155838,0.009409970801852009,0.3529245305645134,0.007527164913988493
1030_ERA,DT,Com vazamento,mean,0.05,1.2934682129402877,0.013681445664196455,2.639772109012201,0.05673241672670223,1.6237483526792198,0.01735883749879516,0.3252162937814163,0.013927576131004716
1030_ERA,DT,Com vazamento,mean,0.1,1.2973883128538868,0.012777259395339819,2.676061244750077,0.055680605848760535,1.6347891448038148,0.016556967336209677,0.3158017369198784,0.014157293971459987
1030_ERA,DT,Com vazamento,mean,0.2,1.326130198232025,0.017993198113691652,2.773633497283479,0.05960810060190856,1.6645866651329395,0.017805753772055104,0.29119763102609647,0.0152640558599466
1030_ERA,DT,Com vazamento,mean,0.3,1.2996076561035996,0.015314911645054352,2.7040742333642487,0.06877439643896302,1.6428524641912372,0.020648262296863076,0.308877783017878,0.018986109922346818
1030_ERA,DT,Com vazamento,median,0.05,1.2909921560217983,0.01283450408034065,2.6356901044139556,0.053791061718272686,1.6224782171011132,0.01647481046058843,0.32632452363282427,0.0131223380796862
1030_ERA,DT,Com vazamento,median,0.1,1.2929008925110468,0.011274062420650826,2.6598104187821634,0.05142007629848459,1.629795333096866,0.015332245882100843,0.31994185296957856,0.013194620151655031
1030_ERA,DT,Com vazamento,median,0.2,1.323804310839441,0.01842839332179632,2.763479333227593,0.062086796176260145,1.6614906121202129,0.018594638549059607,0.2938688693333425,0.01581435645332168
1030_ERA,DT,Com vazamento,median,0.3,1.2956399792664761,0.014062441960237562,2.690003287843068,0.06600143858963298,1.6386744660834183,0.01989078531289063,0.31250778971241483,0.018239169358521514
1030_ERA,DT,Sem vazamento,KNN,0.05,1.2655337861786073,0.007544780015172433,2.53584231494152,0.030400483427866363,1.5912860267991285,0.009327728033546371,0.35204037121611703,0.007619406035683903
1030_ERA,DT,Sem vazamento,KNN,0.1,1.2663861402820322,0.007481587890674451,2.5379307801831508,0.030793123497864703,1.5919422546553268,0.00945471552282708,0.3515094188277888,0.007754891176119122
1030_ERA,DT,Sem vazamento,KNN,0.2,1.278965393681977,0.009359138995578217,2.5973767481384784,0.036060253077211044,1.6106278916450865,0.01107242049691755,0.3363111165265619,0.00905672339685963
1030_ERA,DT,Sem vazamento,KNN,0.3,1.2647110188960105,0.008501493103553304,2.5407131109702203,0.03151444546867536,1.5928491712754929,0.009492855257972579,0.3508424733364855,0.00771458353408555
1030_ERA,DT,Sem vazamento,mean,0.05,1.2934682129402877,0.013681445664196455,2.639772109012201,0.05673241672670223,1.6237483526792198,0.01735883749879516,0.3252162937814163,0.013927576131004716
1030_ERA,DT,Sem vazamento,mean,0.1,1.2973883128538868,0.012777259395339819,2.676061244750077,0.055680605848760535,1.6347891448038148,0.016556967336209677,0.3158017369198784,0.014157293971459987
1030_ERA,DT,Sem vazamento,mean,0.2,1.326130198232025,0.017993198113691652,2.773633497283479,0.05960810060190856,1.6645866651329395,0.017805753772055104,0.29119763102609647,0.0152640558599466
1030_ERA,DT,Sem vazamento,mean,0.3,1.2996076561035996,0.015314911645054352,2.7040742333642487,0.06877439643896302,1.6428524641912372,0.020648262296863076,0.308877783017878,0.018986109922346818
1030_ERA,DT,Sem vazamento,median,0.05,1.2909921560217983,0.01283450408034065,2.6356901044139556,0.053791061718272686,1.6224782171011132,0.01647481046058843,0.32632452363282427,0.0131223380796862
1030_ERA,DT,Sem vazamento,median,0.1,1.2929008925110468,0.011274062420650826,2.6598104187821634,0.05142007629848459,1.629795333096866,0.015332245882100843,0.31994185296957856,0.013194620151655031
1030_ERA,DT,Sem vazamento,median,0.2,1.3239878960744391,0.018177069835865516,2.762961365613758,0.06142181319005695,1.6613538885808372,0.018345842039257963,0.29398736945889453,0.015659084385511935
1030_ERA,DT,Sem vazamento,median,0.3,1.2962001137470052,0.015254205739378662,2.6916008308456827,0.06890388793625864,1.6391051362169995,0.020665034789052676,0.3121291543512047,0.019021279223340033
1030_ERA,KNN,Com vazamento,KNN,0.05,1.3292,0.02363455097944529,2.8241333333333336,0.06025437632792065,1.679114825075036,0.01764205213917697,0.2786672921468793,0.013478382133740037
1030_ERA,KNN,Com vazamento,KNN,0.1,1.3333666666666666,0.02771841746324394,2.8359799999999997,0.07568540678360663,1.6825939289087828,0.022481673636228428,0.27550849290937646,0.017658210704786497
1030_ERA,KNN,Com vazamento,KNN,0.2,1.3494,0.014181114201641549,2.9071200000000004,0.06869866024894514,1.7037214328601948,0.019744927702168742,0.2570512499431968,0.017440635454298258
1030_ERA,KNN,Com vazamento,KNN,0.3,1.3313333333333333,0.020271622201162506,2.83236,0.09683401055414385,1.6819804209523845,0.02862272671985163,0.27555180238863625,0.02407351217779803
1030_ERA,KNN,Com vazamento,mean,0.05,1.348766666666667,0.025197274984939667,2.8899666666666666,0.09817713759662518,1.699027891718404,0.028828495248540788,0.2606903328314242,0.02286521372810727
1030_ERA,KNN,Com vazamento,mean,0.1,1.3434666666666668,0.030781986074109473,2.8769733333333334,0.12339715048033592,1.6945788157941084,0.036597348560985676,0.26481753114058193,0.0303747459554182
1030_ERA,KNN,Com vazamento,mean,0.2,1.3731666666666669,0.017116736449062555,2.9422200000000003,0.05028757460844569,1.7142617789451282,0.015275965538956592,0.24841243059221937,0.01287735981900537
1030_ERA,KNN,Com vazamento,mean,0.3,1.3372333333333335,0.02905454640270039,2.8590866666666668,0.0829383980232719,1.6895353669655433,0.024487884399067395,0.2687270715222608,0.02048945345514858
1030_ERA,KNN,Com vazamento,median,0.05,1.3617666666666668,0.014678101602954826,2.9239800000000002,0.05469480560345732,1.7087016764051237,0.016697997587234538,0.2532361306920059,0.013779869453080636
1030_ERA,KNN,Com vazamento,median,0.1,1.3615333333333333,0.00928281566480064,2.94984,0.052363407070205065,1.7160346860322118,0.014761615260474165,0.24578277752409716,0.013593710704306058
1030_ERA,KNN,Com vazamento,median,0.2,1.3800000000000001,0.023384781375929132,2.9961866666666666,0.10114962435257334,1.7296994276635609,0.02986957104969853,0.23479812178901752,0.026095070427112194
1030_ERA,KNN,Com vazamento,median,0.3,1.3399666666666665,0.014645363316308226,2.877473333333333,0.05778024806684944,1.6952244685528608,0.017460137108803293,0.26457140656227934,0.01578230662436492
1030_ERA,KNN,Sem vazamento,KNN,0.05,1.3292,0.02363455097944529,2.8241333333333336,0.06025437632792065,1.679114825075036,0.01764205213917697,0.2786672921468793,0.013478382133740037
1030_ERA,KNN,Sem vazamento,KNN,0.1,1.3322333333333332,0.028563589877091095,2.8273266666666665,0.08545210557187378,1.6799167960474355,0.02545645785549134,0.27787161011853484,0.020322532291708845
1030_ERA,KNN,Sem vazamento,KNN,0.2,1.3542666666666667,0.015428112867964881,2.9252800000000003,0.0758421181138818,1.7090736126838,0.021855069188971937,0.25246549652007017,0.01992354949241655
1030_ERA,KNN,Sem vazamento,KNN,0.3,1.3396333333333332,0.01987819575984371,2.8560200000000004,0.06025847127168102,1.6890858667685977,0.01761216403399628,0.26956788633068124,0.015433613093488266
1030_ERA,KNN,Sem vazamento,mean,0.05,1.3487333333333333,0.025017647104927064,2.8902133333333335,0.09847451054291494,1.699103206666422,0.028915324217042536,0.2606261476844666,0.02293884264174888
1030_ERA,KNN,Sem vazamento,mean,0.1,1.3433333333333335,0.03078874253142972,2.8767333333333336,0.1231806209866904,1.694512013884454,0.03652941185614167,0.26487661253140277,0.030324908416356107
1030_ERA,KNN,Sem vazamento,mean,0.2,1.3731666666666664,0.017116736449062538,2.9420866666666665,0.050466935974622686,1.7142231910456485,0.015330302118882404,0.24844482462808867,0.012927693902870985
1030_ERA,KNN,Sem vazamento,mean,0.3,1.3364333333333331,0.027598381595062234,2.859646666666667,0.0840237696527992,1.689670034361093,0.024747140108184427,0.268576743472706,0.02076412478681396
1030_ERA,KNN,Sem vazamento,median,0.05,1.3617666666666668,0.014678101602954826,2.9239800000000002,0.05469480560345732,1.7087016764051237,0.016697997587234538,0.2532361306920059,0.013779869453080636
1030_ERA,KNN,Sem vazamento,median,0.1,1.3615333333333333,0.00928281566480064,2.94984,0.052363407070205065,1.7160346860322118,0.014761615260474165,0.24578277752409716,0.013593710704306058
1030_ERA,KNN,Sem vazamento,median,0.2,1.3808,0.020786149234526378,2.9976000000000003,0.0843589511551679,1.7303216959893708,0.024701759211592306,0.23432881693535693,0.021573840970437536
1030_ERA,KNN,Sem vazamento,median,0.3,1.3463333333333332,0.02175193477984583,2.9035333333333337,0.09400426770453918,1.7029174056945335,0.028031292400299855,0.2576454728232876,0.024978421331245525
1030_ERA,LR,Com vazamento,KNN,0.05,1.2562238303538527,0.003399510118907425,2.4714323377924976,0.010794684376534774,1.5710833851584798,0.0038510975905868662,0.3687991024315019,0.0034118710097886676
1030_ERA,LR,Com vazamento,KNN,0.1,1.2562873297645474,0.003392999712765979,2.4714765710484614,0.010760512760330122,1.57109734159533,0.0038369234617484397,0.3687872182611666,0.00339958606177211
1030_ERA,LR,Com vazamento,KNN,0.2,1.2742381461911023,0.0034462728777937416,2.548798878635966,0.010990691816847725,1.59556207452962,0.0038602152318565923,0.34923984257058865,0.0033062068544233185
1030_ERA,LR,Com vazamento,KNN,0.3,1.2573830239501598,0.0033152759875642807,2.4783409063305113,0.010789736738499754,1.5732940453782547,0.003844527789956544,0.3670455243692383,0.0034120714290828587
1030_ERA,LR,Com vazamento,mean,0.05,1.2619940498926001,0.0032893026152622856,2.4869729050977685,0.010799998490064435,1.5760150525599947,0.0038440174560636564,0.3648411456747403,0.0033906327859597614
1030_ERA,LR,Com vazamento,mean,0.1,1.2543903604779352,0.003682428127796242,2.47401621611056,0.011996436501101309,1.571956184043217,0.004284622273886805,0.3680866194901526,0.003767200974632836
1030_ERA,LR,Com vazamento,mean,0.2,1.2942643207199704,0.004027638813909733,2.6177890314043113,0.013538270186732577,1.6168064326588152,0.0048226106305191765,0.3319790534035643,0.0038242798350005174
1030_ERA,LR,Com vazamento,mean,0.3,1.2778749640069795,0.0031953454820427495,2.5254121888139154,0.011843218152910583,1.5883135045650907,0.003974951286377711,0.35491486696934177,0.00341205097992603
1030_ERA,LR,Com vazamento,median,0.05,1.2625988775408716,0.003282772790937519,2.488309729622531,0.010793668392110677,1.5764151429163569,0.003855556125151864,0.3645159402971782,0.0033551969903066045
1030_ERA,LR,Com vazamento,median,0.1,1.2548170914040433,0.0036815735316382396,2.4746218858805737,0.011936417967691446,1.5721463240088687,0.004259668729922603,0.36793538700872436,0.0037457702650140275
1030_ERA,LR,Com vazamento,median,0.2,1.2944453245341194,0.004062581586656145,2.618461685571044,0.013795672733932545,1.6170742997186822,0.004859611221924505,0.3318017676488039,0.00386265761221222
1030_ERA,LR,Com vazamento,median,0.3,1.2775267044822638,0.003201321425591075,2.524549061114301,0.01188575860398659,1.588050007205707,0.0039861015604610965,0.3551362491625212,0.0034178373617639655
1030_ERA,LR,Sem vazamento,KNN,0.05,1.2562238303538527,0.003399510118907425,2.4714323377924976,0.010794684376534774,1.5710833851584798,0.0038510975905868662,0.3687991024315019,0.0034118710097886676
1030_ERA,LR,Sem vazamento,KNN,0.1,1.256298575728538,0.0033734052672229993,2.471571647394731,0.010666425962659591,1.5711272516176298,0.0038118415431219093,0.3687654002188126,0.003391916036889357
1030_ERA,LR,Sem vazamento,KNN,0.2,1.275402755335823,0.0021988759920217745,2.562850645568252,0.007045418716283166,1.6000042004085326,0.002075260696060136,0.34563267034475226,0.001968313825768157
1030_ERA,LR,Sem vazamento,KNN,0.3,1.260409288752339,0.004016956857692146,2.4883117481614576,0.012254258394311603,1.5764467119288,0.004182447564085738,0.364537976546707,0.0039431886654858065
1030_ERA,LR,Sem vazamento,mean,0.05,1.2619814758491563,0.0032386705422838996,2.4869828527916287,0.010667139704165496,1.576018525119192,0.0038102428672482595,0.3648374376015495,0.003379168882014885
1030_ERA,LR,Sem vazamento,mean,0.1,1.2543644865998347,0.0036905361036049683,2.4739471873663392,0.012003735518680586,1.5719345222201462,0.004281175231511968,0.3681035014727214,0.0037613550770007036
1030_ERA,LR,Sem vazamento,mean,0.2,1.2943219956683052,0.003959883552155934,2.6178985588687227,0.013525261576850465,1.6168424359238942,0.00482663396283796,0.33194823338105545,0.003864803223195197
1030_ERA,LR,Sem vazamento,mean,0.3,1.2778549239808126,0.0030286429553652494,2.5253415789281344,0.011450523093470586,1.58828832034836,0.003860311847018587,0.3549373729110325,0.0033477622532320085
1030_ERA,LR,Sem vazamento,median,0.05,1.2625988775408716,0.003282772790937519,2.488309729622531,0.010793668392110677,1.5764151429163569,0.003855556125151864,0.3645159402971782,0.0033551969903066045
1030_ERA,LR,Sem vazamento,median,0.1,1.2548170914040433,0.0036815735316382396,2.4746218858805737,0.011936417967691446,1.5721463240088687,0.004259668729922603,0.36793538700872436,0.0037457702650140275
1030_ERA,LR,Sem vazamento,median,0.2,1.2947317477993476,0.0039881341811777715,2.6193488081183873,0.013579955677998096,1.6173487096009376,0.004818744017767939,0.3315770390537737,0.003931414732285276
1030_ERA,LR,Sem vazamento,median,0.3,1.2777398996950438,0.0025433590504805774,2.5250584395033386,0.010139954985383455,1.588187124579905,0.0034723144882900167,0.35502553821767163,0.003077126217976816
1030_ERA,RF,Com vazamento,KNN,0.05,1.2661988613692765,0.007035653876777248,2.538592271301233,0.030330466636021965,1.59213551694901,0.00926516953242517,0.35135359312063635,0.007381141079330471
1030_ERA,RF,Com vazamento,KNN,0.1,1.2671687412490507,0.006856112225270787,2.5403451719179224,0.030544813651082678,1.59268538779766,0.00933460168595766,0.3509029869269305,0.007464141308253262
1030_ERA,RF,Com vazamento,KNN,0.2,1.2808868468957353,0.009777648040465397,2.602302738709815,0.037355314413623546,1.6121558484696317,0.011474888195056727,0.33506736141522425,0.009100642619273243
1030_ERA,RF,Com vazamento,KNN,0.3,1.2643590323590845,0.007408293928377077,2.535819011415975,0.030787945577938933,1.5913039724108746,0.009423150536125335,0.35204756996294906,0.007335888765102069
1030_ERA,RF,Com vazamento,mean,0.05,1.2860768121096313,0.011728999425473115,2.6029752655658704,0.05003859100700828,1.6123241299102997,0.015348287666811417,0.33482090439299034,0.0117579771344508
1030_ERA,RF,Com vazamento,mean,0.1,1.2890045768553533,0.009179147669700696,2.6343157815075307,0.046743366895904304,1.6219670199586556,0.013926536058237831,0.3267034600620488,0.011569847253121974
1030_ERA,RF,Com vazamento,mean,0.2,1.3224336434912287,0.01646391376515359,2.747790440146165,0.05360015717858142,1.6568302002889057,0.015998072535427295,0.2978640405778155,0.013601490965878569
1030_ERA,RF,Com vazamento,mean,0.3,1.2964125406574187,0.01572022112760292,2.6774357466885568,0.06691706381618312,1.6350342063590395,0.020234073303793235,0.3156074048133878,0.017984493130155436
1030_ERA,RF,Com vazamento,median,0.05,1.2858025279407759,0.010910949492048154,2.605044887296915,0.04756835139472853,1.6129425181132093,0.014617618828388895,0.334358694393391,0.011083905306410421
1030_ERA,RF,Com vazamento,median,0.1,1.2864304439096381,0.009322558221230329,2.626567568379191,0.04671242773431853,1.6195892782560577,0.013998069407110344,0.32865013172480756,0.011775785108585107
1030_ERA,RF,Com vazamento,median,0.2,1.3198183544933926,0.016971676205338015,2.7392185284543635,0.05520712640149539,1.6541787706959985,0.016522777217512427,0.3001303293612726,0.013971468619774904
1030_ERA,RF,Com vazamento,median,0.3,1.292978755944686,0.014368567782438906,2.6665845776366504,0.06367641412208919,1.6317713109711207,0.01930346629337095,0.318404457538568,0.017238320186101184
1030_ERA,RF,Sem vazamento,KNN,0.05,1.2661988613692765,0.007035653876777248,2.538592271301233,0.030330466636021965,1.59213551694901,0.00926516953242517,0.35135359312063635,0.007381141079330471
1030_ERA,RF,Sem vazamento,KNN,0.1,1.2669120416622885,0.007002592559708899,2.540276231640419,0.030564352708163097,1.5926635430624847,0.009339194271679578,0.3509183867666614,0.00746264122462383
1030_ERA,RF,Sem vazamento,KNN,0.2,1.2803781936446412,0.008932592430162789,2.601415025654977,0.03563062863685621,1.6118749681886737,0.010948315244908137,0.33529203001285385,0.008724041548561021
1030_ERA,RF,Sem vazamento,KNN,0.3,1.2660484141373323,0.007852115515190604,2.5429983747330263,0.030931572817104045,1.59354971765885,0.009330625774462814,0.35027926126355274,0.007388958587302135
1030_ERA,RF,Sem vazamento,mean,0.05,1.2860768121096313,0.011728999425473115,2.6029752655658704,0.05003859100700828,1.6123241299102997,0.015348287666811417,0.33482090439299034,0.0117579771344508
1030_ERA,RF,Sem vazamento,mean,0.1,1.289004616537893,0.00917912740480753,2.6343158114009326,0.046743341122528016,1.621967029292504,0.013926528561139568,0.3267034521319231,0.011569838961509971
1030_ERA,RF,Sem vazamento,mean,0.2,1.3224336434912287,0.01646391376515359,2.747790440146165,0.05360015717858142,1.6568302002889057,0.015998072535427295,0.2978640405778155,0.013601490965878569
1030_ERA,RF,Sem vazamento,mean,0.3,1.29644682301529,0.015766585575290468,2.6775341974889244,0.06702687666364157,1.635064750771139,0.02026822350155706,0.3155824455734864,0.018006314333933852
1030_ERA,RF,Sem vazamento,median,0.05,1.2858025279407759,0.010910949492048154,2.605044887296915,0.04756835139472853,1.6129425181132093,0.014617618828388895,0.334358694393391,0.011083905306410421
1030_ERA,RF,Sem vazamento,median,0.1,1.2864304439096381,0.009322558221230329,2.626567568379191,0.04671242773431853,1.6195892782560577,0.013998069407110344,0.32865013172480756,0.011775785108585107
1030_ERA,RF,Sem vazamento,median,0.2,1.3199308896430466,0.016754207122325008,2.7388812751984877,0.05470912123228384,1.654100324684028,0.016317993628839417,0.300199154349874,0.013837689019551099
1030_ERA,RF,Sem vazamento,median,0.3,1.2934479029074666,0.015146049693207844,2.6672730058765044,0.06441930751947288,1.6319588067171973,0.01950088438245234,0.3182457988834031,0.01746066589929993
1030_ERA,SVR,Com vazamento,KNN,0.05,1.2475081217122486,0.00472422785808311,2.531747230978697,0.015584786479655163,1.590134947096441,0.0052273687788623735,0.35291407824425436,0.004901417465740056
1030_ERA,SVR,Com vazamento,KNN,0.1,1.247631742292823,0.004887290992581862,2.5321134542811907,0.015738923161410748,1.5902549424215628,0.005315825702031735,0.3528228026588556,0.004867912606062257
1030_ERA,SVR,Com vazamento,KNN,0.2,1.2658515252742069,0.0036951544481181845,2.595617324056703,0.017461075196000788,1.6102524854321507,0.005692587732316524,0.33689401319812246,0.0037597598306142285
1030_ERA,SVR,Com vazamento,KNN,0.3,1.2501902008507375,0.0046100638413284455,2.5356080811536748,0.017731132102377804,1.5914256596809653,0.005855568656689703,0.35189660576743576,0.00516309140221157
1030_ERA,SVR,Com vazamento,mean,0.05,1.2542284627606117,0.0038390658624549616,2.5329106553356726,0.015682468454788705,1.5905361655107164,0.005152753433488955,0.3527341878071944,0.003916152813868486
1030_ERA,SVR,Com vazamento,mean,0.1,1.2471305036517235,0.004936764362373503,2.5335539318343847,0.0186412053839283,1.5907921893389216,0.006217524381940326,0.35248074570342336,0.00550776716404797
1030_ERA,SVR,Com vazamento,mean,0.2,1.2856520462278012,0.005010362884274823,2.6715086804701937,0.01649610297506288,1.633324800013586,0.005486341682524759,0.31810213828710004,0.004407628791833422
1030_ERA,SVR,Com vazamento,mean,0.3,1.2687367340946878,0.004922459307164928,2.5723737393833486,0.01738571282546016,1.6030310036915996,0.005621332189797372,0.3426228985066823,0.004673114385659978
1030_ERA,SVR,Com vazamento,median,0.05,1.2551567943154358,0.003977331697472304,2.5338507174525273,0.01583821795410313,1.5907565066530471,0.005236717360873362,0.3525469777250518,0.004098798335825106
1030_ERA,SVR,Com vazamento,median,0.1,1.2471379075300464,0.00490622124701078,2.5326980590464014,0.01917909800909338,1.5905298005692095,0.006382578560410723,0.3527109689533267,0.005618219244942267
1030_ERA,SVR,Com vazamento,median,0.2,1.2854656389946528,0.005354551223602114,2.665565875895891,0.019419589655634735,1.631558158389696,0.006325724958941767,0.3195693916771041,0.004984795299260435
1030_ERA,SVR,Com vazamento,median,0.3,1.268721877384448,0.004571281216860412,2.570846426469325,0.01755542369505319,1.6025787295780516,0.005704516291498402,0.3429901065155068,0.004847554167344674
1030_ERA,SVR,Sem vazamento,KNN,0.05,1.2475081217122486,0.00472422785808311,2.531747230978697,0.015584786479655163,1.590134947096441,0.0052273687788623735,0.35291407824425436,0.004901417465740056
1030_ERA,SVR,Sem vazamento,KNN,0.1,1.2476278125068476,0.00490600609221413,2.5319768073445057,0.01618920661164405,1.5902073986134593,0.005448242250764232,0.3528696449099429,0.005003263928582894
1030_ERA,SVR,Sem vazamento,KNN,0.2,1.2687578367165482,0.003353118946098311,2.6169182655843666,0.0219476617976164,1.61687363756236,0.0066820956288128714,0.33144410654525597,0.004468741383617945
1030_ERA,SVR,Sem vazamento,KNN,0.3,1.2521830305475778,0.004248286742989407,2.544361294780546,0.01487371719899775,1.5941673630783877,0.004943557816969145,0.3497814356397459,0.004614135714055911
1030_ERA,SVR,Sem vazamento,mean,0.05,1.2541724653078514,0.003866240223149499,2.532719412517849,0.015145516750821188,1.590462531327174,0.005036845766082749,0.3527916863654754,0.0039628493488560405
1030_ERA,SVR,Sem vazamento,mean,0.1,1.2471512338310655,0.004943177484017603,2.5334504246789225,0.019239781036415077,1.5907532595795848,0.006385342161765606,0.3525130966243662,0.0056034414617137365
1030_ERA,SVR,Sem vazamento,mean,0.2,1.285779152612096,0.004894233948235784,2.6715303207292442,0.01596041908379783,1.6333281818435348,0.0053287202176282595,0.31809141258608326,0.004383741223063352
1030_ERA,SVR,Sem vazamento,mean,0.3,1.2687069085257345,0.004964440404365137,2.5721155398446154,0.01673985560404768,1.6029611478843686,0.005448779200084827,0.34267418107391506,0.004599404387778269
1030_ERA,SVR,Sem vazamento,median,0.05,1.2551567943154358,0.003977331697472304,2.5338507174525273,0.01583821795410313,1.5907565066530471,0.005236717360873362,0.3525469777250518,0.004098798335825106
1030_ERA,SVR,Sem vazamento,median,0.1,1.2471379075300464,0.00490622124701078,2.5326980590464014,0.01917909800909338,1.5905298005692095,0.006382578560410723,0.3527109689533267,0.005618219244942267
1030_ERA,SVR,Sem vazamento,median,0.2,1.286004865887312,0.004994298352118663,2.6680073575809597,0.020797866503282223,1.632299405261276,0.006730329674018899,0.3189542810856859,0.0055202552891054895
1030_ERA,SVR,Sem vazamento,median,0.3,1.2687671665076032,0.004500845350775321,2.5716065613990984,0.014961559649383392,1.6027733980465868,0.004976598518497092,0.34283270512705144,0.004375708045198072
1089_USCrime,DT,Com vazamento,KNN,0.05,18.584911616161616,2.0073296792676465,595.8791035353535,87.8410417843081,23.408038679074195,1.8711026377376392,0.5485531545800361,0.09326114196968492
1089_USCrime,DT,Com vazamento,KNN,0.1,19.929608585858585,1.9979606139317332,668.8506944444445,135.7948447083675,24.63609922073761,2.4064826232892353,0.48271125373208507,0.1501802083521926
1089_USCrime,DT,Com vazamento,KNN,0.2,20.860795454545457,3.3185462625895017,718.2799873737373,198.21835338078307,25.799947058976727,3.398856715477054,0.47045510096037896,0.16386650464195987
1089_USCrime,DT,Com vazamento,KNN,0.3,19.54419191919192,2.238106467904818,653.4861111111111,175.3948950677658,24.54175569211011,2.8233402713041484,0.5018893959874242,0.16172118369249003
1089_USCrime,DT,Com vazamento,mean,0.05,19.656565656565657,3.6986177296236966,686.0258838383838,178.45365325886814,25.50038735609922,3.2848879159625928,0.48304609367229706,0.1823525405505709
1089_USCrime,DT,Com vazamento,mean,0.1,19.630366161616163,2.7931599395945454,668.8178661616162,162.57527696108187,24.681795103871934,2.938224045862074,0.5010321180093433,0.14526466881747663
1089_USCrime,DT,Com vazamento,mean,0.2,18.69507575757576,2.5564396465020516,561.5877525252525,124.54133354433037,22.99567462062062,2.711413439391998,0.5755495092077677,0.12903381496264982
1089_USCrime,DT,Com vazamento,mean,0.3,19.560921717171716,1.9256673532358421,669.3210227272727,157.52186718138321,24.586848670301055,2.1467842773158017,0.4943766925469602,0.1383932882123629
1089_USCrime,DT,Com vazamento,median,0.05,19.797032828282827,3.5661446318667163,701.1758207070707,170.12856747601992,25.872639376932895,3.1156254126628764,0.47562629800080974,0.17546166369634514
1089_USCrime,DT,Com vazamento,median,0.1,19.526199494949495,2.4976643177407554,659.3109217171717,156.36059905003444,24.49870735837789,2.658290898348138,0.5031664519742368,0.14319577075327483
1089_USCrime,DT,Com vazamento,median,0.2,18.404987373737374,3.2316465898758855,555.2989267676768,161.49655628349038,22.647126876006098,3.335821538107863,0.5833204820992313,0.14664666098368573
1089_USCrime,DT,Com vazamento,median,0.3,19.590277777777775,1.9895007741321478,669.1546717171717,163.07595387044202,24.62895565783855,2.2982058998365966,0.49541380704772403,0.14010027401159847
1089_USCrime,DT,Sem vazamento,KNN,0.05,18.613005050505052,1.9859558654256209,605.5606060606061,89.24931359906381,23.602967000853866,1.9308687835606868,0.5423723812568074,0.0966471449777791
1089_USCrime,DT,Sem vazamento,KNN,0.1,19.399305555555554,2.710066836797517,640.1897095959596,171.0715018976052,24.19924327765914,2.907251901894837,0.5196394759429591,0.15129060080024784
1089_USCrime,DT,Sem vazamento,KNN,0.2,20.24747474747475,3.962562020402222,684.4684343434343,222.83170616040047,25.208172994940366,4.034121199677421,0.4922001016801913,0.19423033402736256
1089_USCrime,DT,Sem vazamento,KNN,0.3,18.973800505050505,1.6044313565870287,612.9214015151515,147.9621343989561,23.863390885445895,2.0485399894994254,0.540960378147107,0.12936973198143484
1089_USCrime,DT,Sem vazamento,mean,0.05,19.514835858585858,3.6311417716325556,712.1833964646465,203.92335349369804,25.680175297454525,3.574945371080761,0.4733705188142021,0.19388781183582834
1089_USCrime,DT,Sem vazamento,mean,0.1,19.630366161616163,2.7931599395945454,668.8178661616162,162.57527696108187,24.681795103871934,2.938224045862074,0.5010321180093433,0.14526466881747663
1089_USCrime,DT,Sem vazamento,mean,0.2,18.590909090909093,2.717934349060605,560.2058080808081,125.93412916240811,22.95639747335945,2.756961851115187,0.5764477048906075,0.13004008871945028
1089_USCrime,DT,Sem vazamento,mean,0.3,19.448863636363637,1.7525615026233745,661.3857323232323,141.57078601748333,24.565125686080524,2.108736691386226,0.4999932385009627,0.12877071959527095
1089_USCrime,DT,Sem vazamento,median,0.05,20.094381313131315,3.5781096640788075,710.226957070707,179.32016364004141,26.03027912848955,3.322013869766771,0.47060871133649546,0.1836364914217698
1089_USCrime,DT,Sem vazamento,median,0.1,19.515782828282827,2.4982005882667635,659.2588383838383,156.36431752271673,24.497684180485766,2.6581639722272015,0.5032175321496802,0.14318273322930627
1089_USCrime,DT,Sem vazamento,median,0.2,18.227588383838384,2.6138448030264225,538.769255050505,123.55882035325409,22.51789510011605,2.6980715172649408,0.5968769522484828,0.1258232925715203
1089_USCrime,DT,Sem vazamento,median,0.3,19.838068181818183,2.323855687052665,680.0849116161615,164.38220754560163,24.908469028120276,2.5283466202130493,0.48777378022326995,0.14440412173406228
1089_USCrime,KNN,Com vazamento,KNN,0.05,16.420391414141413,0.8617765533257168,433.0525631313132,54.907136735064846,20.604195319535517,1.2795107559217553,0.6919321395343901,0.04895606541797004
1089_USCrime,KNN,Com vazamento,KNN,0.1,16.32121212121212,0.8665516982442688,439.6033838383839,46.87977352504072,20.778880854491266,1.1203592384173997,0.6894623270422358,0.039797604445014956
1089_USCrime,KNN,Com vazamento,KNN,0.2,16.745454545454546,1.142404222756829,448.35977272727274,50.53961296162028,20.940024913202894,1.2626053531011228,0.6802160588396089,0.04055228231273031
1089_USCrime,KNN,Com vazamento,KNN,0.3,16.612626262626264,1.1300204442703363,445.8363636363636,47.90863119879871,20.852016657880068,0.9881749275662597,0.6810521160437301,0.04526553468963675
1089_USCrime,KNN,Com vazamento,mean,0.05,16.764583333333334,1.2189373399138956,458.6809974747475,57.98142839209028,21.207013771204057,1.3853887698669365,0.6756964022043018,0.04840348299385969
1089_USCrime,KNN,Com vazamento,mean,0.1,16.651199494949495,0.8279232934494839,451.85970959595966,47.806583919597955,21.0628282350753,1.1002513226087476,0.6804296434317202,0.039931969888007894
1089_USCrime,KNN,Com vazamento,mean,0.2,16.74356060606061,0.8699645217215344,436.9444444444445,33.857583094921864,20.71917426427533,0.8412768847993968,0.6844717077875161,0.03687063428873204
1089_USCrime,KNN,Com vazamento,mean,0.3,16.528535353535354,1.1308661888833138,439.79401515151517,54.245520723154364,20.743312011074956,1.2415966685366233,0.6847531211894636,0.051427568021944405
1089_USCrime,KNN,Com vazamento,median,0.05,16.46527777777778,1.2111130671798258,441.74813131313135,59.96399851500788,20.80547328745746,1.4311067387720389,0.6870701038017789,0.05060175849286422
1089_USCrime,KNN,Com vazamento,median,0.1,16.42537878787879,0.7917596726576922,437.2053030303031,44.95183532778777,20.720735262550786,1.0586960718288194,0.6894637180338098,0.04025536138503089
1089_USCrime,KNN,Com vazamento,median,0.2,16.59229797979798,1.1162992453654872,430.0135606060606,40.81365809964543,20.52788725435485,0.9940207595130116,0.6897105301301695,0.04303579210487285
1089_USCrime,KNN,Com vazamento,median,0.3,16.709280303030305,1.3134782800882332,451.6028914141414,60.08719270171656,20.966025639967146,1.3255223624557466,0.6781599891353031,0.05496610010555233
1089_USCrime,KNN,Sem vazamento,KNN,0.05,16.555492424242424,0.9708716177911075,440.2643055555556,56.12288299537561,20.77951965030049,1.3342768592090215,0.6872909004217514,0.04962810185581083
1089_USCrime,KNN,Sem vazamento,KNN,0.1,16.417487373737373,0.9591089033410193,440.2075883838384,51.156604231337276,20.776518746858667,1.19709588261118,0.6894607166218893,0.043351734863312216
1089_USCrime,KNN,Sem vazamento,KNN,0.2,16.765719696969697,1.0486357711815248,443.69698232323236,49.5706913624112,20.878499542370207,1.2334955131950132,0.6828419123592679,0.03983795128363658
1089_USCrime,KNN,Sem vazamento,KNN,0.3,16.364330808080805,1.0429839444127231,433.9098106060606,40.154237571248416,20.57975096861821,0.8745042301913152,0.6902941114670144,0.03903235661141262
1089_USCrime,KNN,Sem vazamento,mean,0.05,16.70763888888889,1.176290818840399,451.2532196969698,60.31469900681522,21.04285957742213,1.4080262972932438,0.6798788674737802,0.051152974235199725
1089_USCrime,KNN,Sem vazamento,mean,0.1,16.754166666666666,0.8370001626452289,454.89712121212125,48.12769313724249,21.137962898773534,1.1173205705436582,0.6786319441108718,0.039518228508866965
1089_USCrime,KNN,Sem vazamento,mean,0.2,16.82847222222222,0.9204123764086153,439.12925505050504,34.11590024922407,20.746840306089965,0.855829950775655,0.682545340546813,0.03739027353163855
1089_USCrime,KNN,Sem vazamento,mean,0.3,16.720391414141414,1.1737708099027144,450.0794065656566,55.542659671113825,20.935599514775742,1.240730954329739,0.6774815686546939,0.05505598916106001
1089_USCrime,KNN,Sem vazamento,median,0.05,16.558901515151515,1.276332685232585,448.61064393939404,63.714452159244026,20.98714254605623,1.4940655709392017,0.6815577604175446,0.05709610518144067
1089_USCrime,KNN,Sem vazamento,median,0.1,16.446780303030305,0.8855647704686161,439.7479924242425,47.34171565628372,20.77465703267073,1.1032820687867966,0.6891191754614105,0.04114672712990006
1089_USCrime,KNN,Sem vazamento,median,0.2,16.525694444444444,1.24452076014992,427.2582196969697,46.472002967720755,20.45904544478237,1.0902161744762855,0.6910020004115718,0.04827242943923696
1089_USCrime,KNN,Sem vazamento,median,0.3,16.423863636363638,1.3681974645905568,441.31679292929294,66.36680434262047,20.733451372049768,1.4885054693013482,0.684589873097963,0.057485905448695036
1089_USCrime,LR,Com vazamento,KNN,0.05,17.69000647565717,1.748671803242556,466.73901919304166,70.00172822647009,21.113372987665862,1.763709706247181,0.668512035698163,0.0493729497259989
1089_USCrime,LR,Com vazamento,KNN,0.1,16.344575188237812,1.9766227513105772,391.4134523962632,76.83092723307499,19.361067330890723,2.0190735104074267,0.7178575974266366,0.05196667768212956
1089_USCrime,LR,Com vazamento,KNN,0.2,15.669143033518068,1.5990219762634013,343.8790390817025,49.94635728912085,18.237257064422977,1.4103738449238836,0.7524099604722919,0.03655839950884401
1089_USCrime,LR,Com vazamento,KNN,0.3,14.747181109119138,2.1346448209596005,315.04841551566943,90.66155617844132,17.455677822538767,2.4748753680411877,0.7697359736437667,0.060767728819231835
1089_USCrime,LR,Com vazamento,mean,0.05,19.893554836064453,2.0083006289285406,712.5119018197939,116.38689283541817,25.65705369050443,2.2507186882701187,0.5099221357855346,0.08430638049556488
1089_USCrime,LR,Com vazamento,mean,0.1,16.474016698785764,2.11411892511037,394.10096252150316,74.06460091756675,19.49515267072025,2.00435264984048,0.7165842699233234,0.05064151903373525
1089_USCrime,LR,Com vazamento,mean,0.2,15.93726634927402,1.4891145965606243,363.9452163459636,64.7939320158184,18.665230223131434,1.7232362268101735,0.7364607236957692,0.04739747930217944
1089_USCrime,LR,Com vazamento,mean,0.3,14.284605013684926,1.813594840604648,301.5739372993029,81.06226026066484,16.983467228640865,2.3128143941291195,0.778826480374614,0.057339607109015776
1089_USCrime,LR,Com vazamento,median,0.05,20.080210250512668,2.1168720221372137,736.9787644523008,125.71555491869265,26.028367884297367,2.3534392676080067,0.4952171161454415,0.08978782944313447
1089_USCrime,LR,Com vazamento,median,0.1,16.543597191690537,1.9812658053754517,396.9562198135571,70.69144564537696,19.533322331094542,1.9171017146690865,0.7152037251669624,0.045885749821845984
1089_USCrime,LR,Com vazamento,median,0.2,15.870609158000102,1.4503530424145397,357.9949081686973,63.763777405950066,18.527420817339017,1.6686005051985797,0.7406850978970058,0.04594900955738139
1089_USCrime,LR,Com vazamento,median,0.3,14.282661526077439,1.8061720725587078,305.04578523159057,80.31535687117614,17.018803844325713,2.3071223947964516,0.7764528362163153,0.05719600560659043
1089_USCrime,LR,Sem vazamento,KNN,0.05,17.961907874603536,1.9045719840744082,478.6751169433794,80.24327177644719,21.390436506453373,1.9487677489017636,0.6609777987238522,0.05537640632997903
1089_USCrime,LR,Sem vazamento,KNN,0.1,16.432077012972208,2.0112426359941575,396.8808084861068,76.49020216347404,19.49227702538137,2.0227944090198133,0.7139584569535077,0.049677885489499474
1089_USCrime,LR,Sem vazamento,KNN,0.2,15.787049424701001,1.4900015482561604,352.68208196548903,49.52568161565158,18.44843182699469,1.3707578999116603,0.7460783802679627,0.03804236987490414
1089_USCrime,LR,Sem vazamento,KNN,0.3,14.74730692336742,2.172892446083552,326.1610660978522,97.41291750750011,17.62794253763767,2.598136913858552,0.7626589895916155,0.0679823018709629
1089_USCrime,LR,Sem vazamento,mean,0.05,19.888209112170443,1.9883768872533676,709.5315144384864,107.6627543817817,25.624798576351356,2.1499360817338804,0.511883292347659,0.0797614776041738
1089_USCrime,LR,Sem vazamento,mean,0.1,16.543722281303783,2.1404465364538403,399.2268308992374,74.46718594492799,19.60510599968619,2.016934359172121,0.7129780663930706,0.051753126059928836
1089_USCrime,LR,Sem vazamento,mean,0.2,15.94379836025125,1.502631594545649,364.82704476681175,64.51924998726128,18.68531443929386,1.721589385191617,0.7358422161147553,0.04680680403387852
1089_USCrime,LR,Sem vazamento,mean,0.3,14.376738387714397,1.831646065487054,305.6931372767905,83.20792391137246,17.08770183849234,2.361538068942364,0.7763037932910425,0.058808916549458884
1089_USCrime,LR,Sem vazamento,median,0.05,20.07486790438736,2.1340047567957576,736.588155649948,121.8089242254009,26.030365813559218,2.3371398266173022,0.49587096676779985,0.08729937012638181
1089_USCrime,LR,Sem vazamento,median,0.1,16.7325201617453,2.038692565128572,410.25531108705246,75.95328502206522,19.78469696340741,2.0164057242201334,0.7068374370093001,0.049630068847856215
1089_USCrime,LR,Sem vazamento,median,0.2,15.869060027968965,1.40966023934606,357.8677036209606,61.58833774784134,18.52890065938591,1.608763614589842,0.7404555987218674,0.0455927691914968
1089_USCrime,LR,Sem vazamento,median,0.3,14.216219717964814,1.763841662461209,301.88188497210376,79.0468929244523,16.96476692578728,2.28703483102725,0.7785501664676892,0.05638020052260113
1089_USCrime,RF,Com vazamento,KNN,0.05,15.93820707070707,1.3821505785451351,396.5924241161617,53.3340704556352,19.616256382970803,1.2875690684659649,0.7130045370069272,0.053064583257788456
1089_USCrime,RF,Com vazamento,KNN,0.1,15.98287878787879,1.0961278554710148,399.8630786616161,44.661704104988914,19.705693200789472,1.0226266871599554,0.7110879035730081,0.046300738366881165
1089_USCrime,RF,Com vazamento,KNN,0.2,15.599488636363636,1.1661282026767272,377.92292064393934,47.656098663883874,19.17495508126803,1.1381928001358692,0.7284429418016282,0.04127167296981039
1089_USCrime,RF,Com vazamento,KNN,0.3,16.15138888888889,1.2931797200162862,402.054900378788,57.08255766728229,19.68104821979431,1.276470506672061,0.7092337477339611,0.060318510188425066
1089_USCrime,RF,Com vazamento,mean,0.05,16.84221590909091,1.2495743013644258,486.60458289141417,52.06046468824379,21.737771601031422,1.1813614688551577,0.6627278481897941,0.04830429377208245
1089_USCrime,RF,Com vazamento,mean,0.1,15.96341856060606,1.3759727137234796,402.79791606691924,55.62811270252458,19.77919278912944,1.3178564170425124,0.7088982947377059,0.05268637318570716
1089_USCrime,RF,Com vazamento,mean,0.2,15.804744318181818,0.9793532701089215,378.6216208017677,37.41754538390349,19.28779765793007,0.8970773457860729,0.7233068502383725,0.04515249542287524
1089_USCrime,RF,Com vazamento,mean,0.3,15.955785984848484,1.4039283935111115,396.1866257891414,59.48897658901899,19.567055890882465,1.3999907902363973,0.7140385489846852,0.06076500296377141
1089_USCrime,RF,Com vazamento,median,0.05,16.8524273989899,1.0953292603825742,499.5221777462122,42.095898360727844,21.955123807032965,0.9719998087936913,0.6572652877148547,0.04172492740352469
1089_USCrime,RF,Com vazamento,median,0.1,15.842601010101012,1.3351369734492153,400.80071369949496,56.7905985715619,19.722536496773348,1.3471186082172684,0.7105668383508319,0.053628231197272884
1089_USCrime,RF,Com vazamento,median,0.2,15.804646464646465,0.9909082629377128,376.3110109848485,38.249605586587535,19.225596065365227,0.918815407381742,0.7248240798749349,0.04536493296554507
1089_USCrime,RF,Com vazamento,median,0.3,15.94792297979798,1.4250133131771938,397.83625151515156,59.24198685458224,19.598302920786498,1.3915256349303395,0.7127188494255781,0.0605521824406976
1089_USCrime,RF,Sem vazamento,KNN,0.05,15.98604797979798,1.4045275111257547,400.3382924873738,57.29260354625788,19.69551602272007,1.3685270099357567,0.7108520927668605,0.05504110971892724
1089_USCrime,RF,Sem vazamento,KNN,0.1,15.998648989898989,1.087934999673201,404.62184172979795,47.51479712551588,19.811132985007998,1.0970685348040154,0.7076358937029719,0.04809984983644681
1089_USCrime,RF,Sem vazamento,KNN,0.2,15.517032828282828,1.2019363795204625,371.41947537878787,45.4773681984933,19.000523412392223,1.0463457221497519,0.7336170747212781,0.04286607972536567
1089_USCrime,RF,Sem vazamento,KNN,0.3,15.847256944444444,1.0257027781383228,389.6542091856061,48.6956740519934,19.430309610770436,1.1401097369361985,0.7186287012074136,0.05162822892877648
1089_USCrime,RF,Sem vazamento,mean,0.05,16.960022095959598,1.25269522375068,495.8206507260102,52.230287155624474,21.91149193011383,1.2153767611777295,0.6576030979194063,0.05121008714744132
1089_USCrime,RF,Sem vazamento,mean,0.1,15.885675505050505,1.3563273561421072,401.66017272727277,56.593263087154575,19.74623729662424,1.343349814668494,0.7101020453403534,0.05275013769050644
1089_USCrime,RF,Sem vazamento,mean,0.2,15.768279671717172,0.9825451361301023,377.4857391729798,37.217759904259744,19.254644623894375,0.8875064661712915,0.7236422253602122,0.045599639932186735
1089_USCrime,RF,Sem vazamento,mean,0.3,15.84266414141414,1.3490639119774939,391.2127125,59.46230314021657,19.45161172419486,1.4004543588401366,0.7183388555215093,0.05933803238015949
1089_USCrime,RF,Sem vazamento,median,0.05,17.053718434343434,1.3075351806479834,513.7610921085859,61.60817274186946,22.26722327785353,1.4017480013087285,0.6480696828666854,0.0563682975851845
1089_USCrime,RF,Sem vazamento,median,0.1,15.761234217171719,1.2931228978726734,398.07391575126263,54.70093089487183,19.641450215129783,1.292668998893878,0.7131481450420392,0.05150348431930486
1089_USCrime,RF,Sem vazamento,median,0.2,15.80482638888889,0.9380378526333604,376.8146852588384,36.27752227587425,19.24320622425526,0.8650440841331929,0.7244016450907668,0.044386282640778194
1089_USCrime,RF,Sem vazamento,median,0.3,15.927023358585862,1.4528654570349946,397.8976183396465,60.83404245638444,19.591148959008297,1.4325407274982473,0.7128229148065018,0.061624641658513696
1089_USCrime,SVR,Com vazamento,KNN,0.05,17.633229236419478,2.0499910723168897,474.3272072652083,90.97246757250709,21.36869640763319,2.110187081221527,0.6615861310799901,0.06551578285775642
1089_USCrime,SVR,Com vazamento,KNN,0.1,16.221017583514712,2.007841081876729,399.27276371771694,82.84333489925542,19.53795926939516,1.9909380010337667,0.7132771556543723,0.05997016518565667
1089_USCrime,SVR,Com vazamento,KNN,0.2,15.428453315503923,2.106411852661204,339.39304679338926,74.40811860007545,18.032033650082305,2.0269463947935047,0.7552508077506457,0.048091334089151706
1089_USCrime,SVR,Com vazamento,KNN,0.3,14.71867437401287,1.6441780743669667,316.487355794577,62.1347558058968,17.48947642651033,1.80461611384843,0.766195153727069,0.043571832522265964
1089_USCrime,SVR,Com vazamento,mean,0.05,19.5453732212229,1.971726198656905,684.982262959813,134.50753362535772,25.15544218996351,2.4063093876895922,0.5357883785400293,0.09296167821642705
1089_USCrime,SVR,Com vazamento,mean,0.1,16.588750157524615,2.074534892309937,406.0137067366334,71.24985774564054,19.84978967708814,1.7344981791700773,0.7087099646093149,0.0518699144364477
1089_USCrime,SVR,Com vazamento,mean,0.2,16.012696272589313,1.7004442337536725,379.1287156391602,81.20894044296423,19.103195756429972,2.123569897808397,0.7262647595125884,0.05989218144588616
1089_USCrime,SVR,Com vazamento,mean,0.3,13.85380294939111,1.4073058187684473,281.94240984766606,61.47546174081043,16.40553106907866,1.7885202206421558,0.7892627547211261,0.05317651856145604
1089_USCrime,SVR,Com vazamento,median,0.05,19.583614171391172,1.9150500739273892,703.4988148905153,131.31729685224872,25.38709210534323,2.333662124959778,0.5258177347994851,0.08773599362310834
1089_USCrime,SVR,Com vazamento,median,0.1,16.331570250118574,1.8784495499970317,399.76344363388415,69.42324236917959,19.620680585710257,1.5679522558856713,0.7142553943258522,0.042242845058592486
1089_USCrime,SVR,Com vazamento,median,0.2,16.013559605493167,1.5946237042896245,376.3691425480865,79.354849788898,19.086101288264157,2.0628582093076164,0.7290532879698916,0.056369419238803814
1089_USCrime,SVR,Com vazamento,median,0.3,14.255669029353301,1.656625314353757,296.53842958753944,68.2597281884919,16.773750429136978,1.9222730688582672,0.7794372504755933,0.05573709338841867
1089_USCrime,SVR,Sem vazamento,KNN,0.05,17.831182185410242,2.1882536494985354,479.7717725162258,98.31017554558677,21.510366906490955,2.272293761277297,0.6587544926071152,0.07110400340328962
1089_USCrime,SVR,Sem vazamento,KNN,0.1,16.289590035228972,2.058384781152866,403.2454045681831,77.33370754968176,19.658354465436663,1.8521710998114695,0.7073908285566713,0.05923116373824982
1089_USCrime,SVR,Sem vazamento,KNN,0.2,15.840788709266256,1.6784168659062704,362.0332016153083,60.43047377547298,18.663510641205615,1.5402529766500461,0.7399939704393194,0.04034116367782345
1089_USCrime,SVR,Sem vazamento,KNN,0.3,15.253091629412092,1.7808238326222021,341.8834092368941,76.60521920312125,18.024071705819345,2.078557260513899,0.7509247686258429,0.05684967308485046
1089_USCrime,SVR,Sem vazamento,mean,0.05,19.485765321093684,1.982306341813778,675.3732893834274,126.31345752160443,25.032850329373773,2.3347926377024866,0.5413023126353764,0.09088552586229014
1089_USCrime,SVR,Sem vazamento,mean,0.1,16.621089592824163,2.030824207658392,406.6112104933712,70.77338319757794,19.85463929845776,1.7031656651490739,0.7074175386700815,0.05302764609363407
1089_USCrime,SVR,Sem vazamento,mean,0.2,15.980585739233307,1.7282962027589317,376.49462248334936,80.92400368432618,19.035276137239972,2.129760706100844,0.727935654646247,0.061024016469126044
1089_USCrime,SVR,Sem vazamento,mean,0.3,13.97700783803422,1.5059317573143782,289.7690310674329,65.05047560126958,16.592277988470105,1.8481266951929625,0.7841205678228976,0.055996950587023656
1089_USCrime,SVR,Sem vazamento,median,0.05,19.562103747450887,1.855035272415188,700.9508862066655,121.44911823798068,25.365376305531885,2.1800602525002497,0.5274997302553848,0.08222140162530654
1089_USCrime,SVR,Sem vazamento,median,0.1,16.423221351710612,1.993988079841219,403.38195333324944,76.58977363296832,19.710763508820996,1.7810837815664045,0.7132206390035288,0.044627904937691885
1089_USCrime,SVR,Sem vazamento,median,0.2,16.038045174515613,1.491277868171911,376.5632952541095,70.86167586697863,19.098702872028415,1.8158910353206144,0.728931943538551,0.0540526980411808
1089_USCrime,SVR,Sem vazamento,median,0.3,14.12796266768669,1.397085423547702,289.77376573335965,58.702679785964186,16.660369317054574,1.7144019615463455,0.7842620986405852,0.04797614790927116
1096_FacultySalaries,DT,Com vazamento,KNN,0.05,1.888381273318559,0.29874444696136965,6.875458290908814,2.412526822203347,2.5132934971421395,0.38608452706298335,0.5978980648061435,0.13452483570517215
1096_FacultySalaries,DT,Com vazamento,KNN,0.1,1.9003470677595866,0.26719203243032696,6.522605671827314,1.6415357660489247,2.4700758455426057,0.3204373377348207,0.6110424695149499,0.10700465528110183
1096_FacultySalaries,DT,Com vazamento,KNN,0.2,1.8719816360718158,0.22250540337860303,7.032669431394793,2.078792417961734,2.540624242510173,0.3097721731952324,0.587555440562192,0.10008789666836877
1096_FacultySalaries,DT,Com vazamento,KNN,0.3,1.8866932239287932,0.27710843867727597,6.501902892649205,1.656329928939509,2.4655355469804587,0.32426811271289147,0.6120544793101823,0.1073040931174663
1096_FacultySalaries,DT,Com vazamento,mean,0.05,1.899284081581311,0.28481207023152016,6.819926710068593,2.410003775190646,2.510260981523025,0.37333731175493123,0.6065973303070499,0.13702288754367764
1096_FacultySalaries,DT,Com vazamento,mean,0.1,1.8983225343573806,0.2244922514705976,6.399555621445579,1.2526391633244454,2.4478636352208887,0.2460690801445403,0.6319103970446861,0.05794664499936147
1096_FacultySalaries,DT,Com vazamento,mean,0.2,1.9549678034252587,0.2361441744427503,7.301774848206263,1.6085287754484545,2.5757348470787127,0.26119570851284996,0.5962168005469882,0.07097852399982864
1096_FacultySalaries,DT,Com vazamento,mean,0.3,1.886223159284673,0.20680098565572835,6.332535792314995,1.1509690107176687,2.437042773981572,0.22805073657915642,0.6344327560532397,0.056997183340458356
1096_FacultySalaries,DT,Com vazamento,median,0.05,1.9213140234987958,0.2895695716415678,6.99926985136032,2.3765312922939157,2.538816688265476,0.37308256959261576,0.5919608723450444,0.13132618963736173
1096_FacultySalaries,DT,Com vazamento,median,0.1,1.8671526470754893,0.23445125882067297,6.23622366940759,1.2620401388080509,2.405417125089351,0.25258909066506885,0.641339056194882,0.0640648974100781
1096_FacultySalaries,DT,Com vazamento,median,0.2,1.8177561912781146,0.16959187293403333,6.111397548005724,0.774816323159343,2.4146988399762876,0.19401037104391364,0.657842333134628,0.05028870696884378
1096_FacultySalaries,DT,Com vazamento,median,0.3,1.8546259301340473,0.2696196008451013,6.17451380195466,1.3985602294189903,2.394241495843527,0.2742464176804473,0.643490277848433,0.06933520897641791
1096_FacultySalaries,DT,Sem vazamento,KNN,0.05,1.8906515989548118,0.29656216580936884,6.877052921093115,2.4078291753595336,2.514495074834366,0.38367880936538923,0.5978905249165656,0.13427008909509314
1096_FacultySalaries,DT,Sem vazamento,KNN,0.1,1.927590711503966,0.2780331387320098,6.6700043691994155,1.6413756369412627,2.494689702546696,0.32421933933743,0.601267598791581,0.11030159622273339
1096_FacultySalaries,DT,Sem vazamento,KNN,0.2,1.8857102536747592,0.17593634590924712,6.690724666124512,0.9998380834879811,2.5121279630431643,0.22449575776420752,0.6121436129365277,0.05548048956200842
1096_FacultySalaries,DT,Sem vazamento,KNN,0.3,1.917569362200223,0.28360157653353607,6.634483248024332,1.6486338888296819,2.4876368520978356,0.326181984818661,0.6027257163052727,0.10978746450596906
1096_FacultySalaries,DT,Sem vazamento,mean,0.05,1.8970404893924027,0.28207267689866944,6.802907453379004,2.409053517234981,2.507376818154036,0.3721062733111852,0.607213557772112,0.13725022906546128
1096_FacultySalaries,DT,Sem vazamento,mean,0.1,1.8764529177266305,0.205981074511127,6.213729659569638,1.1664610044388133,2.4164127148321195,0.22888333271985906,0.6451265844429839,0.056132283862490244
1096_FacultySalaries,DT,Sem vazamento,mean,0.2,1.9549678034252587,0.2361441744427503,7.301774848206263,1.6085287754484545,2.5757348470787127,0.26119570851284996,0.5962168005469882,0.07097852399982864
1096_FacultySalaries,DT,Sem vazamento,mean,0.3,1.889161240341317,0.20493960372394793,6.296916275086417,1.1616428097187521,2.4390075399239,0.22588177122628766,0.6385011082990139,0.057096613432516014
1096_FacultySalaries,DT,Sem vazamento,median,0.05,1.9176014447823546,0.270550655605308,7.006400740160596,2.3343874811100735,2.542691667303975,0.35708244926525506,0.5969191828434992,0.13574083768903947
1096_FacultySalaries,DT,Sem vazamento,median,0.1,1.8676601220399902,0.23822032392165657,6.239445362397617,1.2811069104153536,2.4053046308348307,0.2584561559421887,0.6411184121061851,0.06335741965561807
1096_FacultySalaries,DT,Sem vazamento,median,0.2,1.8177561912781146,0.16959187293403333,6.111397548005724,0.774816323159343,2.4146988399762876,0.19401037104391364,0.657842333134628,0.05028870696884378
1096_FacultySalaries,DT,Sem vazamento,median,0.3,1.8470457996058662,0.27520274395733824,6.140443579217409,1.4157027210788298,2.383834532674979,0.2814271157772582,0.6447823171773566,0.07007638401921319
1096_FacultySalaries,KNN,Com vazamento,KNN,0.05,1.8634808073695908,0.1226065544275486,5.711899523348424,0.5451597861913461,2.357485041948624,0.11116869777860924,0.7017841339142975,0.03586694045570275
1096_FacultySalaries,KNN,Com vazamento,KNN,0.1,1.8588333843100784,0.0925785743658676,5.707660875254958,0.45735936214653,2.3563098046858215,0.09603045877573392,0.7018416070593934,0.03087829309795013
1096_FacultySalaries,KNN,Com vazamento,KNN,0.2,1.8889562537527491,0.09889325978280594,5.563918094914484,0.5969598322049442,2.34218386904235,0.12148221803357943,0.6859364203737824,0.055734869795797955
1096_FacultySalaries,KNN,Com vazamento,KNN,0.3,1.8533024005400829,0.09226244592519176,5.695349278746176,0.4603981520367512,2.3534418954202567,0.0977425932091295,0.7026560051361294,0.03148274428766785
1096_FacultySalaries,KNN,Com vazamento,mean,0.05,1.8647372306921541,0.12591704769705092,5.692906332174625,0.5855342853133171,2.352968970377112,0.12176875133023185,0.702917032604269,0.038800749845008614
1096_FacultySalaries,KNN,Com vazamento,mean,0.1,1.9147425635248168,0.12535673422137686,6.954902490135912,0.762122302479695,2.5753901876834937,0.16803945890538421,0.6476488700246701,0.05909392058610406
1096_FacultySalaries,KNN,Com vazamento,mean,0.2,1.8726272122472778,0.0994107166805162,5.466761180686256,0.6352682208976557,2.318689640430168,0.13394688598140428,0.6923322299365848,0.057408532856371555
1096_FacultySalaries,KNN,Com vazamento,mean,0.3,1.9326592131557625,0.11714981297278138,7.075825028496097,0.7676569947496574,2.598741856865129,0.16494690462908054,0.6409182987068905,0.058416410609517196
1096_FacultySalaries,KNN,Com vazamento,median,0.05,1.8680598568712543,0.1270746163035263,5.695094211853495,0.5886058243545854,2.353703999878377,0.12251864799348977,0.7025557576482889,0.03923615157700795
1096_FacultySalaries,KNN,Com vazamento,median,0.1,1.9283248540682667,0.12404135771796908,7.073008307638228,0.7746667468580415,2.5990241864771306,0.16851331174312922,0.6403488242689336,0.06104389594437192
1096_FacultySalaries,KNN,Com vazamento,median,0.2,1.886114381928729,0.08905537696826611,5.6002434909941625,0.4659214729683297,2.3494953608300038,0.09538755217800263,0.6847269822771551,0.047878863987729364
1096_FacultySalaries,KNN,Com vazamento,median,0.3,1.92724151142642,0.11964644761342176,7.118390059878002,0.7721102774151322,2.60755756130847,0.16738670165164404,0.6387276058385798,0.06032368411008142
1096_FacultySalaries,KNN,Sem vazamento,KNN,0.05,1.8656079485885098,0.12695477004174238,5.715412547016816,0.5603571707102019,2.35804514027777,0.11443122889735105,0.7019604025259385,0.03655560129855739
1096_FacultySalaries,KNN,Sem vazamento,KNN,0.1,1.8708483598171135,0.103696985275748,5.784331965948461,0.43644030009404017,2.374555610860813,0.0945989471154486,0.6970669701785623,0.02918787785007365
1096_FacultySalaries,KNN,Sem vazamento,KNN,0.2,1.8920225045619867,0.07181150614565526,5.626819706117414,0.4488903558582704,2.353161271140386,0.09380939510989281,0.6821563645097508,0.049287624187772834
1096_FacultySalaries,KNN,Sem vazamento,KNN,0.3,1.8580737776226466,0.11480974741785405,5.74818989895219,0.5006747130344498,2.3659854582921773,0.1092022210385633,0.6992127893754713,0.03214341878549407
1096_FacultySalaries,KNN,Sem vazamento,mean,0.05,1.8602756917986094,0.12819848678702295,5.680457757494718,0.5817780825012888,2.350341630356206,0.12091973290960924,0.7038205275202164,0.03837895254670364
1096_FacultySalaries,KNN,Sem vazamento,mean,0.1,1.917864364436549,0.10825194284627034,6.951527012224044,0.6208187935312438,2.577268537926107,0.13571787141664615,0.6486737866522653,0.04864570012675911
1096_FacultySalaries,KNN,Sem vazamento,mean,0.2,1.8697436666896199,0.09829429496189533,5.493152068102973,0.6805516962893117,2.3230493084634825,0.14305862993142396,0.6911460281285872,0.06226650166332686
1096_FacultySalaries,KNN,Sem vazamento,mean,0.3,1.9254156450939994,0.09896852759815328,6.998611048564009,0.6208195543371978,2.585206826520738,0.13713963600751825,0.6465127808953728,0.04985588669212622
1096_FacultySalaries,KNN,Sem vazamento,median,0.05,1.869356887972253,0.129196164557091,5.7053006601321234,0.5935934172745252,2.3553621274458734,0.12271790788635395,0.7021866136611082,0.039284786310792116
1096_FacultySalaries,KNN,Sem vazamento,median,0.1,1.9328654525626419,0.1252231735837939,7.053736764090075,0.7375943702785366,2.59556969709924,0.16013122157625356,0.6423292405118813,0.05720002317632475
1096_FacultySalaries,KNN,Sem vazamento,median,0.2,1.886114381928729,0.08905537696826611,5.6002434909941625,0.4659214729683297,2.3494953608300038,0.09538755217800263,0.6847269822771551,0.047878863987729364
1096_FacultySalaries,KNN,Sem vazamento,median,0.3,1.9281143565463204,0.12064740109257911,7.129811454626011,0.7703858135944955,2.6092360778341583,0.16760320312041505,0.6384531097652112,0.060586879971053574
1096_FacultySalaries,LR,Com vazamento,KNN,0.05,1.4119021444345912,0.10307703981793417,7.674986126207834,1.4781306906948233,2.3797532066120195,0.1986071099990492,0.5593321702751358,0.09364426581358709
1096_FacultySalaries,LR,Com vazamento,KNN,0.1,1.224882526704782,0.051529023612703256,2.837904289734155,0.27383045089198654,1.6361388064741373,0.10061121484769367,0.8417216743457395,0.028300179302281885
1096_FacultySalaries,LR,Com vazamento,KNN,0.2,1.3458717959489757,0.08710213180068198,8.390743451257753,1.3685618824541577,2.425234615257986,0.1691535498835628,0.5125844541214696,0.11987343275693509
1096_FacultySalaries,LR,Com vazamento,KNN,0.3,1.243408658081062,0.05657855595085004,2.829958855393629,0.30672407741467583,1.6353091087267602,0.10500070214734193,0.8410991339339088,0.03146100685624284
1096_FacultySalaries,LR,Com vazamento,mean,0.05,1.4619915073440402,0.13421979123829547,4.87646637203301,2.448683861344889,2.0618099856223906,0.3389615474805243,0.7198183335811118,0.1460524680216332
1096_FacultySalaries,LR,Com vazamento,mean,0.1,1.4489063823525887,0.0913657889845986,3.539265953363452,0.523867170824055,1.8483945991199968,0.14713018616206533,0.800952838441405,0.026803051109752608
1096_FacultySalaries,LR,Com vazamento,mean,0.2,1.347580413165374,0.089519731873399,8.396792660894976,1.3655714807419024,2.4260847339443767,0.16850423838215503,0.5120248735084701,0.12049235366486977
1096_FacultySalaries,LR,Com vazamento,mean,0.3,1.4482654488657671,0.0921812032523894,3.555863682228433,0.5399071798419873,1.8525060436697134,0.15035940274130144,0.8002118611648764,0.027838904054933254
1096_FacultySalaries,LR,Com vazamento,median,0.05,1.4484470034357007,0.10818118728708148,4.71763770235468,1.4317033401441612,2.052148259169002,0.24527422486946746,0.7335234473287562,0.07741208091045629
1096_FacultySalaries,LR,Com vazamento,median,0.1,1.4512395925402484,0.09146857662378727,3.5563994308764273,0.5253694280249575,1.8526945616086163,0.14723899796647832,0.8001109881461926,0.026806257076103502
1096_FacultySalaries,LR,Com vazamento,median,0.2,1.3438812945034642,0.08964603518987428,8.381151269778806,1.3703288719730846,2.4239249963883047,0.16874963492820302,0.512919998241672,0.11999155134080658
1096_FacultySalaries,LR,Com vazamento,median,0.3,1.451208115241813,0.09226918187379124,3.573705815386998,0.5405286800506198,1.8569922052833492,0.15006118153904346,0.7993311243026543,0.027863496593369112
1096_FacultySalaries,LR,Sem vazamento,KNN,0.05,1.4147734198253825,0.11028123733632379,7.241133084818853,1.5927801059497737,2.3344624715584756,0.225517111417498,0.5864896730449899,0.09292527152851045
1096_FacultySalaries,LR,Sem vazamento,KNN,0.1,1.2749022420677336,0.06006469961317861,2.8281725587231605,0.25599901841296563,1.6509209595939003,0.08127379967770565,0.8444699948659169,0.015440610060753028
1096_FacultySalaries,LR,Sem vazamento,KNN,0.2,1.3453512226519884,0.0870856407438207,8.39054439247523,1.370000995067997,2.42603123298912,0.1680818747534951,0.5125662534351757,0.12022397283431763
1096_FacultySalaries,LR,Sem vazamento,KNN,0.3,1.295578673900364,0.05019337991294601,2.8495638704292023,0.19140651448459606,1.6571564076692409,0.06660830080703195,0.8416875455004927,0.019978107440068442
1096_FacultySalaries,LR,Sem vazamento,mean,0.05,1.4653541830257844,0.15249796151359038,5.025317117854147,3.0301231371903268,2.065894564961174,0.39478183365127434,0.7104053896598169,0.1812808048094839
1096_FacultySalaries,LR,Sem vazamento,mean,0.1,1.4496158660130958,0.09125240530610496,3.540261336823512,0.5206514574189469,1.8486581020608208,0.14602520369312974,0.8009305596872677,0.026571232035563906
1096_FacultySalaries,LR,Sem vazamento,mean,0.2,1.3481974179815042,0.0888885951318342,8.399591474965316,1.3643050351433061,2.427149710877682,0.1676679422043363,0.5119434686369244,0.1206299259744738
1096_FacultySalaries,LR,Sem vazamento,mean,0.3,1.4487646985875982,0.09168557288086811,3.555207379259482,0.5352884102198301,1.8524086184533672,0.14896863227518542,0.8002740654778728,0.027561037308283815
1096_FacultySalaries,LR,Sem vazamento,median,0.05,1.4497902084232406,0.1164906925012403,4.77652182897958,1.7632676423273386,2.0540329064311553,0.27560606506298957,0.7276247572240976,0.10303521869000991
1096_FacultySalaries,LR,Sem vazamento,median,0.1,1.4514419661337234,0.09060630517235937,3.555616955875221,0.5203708241927535,1.8523892887286062,0.14608033456048916,0.8001845341637658,0.026560561230262857
1096_FacultySalaries,LR,Sem vazamento,median,0.2,1.3438812945034642,0.08964603518987428,8.381151269778806,1.3703288719730846,2.4239249963883047,0.16874963492820302,0.512919998241672,0.11999155134080658
1096_FacultySalaries,LR,Sem vazamento,median,0.3,1.4510904678828158,0.09143416764335724,3.5710625449589677,0.5365033837027898,1.8562360733385521,0.14914176286424985,0.7994948442444757,0.02763625266888928
1096_FacultySalaries,RF,Com vazamento,KNN,0.05,1.6635607450741985,0.11906976956991903,4.543594952047855,0.6613818807052602,2.0915309569346268,0.1746966356484435,0.7414308885562596,0.031077409733396993
1096_FacultySalaries,RF,Com vazamento,KNN,0.1,1.6436817917253217,0.11993282802834038,4.355902495717846,0.6637058582666779,2.050022765534744,0.17402722479461813,0.7518219466273771,0.030200533433288414
1096_FacultySalaries,RF,Com vazamento,KNN,0.2,1.6403296170682984,0.12570667047688325,4.504692776505691,0.6269722780204064,2.0819034825725224,0.1671873339391818,0.7442382150859626,0.029145422975286443
1096_FacultySalaries,RF,Com vazamento,KNN,0.3,1.6398810504440569,0.11716306084829255,4.353229444807145,0.6489491265613562,2.049519267934278,0.1707690450230969,0.7518628918557599,0.02949360381920246
1096_FacultySalaries,RF,Com vazamento,mean,0.05,1.681103460534006,0.11904260335859414,4.579788253853331,0.6452226234999455,2.09888244504616,0.1723703286650973,0.7406668095828586,0.03089329203069577
1096_FacultySalaries,RF,Com vazamento,mean,0.1,1.688770419022976,0.1327484732392802,4.577206274410764,0.7149930405372156,2.1004839378433373,0.18341032946830996,0.7446067448684702,0.031332572438638566
1096_FacultySalaries,RF,Com vazamento,mean,0.2,1.6494329247922979,0.11412053180536232,4.56480988359357,0.5818143458839873,2.097230968669011,0.15643642045482278,0.7389375094773033,0.02710443703363937
1096_FacultySalaries,RF,Com vazamento,mean,0.3,1.6812345143566783,0.1282881124272664,4.556568224061416,0.7031809376282399,2.095553610777079,0.18075479519025553,0.7454532079238687,0.03011358990647177
1096_FacultySalaries,RF,Com vazamento,median,0.05,1.6857447030809187,0.1221110190463471,4.578372649952289,0.6539184432485617,2.1005273068916,0.17350979835971486,0.7413923150040072,0.031668536184903055
1096_FacultySalaries,RF,Com vazamento,median,0.1,1.6721502023374928,0.13329383496551478,4.512494832878896,0.7101368846213776,2.084159086315186,0.18043464492951528,0.747642167004066,0.030583361191053413
1096_FacultySalaries,RF,Com vazamento,median,0.2,1.6426743667349852,0.11634643717069171,4.516301369216744,0.6118570651118105,2.0827072093653514,0.16394836539860708,0.7431315248012657,0.027699539802230472
1096_FacultySalaries,RF,Com vazamento,median,0.3,1.678247059634608,0.13699571136909994,4.515485293429767,0.6967129552112563,2.084496471067499,0.17741494805109032,0.7473915410086804,0.02927646570366401
1096_FacultySalaries,RF,Sem vazamento,KNN,0.05,1.6644060733277577,0.11694909961000893,4.5374658699563195,0.6598210256040642,2.0902263551616223,0.1743833410407713,0.7419232739295084,0.031235506340998438
1096_FacultySalaries,RF,Sem vazamento,KNN,0.1,1.6469310240154593,0.118744839544413,4.412615269473449,0.6702011673540663,2.062914313266591,0.17309981280763223,0.7490724084300976,0.030599128461970177
1096_FacultySalaries,RF,Sem vazamento,KNN,0.2,1.6384944701602313,0.11881563265488458,4.482294737691184,0.6192576945362083,2.0771375336615225,0.1623738277880308,0.7451278883442013,0.02831530436983931
1096_FacultySalaries,RF,Sem vazamento,KNN,0.3,1.6485068270385774,0.12082394045842117,4.428114259615099,0.6692039260383132,2.0667878047322477,0.17362558906326012,0.7482142873359408,0.030663620637618832
1096_FacultySalaries,RF,Sem vazamento,mean,0.05,1.6798411756906753,0.11953595430108449,4.567561694944035,0.6532756055905142,2.0968956122295572,0.17466784896110582,0.7412022495953635,0.03137098677133769
1096_FacultySalaries,RF,Sem vazamento,mean,0.1,1.691545568775927,0.13466845728629637,4.58929221951263,0.7291568194522688,2.1033986545116505,0.1859881425746523,0.7441280472364089,0.032085833453332796
1096_FacultySalaries,RF,Sem vazamento,mean,0.2,1.6494329247922979,0.11412053180536232,4.56480988359357,0.5818143458839873,2.097230968669011,0.15643642045482278,0.7389375094773033,0.02710443703363937
1096_FacultySalaries,RF,Sem vazamento,mean,0.3,1.6883535807866317,0.13321899998342196,4.584076673877479,0.7175632261711324,2.101344679201126,0.18435664692688564,0.744358995543904,0.03100538648202768
1096_FacultySalaries,RF,Sem vazamento,median,0.05,1.679296358334712,0.11940967451189917,4.552536470299983,0.6416931481939088,2.0924567117707773,0.17257825261079027,0.743036462163809,0.031167077732729937
1096_FacultySalaries,RF,Sem vazamento,median,0.1,1.6754456648969243,0.13364200538636142,4.519025314721284,0.7082360456812201,2.0863717786297102,0.17932037101309067,0.7471554935415918,0.03043874330526678
1096_FacultySalaries,RF,Sem vazamento,median,0.2,1.6426743667349852,0.11634643717069171,4.516301369216744,0.6118570651118105,2.0827072093653514,0.16394836539860708,0.7431315248012657,0.027699539802230472
1096_FacultySalaries,RF,Sem vazamento,median,0.3,1.672293689118491,0.13661271241797499,4.5025351329549865,0.69827098866444,2.082560749340526,0.1777214757666744,0.7477146593215812,0.029503492191586052
1096_FacultySalaries,SVR,Com vazamento,KNN,0.05,1.4039757943152742,0.05104498332409733,3.1825748176946065,0.31179505523888035,1.7604653560659271,0.08826659768142585,0.823044512446872,0.01748028504147604
1096_FacultySalaries,SVR,Com vazamento,KNN,0.1,1.3769737417891126,0.060144754802186944,3.00231934649029,0.30191228085341437,1.7018068700941946,0.09393370351469849,0.8336773720857856,0.01971092165094501
1096_FacultySalaries,SVR,Com vazamento,KNN,0.2,1.3622566519135357,0.04761207237532086,3.0389701169231316,0.2802860063914169,1.7220525578081423,0.07937527711549805,0.8300841071142401,0.016838062553301666
1096_FacultySalaries,SVR,Com vazamento,KNN,0.3,1.3810332582628186,0.0802973641829734,3.0629844321622053,0.42382234300263355,1.7165884476455417,0.12688419458108302,0.8307817061678144,0.02551227098246259
1096_FacultySalaries,SVR,Com vazamento,mean,0.05,1.4780884259542748,0.06801687115924097,3.505234467036882,0.4658135828263617,1.8466244946185977,0.11875155319703265,0.8056690509173215,0.02384023738012988
1096_FacultySalaries,SVR,Com vazamento,mean,0.1,1.5212882181092409,0.09201371690462642,3.9718603397762173,0.6148245574287683,1.9583119543376963,0.15854436646265962,0.7772123173668657,0.03160833516618203
1096_FacultySalaries,SVR,Com vazamento,mean,0.2,1.354681981585722,0.053843819886043295,3.0254011329074886,0.2891803457393225,1.7173879607933322,0.08188181277929422,0.830704211076318,0.016379769889498467
1096_FacultySalaries,SVR,Com vazamento,mean,0.3,1.5071801797661477,0.0884187368375193,3.953857902454519,0.5940187070334404,1.9521747737333455,0.1546102410502703,0.7782640571316147,0.030755848138156763
1096_FacultySalaries,SVR,Com vazamento,median,0.05,1.4711839384939376,0.0608645858229706,3.4383274718364283,0.41162917495625706,1.8309356292479197,0.11228198519142404,0.8084838067881409,0.02121565961853676
1096_FacultySalaries,SVR,Com vazamento,median,0.1,1.5232447000423734,0.09250483200091734,4.011605428335696,0.6149110689880714,1.9672173427284247,0.1589356683289894,0.7750615516451846,0.03152423140067214
1096_FacultySalaries,SVR,Com vazamento,median,0.2,1.3548632091363773,0.054945350889178235,3.0257170671793414,0.2964372718016778,1.71764032916215,0.08214239932504068,0.8314703543408254,0.016812294621249765
1096_FacultySalaries,SVR,Com vazamento,median,0.3,1.5097895032930975,0.08646651598590019,3.9702845968967306,0.6002721324110732,1.9543901576462703,0.15634420442411065,0.7769918202180879,0.031335196995089666
1096_FacultySalaries,SVR,Sem vazamento,KNN,0.05,1.405389099120284,0.05255254903758398,3.185346750319173,0.33233195125347414,1.7612394119415862,0.0941520347869817,0.8227454520392538,0.0183867528060853
1096_FacultySalaries,SVR,Sem vazamento,KNN,0.1,1.3886789226854341,0.05622378126213477,3.04933478081284,0.26203624205365905,1.718124169252478,0.08409227864805338,0.8315240780063933,0.01791580494654459
1096_FacultySalaries,SVR,Sem vazamento,KNN,0.2,1.3608365203553425,0.05080805415581746,3.0370307519903474,0.2834813744555067,1.7216897210141555,0.07919463542605944,0.8303851102186525,0.01712827432998996
1096_FacultySalaries,SVR,Sem vazamento,KNN,0.3,1.4021348384956651,0.07526749323088591,3.1463248332276783,0.3801129937425253,1.743403455447492,0.11088103660095334,0.8274289829797336,0.022670537650447894
1096_FacultySalaries,SVR,Sem vazamento,mean,0.05,1.475693824217039,0.06627614364648185,3.5029762478250692,0.46196783149556736,1.847161644119982,0.11929466692095261,0.8052781839020723,0.02419480074488288
1096_FacultySalaries,SVR,Sem vazamento,mean,0.1,1.5215596496857626,0.0918043414553814,3.9773190970459233,0.6140078071559166,1.9604748847215394,0.15728172109953137,0.7770397473486047,0.031462938113025044
1096_FacultySalaries,SVR,Sem vazamento,mean,0.2,1.3544732354065498,0.05587386543088935,3.0256122866044,0.29064349841831016,1.7173339895961102,0.08296685940834705,0.8307542620880798,0.016587004824222127
1096_FacultySalaries,SVR,Sem vazamento,mean,0.3,1.50788248021629,0.08862707103856354,3.955166634317916,0.6018230103604942,1.9520804544081916,0.15649066803298128,0.7783172840555275,0.03061461940209872
1096_FacultySalaries,SVR,Sem vazamento,median,0.05,1.4732704718567338,0.05822502871931764,3.455621048005586,0.40805743134256944,1.8352593887883577,0.11103737618845233,0.8075428030487845,0.020886773085155998
1096_FacultySalaries,SVR,Sem vazamento,median,0.1,1.5232783901708211,0.0917264360284374,4.010325162833439,0.6116936612830877,1.9669380626750061,0.15823664431402062,0.7753222548836298,0.03126580737483012
1096_FacultySalaries,SVR,Sem vazamento,median,0.2,1.3548632091363773,0.054945350889178235,3.0257170671793414,0.2964372718016778,1.71764032916215,0.08214239932504068,0.8314703543408254,0.016812294621249765
1096_FacultySalaries,SVR,Sem vazamento,median,0.3,1.509488331604266,0.08668697315685403,3.964766827966025,0.6009176377054049,1.952843409171491,0.15703711564238518,0.7775391192793534,0.031234697887019023
1199_BNG_echoMonths,DT,Com vazamento,KNN,0.05,11.862458230717026,0.08047573554916608,263.58237873979766,3.187284499653008,16.23404585403019,0.09844444906304217,-0.05686685823439238,0.012586295118312074
1199_BNG_echoMonths,DT,Com vazamento,KNN,0.1,11.820564015602008,0.0261501717134869,262.984950200572,1.2837420642145605,16.21604692081434,0.03972867884714238,-0.054506196800990565,0.005396707541376048
1199_BNG_echoMonths,DT,Com vazamento,KNN,0.2,11.926631537106518,0.04376236118449394,265.6084395835765,1.7690280636310582,16.296392033677083,0.05372333947524653,-0.06497718892673195,0.007089305673031213
1199_BNG_echoMonths,DT,Com vazamento,KNN,0.3,11.781596995953239,0.05293252117325642,261.61718633203327,2.3636262518685616,16.17381258014279,0.0733413274089745,-0.048957288438726675,0.009461507078274721
1199_BNG_echoMonths,DT,Com vazamento,mean,0.05,11.864661981963955,0.06097736318907582,264.5598787259068,2.2210795905711653,16.26447037069095,0.06794395027767083,-0.060829140972564165,0.00885025318732362
1199_BNG_echoMonths,DT,Com vazamento,mean,0.1,11.824041748310014,0.08733434828662444,263.0585454751969,3.33276182713613,16.217647487803983,0.10267958189169835,-0.05478978972108758,0.013406537925284016
1199_BNG_echoMonths,DT,Com vazamento,mean,0.2,11.927043210345635,0.05488530785139487,265.9595577783571,2.547080578475005,16.30700859053771,0.0785276455835811,-0.06647435614968238,0.010348711009648367
1199_BNG_echoMonths,DT,Com vazamento,mean,0.3,11.81792810260306,0.09584130117715031,263.489923455101,3.873602862832259,16.231383002214585,0.11944560421928906,-0.056583387138983914,0.015423593169621204
1199_BNG_echoMonths,DT,Com vazamento,median,0.05,11.868439735158768,0.056534766340617174,264.2519588267609,2.124005296798634,16.25505581141603,0.06503771556505451,-0.059516014051380406,0.008452956665846242
1199_BNG_echoMonths,DT,Com vazamento,median,0.1,11.821211442083444,0.08766525353165873,262.5328930513944,2.9963987255905713,16.201339087098088,0.09239991923716871,-0.052689014372496984,0.011955272339817828
1199_BNG_echoMonths,DT,Com vazamento,median,0.2,11.893144433152711,0.05756381444174649,264.8481719587285,2.2047740744753956,16.273187147530017,0.06781705277382039,-0.06200346431548387,0.00901090673490471
1199_BNG_echoMonths,DT,Com vazamento,median,0.3,11.813799473390972,0.09817289456080469,263.22264907415035,3.701529475305668,16.22296699082266,0.11415917784144974,-0.05549623023416627,0.01478890932483255
1199_BNG_echoMonths,DT,Sem vazamento,KNN,0.05,11.84450518256262,0.10485605396960357,263.32219129379047,3.651801864582643,16.2254600521191,0.11219676196783394,-0.05568120487517683,0.014669196744573544
1199_BNG_echoMonths,DT,Sem vazamento,KNN,0.1,11.858639759756025,0.04615369218624306,264.3020726843281,2.632782648623506,16.256238097555013,0.08112570381583978,-0.05974271208869097,0.010523833960538655
1199_BNG_echoMonths,DT,Sem vazamento,KNN,0.2,11.95041810823337,0.10992381536554509,266.94160866501505,3.707443164069364,16.337087778835166,0.11374260781505464,-0.07039906008846963,0.014964708119266031
1199_BNG_echoMonths,DT,Sem vazamento,KNN,0.3,11.857967520054359,0.034485836095897636,264.26235245128316,1.509998709928085,16.25550187299314,0.046558501788425785,-0.0595451434649411,0.006031289759459393
1199_BNG_echoMonths,DT,Sem vazamento,mean,0.05,11.882244523990764,0.05664707809069651,265.2696816957352,1.8956961845118354,16.286227537745855,0.057931602575643386,-0.06365311261844618,0.007585399394188528
1199_BNG_echoMonths,DT,Sem vazamento,mean,0.1,11.795861485814227,0.08877831708221222,262.25075481050527,2.61708304014807,16.192792443994623,0.08054824764119393,-0.051502506478741904,0.010499437147030055
1199_BNG_echoMonths,DT,Sem vazamento,mean,0.2,11.927887198672112,0.0700909794637355,265.91872589479686,3.2175828993653566,16.305560320707364,0.0991343017890192,-0.0663343067825925,0.013043116213132212
1199_BNG_echoMonths,DT,Sem vazamento,mean,0.3,11.829883597420482,0.08275507355722558,263.74432373172453,3.786891074327647,16.239283789613083,0.11683191973900187,-0.05758553580881812,0.015060550364858842
1199_BNG_echoMonths,DT,Sem vazamento,median,0.05,11.862477702235973,0.06181556189264384,264.1306757937595,2.3263190651149808,16.251329905282475,0.0712951076740041,-0.05901793347505722,0.009299256148372046
1199_BNG_echoMonths,DT,Sem vazamento,median,0.1,11.815049929087188,0.07291702682724134,262.3029459202605,2.37973968518937,16.194301811165527,0.0732854610298433,-0.05176919232518517,0.00948899142129799
1199_BNG_echoMonths,DT,Sem vazamento,median,0.2,11.891365857720599,0.06579433653480873,264.76082255426087,2.4488621873704375,16.270531182787277,0.07521660637872407,-0.06164160088290454,0.009934528795387974
1199_BNG_echoMonths,DT,Sem vazamento,median,0.3,11.805779075924436,0.09759509270756606,262.88814290849314,3.5173512972970595,16.21267551461401,0.10851301572071904,-0.05415194184119195,0.014090838069756762
1199_BNG_echoMonths,KNN,Com vazamento,KNN,0.05,9.429737408201568,0.029492887855954338,155.22955432086457,0.6341422667498857,12.458417278274185,0.02563198256339674,0.37757052982878375,0.0025006659377405068
1199_BNG_echoMonths,KNN,Com vazamento,KNN,0.1,9.440824282138337,0.02002899261090694,155.71299492552023,0.5010537216104153,12.477884351803857,0.0201774071285531,0.3756466570737795,0.0020037141442365096
1199_BNG_echoMonths,KNN,Com vazamento,KNN,0.2,9.502095077435472,0.020876832824100022,157.08136355667676,0.5509649141172557,12.532756676220904,0.022008031885893984,0.3701495516595364,0.002169764673174171
1199_BNG_echoMonths,KNN,Com vazamento,KNN,0.3,9.426187800251611,0.024292241585627115,155.15043474635948,0.6695282737087287,12.455034195146867,0.027153645436216296,0.3779273483385504,0.0026684181119269526
1199_BNG_echoMonths,KNN,Com vazamento,mean,0.05,9.413477777348918,0.022751815204340997,154.8578774882041,0.5205804934455246,12.443381729463587,0.02104148827376715,0.3790602044755713,0.0020600674972337655
1199_BNG_echoMonths,KNN,Com vazamento,mean,0.1,9.435259069355565,0.02165438202260697,155.4995196268641,0.647287183289449,12.46934876078,0.02580292080494301,0.37650202113061143,0.0025862845297029992
1199_BNG_echoMonths,KNN,Com vazamento,mean,0.2,9.471688534811362,0.01583363270363,156.31847568770218,0.38412464440623945,12.502280109629204,0.015515245496834106,0.3732265190684436,0.0015218538192383136
1199_BNG_echoMonths,KNN,Com vazamento,mean,0.3,9.426601103129961,0.027962746201013994,155.21791091612798,0.6725468982671594,12.45773640333273,0.027635854916022388,0.3776318685518319,0.002661877283521763
1199_BNG_echoMonths,KNN,Com vazamento,median,0.05,9.416511628826006,0.025942198343024955,154.94267429260037,0.661927007564079,12.446842194800311,0.026725296033200945,0.3787228120793449,0.002616605001717787
1199_BNG_echoMonths,KNN,Com vazamento,median,0.1,9.431168930474911,0.018667159453136434,155.34290708628953,0.5300843158195636,12.463034572519314,0.021139447046135948,0.3771347658474768,0.0020973633259912558
1199_BNG_echoMonths,KNN,Com vazamento,median,0.2,9.475227623488154,0.0219384879822896,156.39697102526097,0.5596593431547114,12.505413743060258,0.022535603389480997,0.37290692641554957,0.0021709545638767267
1199_BNG_echoMonths,KNN,Com vazamento,median,0.3,9.423541898429034,0.026483976507439413,155.29035419717,0.6468182636724716,12.460629807749546,0.026817264659904184,0.3773446392215159,0.002610645840174356
1199_BNG_echoMonths,KNN,Sem vazamento,KNN,0.05,9.430225513922247,0.025976588086145207,155.31792221388176,0.5514327267478691,12.461948161802276,0.022242430019398657,0.37722158197848543,0.002180951884109482
1199_BNG_echoMonths,KNN,Sem vazamento,KNN,0.1,9.440913897129718,0.021121419475032367,155.78122628740562,0.5205225163271913,12.480562871377543,0.021202526609695554,0.3753745735321237,0.002098367885007825
1199_BNG_echoMonths,KNN,Sem vazamento,KNN,0.2,9.502003577795158,0.030413705450556234,157.18856478942294,0.7308687435028487,12.536942105815855,0.029527238458594174,0.3697242436684705,0.002863566572597086
1199_BNG_echoMonths,KNN,Sem vazamento,KNN,0.3,9.420710312933629,0.031099714203041234,154.91414160652357,0.7626395517478103,12.445699157283466,0.03066488284655238,0.37886347963573375,0.003042475372724969
1199_BNG_echoMonths,KNN,Sem vazamento,mean,0.05,9.414242887290657,0.022614592528756118,154.87125004413704,0.5030976918251079,12.443920818088436,0.020349195983912972,0.37900628974583445,0.0019868914005225073
1199_BNG_echoMonths,KNN,Sem vazamento,mean,0.1,9.434608288939518,0.021452302090951107,155.47227642552977,0.6173847611886619,12.468256208308496,0.02461015468738459,0.37661227222617205,0.0024658902930811927
1199_BNG_echoMonths,KNN,Sem vazamento,mean,0.2,9.47157279144235,0.018422169863028946,156.31467572915508,0.40498644542793,12.50212447538275,0.01633248546351554,0.37324275126656237,0.0016116656904089507
1199_BNG_echoMonths,KNN,Sem vazamento,mean,0.3,9.425708796470678,0.028361598378148955,155.1973937269913,0.6706101959269628,12.456935026430761,0.027525338323805267,0.37771426653231227,0.002645191455460146
1199_BNG_echoMonths,KNN,Sem vazamento,median,0.05,9.41652485201728,0.025878298973270885,154.94747855855744,0.6587758252551345,12.447044625789678,0.026639260458602727,0.3787044198891529,0.0026083353711253343
1199_BNG_echoMonths,KNN,Sem vazamento,median,0.1,9.431001454238409,0.017872308521228383,155.32832316837846,0.47438978813614696,12.462461168814427,0.018956888205674368,0.3771931208008215,0.0018787381194317865
1199_BNG_echoMonths,KNN,Sem vazamento,median,0.2,9.474914729660158,0.020494139892095448,156.37242215170951,0.5195728287023633,12.504437355157236,0.020934027002892257,0.3730044710416848,0.002015195748632824
1199_BNG_echoMonths,KNN,Sem vazamento,median,0.3,9.424611723593626,0.027547252551234816,155.30070632226466,0.6707495041191831,12.461042502511026,0.02776508299341622,0.3773039366707116,0.0027039931700887135
1199_BNG_echoMonths,LR,Com vazamento,KNN,0.05,9.22206020332082,0.002180372185981678,139.17590544102234,0.05355547467417134,11.796765699294744,0.002270395400268871,0.44199107924704734,0.00024534640835824107
1199_BNG_echoMonths,LR,Com vazamento,KNN,0.1,9.226459452075687,0.002516324994166957,139.23192006014082,0.0600121463531873,11.799146853414706,0.0025725944455891004,0.4417641187761607,0.0002660611008602773
1199_BNG_echoMonths,LR,Com vazamento,KNN,0.2,9.239075741870328,0.0024383456961458907,139.41564783516782,0.06189878020082754,11.806934437384717,0.0026247487944350543,0.4410263282005311,0.0002734157897502917
1199_BNG_echoMonths,LR,Com vazamento,KNN,0.3,9.222334624961492,0.0023887913088851977,139.1866382110121,0.05485646658580808,11.797220791682028,0.0023904722162124917,0.4419480858350286,0.0002452992995463166
1199_BNG_echoMonths,LR,Com vazamento,mean,0.05,9.222005010818767,0.0021535399762258535,139.1739942414524,0.0519612579073874,11.796685107950394,0.0022035493652951465,0.44199864118635185,0.00023954544283231663
1199_BNG_echoMonths,LR,Com vazamento,mean,0.1,9.226173425392142,0.0025334912249029727,139.24373352394824,0.060367510220186535,11.799643502853527,0.002580291055167226,0.44171643546853484,0.00026979133920718076
1199_BNG_echoMonths,LR,Com vazamento,mean,0.2,9.238811802968922,0.0024689457254226392,139.41190089255664,0.062156517445898125,11.806768764495567,0.002644556593449915,0.44104194830050436,0.0002739392160219858
1199_BNG_echoMonths,LR,Com vazamento,mean,0.3,9.222417174105436,0.0023110761673414094,139.18548580257013,0.05434530822889349,11.797172050536078,0.0023652434242564875,0.4419526838527783,0.00024074985792599027
1199_BNG_echoMonths,LR,Com vazamento,median,0.05,9.221992964209166,0.002159440613282804,139.17458267716498,0.05207929219173508,11.796710231355746,0.002207896280232339,0.4419962522416541,0.00024030148115257368
1199_BNG_echoMonths,LR,Com vazamento,median,0.1,9.226173332252467,0.0025339010637153003,139.24309767507225,0.06041049688699742,11.799615923206678,0.0025829422107744413,0.44171904091639885,0.0002698331694457676
1199_BNG_echoMonths,LR,Com vazamento,median,0.2,9.238739144012856,0.0024777326633003104,139.41103282431985,0.062286117416680664,11.806731766934258,0.002650643507000771,0.4410454834358895,0.0002745020101275576
1199_BNG_echoMonths,LR,Com vazamento,median,0.3,9.222420241174222,0.0023353504386124753,139.1847921005921,0.0544108303239276,11.797142718387974,0.0023665619408540315,0.44195547699735793,0.000241342723411767
1199_BNG_echoMonths,LR,Sem vazamento,KNN,0.05,9.222000726489002,0.0021289684534480566,139.17540940353499,0.05272410630998824,11.796744456146358,0.002230535604736084,0.44199308875084403,0.00024256563058720673
1199_BNG_echoMonths,LR,Sem vazamento,KNN,0.1,9.226436611974435,0.003022656860744585,139.2346141524844,0.06688181641317771,11.799264923528513,0.002860580238478759,0.44175310572719884,0.0002918033318946432
1199_BNG_echoMonths,LR,Sem vazamento,KNN,0.2,9.239966985931495,0.002746375001428929,139.43063376375372,0.06644976600254236,11.807567328769766,0.0028395246976060996,0.44096676505831106,0.0002832122394528796
1199_BNG_echoMonths,LR,Sem vazamento,KNN,0.3,9.22216037111916,0.002193590801357278,139.18311704125517,0.05078718416769192,11.797071153214697,0.002193983734080089,0.4419621610010526,0.00023243288722239576
1199_BNG_echoMonths,LR,Sem vazamento,mean,0.05,9.222004826811883,0.0021537676766202104,139.1739984711082,0.051979061479506844,11.79668527983313,0.0022042062198672284,0.44199862456897215,0.0002396320468606156
1199_BNG_echoMonths,LR,Sem vazamento,mean,0.1,9.226175443893196,0.0025380277754286896,139.24379306941782,0.06050645203827709,11.799646023377667,0.0025863986392780695,0.44171619929283995,0.0002702071581508847
1199_BNG_echoMonths,LR,Sem vazamento,mean,0.2,9.238809963111072,0.002467882730583485,139.41188264612916,0.06222289478735471,11.806768043092468,0.00264798603684804,0.4410420200541561,0.00027401809537906007
1199_BNG_echoMonths,LR,Sem vazamento,mean,0.3,9.222416519132993,0.0023103974240392122,139.18548306979264,0.054323642912874934,11.797171935358982,0.0023642835256310374,0.4419526938094758,0.00024066684311168691
1199_BNG_echoMonths,LR,Sem vazamento,median,0.05,9.221992970084543,0.002159046128660617,139.17458260013214,0.05207922231049708,11.796710222490342,0.0022078593865952527,0.44199625267820447,0.0002403126632624776
1199_BNG_echoMonths,LR,Sem vazamento,median,0.1,9.226176024663177,0.0025343635675490607,139.2431810552585,0.0604371917998569,11.799619452212674,0.0025840583157908112,0.4417187066225121,0.00026989770676496866
1199_BNG_echoMonths,LR,Sem vazamento,median,0.2,9.238739688843173,0.002475605101486334,139.41108730059318,0.0622926540277329,11.806734103706495,0.002651199525575235,0.4410452632839968,0.0002744679953729165
1199_BNG_echoMonths,LR,Sem vazamento,median,0.3,9.222419697936823,0.0023350481009291597,139.18478410130942,0.05439918785556203,11.797142377978721,0.0023660279133862015,0.4419555082685745,0.00024129575133841527
1199_BNG_echoMonths,RF,Com vazamento,KNN,0.05,8.901614132474345,0.017079672194195202,134.62530512229515,0.37661069383926815,11.602169026797597,0.016333177900523122,0.4602447034867478,0.001473324956771183
1199_BNG_echoMonths,RF,Com vazamento,KNN,0.1,8.89075374213042,0.020160799371966614,134.37263800152797,0.4918622409034151,11.591278172964666,0.021068382351856648,0.46125052970298547,0.0019551053825898074
1199_BNG_echoMonths,RF,Com vazamento,KNN,0.2,8.948455803052124,0.026386941060453886,135.5696066170209,0.6825707312944458,11.64279969362674,0.029190793847187,0.4564491318389698,0.002717333326302067
1199_BNG_echoMonths,RF,Com vazamento,KNN,0.3,8.886542238056723,0.02271366796115822,134.62865929099996,0.5786928368843818,11.602410761470194,0.025092036247194555,0.46022622158595544,0.0022861923247635765
1199_BNG_echoMonths,RF,Com vazamento,mean,0.05,8.899548723413583,0.020629867534301845,134.64708617944643,0.47514487189535776,11.603128528630867,0.02055094448330968,0.46015378665795176,0.0018599637692330608
1199_BNG_echoMonths,RF,Com vazamento,mean,0.1,8.883855384283724,0.013772432706218283,134.40312601021807,0.5038850638050045,11.592658911856374,0.02191662274376334,0.4611327205155101,0.0020019566417460804
1199_BNG_echoMonths,RF,Com vazamento,mean,0.2,8.920721116726122,0.01768828696871668,134.95963202846457,0.5176778452778791,11.61664025041808,0.02211306064880584,0.45888691644200746,0.0020435413692268113
1199_BNG_echoMonths,RF,Com vazamento,mean,0.3,8.874413256981661,0.019276478857140147,134.46296584702893,0.5990795426366633,11.595259924488401,0.026020280304688274,0.4608839152507443,0.0023670942563981767
1199_BNG_echoMonths,RF,Com vazamento,median,0.05,8.90376748668101,0.017691969772835645,134.75084191312237,0.41367528179530677,11.607572443779569,0.017892351366608016,0.4597370149325953,0.0016192703842543119
1199_BNG_echoMonths,RF,Com vazamento,median,0.1,8.888176270876786,0.01635043819651008,134.4783813689899,0.5535729329353094,11.595892985436402,0.024022702515017775,0.46083188290640814,0.002203540609065745
1199_BNG_echoMonths,RF,Com vazamento,median,0.2,8.921297063413045,0.019637161160104045,135.01454532271958,0.5329794283360113,11.619037370405723,0.022751339833046513,0.4586664188889255,0.002102798473484923
1199_BNG_echoMonths,RF,Com vazamento,median,0.3,8.873669301496582,0.022012118623345858,134.51142918017925,0.65322490123132,11.597341134382889,0.028383614634321888,0.460692063137943,0.0025868570117623486
1199_BNG_echoMonths,RF,Sem vazamento,KNN,0.05,8.90183682367751,0.022604291158496343,134.64546751950257,0.47998214761013286,11.602997825446245,0.020730058753220454,0.4601629855082754,0.001903394846936218
1199_BNG_echoMonths,RF,Sem vazamento,KNN,0.1,8.89057199657544,0.01662422308968339,134.48346649660957,0.4356851164814702,11.596126521158089,0.018785435368967766,0.4608010002794176,0.001725942377675542
1199_BNG_echoMonths,RF,Sem vazamento,KNN,0.2,8.945229577925046,0.018326563271979526,135.49745724198135,0.4891146749182172,11.639747317742694,0.020979315575261958,0.4567358291050186,0.0019250124031212376
1199_BNG_echoMonths,RF,Sem vazamento,KNN,0.3,8.888029617493025,0.018891324807691373,134.62891770471472,0.5090759673018999,11.602402650374557,0.021910927169412425,0.4602192188285934,0.001983242321251139
1199_BNG_echoMonths,RF,Sem vazamento,mean,0.05,8.899460941880756,0.020675792230058006,134.6398531751078,0.47746605836818,11.60282048544377,0.020677838014573978,0.46018219111393727,0.0018671956008285806
1199_BNG_echoMonths,RF,Sem vazamento,mean,0.1,8.884616900487861,0.01445700383400084,134.43296606679598,0.5235743911730623,11.593949328585929,0.022773875094188007,0.46101353607882817,0.0020805466393866035
1199_BNG_echoMonths,RF,Sem vazamento,mean,0.2,8.920281922951345,0.01893739452646877,134.9503989283047,0.5372016011170484,11.616258883518839,0.022959442348615494,0.45892071604084655,0.0021172622562804647
1199_BNG_echoMonths,RF,Sem vazamento,mean,0.3,8.873700686778939,0.0200575472111966,134.43817856818998,0.606251267592846,11.5941903248437,0.026337174386613073,0.46098522212390436,0.002393796150051717
1199_BNG_echoMonths,RF,Sem vazamento,median,0.05,8.903370548411809,0.01815552643567027,134.7237038872655,0.41462277945313386,11.606418749268874,0.017951194920616132,0.45984447591671224,0.001624000698030078
1199_BNG_echoMonths,RF,Sem vazamento,median,0.1,8.885989602678807,0.016803111471305608,134.46150819458333,0.544528722577102,11.595182294638045,0.023635778118302756,0.46089979697150757,0.002166452335483995
1199_BNG_echoMonths,RF,Sem vazamento,median,0.2,8.922995281674234,0.020335916545998714,135.0471112537597,0.5549749034900276,11.620433404553268,0.023669485198909136,0.4585351004591107,0.0021909789218981205
1199_BNG_echoMonths,RF,Sem vazamento,median,0.3,8.873646437722194,0.020885441261328193,134.50141278619716,0.6308901188772698,11.596924591123349,0.02739017647240777,0.4607310487715643,0.0024945628361827954
1199_BNG_echoMonths,SVR,Com vazamento,KNN,0.05,9.010802604448303,0.00234313653451053,145.9043464842516,0.0592139348662527,12.078409812081354,0.002339292982949611,0.4150285553193929,0.0002766509333906203
1199_BNG_echoMonths,SVR,Com vazamento,KNN,0.1,9.015655317586514,0.0026856600347389373,146.0033118967081,0.09573169186365194,12.082503071975689,0.003908414462930061,0.4146283475876307,0.0003749804835512641
1199_BNG_echoMonths,SVR,Com vazamento,KNN,0.2,9.024292985831424,0.0020675014966137204,146.26864921669252,0.08532989316901465,12.093480474475848,0.003670533147576689,0.413564073635396,0.00038380452921280055
1199_BNG_echoMonths,SVR,Com vazamento,KNN,0.3,9.011315094662917,0.0032382747879803825,145.90844152300676,0.040993685403807746,12.078569802896043,0.0015532623657158332,0.4150124763384282,0.00023731948965632002
1199_BNG_echoMonths,SVR,Com vazamento,mean,0.05,9.01075961657726,0.002677037481614625,145.89224183905162,0.03162721563494615,12.077895744542294,0.0014407730556954897,0.4150791228652709,0.00016484403564518313
1199_BNG_echoMonths,SVR,Com vazamento,mean,0.1,9.01443132623533,0.0030275433765222163,146.0539738010263,0.0518498032088085,12.084605038331174,0.0020093676680117277,0.41442602363512476,0.0002318361946992415
1199_BNG_echoMonths,SVR,Com vazamento,mean,0.2,9.022022450748107,0.002924878543839369,146.32295433788494,0.04568489139730625,12.095726306699172,0.001966746231757292,0.41334899917679463,0.0002415830709875382
1199_BNG_echoMonths,SVR,Com vazamento,mean,0.3,9.01082733933956,0.0028893407512500433,145.90075379836412,0.024164255551151235,12.078256144978104,0.0009373094321920365,0.4150431667695372,0.00014106773886634125
1199_BNG_echoMonths,SVR,Com vazamento,median,0.05,9.010332542347728,0.0027271189331278187,145.92306348259035,0.0368721454936822,12.079183421930361,0.0014794507924296646,0.41495329968051325,0.0001239336052006335
1199_BNG_echoMonths,SVR,Com vazamento,median,0.1,9.014432303101737,0.0024967254317241256,146.05985076868973,0.030914981700370516,12.08485775207972,0.0012127927980784433,0.41440226930511614,0.00015453581762411587
1199_BNG_echoMonths,SVR,Com vazamento,median,0.2,9.021457386204306,0.0029262229887051364,146.33236476286012,0.07460609903635294,12.096111892819826,0.0031744930764209924,0.41330971698047186,0.0003142050124866593
1199_BNG_echoMonths,SVR,Com vazamento,median,0.3,9.011358790662753,0.002301289204510572,145.85443048848225,0.0641013518500248,12.07633348994996,0.0027388723985163703,0.4152289919912911,0.00024925845852695087
1199_BNG_echoMonths,SVR,Sem vazamento,KNN,0.05,9.010676198655483,0.002606513539200546,145.89812427984958,0.06965978089694612,12.078138592413813,0.0030755502469460034,0.41505523947728595,0.00030599282662992157
1199_BNG_echoMonths,SVR,Sem vazamento,KNN,0.1,9.014796120060568,0.0030372041769170426,145.97560523584156,0.06354667185383477,12.081377209653864,0.002617618168620091,0.41474000978087405,0.00028092661160375367
1199_BNG_echoMonths,SVR,Sem vazamento,KNN,0.2,9.023898682642175,0.00280949941625256,146.31597225399562,0.09783839851646675,12.095452471508432,0.003919601525766543,0.41337479905320235,0.00042793725185257393
1199_BNG_echoMonths,SVR,Sem vazamento,KNN,0.3,9.011467719583147,0.0026167479820561525,145.88311608897115,0.0569229048535663,12.07751275716472,0.0021663860890629998,0.41511452981513913,0.00027687911797184665
1199_BNG_echoMonths,SVR,Sem vazamento,mean,0.05,9.010238788239368,0.0025530096202648917,145.92089454038964,0.039677980959156346,12.079093758017306,0.0017131477800082164,0.4149623451346216,0.0001758106926505368
1199_BNG_echoMonths,SVR,Sem vazamento,mean,0.1,9.014188113774159,0.0028007643741129427,146.04503981160386,0.04199472802093863,12.084242977666541,0.0017754104652373533,0.41446066159333367,0.00010361976531344497
1199_BNG_echoMonths,SVR,Sem vazamento,mean,0.2,9.021603077449651,0.003045476280413572,146.3262104182933,0.0643051876842722,12.095874425490317,0.0026326353680294775,0.41333361573932526,0.00030751626344326734
1199_BNG_echoMonths,SVR,Sem vazamento,mean,0.3,9.010993433679749,0.0028574348883577596,145.9000406919874,0.05870264293416658,12.078210888241907,0.002487812844584546,0.415047635618994,0.00027574297788522146
1199_BNG_echoMonths,SVR,Sem vazamento,median,0.05,9.010958013253084,0.002538753984664528,145.918114221162,0.08420298204467859,12.078976794036487,0.003677420275014,0.41497506688181957,0.00030799216451844736
1199_BNG_echoMonths,SVR,Sem vazamento,median,0.1,9.01449917029822,0.002926478930209711,146.0421909760776,0.06040026470096823,12.084118143598536,0.002466006687735174,0.4144734098820287,0.0003181942436255993
1199_BNG_echoMonths,SVR,Sem vazamento,median,0.2,9.02180086803724,0.0021898169640542607,146.2932953898817,0.055052709397641245,12.094509254134662,0.0021858561763554362,0.4134659336503094,0.00026431836775563425
1199_BNG_echoMonths,SVR,Sem vazamento,median,0.3,9.01125341620512,0.002695028790094591,145.86196304502178,0.024905825890821964,12.076644575415388,0.001158118876279796,0.4151998672879886,0.00017029221499008027
197_cpu_act,DT,Com vazamento,KNN,0.05,2.4672648111979165,0.020453596353988683,13.32000732421875,0.21674802418790529,3.645176271121651,0.030246611175030334,0.9605088682147384,0.0007348380532301512
197_cpu_act,DT,Com vazamento,KNN,0.1,2.54278564453125,0.022485172631362575,14.018534342447916,0.23775498375982354,3.739981927851114,0.032397069344702704,0.9584036984591386,0.0006491543355772064
197_cpu_act,DT,Com vazamento,KNN,0.2,2.5547688802083335,0.01072543600955274,13.561604817708334,0.1667247333305018,3.6821920444428744,0.022966081105098193,0.9597596253429135,0.0006784666053938093
197_cpu_act,DT,Com vazamento,KNN,0.3,2.57513427734375,0.027391528213154142,13.826273600260416,0.3192456917978651,3.717311356941704,0.04339185734576857,0.9589267238291935,0.0010900145152751104
197_cpu_act,DT,Com vazamento,mean,0.05,2.470947265625,0.015812323165930103,13.390096028645834,0.19171052479322215,3.6545248766507474,0.027728809638624726,0.960279659686294,0.0006587279300330847
197_cpu_act,DT,Com vazamento,mean,0.1,2.5319417317708335,0.019441883357486877,13.993733723958334,0.14142838334726562,3.7364592208887486,0.018404170707549083,0.9584471077185462,0.00044526016730976695
197_cpu_act,DT,Com vazamento,mean,0.2,2.5682169596354165,0.029514715083407448,13.732198079427084,0.3113621731802102,3.7046195311792083,0.0419865497248608,0.9592165749834662,0.0010858721856954342
197_cpu_act,DT,Com vazamento,mean,0.3,2.5841064453125,0.023644234915552242,13.840250651041666,0.3029143030493309,3.7195362620607053,0.040657699271841444,0.9589357163688067,0.001097360928130432
197_cpu_act,DT,Com vazamento,median,0.05,2.481689453125,0.027925034782367488,13.424845377604166,0.34051361420965637,3.6589772056031045,0.04784161793017889,0.9601708174310324,0.0011281959983652416
197_cpu_act,DT,Com vazamento,median,0.1,2.5346476236979165,0.02885298245658966,13.983744303385416,0.27826166349262177,3.7354089543727262,0.038982742988943865,0.9584678472308212,0.0009825356491304277
197_cpu_act,DT,Com vazamento,median,0.2,2.5716756184895835,0.02289271331045072,13.700093587239584,0.17901527741882253,3.700392887262634,0.02385539128074931,0.9593304201414004,0.0008464270763888011
197_cpu_act,DT,Com vazamento,median,0.3,2.5737508138020835,0.01807059849393049,13.733174641927084,0.2882432144077128,3.704753888201722,0.03905179278451759,0.9592366574228816,0.0011143396659662567
197_cpu_act,DT,Sem vazamento,KNN,0.05,2.4726155598958335,0.01994580595504555,13.36767578125,0.19813906237639803,3.6517946518561164,0.028128073394907395,0.9603474800672059,0.0006486302430874789
197_cpu_act,DT,Sem vazamento,KNN,0.1,2.5340372721354165,0.03190474456264383,13.889790852864584,0.4046619585193178,3.723060440385721,0.054562225091937415,0.9587996608734324,0.0012166908852990431
197_cpu_act,DT,Sem vazamento,KNN,0.2,2.5506795247395835,0.026414325164087704,13.48284912109375,0.3273086269536304,3.670554165395098,0.043404616816420424,0.9599480012559138,0.0011588062547338808
197_cpu_act,DT,Sem vazamento,KNN,0.3,2.5584716796875,0.032322780427308594,13.6370849609375,0.3686022349274844,3.691900821150124,0.05015700653854211,0.9595261338417856,0.0011585072098948463
197_cpu_act,DT,Sem vazamento,mean,0.05,2.47320556640625,0.016352091817585887,13.422098795572916,0.1915070780702646,3.659154234162864,0.02787898167303987,0.9601917095724298,0.0006497895592078378
197_cpu_act,DT,Sem vazamento,mean,0.1,2.5325724283854165,0.015363685667895267,13.96112060546875,0.11223531819653161,3.7321711768430403,0.01591857556986849,0.958547638583973,0.000372829568656962
197_cpu_act,DT,Sem vazamento,mean,0.2,2.56793212890625,0.022827181076597616,13.69891357421875,0.3012221115111536,3.7002939716903778,0.04038812302465992,0.9593331041867775,0.0010171856787448493
197_cpu_act,DT,Sem vazamento,mean,0.3,2.5811360677083335,0.024451468739669146,13.864990234375,0.3109312545685887,3.722768055127226,0.04161521806816937,0.9588728413455864,0.0009692010337910253
197_cpu_act,DT,Sem vazamento,median,0.05,2.4829508463541665,0.026169627838073403,13.471923828125,0.35900718276135685,3.665361229141212,0.05015964326197843,0.9600350372308064,0.001167412608385715
197_cpu_act,DT,Sem vazamento,median,0.1,2.5354410807291665,0.031429506361253995,13.993082682291666,0.3631019286433406,3.736103913360856,0.04991936844709265,0.9584367371697343,0.0012364798672240744
197_cpu_act,DT,Sem vazamento,median,0.2,2.5780029296875,0.020610154328784117,13.838175455729166,0.149328202986862,3.7191144867733654,0.01968844135125617,0.9589141654970863,0.0007083691717084156
197_cpu_act,DT,Sem vazamento,median,0.3,2.5762532552083335,0.020381087877801806,13.762003580729166,0.22155227920925535,3.7087502795517366,0.029970409215982402,0.9591575637158178,0.0007943941914037636
197_cpu_act,KNN,Com vazamento,KNN,0.05,2.2722900390625003,0.010397306889517567,25.332443033854165,1.214921909144784,4.998031510421476,0.10094003794214611,0.9252249490631209,0.0030450521255024707
197_cpu_act,KNN,Com vazamento,KNN,0.1,2.375992838541667,0.015277474236603689,29.625174153645833,0.8534092097399099,5.419133870089673,0.06426139823875902,0.9125150428478787,0.0024081645870278777
197_cpu_act,KNN,Com vazamento,KNN,0.2,2.3370971679687504,0.006207642070851329,24.298954264322916,0.4571242555004265,4.903045979408373,0.03713730649658756,0.927985938943585,0.0014251295894739404
197_cpu_act,KNN,Com vazamento,KNN,0.3,2.3382975260416665,0.008307250848907072,24.19117350260417,0.9961852859656598,4.890786356877048,0.08580837928027035,0.9283765713698559,0.002932270893739822
197_cpu_act,KNN,Com vazamento,mean,0.05,2.321024576822917,0.015132831033207202,27.373159993489583,1.7764992318499777,5.191156240276283,0.14221664938771972,0.9193448624389363,0.0044206379375993235
197_cpu_act,KNN,Com vazamento,mean,0.1,2.398453776041667,0.016587307663017838,29.83041829427083,0.9252772057460654,5.440004029311411,0.07007790719075904,0.9119048023986202,0.0025145801809653887
197_cpu_act,KNN,Com vazamento,mean,0.2,2.3811767578125003,0.009348973067899785,24.720032552083335,0.6429119179114112,4.94240106982292,0.05108670725521319,0.9267864934104818,0.0018077294561051852
197_cpu_act,KNN,Com vazamento,mean,0.3,2.380375162760417,0.01094233179087593,24.45919352213542,1.0475352708774204,4.918366636410379,0.09538560399111375,0.9275572358134921,0.003043169118995559
197_cpu_act,KNN,Com vazamento,median,0.05,2.3013753255208336,0.012339009851623034,26.737734375,1.232612607945673,5.133366120300912,0.10161085692548018,0.921117256447804,0.003045035220640771
197_cpu_act,KNN,Com vazamento,median,0.1,2.396419270833334,0.018835341889394328,30.10839518229167,1.2097213025492635,5.463945011900534,0.09322758859738232,0.9110363544553278,0.003510401341355296
197_cpu_act,KNN,Com vazamento,median,0.2,2.376359049479167,0.008739179551106606,24.927176106770833,0.08673173393672967,4.966817931182413,0.01938130338377331,0.9261452444578278,0.0007075774977387298
197_cpu_act,KNN,Com vazamento,median,0.3,2.3790039062500004,0.007633086997087185,24.56052408854167,0.8814337653337687,4.930293995170933,0.07734440132170721,0.9272825167288384,0.00249839741285877
197_cpu_act,KNN,Sem vazamento,KNN,0.05,2.2793701171875003,0.012167396593189373,25.6030419921875,1.1816909553540658,5.024513997852017,0.09953411993017368,0.9244279427835567,0.002955125481401853
197_cpu_act,KNN,Sem vazamento,KNN,0.1,2.384159342447917,0.01775721497823379,30.087180175781253,0.8849551190873901,5.46204750020928,0.07754807008894218,0.9111548601584275,0.0027302722891002734
197_cpu_act,KNN,Sem vazamento,KNN,0.2,2.3343098958333335,0.007466020966039954,24.19675130208334,0.5734562958979557,4.889413143095773,0.04748155663316464,0.9282658707699097,0.0018960985498712114
197_cpu_act,KNN,Sem vazamento,KNN,0.3,2.336918131510417,0.004895184927133672,24.209779459635417,0.8341917104583607,4.8924785705226075,0.06964797430709416,0.9283381450670213,0.002360760508151869
197_cpu_act,KNN,Sem vazamento,mean,0.05,2.3206502278645833,0.014552332989520364,27.36733317057292,1.7837792059263464,5.190557622577543,0.14279533294291155,0.9193640396287597,0.004437959780383604
197_cpu_act,KNN,Sem vazamento,mean,0.1,2.3984659830729167,0.01668633155208614,29.828116048177083,0.9175694249853253,5.439896744447462,0.06938915654192904,0.9119108779729789,0.0024812311131841023
197_cpu_act,KNN,Sem vazamento,mean,0.2,2.381583658854167,0.009477093368550618,24.751409505208333,0.6162418396018079,4.945362044575793,0.04792673202433161,0.9266905829163434,0.0017587108886876848
197_cpu_act,KNN,Sem vazamento,mean,0.3,2.3809814453125004,0.010431143555460987,24.469583333333333,1.0401152513020644,4.919484697799347,0.09472244509968297,0.9275265809404498,0.003020013891115333
197_cpu_act,KNN,Sem vazamento,median,0.05,2.30418701171875,0.01583751920113304,27.007974446614583,1.7797356917675595,5.155485301833549,0.1453035884155094,0.9204157082660394,0.004453931973068912
197_cpu_act,KNN,Sem vazamento,median,0.1,2.3977335611979167,0.019945463788357362,30.177980957031252,1.3606912972336505,5.470278362019678,0.1052154376137969,0.9108589314868109,0.003869414469036519
197_cpu_act,KNN,Sem vazamento,median,0.2,2.3761922200520837,0.009178381211424991,24.94863525390625,0.08804416648943202,4.968803923942034,0.022442392203202908,0.9260805582313497,0.0006828671576722649
197_cpu_act,KNN,Sem vazamento,median,0.3,2.3790120442708336,0.007681172607296874,24.55576009114583,0.8835227616732746,4.929762803524034,0.07757110599472415,0.9272965405445733,0.0025032444343146107
197_cpu_act,LR,Com vazamento,KNN,0.05,6.026897304309526,0.005036384324127519,97.3024321203769,0.7285696714426144,9.856898501831422,0.03872770756503371,0.7124226402322158,0.0022959809302038263
197_cpu_act,LR,Com vazamento,KNN,0.1,5.923404693682682,0.0050134258482413575,101.94811857766099,0.7912403188041018,10.088082718951378,0.040078506316038306,0.6987226782884189,0.002410071134750647
197_cpu_act,LR,Com vazamento,KNN,0.2,6.103794686175996,0.004779763849632196,94.74209735160343,0.6413097437916794,9.72708807277081,0.0349216328146138,0.7199035151400687,0.0019420028749308712
197_cpu_act,LR,Com vazamento,KNN,0.3,6.097212640304701,0.005001734488876034,93.9101096462557,0.5691751270749772,9.684632256901194,0.030799709938819506,0.7222898277091883,0.001677991802331254
197_cpu_act,LR,Com vazamento,mean,0.05,6.020987159130883,0.004355461206733335,98.03375805624864,0.7517851459610742,9.893328828941465,0.03915576923640219,0.710280815113549,0.0023719516237030963
197_cpu_act,LR,Com vazamento,mean,0.1,5.876288983041356,0.004259487825066308,103.93173653255815,0.8599799075672947,10.184987486043662,0.04320598766779202,0.6928856755596478,0.0025975241712016387
197_cpu_act,LR,Com vazamento,mean,0.2,6.091335826472553,0.004972788403154816,94.80243803014264,0.6701170613563965,9.730151318149463,0.036502839085732895,0.7197254454584474,0.0020332037879131864
197_cpu_act,LR,Com vazamento,mean,0.3,6.069171325091436,0.0036664116934116897,96.42665490964798,0.6737574872131161,9.812722909970148,0.035468961417328214,0.7148957691277898,0.0020115426667117694
197_cpu_act,LR,Com vazamento,median,0.05,6.0333543685879425,0.005252645038643199,99.20559137572536,0.7508353159438305,9.95230528491465,0.03883933234969034,0.7067994778763583,0.0023625255295588875
197_cpu_act,LR,Com vazamento,median,0.1,5.927694835810962,0.0050949388410744855,105.07929712198302,0.8656106753186256,10.241181862388574,0.04297974583509629,0.6894846225630363,0.002618721165497639
197_cpu_act,LR,Com vazamento,median,0.2,6.095601788505937,0.005065776788876507,95.00889812138944,0.6815388537891375,9.740666397911752,0.03713165558696632,0.7191197570580002,0.0020756508267749264
197_cpu_act,LR,Com vazamento,median,0.3,6.044840377361848,0.002904452158576065,96.79492040768696,0.7048757682494934,9.831313266016833,0.037074231693332245,0.7138109734274324,0.002083764803501368
197_cpu_act,LR,Sem vazamento,KNN,0.05,6.028160417436812,0.007530084371754533,97.40852631816462,0.7819249566019667,9.862111204414239,0.041904077464075866,0.7121092077971288,0.002452959894001593
197_cpu_act,LR,Sem vazamento,KNN,0.1,5.923339040405793,0.015177617214454573,102.15130315741901,0.7130023213786486,10.098134985494925,0.03759841371298243,0.698115206337207,0.0021570652043508684
197_cpu_act,LR,Sem vazamento,KNN,0.2,6.103965491021699,0.0050037132618927565,94.72002686448683,0.6555832522041148,9.725867035709319,0.03553072200152693,0.7199615141240594,0.001959552192939042
197_cpu_act,LR,Sem vazamento,KNN,0.3,6.098246052956288,0.005585527331454391,93.87780024450855,0.5718206481167946,9.682980716781605,0.03083855127720073,0.7223832063489409,0.0016854644530350353
197_cpu_act,LR,Sem vazamento,mean,0.05,6.021026310131956,0.004385389718937802,98.03428072028548,0.7503469512372812,9.893358846888512,0.03906599009480332,0.7102789488984862,0.0023675454284223553
197_cpu_act,LR,Sem vazamento,mean,0.1,5.876378627967614,0.0042025300258610255,103.93243812663258,0.8585980346789993,10.185024170735515,0.043118389635439895,0.6928834872486962,0.0025932713249321635
197_cpu_act,LR,Sem vazamento,mean,0.2,6.091322947475948,0.0050750265986811835,94.80233010656491,0.6692638662781853,9.73014693593361,0.036463499767166806,0.7197256868167924,0.0020309467058200626
197_cpu_act,LR,Sem vazamento,mean,0.3,6.0691822190577325,0.003544420941553052,96.42534270279533,0.674909303089259,9.812651454222744,0.03554039496984624,0.7149000681336228,0.00201351331274761
197_cpu_act,LR,Sem vazamento,median,0.05,6.031016749694139,0.006102092301364119,98.89786867326039,0.755643728529501,9.937084464466595,0.040188227198901055,0.7077117203465494,0.002372760476656006
197_cpu_act,LR,Sem vazamento,median,0.1,5.915027425309272,0.009764684208065528,104.64832731438247,0.7438216869684354,10.220278650586097,0.037716875562029926,0.6907549634323921,0.0022092162606365865
197_cpu_act,LR,Sem vazamento,median,0.2,6.095611067137839,0.005155829084610049,95.00934628863929,0.6815907551767685,9.740690992912581,0.03713585607236452,0.7191183744915232,0.0020761628869700715
197_cpu_act,LR,Sem vazamento,median,0.3,6.044795637546948,0.0029164854640969093,96.79459665506933,0.7042112115205732,9.831293572582412,0.037035743859096325,0.7138121681023867,0.002081553685571819
197_cpu_act,RF,Com vazamento,KNN,0.05,1.736961669921875,0.003583359001126923,6.792739790852864,0.3020633096707926,2.597556499582852,0.05536245843565701,0.9798559270881523,0.0009303922968407763
197_cpu_act,RF,Com vazamento,KNN,0.1,1.7880625406901043,0.006587886816710329,7.135757578531901,0.3238430863482037,2.662275959383617,0.057467710247059024,0.9788381944853803,0.0009970681448178273
197_cpu_act,RF,Com vazamento,KNN,0.2,1.8054014078776042,0.007590017893611682,6.743682607014974,0.13753706067385585,2.59524683299952,0.026199630037625838,0.9799933629769843,0.00041091777690039125
197_cpu_act,RF,Com vazamento,KNN,0.3,1.812193603515625,0.004170493736630916,6.825959318033854,0.06596357813620926,2.6113427927568886,0.012660172789639944,0.9797439795116282,0.00022185528951966136
197_cpu_act,RF,Com vazamento,mean,0.05,1.7364054361979167,0.0049078064938014665,6.788571993001302,0.3141371481805097,2.5968408397280904,0.057804045741936115,0.9798686571364934,0.0009622912095575603
197_cpu_act,RF,Com vazamento,mean,0.1,1.7834853108723958,0.010606369301138672,7.14585708618164,0.33543432620067276,2.664506622563224,0.06001874919731212,0.9788061607270508,0.0010291127106001798
197_cpu_act,RF,Com vazamento,mean,0.2,1.8094964599609373,0.009269783866967035,6.777826108805338,0.12416705393730323,2.6016585074975667,0.02362037254561896,0.9798890198930438,0.00039151623127681385
197_cpu_act,RF,Com vazamento,mean,0.3,1.8060068766276043,0.00612452601606738,6.7868646789550775,0.038422069140840454,2.603833566306674,0.0076007391266217725,0.9798709268716103,0.00019536005139631114
197_cpu_act,RF,Com vazamento,median,0.05,1.7373531087239584,0.004792839058901591,6.802334513346355,0.31501367476121817,2.599546228863548,0.05807579361108687,0.9798283605870233,0.0009655725199423512
197_cpu_act,RF,Com vazamento,median,0.1,1.7871740722656249,0.010108067234831729,7.176076086425781,0.33657953932622536,2.6702946624465653,0.060178690128540505,0.9787172013484056,0.0010295518126420627
197_cpu_act,RF,Com vazamento,median,0.2,1.8087862141927085,0.0066495415308430094,6.7978047851562495,0.11316084652047576,2.6054879705235092,0.021417011607134565,0.9798296823663439,0.0003501465385917526
197_cpu_act,RF,Com vazamento,median,0.3,1.8062300618489582,0.005186307210789805,6.78954746500651,0.028633524332608157,2.6043472489323576,0.0057629892202205315,0.9798647000018503,0.00016512957125719148
197_cpu_act,RF,Sem vazamento,KNN,0.05,1.7387202962239583,0.006410151975801938,6.793852014160156,0.3186308544820324,2.597718096484164,0.05872230508294502,0.9798536622726983,0.0009779124405094686
197_cpu_act,RF,Sem vazamento,KNN,0.1,1.7878338623046874,0.004858643292721858,7.13279956258138,0.3018246237462608,2.6617771866361957,0.0533814886883781,0.9788489713622867,0.0009344936435334985
197_cpu_act,RF,Sem vazamento,KNN,0.2,1.8059147135416669,0.007976205280411562,6.749321822102864,0.13983351521099033,2.5962192106106903,0.02657692719287305,0.979977252776772,0.00040910049073405297
197_cpu_act,RF,Sem vazamento,KNN,0.3,1.8097922770182293,0.004717577467538088,6.816876499430339,0.05589310012311987,2.6097483086739044,0.01093378430923829,0.9797782987374267,0.00019311596215932375
197_cpu_act,RF,Sem vazamento,mean,0.05,1.7366105143229167,0.005221762745029463,6.790983418782552,0.3153979490496054,2.597317051613923,0.05801768084642528,0.9798605915940768,0.0009663518208372077
197_cpu_act,RF,Sem vazamento,mean,0.1,1.7837306722005206,0.01088669315486147,7.150793874104818,0.3423125023572719,2.665413966101822,0.06137159861211696,0.9787918000445153,0.0010493903394354137
197_cpu_act,RF,Sem vazamento,mean,0.2,1.8094451904296875,0.00797054138804676,6.777239528401693,0.11967549292264817,2.6015330710351483,0.022744234248390727,0.979890254382565,0.000375692804666454
197_cpu_act,RF,Sem vazamento,mean,0.3,1.8059576416015624,0.006328793749382073,6.7902026265462245,0.038563608048773276,2.6045077981873717,0.007646319013525306,0.9798604933885241,0.00020183116032472832
197_cpu_act,RF,Sem vazamento,median,0.05,1.7377008056640626,0.005066618912703459,6.802948887125651,0.31706549577776455,2.599667343711013,0.05845553406765082,0.9798263787219043,0.000972545236012667
197_cpu_act,RF,Sem vazamento,median,0.1,1.7876908365885418,0.01037003896250106,7.176550146484375,0.33363564741640506,2.6704105256060675,0.05967448767821009,0.9787165425002623,0.0010202284020994603
197_cpu_act,RF,Sem vazamento,median,0.2,1.8081396484374999,0.00668953144556663,6.791473099772136,0.11018346804592985,2.604273337253916,0.020938792416930096,0.9798480400779992,0.00034399962769258996
197_cpu_act,RF,Sem vazamento,median,0.3,1.8063191731770833,0.00496208247791303,6.7941757120768225,0.02740455235165962,2.6052373516056817,0.005545231265668694,0.9798502241755048,0.00016034577547217202
197_cpu_act,SVR,Com vazamento,KNN,0.05,3.715194431295355,0.007960535975036657,174.53703788078226,3.048682843313115,13.094033086185044,0.05486239210071845,0.48248429487138494,0.008383690231129438
197_cpu_act,SVR,Com vazamento,KNN,0.1,3.7513755060802736,0.008962167216546654,174.40530759160376,2.911045778321863,13.090931995312758,0.05406489853995395,0.48285244391953164,0.008076908062006413
197_cpu_act,SVR,Com vazamento,KNN,0.2,3.8068340008121706,0.006780724795973282,173.5226044287997,2.7712231883414664,13.056276743496253,0.041099145998959766,0.4854364834174279,0.007541400085238779
197_cpu_act,SVR,Com vazamento,KNN,0.3,3.799807939916297,0.00738369822794811,173.10236249089454,2.8321294978262745,13.041434949492547,0.053704187189226406,0.4867146847365041,0.008006620256355432
197_cpu_act,SVR,Com vazamento,mean,0.05,3.7166161882043824,0.00793097797712442,174.66825854933222,3.0074681770180978,13.099886243007155,0.05089318228300012,0.4820987567434243,0.008347894688494307
197_cpu_act,SVR,Com vazamento,mean,0.1,3.763333985554203,0.008536365816205182,173.7428843056547,2.909221618851044,13.065528655409453,0.05577080043999517,0.4848316020491325,0.008307713951787605
197_cpu_act,SVR,Com vazamento,mean,0.2,3.82285219297445,0.00793415494480853,171.97760385774043,2.123829026344508,13.000742271922839,0.03253602931006328,0.4899656864638782,0.005704051244888848
197_cpu_act,SVR,Com vazamento,mean,0.3,3.825215893996061,0.005450657945680728,170.51253102418136,2.6860735548081593,12.94459326578801,0.04982872370367906,0.49435257388155246,0.0074925615303330275
197_cpu_act,SVR,Com vazamento,median,0.05,3.717946870682317,0.00743217508001367,175.04814187030047,2.8793028773965945,13.11477716535446,0.047888538946855935,0.48096715103866877,0.007956123750095788
197_cpu_act,SVR,Com vazamento,median,0.1,3.7673135523374284,0.008135645103388904,174.2112128850238,2.752346517944042,13.083617774999972,0.05172393782495029,0.48342939888830755,0.007863020819655285
197_cpu_act,SVR,Com vazamento,median,0.2,3.8263820815664076,0.008078611643552218,172.3991616152122,2.290015823831889,13.016236740710285,0.030386299736642204,0.4887072263661513,0.0061673079894007795
197_cpu_act,SVR,Com vazamento,median,0.3,3.8182637572426184,0.006021598042659647,170.8558059306648,2.62308746088306,12.957620111837452,0.04828769562420561,0.49334178771024,0.0073596712566718825
197_cpu_act,SVR,Sem vazamento,KNN,0.05,3.7167315960112863,0.007981187494656285,174.78142928822172,2.831497895088176,13.102551029103145,0.04902094904010134,0.4817547808910419,0.007915551976742189
197_cpu_act,SVR,Sem vazamento,KNN,0.1,3.7520004106081113,0.008600104909904862,174.25978201759247,3.0491080905996184,13.0849332705646,0.05901007319931428,0.4832849008353353,0.008761543519236581
197_cpu_act,SVR,Sem vazamento,KNN,0.2,3.8062764707085806,0.009199997834798737,173.50086095739815,2.6157726921983735,13.05534690328453,0.03866723909902612,0.4854882971695151,0.007444711745394241
197_cpu_act,SVR,Sem vazamento,KNN,0.3,3.800359942806073,0.008244368045251376,173.10776762046075,2.835256748338155,13.041616727629512,0.05335791836885179,0.4867019700580692,0.008039426055787514
197_cpu_act,SVR,Sem vazamento,mean,0.05,3.716551656781674,0.00812829310299288,174.68730006667167,3.006342834357257,13.100564346172943,0.05050341578035837,0.48203789645900014,0.008314932455771964
197_cpu_act,SVR,Sem vazamento,mean,0.1,3.763656223923159,0.008032223943171228,173.7507482119162,2.9269299539526674,13.065945241274074,0.056757487172946305,0.4848111815928251,0.008401704197430285
197_cpu_act,SVR,Sem vazamento,mean,0.2,3.8227666357176227,0.007633335966267713,171.96000456749792,2.084946500507081,13.000180576040526,0.03152125341706818,0.49001742282502336,0.005617632551464862
197_cpu_act,SVR,Sem vazamento,mean,0.3,3.8249504224361104,0.0059032262161206155,170.5364186724296,2.678217822414093,12.94535525483493,0.04989835025864884,0.4942828290161392,0.007478408269290671
197_cpu_act,SVR,Sem vazamento,median,0.05,3.7177690566097823,0.00759556699318335,174.94896702704628,2.988522095456766,13.110878172616522,0.05259757041481631,0.4812575262671915,0.008333093671061692
197_cpu_act,SVR,Sem vazamento,median,0.1,3.7664984649424214,0.007601600911627713,173.97881438909306,2.7788267974256216,13.07518758156238,0.0548530015529642,0.4841196933706939,0.007988112512986936
197_cpu_act,SVR,Sem vazamento,median,0.2,3.826856967448929,0.007881490513129117,172.39102381484585,2.258796310883376,13.016057320023073,0.029018512134690578,0.48873321847567947,0.006051991066456736
197_cpu_act,SVR,Sem vazamento,median,0.3,3.8184125445431545,0.005649920379858303,170.8468603577234,2.6501118812541558,12.95722754966888,0.048953184079857125,0.49336852090677213,0.007416700976664176
201_pol,DT,Com vazamento,KNN,0.05,2.061111111111111,0.03425049337303483,49.96666666666666,1.4637182485407167,7.058895589491425,0.1071982392417158,0.9712718587516663,0.0007994660445804538
201_pol,DT,Com vazamento,KNN,0.1,2.1165555555555553,0.0386193196710126,53.76777777777778,2.8090628462307596,7.315965293363013,0.19034482718445173,0.9690985438315473,0.0015883649636539983
201_pol,DT,Com vazamento,KNN,0.2,2.1852222222222224,0.0450272345570085,55.885555555555555,2.550421025518613,7.465841045573491,0.1681867068918565,0.9678858503069715,0.001459809423874619
201_pol,DT,Com vazamento,KNN,0.3,2.0695555555555556,0.05126951299713091,50.02222222222222,2.1526486699636553,7.064680092759363,0.15119349620027628,0.9712427411184433,0.0012203627024199005
201_pol,DT,Com vazamento,mean,0.05,2.0797777777777777,0.06320712571174836,51.32,2.617347257561874,7.154000035334508,0.18479068905767207,0.9705009727239456,0.0015230741692457623
201_pol,DT,Com vazamento,mean,0.1,2.2335555555555557,0.07586615895163049,61.97555555555556,4.34225884210647,7.860927224108642,0.2742204416855198,0.964346250095678,0.0025504192336357153
201_pol,DT,Com vazamento,mean,0.2,2.493777777777778,0.050573012858931204,74.08888888888889,3.3395053969557043,8.59744214821371,0.19743786453735032,0.9574310278406194,0.0019363906863436675
201_pol,DT,Com vazamento,mean,0.3,2.1014444444444447,0.05797841232990331,51.58111111111111,3.113521526550972,7.1718659970361145,0.2162412026860498,0.9703430254488143,0.0017773751984262577
201_pol,DT,Com vazamento,median,0.05,2.0558888888888887,0.06099095257738068,50.154444444444444,3.310686848285019,7.065038030948801,0.23400697971822912,0.971159531341276,0.001910312908544623
201_pol,DT,Com vazamento,median,0.1,2.223666666666667,0.07710627586505386,62.56333333333333,4.412077867752458,7.8988431360627525,0.2760400451261391,0.9640133475867806,0.002575833715680638
201_pol,DT,Com vazamento,median,0.2,2.471,0.0585312831835347,73.31444444444445,2.5898997549597844,8.549613061472666,0.14662043211384865,0.957877240956201,0.0015046166167305222
201_pol,DT,Com vazamento,median,0.3,2.0453333333333332,0.0645187311303213,49.14222222222222,2.868637048934306,7.000040908057098,0.20447080471774862,0.9717562757415986,0.0016491051837083574
201_pol,DT,Sem vazamento,KNN,0.05,2.045888888888889,0.043437652211297514,49.843333333333334,1.6395378752698728,7.04752620677129,0.11582990340839261,0.9713475692180539,0.000915820916061861
201_pol,DT,Sem vazamento,KNN,0.1,2.104222222222222,0.04310538335375398,52.49111111111111,3.110617421146601,7.233306750077772,0.21333350706314644,0.9698158990478292,0.0017854090467324829
201_pol,DT,Sem vazamento,KNN,0.2,2.183777777777778,0.060794249240703174,55.07555555555555,2.648654724922042,7.412954072400333,0.17591229179965323,0.96834549363331,0.0015317536772865878
201_pol,DT,Sem vazamento,KNN,0.3,2.0703333333333336,0.056128028252875065,50.20333333333334,2.2070865662930195,7.07629897374117,0.1550582247615905,0.9711382561671417,0.0012403264641799112
201_pol,DT,Sem vazamento,mean,0.05,2.0786666666666664,0.06425643072011479,51.27111111111111,2.6383215764460433,7.1505291304907,0.1861524100742714,0.9705289365548689,0.0015356430157878681
201_pol,DT,Sem vazamento,mean,0.1,2.2335555555555557,0.07194648216762449,62.05111111111111,4.212874799240311,7.8670933554501765,0.2674616817905917,0.964306413376288,0.0024579574728705927
201_pol,DT,Sem vazamento,mean,0.2,2.4953333333333334,0.052020508776186844,74.15555555555555,3.4026490769312057,8.601361404206676,0.20116073313770322,0.9573922553854746,0.001973608939955873
201_pol,DT,Sem vazamento,mean,0.3,2.1016666666666666,0.05763910709463382,51.61000000000001,3.098535137770751,7.173880237621919,0.21522673614397514,0.9703264706061842,0.0017685439891280907
201_pol,DT,Sem vazamento,median,0.05,2.0558888888888887,0.06099095257738068,50.154444444444444,3.310686848285019,7.065038030948801,0.23400697971822912,0.971159531341276,0.001910312908544623
201_pol,DT,Sem vazamento,median,0.1,2.223666666666667,0.07710627586505386,62.56333333333333,4.412077867752458,7.8988431360627525,0.2760400451261391,0.9640133475867806,0.002575833715680638
201_pol,DT,Sem vazamento,median,0.2,2.4686666666666666,0.05860299575201866,73.27333333333333,2.5999863247503616,8.54718447257808,0.14762694083863223,0.9579003701512819,0.0015108010130009957
201_pol,DT,Sem vazamento,median,0.3,2.0453333333333332,0.0645187311303213,49.14222222222222,2.868637048934306,7.000040908057098,0.20447080471774862,0.9717562757415986,0.0016491051837083574
201_pol,KNN,Com vazamento,KNN,0.05,3.6361333333333334,0.018280189641612876,86.41342222222222,0.8428617945670216,9.28714830499778,0.044997967257087455,0.9503152355312134,0.0005014096139841074
201_pol,KNN,Com vazamento,KNN,0.1,3.6539777777777775,0.01942981290773611,87.47648888888888,0.6537595217633928,9.342662232076119,0.031837143324051576,0.9497022913691867,0.0003663210653858025
201_pol,KNN,Com vazamento,KNN,0.2,3.632311111111111,0.024478150499003384,85.77111111111111,1.2022834767718138,9.252331614710101,0.0625875442038023,0.9506789458719637,0.0006761400360429538
201_pol,KNN,Com vazamento,KNN,0.3,3.761822222222222,0.039560938460201485,91.87297777777776,1.6905932237816148,9.57540213342994,0.08847896679970275,0.9471648019668258,0.0009245214290113079
201_pol,KNN,Com vazamento,mean,0.05,3.7213999999999996,0.02616117564466694,90.98502222222221,0.9290894052581488,9.529730424626793,0.05025283916251931,0.9476939437168875,0.0005189797064059153
201_pol,KNN,Com vazamento,mean,0.1,3.763777777777778,0.020785750104516547,91.5231111111111,0.6361382304942039,9.55648635027854,0.03459184488481995,0.9473688258603837,0.00036681680868315793
201_pol,KNN,Com vazamento,mean,0.2,4.033733333333333,0.04688141067274614,101.04275555555556,2.2310852680220896,10.04510810763058,0.1118801955549899,0.9418960265376649,0.0012569439421375305
201_pol,KNN,Com vazamento,mean,0.3,4.163088888888889,0.038135609877655484,106.23737777777778,2.114253588350228,10.298839063510167,0.09988889297252197,0.9389103262794749,0.0012228325853996976
201_pol,KNN,Com vazamento,median,0.05,3.7281999999999997,0.021372089795390025,91.89373333333333,0.8774905107432575,9.577633715256516,0.045643551370570516,0.9471740068457417,0.0004907139709891845
201_pol,KNN,Com vazamento,median,0.1,3.7430444444444437,0.018114778088212533,90.92217777777778,0.39319521793558426,9.526273892531863,0.01978151919541947,0.9477184063128979,0.00019175445763832083
201_pol,KNN,Com vazamento,median,0.2,3.9750888888888887,0.04312498974771778,99.80057777777779,1.920807277817981,9.981838558193429,0.09807161906755203,0.9425998807344779,0.0011103437354819884
201_pol,KNN,Com vazamento,median,0.3,4.057733333333334,0.02711529293795513,103.3783111111111,1.4245556036363876,10.1591281890343,0.06828627760417831,0.9405607067128466,0.0007787584570609166
201_pol,KNN,Sem vazamento,KNN,0.05,3.6414888888888886,0.01760351816688523,86.67711111111112,0.8008987558893995,9.301560013001097,0.043323990720811105,0.9501640396768053,0.0004777348050699025
201_pol,KNN,Sem vazamento,KNN,0.1,3.6519333333333335,0.018592375976309413,87.33684444444445,0.5908111887403156,9.336247555170475,0.02884607486333189,0.9497832748620612,0.00033210892477357343
201_pol,KNN,Sem vazamento,KNN,0.2,3.649711111111111,0.025979604536094277,86.6604,1.3139367250112657,9.299268358907053,0.0686616656082568,0.9501642408315569,0.000752270432750879
201_pol,KNN,Sem vazamento,KNN,0.3,3.7946444444444443,0.04112864731096341,93.1508888888889,1.6561156152162073,9.642129568128718,0.08815993967472065,0.9464310951704036,0.0008986297957388264
201_pol,KNN,Sem vazamento,mean,0.05,3.7213555555555557,0.02775325139443958,90.98244444444443,1.0074504239617608,9.529718890758481,0.053858525522567736,0.9476957028417918,0.000560739144758486
201_pol,KNN,Sem vazamento,mean,0.1,3.7638666666666665,0.020586943003326797,91.52195555555556,0.5822037683250287,9.556447920562867,0.030999726624225607,0.9473701464547316,0.00034490436160067875
201_pol,KNN,Sem vazamento,mean,0.2,4.034111111111112,0.04611424781834635,101.0836,2.218086486641628,10.047025046112568,0.11138517761391328,0.9418727128054747,0.0012462828683144002
201_pol,KNN,Sem vazamento,mean,0.3,4.164733333333333,0.040200099502364396,106.37435555555555,2.1909385096768816,10.305669779183244,0.10418847755161595,0.9388317221666203,0.001262240687582242
201_pol,KNN,Sem vazamento,median,0.05,3.7281999999999997,0.021372089795390025,91.89373333333333,0.8774905107432575,9.577633715256516,0.045643551370570516,0.9471740068457417,0.0004907139709891845
201_pol,KNN,Sem vazamento,median,0.1,3.7430444444444437,0.018114778088212533,90.92217777777778,0.39319521793558426,9.526273892531863,0.01978151919541947,0.9477184063128979,0.00019175445763832083
201_pol,KNN,Sem vazamento,median,0.2,3.975688888888889,0.043886452815655556,99.85537777777779,1.9881754533202516,9.98458293096394,0.10159000416895998,0.9425690501425484,0.0011475452372413319
201_pol,KNN,Sem vazamento,median,0.3,4.057733333333334,0.02711529293795513,103.3783111111111,1.4245556036363876,10.1591281890343,0.06828627760417831,0.9405607067128466,0.0007787584570609166
201_pol,LR,Com vazamento,KNN,0.05,26.60782379755884,0.008551885978398656,931.0015707086168,0.5447231342747832,30.51171176040626,0.009047899402790832,0.4650014199915995,0.00034521014716480734
201_pol,LR,Com vazamento,KNN,0.1,26.522646765238203,0.007179000235003069,925.9450443212367,0.5667861669820611,30.42880286621541,0.009205725147284355,0.46790363234985466,0.0003403321593314827
201_pol,LR,Com vazamento,KNN,0.2,26.3813807655891,0.0076778419488734,917.1770243836787,0.5248444440147543,30.284323134421232,0.00872014303511859,0.4729411666759502,0.00045287955069173337
201_pol,LR,Com vazamento,KNN,0.3,26.49619207138009,0.00657656254931008,925.5005398336716,0.5918267458334301,30.421438260914687,0.00977424402242441,0.4681550878012723,0.0005342731952109649
201_pol,LR,Com vazamento,mean,0.05,26.60600604070612,0.007520442056234505,930.8498230996476,0.4487391515578864,30.50923135934231,0.007378453741357666,0.46508877273704524,0.0003786095335715958
201_pol,LR,Com vazamento,mean,0.1,26.60886959232839,0.010283327859778573,930.3820699270309,0.6980435755032883,30.501581021758682,0.011305118778414976,0.4653601921832628,0.0005157707530048171
201_pol,LR,Com vazamento,mean,0.2,26.526402811336272,0.00912202583990658,926.274210638128,0.5806597995499906,30.434216712277422,0.009572956621153164,0.46771482290986327,0.0004957607379891752
201_pol,LR,Com vazamento,mean,0.3,26.476516628952805,0.009235860694467099,923.1514342243901,0.6553239206047387,30.382785849437756,0.010822009357045569,0.4695102426437079,0.0005407690380086001
201_pol,LR,Com vazamento,median,0.05,26.59903983691997,0.008604545342481564,930.5145111098203,0.46168270774635234,30.503748055041395,0.007631758832292866,0.4652820653289824,0.0004062177411373053
201_pol,LR,Com vazamento,median,0.1,26.611456620604244,0.010445008387820127,930.7417720141192,0.7195990585104538,30.507475732252804,0.011691278146813049,0.46515254265974115,0.0005182063047250116
201_pol,LR,Com vazamento,median,0.2,26.550557599206034,0.008832685734689498,927.4069840716288,0.5612504023664121,30.452811577288344,0.009263855800309959,0.46706176804832733,0.0005014866305583352
201_pol,LR,Com vazamento,median,0.3,26.532277688626092,0.00826761867509855,926.3729993975547,0.6133858208234536,30.43576265289902,0.010124193307329598,0.46765629023297633,0.0005289182657578156
201_pol,LR,Sem vazamento,KNN,0.05,26.60663937844374,0.008036061167273489,930.921539440343,0.41756599142838635,30.51041254494628,0.0069911404037604485,0.46504780913307425,0.0003296283855809148
201_pol,LR,Sem vazamento,KNN,0.1,26.516998925612512,0.0052258056016677625,925.6719958286862,0.5576969853809216,30.4243105078554,0.00909276557301955,0.4680599505327296,0.00033613269634245614
201_pol,LR,Sem vazamento,KNN,0.2,26.37378528649133,0.0077363239148661245,917.2067221612059,0.46445652370807733,30.284825138707944,0.0076754574444187935,0.4729219863841605,0.00046210323277943896
201_pol,LR,Sem vazamento,KNN,0.3,26.49747367440131,0.008527004330941718,925.404702316449,0.7566639343217284,30.41987529098441,0.012536455607650444,0.4682093812342327,0.0005748096679418781
201_pol,LR,Sem vazamento,mean,0.05,26.606008219927986,0.007483794091157666,930.8507711643992,0.44547908926548163,30.509246885994184,0.007324758740853758,0.46508824041106517,0.0003790072957249075
201_pol,LR,Sem vazamento,mean,0.1,26.60888489981525,0.010258249547412522,930.3834973310791,0.6976434260839319,30.501604445279977,0.011298442967349262,0.4653593636988184,0.0005156711806399781
201_pol,LR,Sem vazamento,mean,0.2,26.526389596688407,0.009140298566268258,926.273829218862,0.5793595127867242,30.434210419453297,0.00955281993947826,0.4677149993503866,0.0004960483183760518
201_pol,LR,Sem vazamento,mean,0.3,26.476505745352018,0.009286011822055375,923.1503180502294,0.6570417183952107,30.38276759336114,0.010850196168740446,0.4695108574246895,0.0005431292036215113
201_pol,LR,Sem vazamento,median,0.05,26.59903983691997,0.008604545342481564,930.5145111098203,0.46168270774635234,30.503748055041395,0.007631758832292866,0.4652820653289824,0.0004062177411373053
201_pol,LR,Sem vazamento,median,0.1,26.611456620604244,0.010445008387820127,930.7417720141192,0.7195990585104538,30.507475732252804,0.011691278146813049,0.46515254265974115,0.0005182063047250116
201_pol,LR,Sem vazamento,median,0.2,26.550315376084885,0.009019773980625636,927.3925715079464,0.5718629196291521,30.452577235937166,0.009445858035439432,0.46706987658609284,0.0005065200190512379
201_pol,LR,Sem vazamento,median,0.3,26.532277688626092,0.00826761867509855,926.3729993975547,0.6133858208234536,30.43576265289902,0.010124193307329598,0.46765629023297633,0.0005289182657578156
201_pol,RF,Com vazamento,KNN,0.05,1.7276600000000002,0.016455534698763815,22.453629777777778,0.48215568435630596,4.7342732663834735,0.05205678879689347,0.9870936361303295,0.00028470270438828843
201_pol,RF,Com vazamento,KNN,0.1,1.7725355555555555,0.016257451852634875,24.295532444444444,0.49224836686727136,4.924066455043449,0.051564344796603025,0.9860409176620325,0.00028799441765854156
201_pol,RF,Com vazamento,KNN,0.2,1.8579877777777778,0.011416488206229158,26.308854333333333,0.43483586151420445,5.123868421939323,0.04322063471304061,0.9848725280299476,0.00025876462213157914
201_pol,RF,Com vazamento,KNN,0.3,1.7441855555555554,0.016093367808119215,22.73196833333333,0.44258008934795395,4.763664557043858,0.0466787285055292,0.9869336392273267,0.00026281762142079545
201_pol,RF,Com vazamento,mean,0.05,1.7410066666666666,0.01529754722532704,22.676176444444447,0.4644245870204283,4.757148205463861,0.04951568645405291,0.9869654900756061,0.00027425169261432525
201_pol,RF,Com vazamento,mean,0.1,1.910181111111111,0.02171698666089849,29.18338277777778,0.5292863358386419,5.394103402553235,0.053254957954851495,0.9832200422791931,0.00030196486616622826
201_pol,RF,Com vazamento,mean,0.2,2.20858,0.012881455404314183,36.87690955555556,0.7926962860325005,6.068784214313002,0.06340136662937856,0.9788211521644157,0.0004473542943005714
201_pol,RF,Com vazamento,mean,0.3,1.7631411111111113,0.01601028970057384,23.084091,0.3942527482374185,4.800457385726523,0.04230358184653034,0.9867327413737622,0.00022960297672534795
201_pol,RF,Com vazamento,median,0.05,1.7385122222222222,0.015216435217906402,22.622457,0.47898728636651283,4.7518304081371445,0.05043240723843237,0.9869969920909164,0.0002807525539040118
201_pol,RF,Com vazamento,median,0.1,1.901138888888889,0.022159006963978062,29.06798322222222,0.5300572945186484,5.382679173919121,0.05117502089201721,0.9832845420309521,0.00030287168521534846
201_pol,RF,Com vazamento,median,0.2,2.164397777777778,0.015976505898998707,37.750531333333335,0.812775750266753,6.139597544558835,0.0651026612175576,0.9783174009767892,0.00046477137592620905
201_pol,RF,Com vazamento,median,0.3,1.742718888888889,0.01328630601060385,22.778627666666665,0.36690521818662664,4.768676258363626,0.03933914590353422,0.9869076094434573,0.00021449078446484534
201_pol,RF,Sem vazamento,KNN,0.05,1.7305566666666667,0.014912035258661313,22.553544555555558,0.41103540178679226,4.7448008128463535,0.044002947873425347,0.9870366480279348,0.00024373802332478984
201_pol,RF,Sem vazamento,KNN,0.1,1.7673788888888888,0.016475753722993664,23.85496433333333,0.5972963681240487,4.879016329846271,0.06284728047503824,0.9862936971271351,0.0003442413150675721
201_pol,RF,Sem vazamento,KNN,0.2,1.875663333333333,0.020657762275285752,26.933520111111108,0.8209004571224802,5.184278417670506,0.07790274992147628,0.9845133688316848,0.00048329707292128353
201_pol,RF,Sem vazamento,KNN,0.3,1.7437755555555556,0.013766126327840958,22.746746444444444,0.4344305339724449,4.765211009238125,0.046432232602932874,0.9869254782015986,0.0002553838583104204
201_pol,RF,Sem vazamento,mean,0.05,1.7409777777777775,0.015502978447406147,22.674629333333332,0.4641712913307367,4.756973598945279,0.049502752768119246,0.9869663675994359,0.0002740944962821135
201_pol,RF,Sem vazamento,mean,0.1,1.9110033333333332,0.021633605442562084,29.18077277777778,0.5384083253418429,5.3938146326789465,0.05377137512862629,0.9832212415665778,0.0003068630487375601
201_pol,RF,Sem vazamento,mean,0.2,2.208734444444444,0.013072724729445383,36.87301411111111,0.7922053046614609,6.068523644475757,0.06339737048179392,0.9788232981543104,0.00044710645606127995
201_pol,RF,Sem vazamento,mean,0.3,1.7631233333333334,0.016289128071610683,23.085146555555554,0.39164710264656916,4.8005793779633645,0.042084411942836054,0.9867320858007845,0.0002280355024893631
201_pol,RF,Sem vazamento,median,0.05,1.7385122222222222,0.015216435217906402,22.622457,0.47898728636651283,4.7518304081371445,0.05043240723843237,0.9869969920909164,0.0002807525539040118
201_pol,RF,Sem vazamento,median,0.1,1.901138888888889,0.022159006963978062,29.06798322222222,0.5300572945186484,5.382679173919121,0.05117502089201721,0.9832845420309521,0.00030287168521534846
201_pol,RF,Sem vazamento,median,0.2,2.164706666666667,0.01628506063851146,37.74809511111111,0.812875193054127,6.139405198369327,0.06512415189954612,0.9783187716003875,0.0004648611309497241
201_pol,RF,Sem vazamento,median,0.3,1.742718888888889,0.01328630601060385,22.778627666666665,0.36690521818662664,4.768676258363626,0.03933914590353422,0.9869076094434573,0.00021449078446484534
201_pol,SVR,Com vazamento,KNN,0.05,26.445206476213915,0.010284624200533199,954.3171471549159,2.090905229679636,30.89098184134134,0.033449581569370994,0.4516691956166336,0.001423134352065575
201_pol,SVR,Com vazamento,KNN,0.1,26.36802384149882,0.01203018558376951,946.7160758839386,2.3935634952028493,30.767813744565874,0.03843548001621984,0.45602774766488724,0.0016101669339021905
201_pol,SVR,Com vazamento,KNN,0.2,26.224095863411137,0.020973713251220074,935.9276588705302,2.9264915836182848,30.592061159123958,0.04761815813852416,0.46220030087942376,0.001965180681633628
201_pol,SVR,Com vazamento,KNN,0.3,26.32660538534822,0.016860883445719392,945.8232756380017,2.814877301103522,30.753362624003447,0.045426428424106685,0.4565192298290745,0.0018918345219209858
201_pol,SVR,Com vazamento,mean,0.05,26.443488801814,0.012365633896330825,954.0465916519948,2.205246577477122,30.88661435069081,0.035160267056744035,0.4518238329234461,0.0014879790085052845
201_pol,SVR,Com vazamento,mean,0.1,26.436491422820556,0.01744652491562896,953.5503187764047,2.183720322745615,30.878584504765474,0.03473264886831027,0.4521131833946968,0.0014692780097328357
201_pol,SVR,Com vazamento,mean,0.2,26.36436924342809,0.022244822852407527,948.7942746400959,3.5222699236288864,30.801594304077522,0.05675361281012443,0.4548336401263015,0.0022600917502301585
201_pol,SVR,Com vazamento,mean,0.3,26.30721107528613,0.015052554196608177,942.1524023160591,2.6410320148652273,30.693608757217163,0.042643925942772595,0.4586260004609701,0.0017900961865739019
201_pol,SVR,Com vazamento,median,0.05,26.439957255786343,0.013303515871075058,953.6163319764249,2.159624873779417,30.879651625765998,0.03457653166672709,0.4520705404648783,0.0014663286051835361
201_pol,SVR,Com vazamento,median,0.1,26.440497777122843,0.01888895857090326,953.8755998429302,2.174189212450819,30.88385521780597,0.03463948832200323,0.4519272169336945,0.0014528745851089527
201_pol,SVR,Com vazamento,median,0.2,26.391370342471664,0.021031044876112726,950.0263072881042,2.9853812069036665,30.82155028697417,0.04808448104071716,0.45412610439797857,0.0019549183627717175
201_pol,SVR,Com vazamento,median,0.3,26.363838683940894,0.018128886205348763,946.8050666028429,2.5146029921904884,30.769315091638173,0.04054251877608278,0.45596288273557245,0.00171065218601928
201_pol,SVR,Sem vazamento,KNN,0.05,26.44401865649409,0.013909267556467243,954.26225292248,2.1923710067818925,30.89008948445623,0.03503783776024542,0.451701236045494,0.0014828664435832097
201_pol,SVR,Sem vazamento,KNN,0.1,26.363855072466738,0.010141838231258879,946.5849327859718,2.3361560328314526,30.76569458843049,0.03756462647932785,0.45610259762857086,0.0015795828200162057
201_pol,SVR,Sem vazamento,KNN,0.2,26.21466983090514,0.02123129771590383,936.0252410227936,3.211512496327498,30.593691509268293,0.05225818537490775,0.46214042370175545,0.0021317700406843403
201_pol,SVR,Sem vazamento,KNN,0.3,26.329679017687074,0.01932409219444335,945.700906801454,2.7785946165810507,30.751386258695092,0.04497475969099012,0.45658840727303773,0.0018727598151674872
201_pol,SVR,Sem vazamento,mean,0.05,26.44344211030044,0.013264183427619237,954.0650556722521,2.389983065949877,30.88691680068743,0.038194813041907985,0.45181316581990166,0.0015951873402642364
201_pol,SVR,Sem vazamento,mean,0.1,26.438133482684037,0.01777063060559295,953.6763561946645,2.152126546702233,30.880621355725946,0.034260043971856134,0.4520418256375165,0.0014489321528720572
201_pol,SVR,Sem vazamento,mean,0.2,26.365355200616644,0.021943260203111273,948.8711254921213,3.490458957699931,30.80283902748638,0.05625944711646387,0.45478987673167875,0.002239741838631416
201_pol,SVR,Sem vazamento,mean,0.3,26.306311743178952,0.0158569895016983,942.1305972955416,2.677849009351986,30.69325115000944,0.043251512330340365,0.4586400889106186,0.001811163167725118
201_pol,SVR,Sem vazamento,median,0.05,26.439957255786343,0.013303515871075058,953.6163319764249,2.159624873779417,30.879651625765998,0.03457653166672709,0.4520705404648783,0.0014663286051835361
201_pol,SVR,Sem vazamento,median,0.1,26.440497777122843,0.01888895857090326,953.8755998429302,2.174189212450819,30.88385521780597,0.03463948832200323,0.4519272169336945,0.0014528745851089527
201_pol,SVR,Sem vazamento,median,0.2,26.391357361618518,0.02102897245793107,950.0394828252797,2.9820284114644,30.82176176494689,0.04802533216648043,0.4541186918138525,0.0019530056457137297
201_pol,SVR,Sem vazamento,median,0.3,26.363838683940894,0.018128886205348763,946.8050666028429,2.5146029921904884,30.769315091638173,0.04054251877608278,0.45596288273557245,0.00171065218601928
218_house_8L,DT,Com vazamento,KNN,0.05,21797.11271067416,227.6635093072695,1826045395.907918,49612696.26284294,42717.838344206415,583.8909400739407,0.34535773800347486,0.018237644824168828
218_house_8L,DT,Com vazamento,KNN,0.1,22040.538645540728,186.19746049224037,1896363097.0066936,43371479.31335748,43528.96132589512,484.958647084435,0.32061182552181555,0.015405432649864362
218_house_8L,DT,Com vazamento,KNN,0.2,21743.082784702714,198.12246229340187,1804026939.1788318,47768133.66016477,42460.156015058536,566.237220812252,0.35301594359539373,0.017088869696836165
218_house_8L,DT,Com vazamento,KNN,0.3,21916.489890566478,304.4868511371026,1891053451.1209183,61252908.14056341,43457.50903115732,709.4919573407267,0.3218414027208652,0.022563761117867776
218_house_8L,DT,Com vazamento,mean,0.05,21643.05031308521,226.53402320918593,1812550748.3905373,51149053.16160886,42557.141554825525,605.2550719699219,0.34995305137886407,0.018408332208374584
218_house_8L,DT,Com vazamento,mean,0.1,21969.150975830995,176.0563434098414,1896724414.9133675,68310696.98875834,43530.290268778095,792.9721992563549,0.3203804868003876,0.024781045489456928
218_house_8L,DT,Com vazamento,mean,0.2,21979.04146915965,153.4754956759066,1842614014.684201,49918507.54751891,42912.050043495656,574.8395282407643,0.33948841092832066,0.017791797417552567
218_house_8L,DT,Com vazamento,mean,0.3,21836.483672752805,221.59250929050359,1868115810.4297607,37765856.21059413,43208.58070606476,437.04201161355536,0.32993819599042323,0.013630564449434114
218_house_8L,DT,Com vazamento,median,0.05,21609.413148115636,149.8975446256339,1813929434.376763,40937450.14328703,42573.93497763822,479.61762824993815,0.349880052470938,0.015000035606743477
218_house_8L,DT,Com vazamento,median,0.1,21998.172401685395,301.2754211443126,1879850991.5992804,90350355.87713991,43333.10971118277,1038.9505432469025,0.3261382670234949,0.032539521747928964
218_house_8L,DT,Com vazamento,median,0.2,21875.949145599254,149.65219332862964,1816713601.2015305,37923666.969141245,42609.267477098525,448.7160355613459,0.3487925353600238,0.014259199263241673
218_house_8L,DT,Com vazamento,median,0.3,21931.908210440077,72.00993035101254,1892719208.2754564,27742544.315749623,43491.66399938598,316.57410044950774,0.32136209459883064,0.010646609009050269
218_house_8L,DT,Sem vazamento,KNN,0.05,21823.988134948504,213.7231798149244,1841857116.4967813,53145409.90482215,42904.82671471264,619.4842918451186,0.33929585192608697,0.019700569004848636
218_house_8L,DT,Sem vazamento,KNN,0.1,22042.293846558987,248.86592258284767,1910493936.2597437,45733151.721334815,43693.081269878116,527.4836247901493,0.3152717295299771,0.016579054371829487
218_house_8L,DT,Sem vazamento,KNN,0.2,21578.883434281368,163.71535788393348,1755948332.2878993,43604579.00103184,41892.329523255816,519.2641270556079,0.36998452795230247,0.015791825996634538
218_house_8L,DT,Sem vazamento,KNN,0.3,21920.181091994382,269.9095542027046,1891829087.8288715,59719614.642583184,43481.37220151008,684.3990109962585,0.3216135119694657,0.022039818634346123
218_house_8L,DT,Sem vazamento,mean,0.05,21681.43337429775,217.46192130520288,1817638313.622118,47759373.82926134,42615.70513845042,562.6816307422828,0.3485998398748544,0.017194222183868773
218_house_8L,DT,Sem vazamento,mean,0.1,22002.72689899345,140.4850121025651,1897515139.1318905,54813967.140014336,43540.210960835735,627.5173289808957,0.3197923961356162,0.019259462085564213
218_house_8L,DT,Sem vazamento,mean,0.2,21964.218874356273,94.92449319162891,1837472507.9118168,38008810.82232594,42853.78397532441,440.06398171716467,0.34142674671612544,0.013545370852694937
218_house_8L,DT,Sem vazamento,mean,0.3,21876.492911692418,195.65035268757077,1885757079.0189826,37757461.15240029,43412.66021053994,434.17615440504045,0.3237900701387774,0.013795123622179996
218_house_8L,DT,Sem vazamento,median,0.05,21691.344298630618,228.53529936782908,1827816245.9316845,59528396.33994021,42738.89058510962,700.4576297944704,0.34476974725530934,0.021385841949801917
218_house_8L,DT,Sem vazamento,median,0.1,22040.275544241576,366.1903061805341,1889847059.5099049,101979003.54095447,43445.38318501816,1161.7911732115197,0.3226354350819274,0.036552095003075366
218_house_8L,DT,Sem vazamento,median,0.2,21873.69764600889,139.7515872983389,1818236652.4495919,37888771.54389277,42627.46558530769,442.9943272660273,0.34819036406988074,0.013933747834498626
218_house_8L,DT,Sem vazamento,median,0.3,21950.068132607677,44.23600069103364,1899421052.586069,24549286.672397062,43566.562154140156,283.0733751634507,0.319104846672338,0.00951580794108099
218_house_8L,KNN,Com vazamento,KNN,0.05,17858.713936680713,61.60545702693917,1125677411.1639907,9083625.671762794,33537.62572020901,133.1266417455724,0.5965947278043908,0.0030571396069931085
218_house_8L,KNN,Com vazamento,KNN,0.1,18006.25820605103,67.37608093305316,1154763299.8884237,8861519.635749655,33968.62245494048,132.0997903229936,0.5862013433376162,0.0031873956239525723
218_house_8L,KNN,Com vazamento,KNN,0.2,17710.496768199908,66.3644933569185,1112784488.0980089,10085593.200016873,33343.582925120885,154.65795654329287,0.6012496171183038,0.0037142671051648467
218_house_8L,KNN,Com vazamento,KNN,0.3,17844.106403616574,63.795789353763226,1126517720.9273107,10724224.310241707,33548.66927168676,164.7613098552591,0.5963489242716321,0.003985318515004672
218_house_8L,KNN,Com vazamento,mean,0.05,17856.799837605337,69.33085845198323,1128108499.8289025,9215627.887522882,33571.766848597916,134.64896911668544,0.5957594966935591,0.0031016204976477215
218_house_8L,KNN,Com vazamento,mean,0.1,18008.829618738295,85.12119286880363,1155774346.1838148,11843610.80851605,33982.34120544043,176.09696723373636,0.5858415675270221,0.004323988570730464
218_house_8L,KNN,Com vazamento,mean,0.2,17716.247593340355,72.27978102137888,1111544426.3513029,10693543.012170123,33325.99869967958,163.29281636017058,0.6016827388024434,0.0039005773307568986
218_house_8L,KNN,Com vazamento,mean,0.3,17863.32050854401,64.98831927161642,1130732469.2354405,8619869.878109213,33611.388957193405,130.4067855781907,0.5948569618367973,0.003117163909777769
218_house_8L,KNN,Com vazamento,median,0.05,17859.855335615637,65.7362307500826,1128791324.2751343,9131570.36857924,33581.49423802029,132.7053712154713,0.5955316098519198,0.003041346031386049
218_house_8L,KNN,Com vazamento,median,0.1,18034.874032947097,74.66849814682139,1163129856.5751214,10731578.195898915,34089.53280281329,159.2223984068062,0.5832549489375172,0.003863561425229455
218_house_8L,KNN,Com vazamento,median,0.2,17718.148958333335,52.15169002471151,1111648934.2471683,7715005.665910603,33327.02787091627,120.42345862556851,0.6016729035205086,0.0029238267561951894
218_house_8L,KNN,Com vazamento,median,0.3,17762.12066508661,65.96418695623127,1116165686.2672608,8145676.846682427,33395.099590933416,123.85398142920667,0.6000362181853508,0.0029516420643544788
218_house_8L,KNN,Sem vazamento,KNN,0.05,17842.92915935159,44.63247511170623,1125880644.748287,8022644.601053444,33539.814628429915,116.18047856105278,0.596552644104634,0.002651283407334634
218_house_8L,KNN,Sem vazamento,KNN,0.1,18017.0670997191,78.68711781935403,1158096428.0154471,9303851.501466619,34016.53040382236,135.26829109820406,0.5850317496461452,0.0032926252116156616
218_house_8L,KNN,Sem vazamento,KNN,0.2,17711.3880076662,66.15834772539623,1113376305.8072562,8860307.175782586,33352.64875833824,135.45831604404307,0.6010506436910537,0.003239716634789184
218_house_8L,KNN,Sem vazamento,KNN,0.3,17859.092867801966,37.315287432705524,1126817416.3242705,4850524.313289188,33554.68834825795,75.71367939180054,0.5962425596756609,0.001866595454689102
218_house_8L,KNN,Sem vazamento,mean,0.05,17856.81842374766,68.17192502608353,1128096041.2774622,9203076.62387516,33571.54038827347,134.52837294038216,0.5957650325577827,0.0030994148605155425
218_house_8L,KNN,Sem vazamento,mean,0.1,18008.447471910113,83.90542050910432,1155840126.4101288,11815426.877562884,33983.38230192402,175.78677688697425,0.5858153294297097,0.004315447908738975
218_house_8L,KNN,Sem vazamento,mean,0.2,17712.844784351593,67.66301641181794,1110810564.3871534,9837810.872884022,33314.723066974526,150.43755375051816,0.601950686821271,0.0036100120730706395
218_house_8L,KNN,Sem vazamento,mean,0.3,17866.689110779495,63.08579871338801,1130485062.9232728,9362852.296133924,33607.6638631886,141.91711056783197,0.5949427022664387,0.0033986206534757464
218_house_8L,KNN,Sem vazamento,median,0.05,17858.178100128745,66.77809981814364,1128496720.9878132,9112983.372123754,33577.21635332679,132.61734425476212,0.5956367314899594,0.0030419273478210634
218_house_8L,KNN,Sem vazamento,median,0.1,18035.433927317416,74.905428042132,1163240463.247465,10778471.036347942,34091.19377620037,159.83099584972695,0.5832139194892317,0.0038761298557854077
218_house_8L,KNN,Sem vazamento,median,0.2,17718.127308637642,52.08152904281352,1111641681.8450696,7712413.12331815,33326.91212600291,120.38642170523656,0.6016755659112126,0.00292348516793407
218_house_8L,KNN,Sem vazamento,median,0.3,17762.12244703886,65.83776321452065,1116163623.5307248,8140048.515890337,33395.07935397294,123.79386038683664,0.600036681853165,0.002950752336121648
218_house_8L,LR,Com vazamento,KNN,0.05,24439.43713919245,14.969640330418528,1741548384.2354825,7051472.216793989,41718.72121830448,85.08106195734943,0.3763420297570485,0.002480715522765933
218_house_8L,LR,Com vazamento,KNN,0.1,24563.22371392944,13.864637816509452,1757406024.6670427,6848322.466749563,41908.74673695804,82.70211425081193,0.3706507104381523,0.002419320612174344
218_house_8L,LR,Com vazamento,KNN,0.2,24364.56830810854,15.083278115574325,1737552109.0155258,9593812.544996474,41670.10476753914,114.23806872610213,0.37778994771558055,0.003370600869688741
218_house_8L,LR,Com vazamento,KNN,0.3,24353.457283709537,13.589013675094993,1734237245.8333397,5849572.863952961,41631.173777247524,70.9404829039347,0.37895732546379307,0.002055829073290822
218_house_8L,LR,Com vazamento,mean,0.05,24447.70780834198,15.856642681812492,1743989481.3558395,7822534.677400199,41747.731476512774,93.88844657949157,0.37547276590204487,0.0027462014058605116
218_house_8L,LR,Com vazamento,mean,0.1,24612.87603541685,15.239909561871022,1764939469.811944,9951240.932210624,41997.78743570219,118.68131157439073,0.3679667106445647,0.00350356682624145
218_house_8L,LR,Com vazamento,mean,0.2,24370.545716038756,16.21690824496698,1738760134.4050786,11399146.046054564,41684.29430261678,135.47354872525872,0.37736020324534464,0.004009219044324817
218_house_8L,LR,Com vazamento,mean,0.3,24359.609806332297,13.927171282635813,1734538197.4877303,6010359.712163228,41634.78752754418,72.7512902071639,0.3788490131653619,0.0021103893342518274
218_house_8L,LR,Com vazamento,median,0.05,24447.511573637723,15.897224260460833,1744049104.3593175,7863248.15007968,41748.43508708875,94.36404548604706,0.37545157682716873,0.0027605544114614393
218_house_8L,LR,Com vazamento,median,0.1,24622.818753631178,15.554770784256181,1767172760.140398,10792163.935397534,42024.11391127147,128.2650339644915,0.36716929338185583,0.0037991502676656035
218_house_8L,LR,Com vazamento,median,0.2,24370.188398741302,16.34607683025904,1738813405.3419874,11388057.751173703,41684.9270874263,135.33543492642104,0.3773410136812621,0.004004973705477248
218_house_8L,LR,Com vazamento,median,0.3,24358.961650672823,13.849084233508416,1734516905.7638662,5971657.628154263,41634.530255324826,72.23088459148936,0.3788569545122506,0.002094943474688367
218_house_8L,LR,Sem vazamento,KNN,0.05,24435.247736175024,13.29675895305224,1741325923.830924,6344589.883703814,41716.15884847969,76.46070136516785,0.3764190795169473,0.00222530148612825
218_house_8L,LR,Sem vazamento,KNN,0.1,24566.493053943388,13.503731018552035,1758193024.561074,7508955.870273523,41918.122005105295,90.38056887322087,0.37036892536190374,0.0026411116024777914
218_house_8L,LR,Sem vazamento,KNN,0.2,24365.7545259474,16.448444314310645,1738899968.1472242,11615137.07865703,41685.771795525645,137.60414057333963,0.37731594080687875,0.004074609685758
218_house_8L,LR,Sem vazamento,KNN,0.3,24353.787980822275,13.710317433257504,1734319861.2791874,5955769.827426974,41632.159523233044,72.3036319819052,0.3789275657619858,0.0020968624770600474
218_house_8L,LR,Sem vazamento,mean,0.05,24447.72041878756,15.808393190849527,1743987943.287691,7815055.778039561,41747.716841070156,93.80875182865145,0.37547314860121883,0.0027437175250565327
218_house_8L,LR,Sem vazamento,mean,0.1,24612.851052131857,15.232123672517554,1764942953.1117895,9959798.058903703,41997.82063976002,118.76776660420043,0.3679657613327225,0.0035063564347814755
218_house_8L,LR,Sem vazamento,mean,0.2,24370.568555322676,16.269088498927474,1738789120.5830061,11430063.091787737,41684.63322269774,135.8280868702357,0.37734997072720505,0.004019926592775804
218_house_8L,LR,Sem vazamento,mean,0.3,24359.610062022784,13.928891695364147,1734538122.432584,6010191.991573278,41634.78655809319,72.74898965648607,0.3788490438452747,0.002110318094025453
218_house_8L,LR,Sem vazamento,median,0.05,24447.540874493527,15.822112093802595,1744047794.6988373,7852692.202110508,41748.42423826102,94.2475677485361,0.37545182620588063,0.002757036102314758
218_house_8L,LR,Sem vazamento,median,0.1,24622.81832076856,15.547754615864429,1767170957.8108797,10790726.60333165,42024.09284854192,128.24770917697433,0.36716993762670297,0.0037986299639742923
218_house_8L,LR,Sem vazamento,median,0.2,24370.18830570522,16.346142061367622,1738813466.3141375,11388233.72048511,41684.92779792715,135.33757707383683,0.37734099140832367,0.004005037558192239
218_house_8L,LR,Sem vazamento,median,0.3,24358.96162752724,13.84887582059646,1734516898.96811,5971647.701146457,41634.53017220818,72.23077370684895,0.37885695702820726,0.0020949397161579074
218_house_8L,RF,Com vazamento,KNN,0.05,15911.684257154144,63.734732159302304,906018616.1804041,14223195.186816886,30087.65172728561,242.40798500257443,0.6753398317392064,0.005194838922864505
218_house_8L,RF,Com vazamento,KNN,0.1,16318.172139513108,63.36340195262551,963010902.5148683,14739910.736372637,31020.509271371866,240.41244964980217,0.6549127927545845,0.00544652013333071
218_house_8L,RF,Com vazamento,KNN,0.2,15965.040852352528,60.270573868671796,909326482.0823774,14708679.86002194,30141.479793716364,250.16123625494768,0.6741868844160526,0.005305320033662149
218_house_8L,RF,Com vazamento,KNN,0.3,16110.696074291902,62.96233495282271,939001688.1937317,13854144.132695137,30630.487055377467,231.78191243380826,0.6635383926040076,0.005076319798258038
218_house_8L,RF,Com vazamento,mean,0.05,15883.160275339418,56.23732854458387,903647486.8162117,14959785.053148143,30047.552244266288,255.60045895360153,0.6762052898719381,0.00548493076721541
218_house_8L,RF,Com vazamento,mean,0.1,16215.362935612711,61.83996303424278,943495565.6152592,13164613.661836816,30703.558203681474,216.9542119688806,0.6619461902180702,0.004770472551069747
218_house_8L,RF,Com vazamento,mean,0.2,16031.003379198854,38.66244432420669,915959804.7890412,13016063.56603016,30252.628505421395,219.61802837310796,0.6717933369078272,0.004748521434844464
218_house_8L,RF,Com vazamento,mean,0.3,16073.53544036751,54.70865945420561,932939819.6608595,8684104.928411048,30530.369323072275,147.4579011863267,0.665759629476257,0.0031384496801421997
218_house_8L,RF,Com vazamento,median,0.05,15881.307123493096,58.64028762731811,903114842.8505739,14146824.4043655,30038.574675609965,241.96203163553074,0.6764073715060045,0.005184170261102041
218_house_8L,RF,Com vazamento,median,0.1,16223.2764159059,44.20401192159968,945613820.447194,10738680.711748125,30738.126622055013,177.60721881346484,0.6612006733169215,0.0039490331002050875
218_house_8L,RF,Com vazamento,median,0.2,16020.84015325082,45.981822914539514,914261891.6151432,14065312.258963466,30224.213817515312,237.4821698899071,0.6723945056361788,0.005074838804965829
218_house_8L,RF,Com vazamento,median,0.3,16118.82683096325,36.40322573221875,943279397.8005408,8350087.565464144,30699.961561450706,140.23963616073203,0.6620409106906463,0.0030496893217232825
218_house_8L,RF,Sem vazamento,KNN,0.05,15912.0762011353,55.01978369924576,905275631.3826364,12510150.65597997,30075.42573325596,214.6825933092301,0.6756078644492328,0.004580558232013617
218_house_8L,RF,Sem vazamento,KNN,0.1,16309.169293875819,57.50114594312814,961268724.2791697,13716408.287701584,30991.929439614218,224.89685397080376,0.6555973607023694,0.005057358877807889
218_house_8L,RF,Sem vazamento,KNN,0.2,15962.12636155489,71.11572652652842,906845796.7904612,15712576.545211758,30100.60683564832,265.51533225633176,0.6750797045619571,0.005626504281985719
218_house_8L,RF,Sem vazamento,KNN,0.3,16093.167357868095,61.56314881578005,937418803.2467798,11205413.547342908,30604.29933246295,187.79419862146696,0.6641385785085359,0.004124462587806899
218_house_8L,RF,Sem vazamento,mean,0.05,15879.671073414092,52.57473484927458,903451733.3037404,14171937.53055297,30044.216845648974,242.6158512889358,0.6762849492380029,0.005204157425169148
218_house_8L,RF,Sem vazamento,mean,0.1,16213.827361086727,61.13540870277032,944065388.2550184,14373074.085551683,30712.211208440367,235.95930686855874,0.6617592431907843,0.005200634226782429
218_house_8L,RF,Sem vazamento,mean,0.2,16029.29869557584,41.343408645681976,915812212.798162,13763520.053008238,30250.464365039963,232.10541712915628,0.6718350467930766,0.005025066180217306
218_house_8L,RF,Sem vazamento,mean,0.3,16073.849295850889,52.38124090067121,933264132.0086222,9654073.043173267,30535.693986066228,163.30947462250782,0.6656473894236626,0.003496862454596254
218_house_8L,RF,Sem vazamento,median,0.05,15882.339582162922,59.50125687828842,903971403.6086668,14749987.510111783,30053.12480562816,251.65538021781003,0.6760939810249483,0.005389937916370647
218_house_8L,RF,Sem vazamento,median,0.1,16217.69089456051,48.73832892853256,944995554.9629003,10722395.144974032,30727.44645749385,178.0282606627895,0.6614283734345654,0.0039450014900903885
218_house_8L,RF,Sem vazamento,median,0.2,16023.403697477763,48.27586124553741,914876384.5917573,13798894.772338718,30234.94044611616,232.66555077890015,0.6721728704830362,0.004949186905328368
218_house_8L,RF,Sem vazamento,median,0.3,16122.793644736072,32.81944654169998,944732412.853175,7878883.214746993,30723.737270953145,132.80018092715434,0.6615154520523517,0.002907839113098919
218_house_8L,SVR,Com vazamento,KNN,0.05,21229.912282955134,21.68871036831706,2101586583.8160017,9074293.755225753,45812.40096053146,107.82411883390641,0.2474070345237657,0.004077408824729055
218_house_8L,SVR,Com vazamento,KNN,0.1,21382.20826917707,20.96006785784082,2071853263.5747864,9230104.538417386,45491.60874447118,111.47212353881355,0.2582280892946104,0.004075023110657925
218_house_8L,SVR,Com vazamento,KNN,0.2,21162.954755673734,24.972496947879055,2094448711.095833,11438330.900792198,45733.57751536037,132.92150768816796,0.2500126510438161,0.004856460960578557
218_house_8L,SVR,Com vazamento,KNN,0.3,21153.507144438354,19.26651588770832,2086454553.5645907,9119300.779408948,45647.78637475691,108.63163982773831,0.2528367895693518,0.00402622470906838
218_house_8L,SVR,Com vazamento,mean,0.05,21241.269122849593,22.809015912415575,2106901347.3465292,9394208.216057232,45869.38778362863,110.41697482180551,0.24551394855196693,0.004135472784185605
218_house_8L,SVR,Com vazamento,mean,0.1,21414.584183868254,26.347466532330657,2101847374.78418,16054390.010233404,45815.98562564796,184.3878467000244,0.2475241236121528,0.006528567824537123
218_house_8L,SVR,Com vazamento,mean,0.2,21165.629273621103,26.04808858899082,2099321636.054719,12533477.773357298,45785.535514472576,142.14985417159514,0.24831383849789831,0.005283767953246025
218_house_8L,SVR,Com vazamento,mean,0.3,21158.54304162035,20.054049389129332,2088289955.420112,9451620.992961,45667.66650048992,112.96242264281825,0.2521809894284908,0.004129441832576175
218_house_8L,SVR,Com vazamento,median,0.05,21241.28454100125,23.246955325978583,2107380227.0836313,9618898.938428627,45874.78868604187,112.61165492028904,0.24533616165316763,0.004251652131315526
218_house_8L,SVR,Com vazamento,median,0.1,21407.498438393817,26.587674910779345,2117022903.1640701,15619580.949770633,45979.87803652743,178.42941370477845,0.2420815363939133,0.00639958168528667
218_house_8L,SVR,Com vazamento,median,0.2,21165.352416647005,25.973363393833548,2099305319.0301836,13065267.315969031,45785.90523490429,148.44942849734088,0.2482981014556751,0.005470771120074625
218_house_8L,SVR,Com vazamento,median,0.3,21158.838223121886,19.441489986946607,2088298149.808623,8745405.335032955,45667.592906422135,103.79515991932065,0.2521890469681635,0.0039079113493065585
218_house_8L,SVR,Sem vazamento,KNN,0.05,21226.894972797218,22.380763061683517,2101171117.3951397,9085700.301952636,45808.04949878822,108.66665750758352,0.24754158216682076,0.004041931021096087
218_house_8L,SVR,Sem vazamento,KNN,0.1,21385.158751636514,27.160944845700083,2077751029.0567122,11453296.93453986,45555.6694999142,137.22500649294875,0.2560956154176659,0.00490352727866547
218_house_8L,SVR,Sem vazamento,KNN,0.2,21167.005842662307,26.956043637253263,2097447418.92889,14375679.74657512,45764.866374248326,162.28852371702357,0.24898082642562117,0.0059987424907813535
218_house_8L,SVR,Sem vazamento,KNN,0.3,21153.94717628893,19.167076467182078,2085667339.7050102,9176088.43289642,45639.29800049521,107.85387800457647,0.2531179867639391,0.00405079251060018
218_house_8L,SVR,Sem vazamento,mean,0.05,21240.658739786282,22.252376988574202,2106866117.8602896,9258192.41920778,45869.0470612266,108.6142913729541,0.24552682569317882,0.004133572133531263
218_house_8L,SVR,Sem vazamento,mean,0.1,21415.21925944882,26.958228051139134,2103152021.41399,15963289.358534634,45830.18460213781,183.3140082071912,0.24704416427636364,0.006544201293593276
218_house_8L,SVR,Sem vazamento,mean,0.2,21165.349416955156,27.51160510481301,2098552624.7019622,14031318.320561884,45777.42724102416,159.4034240973532,0.24857029962466828,0.005884613636965028
218_house_8L,SVR,Sem vazamento,mean,0.3,21158.54453130646,20.6126681325803,2088146441.034898,8859689.586335845,45666.17051668304,106.21380752622314,0.25223344513046886,0.003931695568682235
218_house_8L,SVR,Sem vazamento,median,0.05,21240.657608349677,22.36358715245284,2106505220.3886795,8715906.780073827,45865.42544652091,103.34319754989106,0.24564753673874584,0.0039009721169844585
218_house_8L,SVR,Sem vazamento,median,0.1,21407.28271971767,26.5117651066346,2115788898.3023884,14227664.31508677,45966.06702719926,163.02167563761515,0.24254744361639055,0.005855560644103273
218_house_8L,SVR,Sem vazamento,median,0.2,21165.451193927107,25.305437889800842,2098887024.0866444,13853154.48859496,45781.39865204043,157.18877011552718,0.2484356470568253,0.005796904762319879
218_house_8L,SVR,Sem vazamento,median,0.3,21159.380801486288,20.040830447208766,2088757141.7714155,8543507.121238789,45672.586138989405,102.26759622252929,0.25202391138981645,0.003819918449533197
225_puma8NH,DT,Com vazamento,KNN,0.05,3.595437801340239,0.026499800218221372,22.708559969537486,0.3796042021505557,4.764986989537706,0.0399294055097851,0.28122270449165204,0.012039465268373793
225_puma8NH,DT,Com vazamento,KNN,0.1,3.4084732347973703,0.02882247091306133,20.40851976664695,0.37471676045326485,4.516842596793,0.04137375536274716,0.35400876417402644,0.011732591178416124
225_puma8NH,DT,Com vazamento,KNN,0.2,3.4080005734465098,0.027654307121455016,20.33548586860147,0.3428871025928186,4.5089367974603,0.0379943805634582,0.356350962186186,0.010862146147657693
225_puma8NH,DT,Com vazamento,KNN,0.3,3.432235518293389,0.018324077200847045,20.59851989508447,0.20764229318090482,4.537884356797555,0.022987602332065822,0.3479646917932497,0.006657973118426843
225_puma8NH,DT,Com vazamento,mean,0.05,3.5299116690899672,0.01800309363347376,21.8753177872222,0.2606789912935558,4.676368837759402,0.027949376530576903,0.30757211408016055,0.008181304526098766
225_puma8NH,DT,Com vazamento,mean,0.1,3.416859984460421,0.027540603868509757,20.514021492098934,0.3254538341746695,4.528592616581551,0.035976584826226315,0.3507445853420255,0.010200994801682892
225_puma8NH,DT,Com vazamento,mean,0.2,3.405210797193869,0.025437768971253764,20.354550992138076,0.2807948115725826,4.511138494732175,0.03104865636034624,0.35577047982080856,0.008798564682528393
225_puma8NH,DT,Com vazamento,mean,0.3,3.436282318374152,0.018904254857514177,20.671310037036037,0.18342657289488254,4.546095722881656,0.020285269383461226,0.34573459147970226,0.005873676941699171
225_puma8NH,DT,Com vazamento,median,0.05,3.5382493538413264,0.02059607086688335,21.95348468070272,0.23897183624306423,4.684833562630927,0.0255826953497727,0.3050808214908318,0.0075843300359300985
225_puma8NH,DT,Com vazamento,median,0.1,3.41910802491995,0.030022481047949374,20.541161648474255,0.3588074273806891,4.531622911154787,0.0396277626488253,0.3498677202619744,0.011290315782289702
225_puma8NH,DT,Com vazamento,median,0.2,3.4060819890407017,0.02445784167733943,20.35550843528564,0.28890387081421737,4.511281741105229,0.03199720162461825,0.35572406691154357,0.009054297632995745
225_puma8NH,DT,Com vazamento,median,0.3,3.4284043402690934,0.029834838873875946,20.596322947208808,0.31082225678640374,4.537815428292194,0.03427306643440351,0.34808723957936366,0.009832650812662281
225_puma8NH,DT,Sem vazamento,KNN,0.05,3.594961640953562,0.032490272092393926,22.67149333941253,0.407204401841007,4.760657748552888,0.04265663827555419,0.28240747391407806,0.012988978936977723
225_puma8NH,DT,Sem vazamento,KNN,0.1,3.4157577052614108,0.02445381511479468,20.469781301115546,0.3727946237036759,4.523543430157983,0.0413189605483665,0.3521093651147846,0.011650563292857503
225_puma8NH,DT,Sem vazamento,KNN,0.2,3.401733989265491,0.023853178485926448,20.29940098054594,0.322375252791426,4.505040658151559,0.03577207745300557,0.357483458011745,0.010107916378431678
225_puma8NH,DT,Sem vazamento,KNN,0.3,3.439562433718208,0.017054958048838532,20.658175074670144,0.24936106151775522,4.544721355151941,0.027618202781909643,0.3461508464246388,0.007942740392151175
225_puma8NH,DT,Sem vazamento,mean,0.05,3.5407344832137535,0.016721612577326662,21.997757093058752,0.24546733459623765,4.6896400716763464,0.02635178662449539,0.3036684805935722,0.007902968808437796
225_puma8NH,DT,Sem vazamento,mean,0.1,3.4195629400366223,0.02875759866592671,20.545151884691844,0.3474874840600833,4.532045590777645,0.03839138083847414,0.3497527267348801,0.010926220930290923
225_puma8NH,DT,Sem vazamento,mean,0.2,3.4034849764922606,0.027957899810013738,20.327835136010236,0.32727163933916775,4.508137361217309,0.03631176360595423,0.35660838111075477,0.010239665204066712
225_puma8NH,DT,Sem vazamento,mean,0.3,3.436187892583565,0.02293888065861606,20.64884807867129,0.21319157632322616,4.543630858315715,0.02346862673419985,0.34644089588704036,0.006805805657367983
225_puma8NH,DT,Sem vazamento,median,0.05,3.5429362492422243,0.017429964838796188,21.98609316657982,0.25501977729985104,4.688392932478803,0.027343392208498754,0.3040571012304309,0.008144841323677135
225_puma8NH,DT,Sem vazamento,median,0.1,3.418529139314716,0.03145400494067968,20.53048003446904,0.35969537253721445,4.53043983558515,0.03972348386821155,0.3502066330452176,0.011306264501651918
225_puma8NH,DT,Sem vazamento,median,0.2,3.403289319426442,0.020439854897103232,20.32702344458224,0.24745810566703627,4.508147032484991,0.027385224411353958,0.35663279008444504,0.007755669550613854
225_puma8NH,DT,Sem vazamento,median,0.3,3.4307045849748157,0.02142275115178096,20.61598064667202,0.24686683225537023,4.540035412731315,0.027310263773710142,0.3474858104567225,0.007879624869370133
225_puma8NH,KNN,Com vazamento,KNN,0.05,3.1268673796658266,0.009085148737115384,15.87798447092324,0.094674033434209,3.984353758818809,0.011942744258349163,0.4975258803227511,0.0030743413903452192
225_puma8NH,KNN,Com vazamento,KNN,0.1,3.021766543905104,0.00787445953331744,14.937289509953922,0.07356215311732826,3.864560402772669,0.009603049236265319,0.5273062107492847,0.00236294690439398
225_puma8NH,KNN,Com vazamento,KNN,0.2,3.0399220499216,0.007914887215800172,15.025637057326762,0.08162303130194837,3.875997438203145,0.010664071483308227,0.524467441435673,0.0027193945805240277
225_puma8NH,KNN,Com vazamento,KNN,0.3,3.040208520910363,0.01062150313774873,15.129752549962772,0.11866013090714031,3.889121046016445,0.015104416114580955,0.521252204237526,0.0037869781806151833
225_puma8NH,KNN,Com vazamento,mean,0.05,3.115042835719668,0.010348467126448064,15.819214654019943,0.09770715379862732,3.977032084280598,0.012437329819445586,0.4993807101118259,0.0032348035527229226
225_puma8NH,KNN,Com vazamento,mean,0.1,3.027946775180652,0.009783420273916637,14.950848655882133,0.10789174860362317,3.866332656410076,0.013913158822808953,0.5268635088277575,0.003487322532650345
225_puma8NH,KNN,Com vazamento,mean,0.2,3.0432254543431037,0.010647546203543449,15.028432404604507,0.11522931069425126,3.876278827485121,0.014991360442000551,0.5244026062741826,0.0037830479351828477
225_puma8NH,KNN,Com vazamento,mean,0.3,3.04473032660896,0.011131977751026626,15.113564834615952,0.11100757053574176,3.8872016642074354,0.014097546792975469,0.5217512808790378,0.003503417753780889
225_puma8NH,KNN,Com vazamento,median,0.05,3.1148653556085044,0.010666748969895773,15.815135620252041,0.09866386331319833,3.97650977628267,0.012551885274146883,0.4995095635898627,0.003268100735059315
225_puma8NH,KNN,Com vazamento,median,0.1,3.0279288318162103,0.00948498081942894,14.952435737637089,0.10153291352995723,3.8665262371273013,0.013086790752229242,0.526812392249096,0.003295595090865769
225_puma8NH,KNN,Com vazamento,median,0.2,3.042299374500677,0.010324801959852806,15.015388594793956,0.10651817785861353,3.874614539998147,0.013886384767883892,0.5248143218860629,0.0035186835934227032
225_puma8NH,KNN,Com vazamento,median,0.3,3.0459877915902216,0.012174501384630717,15.128134297292773,0.11388336178181277,3.889098905933855,0.01445753744841626,0.5212898195182532,0.0035947606972560357
225_puma8NH,KNN,Sem vazamento,KNN,0.05,3.1218173483606453,0.014038880337245678,15.837783649975522,0.10941229205348117,3.979262654831789,0.013950608306100731,0.4987997416208465,0.0035752301824734426
225_puma8NH,KNN,Sem vazamento,KNN,0.1,3.0217053495418664,0.0060356144574903025,14.930231677498982,0.056660898886780144,3.8636199745000783,0.007321847692086666,0.5275271343003217,0.0019050502858736153
225_puma8NH,KNN,Sem vazamento,KNN,0.2,3.0436327694328242,0.01768739088692417,15.077082706476652,0.13255897973875322,3.8825692018261644,0.017155214551544375,0.5228427395644503,0.004267274076845083
225_puma8NH,KNN,Sem vazamento,KNN,0.3,3.035185330114526,0.004306447396480867,15.068514700572365,0.05740498505142815,3.8813315051206487,0.00738802538842859,0.5231913096596633,0.0018854532585023142
225_puma8NH,KNN,Sem vazamento,mean,0.05,3.1153955732212597,0.010671043990844557,15.820253182316703,0.0993338763940698,3.9771583230069503,0.01262393465106535,0.49934812087870545,0.003287842197220453
225_puma8NH,KNN,Sem vazamento,mean,0.1,3.027996512734939,0.009582738927233108,14.952449776789493,0.10688372881493231,3.8665306125922707,0.013783304035475397,0.526812760782338,0.0034591633504284136
225_puma8NH,KNN,Sem vazamento,mean,0.2,3.0428101938226173,0.011011251509873666,15.02769410714137,0.12543650263791875,3.8761678412698277,0.016307745811267444,0.5244263831309713,0.004111735767557228
225_puma8NH,KNN,Sem vazamento,mean,0.3,3.043871017456232,0.011852205376877065,15.111184280279135,0.11231385543260428,3.8869011133061604,0.014258734806054415,0.5218262649877715,0.0035406751084578743
225_puma8NH,KNN,Sem vazamento,median,0.05,3.115118998611555,0.010495052223040216,15.816034760782467,0.09557791489544723,3.9766200025009226,0.012158573196370632,0.4994797983612109,0.003162735462520445
225_puma8NH,KNN,Sem vazamento,median,0.1,3.027672866270423,0.009252712214949955,14.951765089255737,0.10253662884011622,3.866446033908163,0.013222719055844937,0.5268307696477047,0.003323696989485417
225_puma8NH,KNN,Sem vazamento,median,0.2,3.041638454672419,0.011827366936271469,15.013989560828627,0.11727143652316414,3.8744157153312835,0.015285865509230171,0.5248573933281709,0.0038353104754590534
225_puma8NH,KNN,Sem vazamento,median,0.3,3.0453850377393827,0.012511261952666648,15.120165779706078,0.11246797750088759,3.8880864766639682,0.014290877468868415,0.521537056739801,0.0035534804738550133
225_puma8NH,LR,Com vazamento,KNN,0.05,3.677398028330199,0.0018558310417316095,20.154175856477746,0.01875178549705018,4.488960011028579,0.002066178302241054,0.36224850369028805,0.0006376464664701948
225_puma8NH,LR,Com vazamento,KNN,0.1,3.646501630667776,0.0017130036479369184,19.92231577948138,0.017057837524194857,4.463018695153991,0.0019031949808449343,0.36959415163346626,0.000596850039653969
225_puma8NH,LR,Com vazamento,KNN,0.2,3.645829005778218,0.0017216599120310626,19.917670273187852,0.017748001110259443,4.4625085117940095,0.001963695883499552,0.3697379856899498,0.0005981114676903689
225_puma8NH,LR,Com vazamento,KNN,0.3,3.6460588628139,0.0015420423757183215,19.915804308177517,0.01553435926171063,4.462294216064272,0.0017420575517818142,0.36980045264723915,0.0005560666510023324
225_puma8NH,LR,Com vazamento,mean,0.05,3.672055812865769,0.0017923789526533766,20.11356946139013,0.018677679938469888,4.48440852237148,0.002064014327031882,0.36354230986477143,0.0006315344590227311
225_puma8NH,LR,Com vazamento,mean,0.1,3.6464983984564046,0.0016690553670110687,19.922242595006946,0.016596525390229464,4.463010864314328,0.0018590198783600732,0.3695966609562736,0.0005842269193971422
225_puma8NH,LR,Com vazamento,mean,0.2,3.645711093078266,0.0016424154620099962,19.918045887992555,0.01677036350779907,4.462548459565583,0.0018621186980610383,0.3697264600468296,0.0005716675616477235
225_puma8NH,LR,Com vazamento,mean,0.3,3.646264804749091,0.0016134997246124738,19.91760997437459,0.016183286505579552,4.462494903703543,0.0018098490971110086,0.3697433435404058,0.0005742095546738014
225_puma8NH,LR,Com vazamento,median,0.05,3.6720296636582805,0.001792090555716594,20.113310371121248,0.018670734410291056,4.484379552631229,0.002063198598270508,0.3635504832034373,0.0006314146567579527
225_puma8NH,LR,Com vazamento,median,0.1,3.6464981600452653,0.001668849147989768,19.922242750428982,0.016596894229920264,4.4630108794692696,0.0018590514633476623,0.369596654690956,0.0005842157995731988
225_puma8NH,LR,Com vazamento,median,0.2,3.645706748954048,0.0016413670693782422,19.91799795637419,0.016769477085266438,4.462543115682673,0.0018624562881558728,0.3697279723658085,0.0005719434913607019
225_puma8NH,LR,Com vazamento,median,0.3,3.6462678800364308,0.0016105040282529395,19.917627831228028,0.016169305424573534,4.462496923698025,0.0018081088622593602,0.3697427745069463,0.0005733874060469246
225_puma8NH,LR,Sem vazamento,KNN,0.05,3.6771967879089202,0.0017973238495748952,20.149170165993638,0.02068993661411821,4.488377891726924,0.0022724910508185267,0.36241104339843416,0.0005765229729665208
225_puma8NH,LR,Sem vazamento,KNN,0.1,3.6465146961065855,0.0017139173015821361,19.922247685222274,0.01698344989935353,4.463011383996069,0.0018951567424276726,0.3695963013592897,0.0005933888920532011
225_puma8NH,LR,Sem vazamento,KNN,0.2,3.6457471222502202,0.0017077377705780488,19.917727334312527,0.017567810920577145,4.46251267042626,0.0019390589759492774,0.36973690340779997,0.0005817949864003111
225_puma8NH,LR,Sem vazamento,KNN,0.3,3.6461267386892686,0.001695582064455247,19.917308241505168,0.01734094447760377,4.46245918933617,0.001945827112382287,0.3697529652636878,0.0006154905752021795
225_puma8NH,LR,Sem vazamento,mean,0.05,3.6720399160994486,0.001791613540776911,20.113429740261537,0.01873122585857576,4.484392718827437,0.0020705065539816945,0.36354676336458197,0.000633509454720377
225_puma8NH,LR,Sem vazamento,mean,0.1,3.6464987926926575,0.0016695316009373048,19.92224623192624,0.016600517180348936,4.463011273231552,0.001859458524997653,0.3695965457881086,0.0005843504751881024
225_puma8NH,LR,Sem vazamento,mean,0.2,3.6457109987590535,0.0016446828209062828,19.918049423503653,0.016784922252963637,4.462548888708315,0.0018638814069765893,0.3697263447394417,0.0005721232876968146
225_puma8NH,LR,Sem vazamento,mean,0.3,3.6462646097587545,0.0016144329983376268,19.917610002209436,0.016191220491475963,4.462494921256888,0.0018106653302967276,0.36974333627815886,0.0005743505590671093
225_puma8NH,LR,Sem vazamento,median,0.05,3.671982487853414,0.0017830476982824486,20.112825526735204,0.0187726723283543,4.484324918405067,0.0020765576266338873,0.36356590323440385,0.0006344127173237829
225_puma8NH,LR,Sem vazamento,median,0.1,3.6464990593353135,0.0016695217296293311,19.922251547630644,0.016599598826953173,4.463011868316001,0.001859396585513935,0.36959637521708716,0.0005843130111033834
225_puma8NH,LR,Sem vazamento,median,0.2,3.6457076536018005,0.0016458616959551691,19.91801770718016,0.016793203790750638,4.462545364083717,0.0018655247681487188,0.3697273519057522,0.0005728547226664448
225_puma8NH,LR,Sem vazamento,median,0.3,3.6462680723568375,0.0016106218081194136,19.917631943235666,0.016172074507076712,4.4624973998407205,0.0018083743914118068,0.3697426317147628,0.0005732753334717585
225_puma8NH,RF,Com vazamento,KNN,0.05,2.62910891533302,0.006036533888230273,11.689940705752212,0.054674863331160846,3.418687574349585,0.008268051005706071,0.6300733049394543,0.0017858986381982518
225_puma8NH,RF,Com vazamento,KNN,0.1,2.5031165041661914,0.0020647476937739307,10.640453779719849,0.03294481682225982,3.2615866425249322,0.004778453589150986,0.6632801720932641,0.0009631864487347188
225_puma8NH,RF,Com vazamento,KNN,0.2,2.5075504534626956,0.003028885961638137,10.653461106400158,0.043033075629571246,3.263609837394466,0.006635159444889015,0.6628650991573287,0.0013417432844568904
225_puma8NH,RF,Com vazamento,KNN,0.3,2.5181709955557117,0.004773891696366781,10.751567224922967,0.05145212541184502,3.2786271965206115,0.007908240023287088,0.6597571074923477,0.0016081041466403066
225_puma8NH,RF,Com vazamento,mean,0.05,2.601643497577592,0.005879851359568268,11.420377174747314,0.04474257089576088,3.379063277072973,0.00699992750970443,0.6386051391794453,0.001464574553352345
225_puma8NH,RF,Com vazamento,mean,0.1,2.506367180337443,0.0039979328245141185,10.656852593576323,0.046038120378032336,3.2641051102732006,0.0068839626759845274,0.662767350252239,0.001388396956436938
225_puma8NH,RF,Com vazamento,mean,0.2,2.5065165043511337,0.0025240304403081584,10.651032082169424,0.0336761989937654,3.263251149529298,0.005282741789993965,0.6629380002411822,0.0010495466056450224
225_puma8NH,RF,Com vazamento,mean,0.3,2.518926876252418,0.004044837900797543,10.769192031913015,0.0454517485197082,3.2813225214886437,0.0068253886683110835,0.6591996172670225,0.0013923179551490936
225_puma8NH,RF,Com vazamento,median,0.05,2.60191247626236,0.00614980761767253,11.419601382014294,0.04908210933198565,3.378939880993331,0.00759039943235978,0.6386275504267634,0.0015946327812619962
225_puma8NH,RF,Com vazamento,median,0.1,2.5064235961059116,0.003814953293278272,10.656146232891134,0.04667322349473107,3.264003832399354,0.007010158802601484,0.6627879354959744,0.0014134220643901812
225_puma8NH,RF,Com vazamento,median,0.2,2.5066579293964195,0.0021955614521644994,10.651145801328498,0.03373435075627581,3.2632638506668257,0.005265839075925224,0.6629366627493251,0.0010464023195200362
225_puma8NH,RF,Com vazamento,median,0.3,2.5192675764696966,0.004327895273252669,10.773660709601941,0.04711164310118655,3.2820024104117134,0.00713968935118598,0.6590579129575665,0.0014554799555442828
225_puma8NH,RF,Sem vazamento,KNN,0.05,2.6256540069613927,0.010538182244732772,11.661269171981646,0.09748168546609473,3.414412831117236,0.014814389808345013,0.6309859347094515,0.0031741208567897866
225_puma8NH,RF,Sem vazamento,KNN,0.1,2.5034325382908027,0.0025792652536283473,10.634975989438486,0.03947836703077649,3.2607513394633183,0.005925983202603677,0.6634549185829254,0.0011797919754358557
225_puma8NH,RF,Sem vazamento,KNN,0.2,2.5082537497270487,0.002747402083935223,10.65581522700054,0.04393290828107477,3.263957611830994,0.0067899882196353,0.6627934474991514,0.0013745091899815365
225_puma8NH,RF,Sem vazamento,KNN,0.3,2.5195685703194264,0.004360145618354369,10.762397082397527,0.048684374145803545,3.280284529166277,0.007429749861887184,0.6594175093764318,0.0015083371160629871
225_puma8NH,RF,Sem vazamento,mean,0.05,2.600591205790339,0.004932859764314214,11.414624434767594,0.04359254850989067,3.3782223109823764,0.0068348026646113495,0.6387813083131189,0.0014391505693389813
225_puma8NH,RF,Sem vazamento,mean,0.1,2.5063344190851145,0.004138246212402087,10.656761896895874,0.04915135584458613,3.264089024161929,0.00737733474770603,0.6627704276694608,0.001489814420584698
225_puma8NH,RF,Sem vazamento,mean,0.2,2.5066638302605386,0.0023514330842426133,10.651913708989218,0.03216999100286425,3.2633871102521765,0.005060755689921735,0.6629106142556787,0.0010060412405457487
225_puma8NH,RF,Sem vazamento,mean,0.3,2.518843134915786,0.004164882207071506,10.766718709357201,0.04060747063998328,3.2809472307957677,0.006061579764414861,0.6592792526749497,0.0012364631587095797
225_puma8NH,RF,Sem vazamento,median,0.05,2.6013328132010742,0.0048622144848404795,11.413155481373716,0.041346911492247805,3.378004582665113,0.0064284926104538126,0.6388272963939969,0.0013393771927478313
225_puma8NH,RF,Sem vazamento,median,0.1,2.5063199894494583,0.0036012988783198346,10.656249858689572,0.04529958627743181,3.264016514261904,0.006828077282908281,0.6627859938807793,0.001374633341853596
225_puma8NH,RF,Sem vazamento,median,0.2,2.506569266920184,0.002330716973197001,10.651000906588395,0.033042473227808275,3.263240913401457,0.005157514745425946,0.662941927488827,0.001023943519538443
225_puma8NH,RF,Sem vazamento,median,0.3,2.518918857882356,0.004193727710500096,10.771008737992055,0.04110058917024383,3.2816088961485836,0.006229427301439442,0.6591405798779262,0.0012679595732055747
225_puma8NH,SVR,Com vazamento,KNN,0.05,3.6240756737860824,0.0026176457210504386,20.906273453953755,0.03564497397796282,4.571879440717232,0.0037619924917643923,0.33839487022737985,0.0011809493974164955
225_puma8NH,SVR,Com vazamento,KNN,0.1,3.590378239357955,0.0025879893812812576,20.702613362720143,0.028514886475179767,4.549490749913053,0.003028811193709983,0.34485423565199724,0.0009227712736617352
225_puma8NH,SVR,Com vazamento,KNN,0.2,3.5897395066431077,0.0023060302528242834,20.709242540853527,0.020403476156054413,4.550243013529562,0.002238004630220089,0.3446345895154102,0.000709062629492666
225_puma8NH,SVR,Com vazamento,KNN,0.3,3.590133106021677,0.002272601916573693,20.705233937535898,0.029872874267820683,4.549786906418633,0.0032474398830480483,0.3447735414768782,0.001034453004896195
225_puma8NH,SVR,Com vazamento,mean,0.05,3.618563632065244,0.00251521277782698,20.87310581301085,0.03460188442535576,4.5682099931291384,0.0036708833925670785,0.3394592189550872,0.0011397590957327142
225_puma8NH,SVR,Com vazamento,mean,0.1,3.5904324788975863,0.002410886297362971,20.706412340052307,0.034776869555457994,4.5499307912558775,0.003743874311221934,0.34472954191515887,0.0011175925278985662
225_puma8NH,SVR,Com vazamento,mean,0.2,3.5896587256548345,0.002225664522648959,20.703310573030944,0.02981021116588441,4.5495729584498585,0.0031593982569796722,0.3448272213984587,0.000938286268452666
225_puma8NH,SVR,Com vazamento,mean,0.3,3.5900798987491527,0.0025409979483288782,20.711343376262555,0.030183684830424183,4.55045637279516,0.0032546307716371696,0.344573408877654,0.0010299342222184883
225_puma8NH,SVR,Com vazamento,median,0.05,3.6186028820631773,0.0028093796518655545,20.861614362868693,0.03989434303445377,4.5669557595015595,0.004229129362752066,0.33982051641703875,0.0013046435318050213
225_puma8NH,SVR,Com vazamento,median,0.1,3.590329141471997,0.0023408964560282875,20.715897278409,0.03644010854462426,4.550966116910413,0.003925057637232639,0.34443028603890063,0.0011840999554024627
225_puma8NH,SVR,Com vazamento,median,0.2,3.590156521495491,0.0024702975864464823,20.712528334798904,0.025409506225745466,4.550584208174796,0.002611046957920293,0.34453439176032924,0.0007429790992241989
225_puma8NH,SVR,Com vazamento,median,0.3,3.5900813742175077,0.0024250205590789376,20.706558033965674,0.024617399114856036,4.549929357738672,0.0026378668995947928,0.3447286693360858,0.0008065710973852355
225_puma8NH,SVR,Sem vazamento,KNN,0.05,3.6234766449873423,0.0022604831286800347,20.90101000511915,0.03282606255765192,4.571261217619456,0.003459360569054291,0.3385698802375181,0.0009211180673241583
225_puma8NH,SVR,Sem vazamento,KNN,0.1,3.59058157731029,0.0024294243790543087,20.710065334927695,0.033611175632398335,4.550320434263571,0.0035475910361885796,0.3446187954036733,0.0010040589481235928
225_puma8NH,SVR,Sem vazamento,KNN,0.2,3.5899567598630533,0.002309042989638853,20.707568258542786,0.02382782534509374,4.550058421872766,0.0024638563622511075,0.3446881091580985,0.0007111149771211362
225_puma8NH,SVR,Sem vazamento,KNN,0.3,3.5898494540825996,0.0023132879026877217,20.70978538214459,0.028278480980639873,4.550287196123048,0.0030567677992002946,0.34462455264208525,0.0009750306456282915
225_puma8NH,SVR,Sem vazamento,mean,0.05,3.618299570398363,0.0026469486499310912,20.86954796387255,0.033826338711139915,4.567830958758781,0.0035647768067958367,0.3395672835381797,0.0010951212513819599
225_puma8NH,SVR,Sem vazamento,mean,0.1,3.5901176589820136,0.0024029674313471535,20.706985801946086,0.02633944775071604,4.549975725988213,0.0028286086935222303,0.34471598065628356,0.0008521611372435769
225_puma8NH,SVR,Sem vazamento,mean,0.2,3.5901949742085275,0.0024538618334791116,20.706791204567935,0.028870187701287707,4.54996219047845,0.003041883138532908,0.34471480576657676,0.0009035050849534944
225_puma8NH,SVR,Sem vazamento,mean,0.3,3.5899608211655187,0.002418332773923594,20.70278910916234,0.023007747928521248,4.549522103945691,0.002535509434191638,0.3448496067983002,0.0008483191436713704
225_puma8NH,SVR,Sem vazamento,median,0.05,3.618564390255101,0.002546415398613452,20.86820069039423,0.03393685405391594,4.567675807956658,0.003625131579905814,0.3396128616349455,0.0011552641930412844
225_puma8NH,SVR,Sem vazamento,median,0.1,3.5903134772300938,0.002664433407545176,20.7001551190704,0.02980738932420703,4.549225156666765,0.0031902012420311223,0.34493301032458806,0.0009914170341885032
225_puma8NH,SVR,Sem vazamento,median,0.2,3.5899564603386938,0.0021462237950830546,20.7109507603837,0.023561225506763626,4.550427604077162,0.0025088761896055645,0.3445820050896807,0.0007814928029453609
225_puma8NH,SVR,Sem vazamento,median,0.3,3.589719198903706,0.002481296206300976,20.70976074835797,0.028031390843876458,4.550299989552348,0.0030147200644348613,0.3446251052983442,0.0009301590173124742
227_cpu_small,DT,Com vazamento,KNN,0.05,2.9310709635416665,0.027982676642117236,18.275594075520832,0.41652896115550964,4.273846579706174,0.048763905338078825,0.9457702540526317,0.0014766246948263756
227_cpu_small,DT,Com vazamento,KNN,0.1,2.8776041666666665,0.020569143472387544,18.741007486979168,0.9810788013356059,4.319483810833034,0.10602364066543997,0.9443583367965563,0.0029520659486023284
227_cpu_small,DT,Com vazamento,KNN,0.2,2.82757568359375,0.03505690631683948,16.81597900390625,0.5342072125862902,4.099542380885906,0.06508158578427281,0.9500866108140329,0.0018292450629509409
227_cpu_small,DT,Com vazamento,KNN,0.3,2.83953857421875,0.01649327584727441,16.90228271484375,0.23590022354725815,4.11071655919313,0.028564747605561918,0.9498704236790861,0.0009594093910518432
227_cpu_small,DT,Com vazamento,mean,0.05,2.8951212565104165,0.039164632159344605,17.963114420572918,0.44237455594720626,4.237262149781116,0.05222281288962005,0.9466779891147149,0.0015890318311813213
227_cpu_small,DT,Com vazamento,mean,0.1,2.8490193684895835,0.016770064966200694,18.319600423177082,0.9263552255895031,4.2711655855283714,0.10096769820993363,0.9456166189548537,0.0028026024363409356
227_cpu_small,DT,Com vazamento,mean,0.2,2.8377888997395835,0.030980417621823558,16.87200927734375,0.2137672051259191,4.107107656489566,0.026149068974611597,0.9499712203667731,0.00069440134214721
227_cpu_small,DT,Com vazamento,mean,0.3,2.8389892578125,0.02400238851741668,16.802083333333332,0.3551976578004111,4.097976802737443,0.04290795201474619,0.9501731849526728,0.0011833689660135374
227_cpu_small,DT,Com vazamento,median,0.05,2.9389241536458335,0.023176477545775807,18.465291341145832,0.3903249172885524,4.296021422373349,0.04521674282222128,0.9451836462885592,0.0013737306326737854
227_cpu_small,DT,Com vazamento,median,0.1,2.85919189453125,0.025586560656697472,18.31475830078125,1.055181016957552,4.2704795265864215,0.11695919203550328,0.94565634913689,0.0031516704688043257
227_cpu_small,DT,Com vazamento,median,0.2,2.8307902018229165,0.026218408996886357,16.700174967447918,0.2542592270304308,4.085961021578448,0.031294539813135916,0.9504449748368137,0.0009758397275304674
227_cpu_small,DT,Com vazamento,median,0.3,2.8456217447916665,0.030050395387067882,17.014811197916668,0.4025770282687242,4.123987295079933,0.04866417422124605,0.9495361870572451,0.0014697404887692978
227_cpu_small,DT,Sem vazamento,KNN,0.05,2.9130045572916665,0.021441283504750764,18.0977783203125,0.27244971467561646,4.252507856364391,0.032217975601701816,0.9462707252389081,0.0007837956519327302
227_cpu_small,DT,Sem vazamento,KNN,0.1,2.8612263997395835,0.023797439662005822,18.45306396484375,1.210361786239458,4.286094752562979,0.13320020627101475,0.9452823861036896,0.0036619031571446395
227_cpu_small,DT,Sem vazamento,KNN,0.2,2.8484700520833335,0.026321560034584145,16.953206380208332,0.3164513324283769,4.1167440898580265,0.03843636855003404,0.9497085303429764,0.0011321585832395978
227_cpu_small,DT,Sem vazamento,KNN,0.3,2.8494466145833335,0.020279206598651463,17.024251302083332,0.2773816114201873,4.125532529447897,0.033553613161002846,0.9495178827864397,0.001038056776557432
227_cpu_small,DT,Sem vazamento,mean,0.05,2.8947957356770835,0.04594596944744811,17.97540283203125,0.5227425801892164,4.238587482908814,0.06186294613264801,0.9466300226376038,0.001801464418751924
227_cpu_small,DT,Sem vazamento,mean,0.1,2.8510945638020835,0.020727728373663105,18.30511474609375,0.9808769463013869,4.2691273003929355,0.10709124967314476,0.9456718753537748,0.0029507113808669846
227_cpu_small,DT,Sem vazamento,mean,0.2,2.8338826497395835,0.028977694157025138,16.806294759114582,0.2196115885265302,4.0992314022410925,0.026923990091883128,0.9501571717418908,0.0007094297507134235
227_cpu_small,DT,Sem vazamento,mean,0.3,2.8406982421875,0.025452172436578685,16.843912760416668,0.3524550967553612,4.103081436999571,0.042733329293048676,0.9500505328983017,0.001170693675031442
227_cpu_small,DT,Sem vazamento,median,0.05,2.9422200520833335,0.020550009291400034,18.553304036458332,0.365182725378872,4.306008124286389,0.04193485973669394,0.9449179955404498,0.0012376823040804318
227_cpu_small,DT,Sem vazamento,median,0.1,2.8553466796875,0.023953417951032865,18.333699544270832,1.0404169151439275,4.272384210693429,0.11414871482926506,0.9456017312302939,0.0031102205080157223
227_cpu_small,DT,Sem vazamento,median,0.2,2.8355916341145835,0.022116690549811274,16.785664876302082,0.3288704117907162,4.096386383260287,0.0400992043064704,0.9502181696143999,0.0012774519611271735
227_cpu_small,DT,Sem vazamento,median,0.3,2.8454996744791665,0.024330504797357853,16.973551432291668,0.3640394741084153,4.118821294317779,0.04417941416955017,0.9496513087903194,0.0013327449889856183
227_cpu_small,KNN,Com vazamento,KNN,0.05,2.3682861328125004,0.009184478159010587,14.652070312500001,0.4433531196643655,3.81657858800166,0.05904337846262654,0.9565892429007598,0.001421241855388304
227_cpu_small,KNN,Com vazamento,KNN,0.1,2.3696655273437504,0.005849066248979803,17.16457763671875,0.38353397951636486,4.126019587094516,0.05044872919635082,0.9492250399712069,0.0012344913689757329
227_cpu_small,KNN,Com vazamento,KNN,0.2,2.3299845377604167,0.00921796137998076,13.941263834635416,0.20620912378978856,3.7270748327390493,0.026984486151260118,0.9587172691238474,0.0007809824518154789
227_cpu_small,KNN,Com vazamento,KNN,0.3,2.313346354166667,0.009642641949817104,13.504949544270834,0.5532290968677342,3.665936950890442,0.07799383457911506,0.9600541934332955,0.0016649752580170404
227_cpu_small,KNN,Com vazamento,mean,0.05,2.37169189453125,0.014229890839378562,14.748573404947917,0.5432893975127571,3.8278526351568214,0.07196943290241374,0.9562738062157901,0.0017953926762261192
227_cpu_small,KNN,Com vazamento,mean,0.1,2.39208984375,0.006417137756229296,16.9451318359375,0.3811814756378653,4.101906738377033,0.048632291337431875,0.9498689252392193,0.0013450758196468222
227_cpu_small,KNN,Com vazamento,mean,0.2,2.3780232747395837,0.004443558349625778,15.53602783203125,0.48780601670907403,3.928269831045501,0.0626987275053367,0.9540264449718708,0.0016844532216903968
227_cpu_small,KNN,Com vazamento,mean,0.3,2.3417643229166667,0.008831989713962353,14.070838216145832,0.5658045016383972,3.741010781104473,0.07362983977705055,0.958365779631484,0.0017170942738115283
227_cpu_small,KNN,Com vazamento,median,0.05,2.382503255208334,0.017075193683499298,14.9608154296875,0.5987492616923644,3.856398284478573,0.0784713675410141,0.9556512977507395,0.0019327320067644813
227_cpu_small,KNN,Com vazamento,median,0.1,2.381998697916667,0.006921628558706635,17.130188802083335,0.4331024702927264,4.123717875013034,0.05469938125002185,0.9493070189828003,0.0013348738463433614
227_cpu_small,KNN,Com vazamento,median,0.2,2.3875732421875004,0.005416005412111502,15.940665690104167,0.493727863816711,3.977464313267376,0.06464330803890679,0.9528528700004966,0.0017692397249840773
227_cpu_small,KNN,Com vazamento,median,0.3,2.3342041015625004,0.011004845505652085,14.044368489583334,0.5784715842096064,3.7374535713766583,0.07660910595109997,0.9584504778328188,0.0017674871095409135
227_cpu_small,KNN,Sem vazamento,KNN,0.05,2.36656494140625,0.01137119655110563,14.61847412109375,0.45564196834442816,3.81209890211272,0.06080053187520411,0.9566863131432216,0.0014657992122914145
227_cpu_small,KNN,Sem vazamento,KNN,0.1,2.3790405273437503,0.007670084851279143,17.680894368489586,0.6211557180940337,4.1834958381384695,0.07588267604152191,0.9477018124837442,0.0018412937036833923
227_cpu_small,KNN,Sem vazamento,KNN,0.2,2.3418416341145836,0.006250923406415405,14.454810384114586,0.2597679159177182,3.793018915979715,0.03345915005718606,0.9572356438863747,0.0009156185923764325
227_cpu_small,KNN,Sem vazamento,KNN,0.3,2.3263061523437503,0.009066118636000643,13.859509277343749,0.47671741221342445,3.714222177645748,0.06582927503336154,0.9590076427341664,0.001453989638570427
227_cpu_small,KNN,Sem vazamento,mean,0.05,2.3720296223958335,0.014137059108111619,14.750540364583335,0.5441692694747313,3.828115785917694,0.07207045074357601,0.9562674248078036,0.001797608547431908
227_cpu_small,KNN,Sem vazamento,mean,0.1,2.392146809895834,0.005918900654589713,16.948255208333332,0.3792571645884306,4.102261491247433,0.048450879902266604,0.9498602894422469,0.0013416512381283306
227_cpu_small,KNN,Sem vazamento,mean,0.2,2.3787312825520837,0.005480930750273684,15.551245930989582,0.5208547694977846,3.930134810057572,0.06677146917927824,0.9539809084373002,0.001773367923874734
227_cpu_small,KNN,Sem vazamento,mean,0.3,2.341304524739584,0.008532222939184443,14.070311686197917,0.5614984802233723,3.741018246956063,0.07314522777817978,0.9583690765964524,0.0017061902838741364
227_cpu_small,KNN,Sem vazamento,median,0.05,2.382450358072917,0.017057764371966138,14.960835774739584,0.5970645370921188,3.8564139206929116,0.07827657530191043,0.9556514753910936,0.0019270284407425515
227_cpu_small,KNN,Sem vazamento,median,0.1,2.382108561197917,0.006906762301170653,17.130186360677083,0.4332135784340666,4.123717490114577,0.05477618062825129,0.9493061250180475,0.001333987316503596
227_cpu_small,KNN,Sem vazamento,median,0.2,2.3872517903645836,0.005338868542100196,15.93852783203125,0.4912723451706006,3.9772083841749843,0.06433716001148727,0.9528595256929755,0.0017596681509639942
227_cpu_small,KNN,Sem vazamento,median,0.3,2.334427897135417,0.011171160232691501,14.04589599609375,0.5819002303339682,3.7377124003901283,0.07710704331149658,0.9584460506748043,0.0017784457036693002
227_cpu_small,LR,Com vazamento,KNN,0.05,6.236587053052285,0.003276545624268289,99.57964035487704,0.6753821762325961,9.972821212042517,0.036936069350127866,0.7056222969589352,0.0021036372288628763
227_cpu_small,LR,Com vazamento,KNN,0.1,6.041851846639536,0.0026425515618257213,102.41494061719624,0.7763153957385077,10.112118013113909,0.041115811878461174,0.6973244787968763,0.002534457711006288
227_cpu_small,LR,Com vazamento,KNN,0.2,6.1762556119861935,0.002736372563100667,98.11287850385798,0.6853265291888267,9.898840556225137,0.03714852421262137,0.7099658708541186,0.002167997812904881
227_cpu_small,LR,Com vazamento,KNN,0.3,6.187561163929053,0.0021958922626602695,97.6319829166751,0.6919033127503079,9.874693467584008,0.03791002057961527,0.7113840944710682,0.002155816442526424
227_cpu_small,LR,Com vazamento,mean,0.05,6.237527200941163,0.002661355457560014,99.43491691877256,0.6784342394030305,9.965625515469721,0.036787212474485964,0.7060296491884391,0.0021013891088499524
227_cpu_small,LR,Com vazamento,mean,0.1,6.083658257151779,0.0020235877703904666,102.86823059791647,0.7876761976754592,10.13442213373916,0.04186748072446741,0.695985827978872,0.002575295468219615
227_cpu_small,LR,Com vazamento,mean,0.2,6.170730433787937,0.0009862609394996529,98.02844837553852,0.7166744645242877,9.894600708070731,0.03929703296767223,0.7102125573512662,0.0022471020352693117
227_cpu_small,LR,Com vazamento,mean,0.3,6.16729683169779,0.002009011979615256,99.64646402098577,0.7480107253731972,9.975711563126769,0.04051885865713725,0.7054420783492775,0.0023239668950923377
227_cpu_small,LR,Com vazamento,median,0.05,6.245428418285948,0.002840501591641319,100.03685145141385,0.6722504933982856,9.995884968314034,0.03637002494985464,0.7042416688411005,0.0020695951739313754
227_cpu_small,LR,Com vazamento,median,0.1,6.125930159816394,0.0016891797160637312,104.97226521334723,0.8292063255704497,10.237278608051172,0.04399888858122798,0.6897897167458723,0.0027122925513465503
227_cpu_small,LR,Com vazamento,median,0.2,6.170150071466096,0.0011434114454766608,98.02734848265153,0.7171734938245193,9.894561866165242,0.039352337961545164,0.7102137671579202,0.002248558146132007
227_cpu_small,LR,Com vazamento,median,0.3,6.164480323718436,0.0020293781702938342,99.77601331707707,0.7513157563383907,9.98216364206902,0.04063598891010289,0.7050626750987026,0.0023395879677235304
227_cpu_small,LR,Sem vazamento,KNN,0.05,6.239180862605088,0.004308116129904301,99.60283519288232,0.6307319611674602,9.973989426836773,0.034226226528924715,0.7055457986713987,0.00198734184123345
227_cpu_small,LR,Sem vazamento,KNN,0.1,6.049034351936196,0.0059018511007917634,102.53899533216465,0.755768833324531,10.118320045089169,0.0407094723481182,0.6969435760055469,0.0024581185921156716
227_cpu_small,LR,Sem vazamento,KNN,0.2,6.176428076161443,0.004165459349776482,98.11952808620909,0.6742917244213885,9.899176863343403,0.03631220878097184,0.7099457887471395,0.0021363841549251624
227_cpu_small,LR,Sem vazamento,KNN,0.3,6.188200746701526,0.0032689058333674197,97.59588210939181,0.6920035569193166,9.872861109486042,0.03791498543206331,0.7114886546776464,0.0021518387001666812
227_cpu_small,LR,Sem vazamento,mean,0.05,6.237505693427392,0.0026402857976511014,99.43463799299415,0.678354484614931,9.965614623366038,0.03677930349310684,0.7060302638774666,0.002100991817137162
227_cpu_small,LR,Sem vazamento,mean,0.1,6.0835567046017225,0.0020309939974488054,102.86544566079097,0.788215767006179,10.134289042687437,0.04191174350760518,0.6959935254905862,0.0025760520678694753
227_cpu_small,LR,Sem vazamento,mean,0.2,6.170739421121506,0.0010177973367461166,98.02895355604176,0.716226202458786,9.894626436857086,0.039279207344784496,0.7102110495379219,0.0022458492693296916
227_cpu_small,LR,Sem vazamento,mean,0.3,6.167271970863367,0.0020278754420954607,99.64714850660323,0.7474952647535348,9.97574621296806,0.04049601142412587,0.7054400388163878,0.00232237374259328
227_cpu_small,LR,Sem vazamento,median,0.05,6.245427849638221,0.002838562791865512,100.03680592629296,0.6723143366948363,9.995882733614662,0.03637230347055993,0.7042417926766434,0.002069704795458773
227_cpu_small,LR,Sem vazamento,median,0.1,6.125928044203454,0.0017063737944000522,104.96163949716974,0.8305510774336089,10.236762479465634,0.04411596852452653,0.6898211334435929,0.0027167498757933095
227_cpu_small,LR,Sem vazamento,median,0.2,6.170147558041545,0.001168102295851556,98.0274274351467,0.7170643949032383,9.894565844521479,0.039351483502640144,0.7102135787775161,0.0022482467173449393
227_cpu_small,LR,Sem vazamento,median,0.3,6.164471122487346,0.0020250427893724224,99.77613637377296,0.7512137981547046,9.98216910690816,0.0406319549048252,0.7050623915320374,0.002339306442651989
227_cpu_small,RF,Com vazamento,KNN,0.05,2.0638494873046875,0.005765857761615818,9.112282041422525,0.1020419976514906,3.017394864378581,0.016955004036775776,0.9729693752108739,0.00026938474281543666
227_cpu_small,RF,Com vazamento,KNN,0.1,2.0251761881510415,0.007007116764479837,8.936748022460938,0.26154768133663,2.9824478663279166,0.04195578114074185,0.973488182253475,0.000794433032434941
227_cpu_small,RF,Com vazamento,KNN,0.2,2.005336507161458,0.004818908404473444,8.373765108235677,0.09226817169250462,2.8921696883087833,0.015410941844508643,0.9751513080783933,0.0003153878086854086
227_cpu_small,RF,Com vazamento,KNN,0.3,2.002749226888021,0.005875689385765345,8.338396319580077,0.13097459565906638,2.886002509065673,0.02245683951257531,0.9752543249214211,0.000373631944638143
227_cpu_small,RF,Com vazamento,mean,0.05,2.0630841064453125,0.007226494649620139,9.034361777750652,0.10134339279550089,3.004159579268039,0.016938967835084254,0.9731886951633438,0.0003581495685960593
227_cpu_small,RF,Com vazamento,mean,0.1,2.022477010091146,0.006163636390678161,8.93611021525065,0.25730259683657286,2.9823029931603564,0.0414133705830468,0.9734953715123323,0.0007756760733085411
227_cpu_small,RF,Com vazamento,mean,0.2,2.0067677815755207,0.003433605191179504,8.36580033569336,0.11039288020261383,2.8907159435225522,0.018561443438258576,0.9751727801724049,0.0003352930112222796
227_cpu_small,RF,Com vazamento,mean,0.3,2.004784952799479,0.0038101154450095307,8.344216566975911,0.04042946361617651,2.886970141055972,0.007583414945471122,0.975247268374896,0.00017190378259024843
227_cpu_small,RF,Com vazamento,median,0.05,2.0777632649739584,0.009986000832090326,9.180673710123699,0.15521967831095035,3.0283405879945824,0.02592277508665738,0.9727612006731429,0.0004808635449689561
227_cpu_small,RF,Com vazamento,median,0.1,2.023445638020833,0.005457052017350662,8.92390068766276,0.24276936307487593,2.980235255753108,0.03895979000920189,0.9735319842029152,0.0007344662835391695
227_cpu_small,RF,Com vazamento,median,0.2,2.005501505533854,0.003483549013012562,8.362168581136068,0.0922055995612899,2.8901416157620266,0.015539754447779608,0.9751838643092218,0.0002822280493600041
227_cpu_small,RF,Com vazamento,median,0.3,2.003009643554688,0.004127244652896833,8.339286419677734,0.05339187094244396,2.886055098708189,0.009749648123161349,0.9752587565728849,0.00019749864979542932
227_cpu_small,RF,Sem vazamento,KNN,0.05,2.0647060139973963,0.005565039666610925,9.08275443318685,0.08788315114885947,3.012513302041361,0.014832468998564855,0.9730514543624932,0.00023284383641411626
227_cpu_small,RF,Sem vazamento,KNN,0.1,2.0272599283854165,0.00981815117900513,8.944389290364585,0.27309016270925907,2.983932365334651,0.044126411000992634,0.9734689215696904,0.0008235243401373974
227_cpu_small,RF,Sem vazamento,KNN,0.2,2.0077716064453126,0.004871734427111767,8.377993385823567,0.1089179111672316,2.892874772560374,0.01801853383131276,0.9751373140042677,0.00034176630035450604
227_cpu_small,RF,Sem vazamento,KNN,0.3,2.003708902994792,0.005347410034277815,8.343212121582031,0.11603676865402125,2.886838671156067,0.019980452747008458,0.9752424244165016,0.0003365944848317983
227_cpu_small,RF,Sem vazamento,mean,0.05,2.063354288736979,0.0070986943518875035,9.03540453898112,0.09924272474726506,3.0043269746314523,0.016583594507594234,0.9731854849409051,0.0003468789091698226
227_cpu_small,RF,Sem vazamento,mean,0.1,2.022275390625,0.006187260006575446,8.932878291829427,0.2591162330469739,2.981816258892728,0.04173085104597974,0.9735053491549003,0.0007827193398930175
227_cpu_small,RF,Sem vazamento,mean,0.2,2.006324462890625,0.004121629219160165,8.362054052734376,0.111848546281752,2.890063947429701,0.018792076120602373,0.9751833036495386,0.000339249065607423
227_cpu_small,RF,Sem vazamento,mean,0.3,2.004433797200521,0.0037538685249289484,8.343552427164715,0.04411613645340414,2.8868358991396312,0.008282981313122766,0.9752493856846626,0.0001780334942973582
227_cpu_small,RF,Sem vazamento,median,0.05,2.0773406982421876,0.01004884855158944,9.181905360921224,0.1569169262068811,3.028522127085701,0.026182621537642625,0.9727575482729599,0.0004807283015004265
227_cpu_small,RF,Sem vazamento,median,0.1,2.0235194905598957,0.005933838639805025,8.922999993896484,0.24637921510465818,2.980037940472343,0.03951236559552528,0.9735331025765227,0.0007470821307761155
227_cpu_small,RF,Sem vazamento,median,0.2,2.0047440592447914,0.0046371095402146225,8.358578153483073,0.09650989677038606,2.8894899120263204,0.016241488901146708,0.9751941536531414,0.00028946884412185366
227_cpu_small,RF,Sem vazamento,median,0.3,2.0025288899739584,0.0037543686745023933,8.333683532714844,0.05338735363556151,2.8850715019302853,0.009629287393155581,0.9752751297289435,0.00020067428620163013
227_cpu_small,SVR,Com vazamento,KNN,0.05,4.232237102583065,0.011956747805591098,170.98581289825051,2.9242991699421745,12.973921965307811,0.05828912782011096,0.49297071928624586,0.008380731348340395
227_cpu_small,SVR,Com vazamento,KNN,0.1,4.151516522606036,0.011427211926129378,170.83287075767532,3.1280712880396706,12.966053402541412,0.06821880074394115,0.4934238081820097,0.009013053192608445
227_cpu_small,SVR,Com vazamento,KNN,0.2,4.164148969652182,0.010734400343034594,170.4882711895419,2.764773752504875,12.952494547941539,0.05221188080808348,0.4944355977548837,0.007809361896331154
227_cpu_small,SVR,Com vazamento,KNN,0.3,4.163130263843278,0.011370859824599932,170.20437675129827,2.8825904351199783,12.942315646773949,0.05716634842254961,0.4952859932994855,0.008275118575448251
227_cpu_small,SVR,Com vazamento,mean,0.05,4.24366660376552,0.010104123451890953,169.69664224707665,3.082222319002689,12.925099139087076,0.061902998640122525,0.49677149480310273,0.008421766860030338
227_cpu_small,SVR,Com vazamento,mean,0.1,4.1546435084024305,0.010724847466606775,171.06149626267063,3.257749997897158,12.974690526220131,0.07323021547673296,0.4927366272769414,0.009377606528402206
227_cpu_small,SVR,Com vazamento,mean,0.2,4.161994126530409,0.009931658584309272,169.80914656732622,2.5873990925694126,12.929051058829403,0.05257322359235249,0.49642964773272763,0.007105691917655281
227_cpu_small,SVR,Com vazamento,mean,0.3,4.161740613298281,0.010756855383904671,170.49971877609087,2.8860743331294785,12.953645367251916,0.05689415999593212,0.4944149503262385,0.00826610900547765
227_cpu_small,SVR,Com vazamento,median,0.05,4.250988562727129,0.010084782603394637,170.60563732684432,3.099179117331799,12.95999514936454,0.0635591739936937,0.4940568869587283,0.008423791989162188
227_cpu_small,SVR,Com vazamento,median,0.1,4.157654420648731,0.011490260310970024,172.46695991900228,3.2860731954530196,13.027739041534296,0.07275047302213396,0.4885621072688781,0.009524899765912875
227_cpu_small,SVR,Com vazamento,median,0.2,4.162361179354818,0.010194432908449397,169.82501632237418,2.5840771003754357,12.929542403222088,0.05138323603723757,0.4963881304686358,0.007036570540218734
227_cpu_small,SVR,Com vazamento,median,0.3,4.1616618052998176,0.011635339472893151,170.45411870691038,2.9011134802087417,12.951947797433265,0.056681675267123505,0.4945461855172884,0.00826556312505291
227_cpu_small,SVR,Sem vazamento,KNN,0.05,4.23381915009501,0.01194194666329431,171.01990191240577,2.9754015387784056,12.975143901492286,0.05887764346313528,0.4928641391982176,0.008478886486089784
227_cpu_small,SVR,Sem vazamento,KNN,0.1,4.153820908843849,0.011019531652702119,170.82427374528152,3.029060622161901,12.966585469258456,0.06447899664119851,0.4934428057830722,0.00854454974833624
227_cpu_small,SVR,Sem vazamento,KNN,0.2,4.165285363107384,0.011859165255699695,170.5302252583042,2.837054944560292,12.954122175706475,0.05396294914859557,0.49432123334888073,0.008042644844043005
227_cpu_small,SVR,Sem vazamento,KNN,0.3,4.162962831467084,0.010775772385886999,170.18346264442917,2.887242941117934,12.941300563055629,0.05660073951065581,0.49534860852472945,0.008279758665891949
227_cpu_small,SVR,Sem vazamento,mean,0.05,4.2440445075662465,0.010642854336850097,169.7055778784237,3.0762896766600365,12.925450782864507,0.061442267662713865,0.49674459484044986,0.008382890618237722
227_cpu_small,SVR,Sem vazamento,mean,0.1,4.154795859916232,0.011185921815887859,171.05799399789225,3.2737900990850637,12.97445717745021,0.07448152953509898,0.4927385179374318,0.009459320475438812
227_cpu_small,SVR,Sem vazamento,mean,0.2,4.161526240874749,0.010155989836725617,169.83168811133677,2.6006909558667943,12.929936719734842,0.053195336715658056,0.4963627299650722,0.007139387521842122
227_cpu_small,SVR,Sem vazamento,mean,0.3,4.161797424143708,0.011842003354179833,170.4992633946533,2.895331305625378,12.953630403412035,0.05699153995504624,0.49441720730952693,0.008270071059534216
227_cpu_small,SVR,Sem vazamento,median,0.05,4.250826844161646,0.0102561479946675,170.62081476448,3.076860690649324,12.960501595099059,0.06281382426652996,0.49401498029279556,0.008343167601724787
227_cpu_small,SVR,Sem vazamento,median,0.1,4.15781418897124,0.011478897718769043,172.414579666907,3.3133511527917263,13.025756554766161,0.07352623198945958,0.48872526492352497,0.009575965619658301
227_cpu_small,SVR,Sem vazamento,median,0.2,4.162722919911083,0.010231196087086206,169.83551933787706,2.5987785191694273,12.929896615583246,0.05169109915494866,0.4963564004269146,0.007065789873337209
227_cpu_small,SVR,Sem vazamento,median,0.3,4.1615794171370775,0.011517351400869364,170.47025644064738,2.905119922178292,12.95243928455636,0.05729821608873539,0.4944977593956796,0.008311825179102622
294_satellite_image,DT,Com vazamento,KNN,0.05,0.3745666284797269,0.006067604953735505,1.10127407683975,0.025262067954684782,1.0487954644418964,0.011924645746351933,0.7752275273888163,0.005134616883008474
294_satellite_image,DT,Com vazamento,KNN,0.1,0.36433487343683485,0.011061434863014231,1.0600079929748398,0.04528073760675333,1.0283531233507819,0.02188807941606243,0.7836380684196605,0.009337511531012125
294_satellite_image,DT,Com vazamento,KNN,0.2,0.36959250257929327,0.010282506522460731,1.0887294609921183,0.04044365349385966,1.0423398174619702,0.019225865418563654,0.7778647777660112,0.008208938090010196
294_satellite_image,DT,Com vazamento,KNN,0.3,0.36855680745330727,0.010072569785482259,1.0881623417767183,0.0433909327258274,1.042333324407257,0.02049263009849169,0.7779201586350885,0.008749679744976544
294_satellite_image,DT,Com vazamento,mean,0.05,0.3710447883588068,0.014056885153317026,1.0907065273126804,0.05018590230106419,1.0433978194574207,0.023985202048991794,0.7772981454224536,0.010177807560196782
294_satellite_image,DT,Com vazamento,mean,0.1,0.3674685473090318,0.012894841314890581,1.0825665668962006,0.05145235521326283,1.0390902014054901,0.024664299318860418,0.7789434294311395,0.010524930540667032
294_satellite_image,DT,Com vazamento,mean,0.2,0.37303745991917353,0.005899567981395232,1.0996845486932438,0.024357237899211022,1.047858089178849,0.011252720776002364,0.7754998779930081,0.00489910959397841
294_satellite_image,DT,Com vazamento,mean,0.3,0.37682117496730144,0.010224166052423522,1.108087672395223,0.04343283905710694,1.0517779162804384,0.020562033170623002,0.7738462652959314,0.008916478341445986
294_satellite_image,DT,Com vazamento,median,0.05,0.36985308914820963,0.013759300085275438,1.0861470273193798,0.05958797780354116,1.041003650177791,0.028205053027600523,0.778180208026272,0.01209629955167078
294_satellite_image,DT,Com vazamento,median,0.1,0.3730890908777018,0.01307823602654051,1.1050753940830342,0.05197615593391069,1.049643233698134,0.024642166199261437,0.7743468196050193,0.010608691275913839
294_satellite_image,DT,Com vazamento,median,0.2,0.37557674969362836,0.009169183819656184,1.1033685126006594,0.035523409698961596,1.049066394778612,0.01603514786620354,0.7748197309223149,0.007043413804006459
294_satellite_image,DT,Com vazamento,median,0.3,0.37767558197720735,0.011141266870880526,1.1021029260420498,0.04692868776912001,1.0490641189598184,0.022248731134401255,0.7750613385015422,0.00958155147216764
294_satellite_image,DT,Sem vazamento,KNN,0.05,0.3768193712656935,0.009348696619816658,1.1140372465670405,0.034705441616172575,1.054751757325559,0.016602832165778153,0.7726367582744299,0.007133123725565502
294_satellite_image,DT,Sem vazamento,KNN,0.1,0.3706029136738103,0.005367591510116513,1.0835782019310944,0.03362678947515603,1.040148036505631,0.01637277507974231,0.7788213971617779,0.006858078898008034
294_satellite_image,DT,Sem vazamento,KNN,0.2,0.3696972300039063,0.007633553334414831,1.0944354549244661,0.03300279809700309,1.0451093137188783,0.016127221078439755,0.77667648163786,0.006772121354944893
294_satellite_image,DT,Sem vazamento,KNN,0.3,0.37412644476498796,0.016178682059572555,1.0993286397152418,0.061112931087832896,1.0475594985994918,0.029397525211912197,0.7756347646660399,0.012468420181309586
294_satellite_image,DT,Sem vazamento,mean,0.05,0.37270201973352624,0.013931887954412334,1.09894105322775,0.048396303618935724,1.0472524224528288,0.022987658100152426,0.7756189170686391,0.009797274557020223
294_satellite_image,DT,Sem vazamento,mean,0.1,0.3684784913736682,0.012139461736185552,1.086735823163033,0.049674841149609225,1.0412340681969956,0.02371233407717863,0.778071517033687,0.010141118093297303
294_satellite_image,DT,Sem vazamento,mean,0.2,0.37259719568204136,0.00614707228891089,1.0967576563268184,0.023368543414009096,1.0464060836423439,0.010800720004544729,0.776106927121646,0.004696979902895902
294_satellite_image,DT,Sem vazamento,mean,0.3,0.37777908546144356,0.012521984900038028,1.1109092897847617,0.05237851848423249,1.0530508953909985,0.024703825077189087,0.7732817918280587,0.010717527840987411
294_satellite_image,DT,Sem vazamento,median,0.05,0.36925748111009066,0.014095068224330322,1.0858103792978342,0.059667293315440795,1.0408310408029866,0.028242252080521734,0.7782485660539903,0.012113832007518463
294_satellite_image,DT,Sem vazamento,median,0.1,0.3730890908777018,0.01307823602654051,1.1050753940830342,0.05197615593391069,1.049643233698134,0.024642166199261437,0.7743468196050193,0.010608691275913839
294_satellite_image,DT,Sem vazamento,median,0.2,0.37555048328896223,0.008984974139273539,1.1059824466336228,0.04013512766237337,1.050322057955968,0.0178476881916389,0.7742726300276891,0.007967690688185182
294_satellite_image,DT,Sem vazamento,median,0.3,0.376821239385216,0.011688367678106165,1.09855688088973,0.04552285995252764,1.0473735646372233,0.02188047940466651,0.7757703049958423,0.009342702386474232
294_satellite_image,KNN,Com vazamento,KNN,0.05,0.2745344968239391,0.0013690245241972938,0.4665153141996667,0.002336338878993539,0.6825974693339978,0.0014314153636874843,0.9047910233583365,0.0004746320409098821
294_satellite_image,KNN,Com vazamento,KNN,0.1,0.27314628754404896,0.0017164351394082236,0.4657362639104045,0.003970545019884248,0.6819501178291546,0.0027885479911680046,0.904955246814008,0.0008793214027040894
294_satellite_image,KNN,Com vazamento,KNN,0.2,0.2741563056892871,0.0009443187985340239,0.4674506365520646,0.002657049848836814,0.6831858793789262,0.002088752095648668,0.9045984270008339,0.0005998354644518197
294_satellite_image,KNN,Com vazamento,KNN,0.3,0.27708834182619113,0.000972683126493069,0.47793918394870477,0.002929373838324749,0.6908641763219477,0.0021573145268548055,0.9024529692892256,0.0006831835129963306
294_satellite_image,KNN,Com vazamento,mean,0.05,0.27862655144105447,0.0019536477506568637,0.48055412483367294,0.005781607061011129,0.6927122144416741,0.004006834626060344,0.9019212968086081,0.0012263931643597917
294_satellite_image,KNN,Com vazamento,mean,0.1,0.279968402368724,0.0020364429356742823,0.47760368256603863,0.005342877136613539,0.6906201104963617,0.003723089521677265,0.9025230410744233,0.0011648574564236621
294_satellite_image,KNN,Com vazamento,mean,0.2,0.29186216215380517,0.00043324072027496163,0.4904493007821881,0.0029949357259330695,0.6998986399738492,0.0023728979204838446,0.8999059910797333,0.0006202602566287013
294_satellite_image,KNN,Com vazamento,mean,0.3,0.2998904347900027,0.0014904811665833546,0.5148390460428333,0.00435148420461193,0.7171002234463443,0.003046513474976917,0.8949250309877472,0.000924886007985408
294_satellite_image,KNN,Com vazamento,median,0.05,0.279185882530583,0.0017756206951032789,0.48177450998580745,0.006092878406485238,0.6935867847123539,0.0042107662007587615,0.9016749186362061,0.0012943014071719638
294_satellite_image,KNN,Com vazamento,median,0.1,0.2802170394144875,0.001598997599766409,0.47807563848460205,0.004908594514055502,0.6909906926552715,0.0034246921464629156,0.9024266360178402,0.0010598264750503498
294_satellite_image,KNN,Com vazamento,median,0.2,0.291825859438049,0.0016026396613866103,0.4911898433304784,0.005816392785055563,0.7004315096687302,0.004289681955336842,0.8997436168400387,0.0011575813878180413
294_satellite_image,KNN,Com vazamento,median,0.3,0.2989425799323251,0.0022225532892742083,0.5125168362661522,0.004759422535856021,0.7154408673262588,0.003239115850753537,0.8953971149732257,0.0010154208631519876
294_satellite_image,KNN,Sem vazamento,KNN,0.05,0.2749230012667138,0.0012682677382528363,0.46870651146587344,0.0023367369176266824,0.6842078289357926,0.0014637656658284804,0.9043373766394746,0.000497899800661423
294_satellite_image,KNN,Sem vazamento,KNN,0.1,0.2737677078405362,0.0016816414841659207,0.4675074782757025,0.0031355904825595415,0.6832390124879719,0.002023698424119874,0.9045931917785054,0.0006430131653702213
294_satellite_image,KNN,Sem vazamento,KNN,0.2,0.27432717742858115,0.0006209256177566456,0.4677995555421566,0.0031498034429773528,0.6835199420229712,0.002378342676152916,0.9045213750742027,0.0006489793419829369
294_satellite_image,KNN,Sem vazamento,KNN,0.3,0.276953563444431,0.0013662246814098683,0.47774833234902764,0.0026875201012802313,0.6906979757565527,0.0018285502421181935,0.9024875441533968,0.0005937657348904646
294_satellite_image,KNN,Sem vazamento,mean,0.05,0.2787974682728887,0.001960104787183573,0.4808493398967458,0.005826007511725146,0.692918049974645,0.004038815953759815,0.9018612493248005,0.0012368959185761043
294_satellite_image,KNN,Sem vazamento,mean,0.1,0.27987518964634045,0.0020306128220575945,0.4775747189832895,0.005479055952814173,0.6905854576307614,0.0038173424758301045,0.9025295138108559,0.0011954160307704605
294_satellite_image,KNN,Sem vazamento,mean,0.2,0.2921419194940978,0.0008103634400596756,0.4912905401261766,0.003065357641874848,0.7004940495839135,0.0024357552372969615,0.8997368686397648,0.0006601533385573733
294_satellite_image,KNN,Sem vazamento,mean,0.3,0.29976101919963055,0.0016569041627415423,0.514548056150777,0.004171880990832116,0.716908963883955,0.002928300796768301,0.8949823471172792,0.0008927633688801215
294_satellite_image,KNN,Sem vazamento,median,0.05,0.27912890810604113,0.0017867323587525607,0.48172789009685363,0.006058715393050469,0.6935550413349542,0.004187959080484404,0.901684666489238,0.0012858651116075086
294_satellite_image,KNN,Sem vazamento,median,0.1,0.2802170394144875,0.001598997599766409,0.47807563848460205,0.004908594514055502,0.6909906926552715,0.0034246921464629156,0.9024266360178402,0.0010598264750503498
294_satellite_image,KNN,Sem vazamento,median,0.2,0.2917015747345724,0.0014162361238715417,0.49061191350065503,0.005343127190612388,0.7000093685534066,0.003987789475767496,0.8998643323819767,0.0010574932702177694
294_satellite_image,KNN,Sem vazamento,median,0.3,0.2987562156845769,0.002298903139323656,0.5120509085760343,0.006112052144890573,0.7151362833299212,0.004255247155095769,0.8954900012623964,0.0013053004169226719
294_satellite_image,LR,Com vazamento,KNN,0.05,1.0188039848651114,0.000906016208284199,1.4726499326290965,0.0030969314630701007,1.2133967240220522,0.0011974805459910036,0.6993638610074905,0.0006060641768576107
294_satellite_image,LR,Com vazamento,KNN,0.1,1.01818117895105,0.0009612375612867291,1.4714567129225953,0.0030032104634687756,1.2129031920188034,0.001171651826206662,0.6996087300609782,0.0005478191140444926
294_satellite_image,LR,Com vazamento,KNN,0.2,1.0179709215979102,0.0009107940688141593,1.4713177264559232,0.0026805134532175623,1.2128387296029632,0.0010249685586233238,0.699642033473586,0.0004906259633185989
294_satellite_image,LR,Com vazamento,KNN,0.3,1.016066308326268,0.0006778290610982599,1.4625737364616216,0.002831439448025181,1.2092432074683763,0.0010969851484309834,0.7014162984222657,0.0005224539240397591
294_satellite_image,LR,Com vazamento,mean,0.05,1.0201101467110896,0.0009324333402656337,1.4757228579747903,0.00341282981129507,1.2146632054910427,0.0013288919679664704,0.6987339544470674,0.0006597792522557966
294_satellite_image,LR,Com vazamento,mean,0.1,1.0180767757723432,0.0010675825967871287,1.4729297989936807,0.0032590107616997164,1.2135092919548631,0.001266015288773927,0.699307137744055,0.00062372901781086
294_satellite_image,LR,Com vazamento,mean,0.2,0.988987778408176,0.0010647252448142647,1.4296660466223543,0.0033506827206050377,1.1955483688334707,0.0013366618909850798,0.7081338162747574,0.0006239130015999075
294_satellite_image,LR,Com vazamento,mean,0.3,1.005800598302001,0.0010171961042149806,1.4525188697645681,0.0032062112218820818,1.2050635545318593,0.0012688044430269935,0.703479374029527,0.0006129755696463817
294_satellite_image,LR,Com vazamento,median,0.05,1.0204514882372493,0.0009395645067999754,1.4769368681514734,0.0034597267383393118,1.2151630408999703,0.001347696565839414,0.698485585665206,0.0006682643407179347
294_satellite_image,LR,Com vazamento,median,0.1,1.0181950607801096,0.0010735171534404246,1.4733885561502487,0.0032560233301572386,1.2136975748978107,0.0012639893461286625,0.6992140114764788,0.0006256722904932277
294_satellite_image,LR,Com vazamento,median,0.2,0.9880375059013882,0.0010550381326086,1.4289540748163632,0.0033650010929582395,1.1952486409406615,0.0013395755638872053,0.7082809788021694,0.0006250982249899926
294_satellite_image,LR,Com vazamento,median,0.3,1.0061155534178807,0.0009959372545218577,1.4531295458966023,0.0032423736234439907,1.2053183004531216,0.0012858168000824698,0.7033539034292181,0.0006185907555845014
294_satellite_image,LR,Sem vazamento,KNN,0.05,1.0187801950262114,0.0008894960339644808,1.472645814773873,0.003057854892550829,1.213393487744476,0.001184471881534409,0.6993659998495101,0.0005957309453134197
294_satellite_image,LR,Sem vazamento,KNN,0.1,1.0183193586045443,0.0010223462440196573,1.4718995588858963,0.0029843331069081733,1.2130856140375623,0.0011667721974416314,0.6995183765396457,0.0005452466257266261
294_satellite_image,LR,Sem vazamento,KNN,0.2,1.0179242251625336,0.0009321213805358359,1.4712247801185423,0.002626764500298779,1.2128008126119125,0.0010034924779831003,0.6996599441243827,0.0004964631115754555
294_satellite_image,LR,Sem vazamento,KNN,0.3,1.0157603158638333,0.0007957982400461191,1.4619257594141777,0.0028532083936529873,1.208979669994905,0.0011100603919405934,0.7015478621208334,0.0005415752451213622
294_satellite_image,LR,Sem vazamento,mean,0.05,1.020107868455436,0.0009320464801361623,1.4757154836205737,0.0034152050700353652,1.2146602783032152,0.0013299947654264136,0.6987354380607679,0.0006596460809867321
294_satellite_image,LR,Sem vazamento,mean,0.1,1.0180821026489955,0.0010633003958722832,1.47294623905862,0.0032502828436106737,1.2135160700480703,0.0012624821656113364,0.699303780054234,0.0006218554540353999
294_satellite_image,LR,Sem vazamento,mean,0.2,0.9889954005559343,0.0010692818492249595,1.4296718884014215,0.0033377503685930164,1.195550777980473,0.0013308542820850806,0.7081326547118868,0.0006228472966196126
294_satellite_image,LR,Sem vazamento,mean,0.3,1.0058047151865972,0.0010200569743380357,1.452534192991828,0.003214963079836332,1.20506995418829,0.001272543564746511,0.7034761837712477,0.0006132886246571593
294_satellite_image,LR,Sem vazamento,median,0.05,1.0204445451610935,0.0009358646108270588,1.476913628908026,0.0034542302753438107,1.2151534214026987,0.001345296899327354,0.6984904162985613,0.0006664969655272362
294_satellite_image,LR,Sem vazamento,median,0.1,1.0181950607801096,0.0010735171534404246,1.4733885561502487,0.0032560233301572386,1.2136975748978107,0.0012639893461286625,0.6992140114764788,0.0006256722904932277
294_satellite_image,LR,Sem vazamento,median,0.2,0.9883620691757974,0.0011357622752486258,1.4290523065159828,0.003440052401861092,1.1952906121426061,0.0013698529847659215,0.7082602756453401,0.0006525680930002023
294_satellite_image,LR,Sem vazamento,median,0.3,1.0061777954272457,0.0010209745110284216,1.4531693613335717,0.0032822173696153184,1.2053347573239521,0.0013035161335935232,0.7033459701353025,0.0006185506743075816
294_satellite_image,RF,Com vazamento,KNN,0.05,0.3616449156357224,0.0030384850036474175,0.4898908767903027,0.006664514705472561,0.6994130329608296,0.0050187316976781715,0.9000224778643421,0.0013846776099103225
294_satellite_image,RF,Com vazamento,KNN,0.1,0.36061665337080906,0.003250318819436534,0.4895853600562033,0.008691318339319815,0.6991783152946778,0.006348630026946152,0.9000708254934503,0.0017762365427397495
294_satellite_image,RF,Com vazamento,KNN,0.2,0.3624073702597433,0.0024936046978644142,0.4920002378051734,0.0051259682478939205,0.7009131952166675,0.003670874349081158,0.8995936467479716,0.001066813794280949
294_satellite_image,RF,Com vazamento,KNN,0.3,0.3620353282981714,0.0022890976385460935,0.4925718837978767,0.006469605986510545,0.7013656837193744,0.004676380235334087,0.8994737015430013,0.0013372468206055582
294_satellite_image,RF,Com vazamento,mean,0.05,0.3651556707219032,0.0023589542312430576,0.5013579281285462,0.006956776197063102,0.7074322663325421,0.005161528261360875,0.8976962168042092,0.0013912606812948947
294_satellite_image,RF,Com vazamento,mean,0.1,0.3657031369978366,0.0018844661627852668,0.5014194070852749,0.005993899193899753,0.7075445347273278,0.004545113516851663,0.8976605070403076,0.0012127818008367554
294_satellite_image,RF,Com vazamento,mean,0.2,0.3647077641044312,0.002508079179741196,0.5014265596623909,0.006800377272396608,0.7076094876060627,0.004916925707756773,0.897668345952415,0.0013797325707344233
294_satellite_image,RF,Com vazamento,mean,0.3,0.36504747374841146,0.0023973780502728258,0.4974102153961135,0.00409448739557409,0.7047623002604926,0.0028544770335438827,0.8984861545029088,0.0007998510901657012
294_satellite_image,RF,Com vazamento,median,0.05,0.36518624394729277,0.0023993901141231232,0.5021705726002137,0.007286997190813057,0.7080343887915713,0.0053369508938305756,0.8975261073587858,0.0014404234788874602
294_satellite_image,RF,Com vazamento,median,0.1,0.36556375740548347,0.0021655301157200942,0.5016110297851044,0.006580916154195605,0.7076933300756999,0.004882059793328887,0.897624435504126,0.0013171988364230672
294_satellite_image,RF,Com vazamento,median,0.2,0.36430784432406016,0.0028146233111339693,0.5008335155812763,0.00674280591021532,0.7071958341466814,0.0048692371947314135,0.8977895011239214,0.0013705547442124835
294_satellite_image,RF,Com vazamento,median,0.3,0.36483794675112113,0.0024340451981034296,0.4969969721969704,0.00474353563380964,0.7044701351932762,0.00327897195618366,0.8985722499414578,0.0009269953994833676
294_satellite_image,RF,Sem vazamento,KNN,0.05,0.36160351601352053,0.0025153927362925143,0.49043463549799426,0.0052336924989480685,0.6997623170597324,0.004048111845922948,0.8999129399221032,0.0010811677815605082
294_satellite_image,RF,Sem vazamento,KNN,0.1,0.36202376334996855,0.0032401255168024103,0.49352948003244346,0.008188494670759631,0.7020410972499954,0.005933017592844379,0.8992655881690061,0.0016957190192717381
294_satellite_image,RF,Sem vazamento,KNN,0.2,0.36327131514712535,0.0023188730543118184,0.4936454290126821,0.004234392754675878,0.7021045295578485,0.0032315405976975726,0.8992545835005945,0.0008914935338489461
294_satellite_image,RF,Sem vazamento,KNN,0.3,0.36266599224331,0.00224305112418061,0.49476389837603724,0.006341376525450342,0.7029265952032006,0.0045192193739588766,0.8990276214746599,0.0013001213993851916
294_satellite_image,RF,Sem vazamento,mean,0.05,0.36519943802455507,0.002574038075393866,0.5015593758358224,0.007179707469690943,0.7075798648194529,0.0052993843575245775,0.8976538087091569,0.0014335872154750185
294_satellite_image,RF,Sem vazamento,mean,0.1,0.36573759639496733,0.0019354285759217234,0.5014859710021469,0.006117420382091752,0.7075855817041473,0.004641945044184367,0.8976468483189978,0.001240616554152116
294_satellite_image,RF,Sem vazamento,mean,0.2,0.36475436257442845,0.0026033876797223613,0.5013183618240886,0.00718447268225562,0.7075300796117915,0.0051900008058729475,0.8976899579791285,0.001458412742155026
294_satellite_image,RF,Sem vazamento,mean,0.3,0.3651339576975285,0.0023858801032500907,0.4975698001021926,0.004104431675876057,0.7048752323681619,0.002865874041229199,0.8984537444847641,0.0008037798214774896
294_satellite_image,RF,Sem vazamento,median,0.05,0.3651921908481211,0.0024017288518430767,0.5021462442745358,0.007226747843410171,0.7080153433975931,0.005309331705600193,0.8975310300498957,0.001430561654372675
294_satellite_image,RF,Sem vazamento,median,0.1,0.36556375740548347,0.0021655301157200942,0.5016110297851044,0.006580916154195605,0.7076933300756999,0.004882059793328887,0.897624435504126,0.0013171988364230672
294_satellite_image,RF,Sem vazamento,median,0.2,0.36451658799950937,0.002844770441356745,0.5011526235226395,0.006723946018631106,0.7074141645793445,0.004866726935133013,0.8977248926426249,0.0013672314003312367
294_satellite_image,RF,Sem vazamento,median,0.3,0.36485681298680617,0.0023816509938872563,0.4974029477267304,0.004413476971262752,0.7047562462267575,0.0030912301546595143,0.8984892921774522,0.0008740707394542756
294_satellite_image,SVR,Com vazamento,KNN,0.05,0.9915321743907617,0.0016723780156575416,1.5312462293976434,0.005258036526006901,1.2372258739892275,0.0020562162116856187,0.6874361077288595,0.0011171972877974184
294_satellite_image,SVR,Com vazamento,KNN,0.1,0.9908423163295857,0.0015979169602617592,1.5301194332353287,0.004437865708016548,1.2367682257553245,0.001711099943218305,0.6876663160168488,0.0009343079136748431
294_satellite_image,SVR,Com vazamento,KNN,0.2,0.9906374443316527,0.0016644189132237052,1.5299915690963248,0.0048740755567547814,1.2367037002846992,0.001899210575661085,0.6876978099784279,0.001037674309142967
294_satellite_image,SVR,Com vazamento,KNN,0.3,0.98863196672439,0.0016458536141482224,1.5219438252148558,0.004652283396782222,1.233457949241515,0.0017936169219991227,0.6893357837974902,0.0009917755196878657
294_satellite_image,SVR,Com vazamento,mean,0.05,0.9949534462174542,0.0017734746921162165,1.5363880896504298,0.005680650959680565,1.2392894348701684,0.0022111157940210525,0.6863832018612358,0.0011963320621611146
294_satellite_image,SVR,Com vazamento,mean,0.1,0.990822426824074,0.001864510705590455,1.5329474496504663,0.0046396941739884285,1.2379079906320265,0.0017994903685258081,0.6870855765051281,0.0009469860707670745
294_satellite_image,SVR,Com vazamento,mean,0.2,0.9601621215257631,0.001108546651689743,1.4856846662522576,0.0032537870562147405,1.2186810158961308,0.001226739910366304,0.696728469328736,0.000595831478344421
294_satellite_image,SVR,Com vazamento,mean,0.3,0.9839067989297835,0.0017549241126864881,1.512031450852886,0.004748092801282388,1.229428293506933,0.0018531151686508691,0.691356623739519,0.0010030859955569714
294_satellite_image,SVR,Com vazamento,median,0.05,0.995121509814357,0.001750505995334691,1.5372096737027305,0.005264825646874407,1.2396209388487864,0.0020506240209329156,0.6862149058037844,0.0011169481136062004
294_satellite_image,SVR,Com vazamento,median,0.1,0.9909411920953998,0.0018877784838307367,1.5340022872205987,0.005105180931733769,1.238334168285576,0.0019888248067833326,0.6868694104589327,0.001048889492187239
294_satellite_image,SVR,Com vazamento,median,0.2,0.9589205159060744,0.0011545127797212423,1.484504972228678,0.003149563339114916,1.2181995063303315,0.00117340726657817,0.6969681862259436,0.0005650426593854912
294_satellite_image,SVR,Com vazamento,median,0.3,0.9841291701158402,0.0017341558709569912,1.513316197909765,0.0042970228246461215,1.2299561233276395,0.0016706847323445012,0.6910921524425061,0.000881773361861593
294_satellite_image,SVR,Sem vazamento,KNN,0.05,0.9915924719087178,0.0016080150668417738,1.5315129782370764,0.004959278224716305,1.2373301064528188,0.0019277816112744175,0.6873817670252743,0.001028575726840203
294_satellite_image,SVR,Sem vazamento,KNN,0.1,0.9910122877770874,0.0015911700724835494,1.5308806610428995,0.0042663171574525835,1.2370800059013534,0.001661835870560806,0.6875080883895627,0.0009209563414346208
294_satellite_image,SVR,Sem vazamento,KNN,0.2,0.9905008768249294,0.0019400088375682422,1.5297811092948594,0.005773495851598334,1.2366219933681115,0.0022783879080989057,0.6877370921932865,0.0012379309065469358
294_satellite_image,SVR,Sem vazamento,KNN,0.3,0.9882424834912077,0.001472711273758421,1.5216104001399289,0.003800244565125616,1.2333342670046126,0.0014527271021863423,0.6893971412604541,0.0008054341471894881
294_satellite_image,SVR,Sem vazamento,mean,0.05,0.9949425221622343,0.0018192262804116132,1.5361186916212966,0.004894787879870224,1.2391823310064207,0.0018801700267517276,0.6864375857956779,0.0010306909927149496
294_satellite_image,SVR,Sem vazamento,mean,0.1,0.9907855671744797,0.0019593635318980525,1.5330289743953118,0.004702539085152546,1.2379414173282368,0.0018292085654832712,0.6870688454978561,0.0009789304770118927
294_satellite_image,SVR,Sem vazamento,mean,0.2,0.9601430997390753,0.0010621505210219304,1.4853838130036463,0.002685026624633393,1.2185593668545391,0.000984843162637088,0.696788024185936,0.00048673122108299475
294_satellite_image,SVR,Sem vazamento,mean,0.3,0.9839131350285903,0.0017539662872958352,1.5119814797371163,0.004509726324898374,1.2294107942482935,0.0017580588238546547,0.6913649444736238,0.0009647860813549286
294_satellite_image,SVR,Sem vazamento,median,0.05,0.9951108809208513,0.0017552596729570504,1.5372741941181995,0.005314094901615961,1.239646438248051,0.0020706312271104735,0.686201455759171,0.0011286348833021754
294_satellite_image,SVR,Sem vazamento,median,0.1,0.9909411920953998,0.0018877784838307367,1.5340022872205987,0.005105180931733769,1.238334168285576,0.0019888248067833326,0.6868694104589327,0.001048889492187239
294_satellite_image,SVR,Sem vazamento,median,0.2,0.9593376600315103,0.001393127493673508,1.4844103802418156,0.0033069155242865045,1.2181595556960993,0.00123342777069834,0.6969873256180676,0.0006041250261832513
294_satellite_image,SVR,Sem vazamento,median,0.3,0.9844134890420925,0.001834220875919372,1.5127192747268572,0.004121099532283628,1.2297088089523636,0.0016009474423773064,0.6912165863908526,0.0008417847036531214
503_wind,DT,Com vazamento,KNN,0.05,3.4901632993528153,0.02201735998697665,20.657655143050537,0.148176029658735,4.543918716579461,0.01603032132632572,0.5390583243298889,0.0031022581660360986
503_wind,DT,Com vazamento,KNN,0.1,3.5275810726225036,0.036643820278144924,20.891664497468884,0.4356068442778097,4.569478266824517,0.04776092499256777,0.5336618306835422,0.009988007466626739
503_wind,DT,Com vazamento,KNN,0.2,3.5564436676865547,0.018246832393200855,21.38572935882876,0.2580116396622987,4.623774883448657,0.028020244289290848,0.522570663011419,0.005885092130723154
503_wind,DT,Com vazamento,KNN,0.3,3.5359342607419677,0.020028314910603556,21.239034461157427,0.32271467575160107,4.607088557979691,0.034978585553243145,0.5260239469804854,0.007392499663086273
503_wind,DT,Com vazamento,mean,0.05,3.4939403563737574,0.025919857904674225,20.673735826717543,0.3262822759822923,4.545584666335471,0.035380986734892664,0.5386812846020829,0.007205676292707495
503_wind,DT,Com vazamento,mean,0.1,3.545974420154994,0.031621001866700034,21.21586008416014,0.46325321160827876,4.604737603453484,0.04965225689662512,0.5264780510613923,0.010346089638906033
503_wind,DT,Com vazamento,mean,0.2,3.5799256524646625,0.03857386364896837,21.633602946291166,0.4074397970443518,4.650391189986464,0.04415046363672157,0.5169049972643117,0.009017553658222304
503_wind,DT,Com vazamento,mean,0.3,3.5412220106358436,0.030072023888018946,21.279870771637388,0.4301014910911376,4.6120618341601665,0.04686325848844671,0.52484349958612,0.009807521707806103
503_wind,DT,Com vazamento,median,0.05,3.4945552122680357,0.02674505636505188,20.66994695523303,0.2978217319778178,4.545197598288975,0.03224996372027472,0.5386684804591101,0.00632144950449289
503_wind,DT,Com vazamento,median,0.1,3.5418743476512997,0.03986118576219759,21.15970505766501,0.5244084136594933,4.598588156065136,0.05636167782363479,0.5276535319042511,0.011711873488001909
503_wind,DT,Com vazamento,median,0.2,3.571326232634411,0.03606162596640939,21.592687521312836,0.44168396720231157,4.6459053054115325,0.04785953390202169,0.5178628609103927,0.009719408368604649
503_wind,DT,Com vazamento,median,0.3,3.538494476182376,0.0271852924572058,21.23530624396666,0.37367062012606156,4.607133773602812,0.04090795137403514,0.5257690437252781,0.008612343357937704
503_wind,DT,Sem vazamento,KNN,0.05,3.4970455461058254,0.016047394220975706,20.71171168942293,0.22611572414644734,4.550201567243831,0.02479565817160729,0.5377261584596688,0.005240171107970989
503_wind,DT,Sem vazamento,KNN,0.1,3.507501473173908,0.027987095571884047,20.786285061998313,0.4209773865375529,4.557784151133812,0.04552876913514271,0.5360403729598521,0.009295849734146606
503_wind,DT,Sem vazamento,KNN,0.2,3.5675143831074094,0.028167498517302537,21.540474928486102,0.43885147626760235,4.63961939528471,0.047128771332443795,0.5195289397412269,0.009716768196453202
503_wind,DT,Sem vazamento,KNN,0.3,3.5579676461490126,0.05066483601612251,21.41387746928488,0.5511970625663382,4.626119374512465,0.05960729094732103,0.5218309233170672,0.012629101637298936
503_wind,DT,Sem vazamento,mean,0.05,3.493454721171602,0.025607165271418108,20.666148826863108,0.29901968867111833,4.544840280401364,0.03245841143847097,0.538831441125202,0.006501206998913188
503_wind,DT,Sem vazamento,mean,0.1,3.5357986515762114,0.033494646566317454,21.057347815603805,0.5057308462277925,4.587658755764413,0.05455743449735145,0.529986322815644,0.011264503613396046
503_wind,DT,Sem vazamento,mean,0.2,3.580579342000927,0.035544027397132166,21.66952579420366,0.3912941065982329,4.654204596138799,0.04238335747702294,0.5161427323091531,0.0085704750574437
503_wind,DT,Sem vazamento,mean,0.3,3.5406993862481104,0.03484118464572561,21.259954437093338,0.4574293442788968,4.609688069414313,0.049925059659310225,0.5253353023533373,0.010538039859658049
503_wind,DT,Sem vazamento,median,0.05,3.498285421461802,0.03040704069161083,20.707099316281887,0.2549613457348009,4.549356962602991,0.027755289705505434,0.5378919668470147,0.005666869732382006
503_wind,DT,Sem vazamento,median,0.1,3.5316954640378033,0.040139515289452254,21.096708293121957,0.4719183895141783,4.591632466307353,0.050965122999077815,0.5290871324321749,0.010544302975278752
503_wind,DT,Sem vazamento,median,0.2,3.570575520228519,0.03806137256898236,21.539200144680162,0.5057006545139732,4.640042463269954,0.054937891236456725,0.5191236197293407,0.01118129041937601
503_wind,DT,Sem vazamento,median,0.3,3.54181983384637,0.02734588452130864,21.23631176288909,0.38339100827658024,4.607341301734883,0.04189796314897866,0.5258423611052295,0.00878094067265843
503_wind,KNN,Com vazamento,KNN,0.05,2.6623515370786976,0.006553074777921149,12.051880544875871,0.07553549815685058,3.470925180847766,0.010442659526416957,0.7309962265038344,0.001625522032871157
503_wind,KNN,Com vazamento,KNN,0.1,2.674303168008219,0.008975326378072492,12.125127574347117,0.10233549318135741,3.4814621533782586,0.014445907268441435,0.7293537781606867,0.0021797436882407786
503_wind,KNN,Com vazamento,KNN,0.2,2.692209466749541,0.004582353095943168,12.332101306063487,0.0511225235461791,3.5111332642309825,0.007309525312546163,0.7247265894138765,0.001028804802978272
503_wind,KNN,Com vazamento,KNN,0.3,2.699418672397437,0.007442230570988532,12.395268199751834,0.045633335324364685,3.5199898945639307,0.006104557384250225,0.7233474419064994,0.0010583749209442665
503_wind,KNN,Com vazamento,mean,0.05,2.670138165882127,0.005906998672101949,12.151974529556151,0.07235690846939358,3.4852671498125254,0.010046057484643944,0.7287758268974761,0.0015202325416315493
503_wind,KNN,Com vazamento,mean,0.1,2.6966806184601,0.010108248937805315,12.384119420550546,0.11314186320197402,3.5185155190411916,0.015827848986023,0.7235720323499923,0.0024815683139745768
503_wind,KNN,Com vazamento,mean,0.2,2.704977399116079,0.011194454364820283,12.42110527443584,0.09445909454809066,3.5236684168458967,0.013248965263731032,0.7227732335147542,0.0020338005908326945
503_wind,KNN,Com vazamento,mean,0.3,2.7600430969376912,0.007597924127814176,12.888507111916994,0.1295713343541926,3.5893912977710554,0.017908103045748705,0.7123809170419282,0.0028944466552848123
503_wind,KNN,Com vazamento,median,0.05,2.668404707528939,0.005285349903486644,12.13663668401147,0.06982406998132452,3.4831081489303046,0.009711094802076502,0.7291227800309742,0.0014932866214291257
503_wind,KNN,Com vazamento,median,0.1,2.693621702003323,0.010183939751916017,12.36808436551221,0.12457716453224506,3.5162484515617316,0.017530164421062974,0.7239322406995123,0.0027459011332980413
503_wind,KNN,Com vazamento,median,0.2,2.7029349313717206,0.011743632446370736,12.388803598278939,0.089040835707802,3.5190520887555437,0.012520120338331232,0.7235022332803848,0.0019187271270333045
503_wind,KNN,Com vazamento,median,0.3,2.757315260692069,0.00814436106683111,12.850240120097846,0.11988799188165217,3.5840704782831154,0.01653932865091403,0.7132280240236883,0.0027090818609441275
503_wind,KNN,Sem vazamento,KNN,0.05,2.663520393285308,0.005359182724002395,12.051560368198288,0.05361011252777893,3.4708515868080974,0.007420210870791154,0.7310127633739173,0.0011011669627618511
503_wind,KNN,Sem vazamento,KNN,0.1,2.676429144155053,0.00988509344630714,12.135042191631442,0.09723422404772876,3.4829108558178015,0.01377182876972256,0.7291275133191476,0.0020814818278477166
503_wind,KNN,Sem vazamento,KNN,0.2,2.6929245593914075,0.006266043829261097,12.330701453457053,0.0665926122651586,3.5109105641663576,0.00941989866172836,0.7247874940858755,0.001443914415723931
503_wind,KNN,Sem vazamento,KNN,0.3,2.7011090590296356,0.010710565047920617,12.392421042512744,0.10230967791121169,3.519728859154038,0.01438460152978092,0.7233815570677966,0.002237708293571169
503_wind,KNN,Sem vazamento,mean,0.05,2.670297924128788,0.006081408792573742,12.153147440688969,0.07402657794721294,3.4854374470130485,0.010287905818095874,0.7287516728469462,0.0015539977755796124
503_wind,KNN,Sem vazamento,mean,0.1,2.697407108727653,0.011104328594426576,12.386918292612078,0.1175397781050357,3.5189121437602426,0.016452395433560307,0.7235071930465337,0.0025787992700794372
503_wind,KNN,Sem vazamento,mean,0.2,2.7047658159223236,0.011547000860432984,12.419573024783418,0.10143974011830005,3.5234598977993183,0.014221832920904415,0.7228035709209957,0.0021694801768309935
503_wind,KNN,Sem vazamento,mean,0.3,2.759165222482015,0.00696458743040998,12.883182086211342,0.11498222990833724,3.5886740161878277,0.015897924935272933,0.7124940223030798,0.0025692047754545966
503_wind,KNN,Sem vazamento,median,0.05,2.6683937852493673,0.0050050929341374254,12.136128048178344,0.06974198941403878,3.4830253389674772,0.009744442283670452,0.729135838270901,0.001467424425879574
503_wind,KNN,Sem vazamento,median,0.1,2.6936738485323333,0.010978542367876237,12.36510352080908,0.1262855984747723,3.5158273347465947,0.017756078724045422,0.7239965015771777,0.0027823946224169766
503_wind,KNN,Sem vazamento,median,0.2,2.7032550836192577,0.012169151297732142,12.391120421729696,0.09433446129882414,3.5193847961876252,0.013257404780009448,0.7234501495820327,0.0020200430823502737
503_wind,KNN,Sem vazamento,median,0.3,2.7570750771332597,0.008922859265985785,12.848824736343408,0.12067462920518633,3.5838724316017725,0.016635975593868514,0.7132581159713299,0.002727172092607919
503_wind,LR,Com vazamento,KNN,0.05,2.5200971476534915,0.0012069529783755343,10.835422532409067,0.010431166775439657,3.2911577307957374,0.0013251687188977988,0.7581579998032507,0.00019288897237832144
503_wind,LR,Com vazamento,KNN,0.1,2.531231203171984,0.0012571062987514967,10.929064341563853,0.010131873528351014,3.3053930997170204,0.00128164131257737,0.756061868875642,0.00015966763592775344
503_wind,LR,Com vazamento,KNN,0.2,2.541581295739034,0.0008795814474983906,10.9948638382906,0.009532919438549363,3.315319243821224,0.0011394485246932803,0.7545805125331627,0.00018297890947153618
503_wind,LR,Com vazamento,KNN,0.3,2.5512079791131295,0.0015695518548045201,11.121553695157637,0.012077857336359193,3.3343681805249408,0.0016358197331929117,0.7517757318044995,0.000201440064863262
503_wind,LR,Com vazamento,mean,0.05,2.5331832545178625,0.0012102886248714815,10.933975104274475,0.008802215305646663,3.306092365191118,0.0010642827282115919,0.7559618035793444,0.00015736013691775163
503_wind,LR,Com vazamento,mean,0.1,2.5487399240506874,0.0014088230939562686,11.10680187206281,0.010544689025845974,3.332208254881323,0.0014328141433671336,0.752085169502288,0.00017584847454437132
503_wind,LR,Com vazamento,mean,0.2,2.5410037612391343,0.0011976203710388116,10.991091710131954,0.01056071719212311,3.314750630421756,0.0013137470793693148,0.7546602161229713,0.00018469327844980086
503_wind,LR,Com vazamento,mean,0.3,2.5779399352683043,0.0012070271829018255,11.311036531062484,0.009351962743541938,3.362609910733669,0.001246818643544213,0.7475558996724115,0.0001220593798035318
503_wind,LR,Com vazamento,median,0.05,2.5325252156847267,0.0012158624640448929,10.92811179587094,0.008612584576728357,3.3052081383365253,0.0010397376960713436,0.7560914163187168,0.000155799316908928
503_wind,LR,Com vazamento,median,0.1,2.547593430027557,0.0013962850445864048,11.096077103377082,0.010529536517784361,3.3305952516898834,0.001425907662688909,0.7523260275350939,0.00017683339073243327
503_wind,LR,Com vazamento,median,0.2,2.541958722656954,0.001188327451999877,10.994480026406029,0.010304274536958338,3.31526127409019,0.0012771928133707977,0.7545842949577212,0.00018275522282912155
503_wind,LR,Com vazamento,median,0.3,2.5771688328454943,0.0011926183149200047,11.308646357617784,0.009422964249851428,3.3622524409101637,0.0012626118847285195,0.7476094592464492,0.00012487014221161872
503_wind,LR,Sem vazamento,KNN,0.05,2.5203431093508226,0.0011700022450448803,10.838183337391806,0.010923681684573439,3.2915771646433822,0.0013576107350388917,0.7580964360158337,0.00016581263225436447
503_wind,LR,Sem vazamento,KNN,0.1,2.5308828213316206,0.0014221279805237343,10.926172908972786,0.009939472952937534,3.30496801923903,0.0013259883393701719,0.756124057982238,0.0001988138429452162
503_wind,LR,Sem vazamento,KNN,0.2,2.541162376915153,0.0009227107894828005,11.000123029802118,0.01123482377147934,3.316121778587832,0.0014789768769100937,0.7544639337599927,0.0002514363102823985
503_wind,LR,Sem vazamento,KNN,0.3,2.549378717738975,0.0012150250948919107,11.106645767877666,0.00667881923656777,3.3321385241577564,0.000803998184394187,0.752103417882728,0.0001422866891670383
503_wind,LR,Sem vazamento,mean,0.05,2.5331691203827824,0.0012186277320898262,10.933888779756778,0.00885004836966416,3.3060803123274654,0.0010720647520676431,0.7559634062836067,0.00015739408417176073
503_wind,LR,Sem vazamento,mean,0.1,2.54873818885106,0.0014241666131894137,11.106823836736387,0.010569115236680929,3.3322127740185006,0.001438002831639478,0.7520842080706452,0.0001752318472074974
503_wind,LR,Sem vazamento,mean,0.2,2.5410091262049685,0.0011810821435711246,10.991114704976725,0.01048553275079988,3.314754101455023,0.0013003900985359717,0.7546595684148162,0.0001853708385852456
503_wind,LR,Sem vazamento,mean,0.3,2.577943958292991,0.001228452246017479,11.311125295748504,0.009419284121968484,3.3626234855253485,0.0012532368017538111,0.7475538108686605,0.00012042475164506924
503_wind,LR,Sem vazamento,median,0.05,2.5325364585019514,0.0012278443880285796,10.92828439103508,0.008589294447009378,3.3052346026982478,0.0010395715309947035,0.7560874869515809,0.00015389088926883162
503_wind,LR,Sem vazamento,median,0.1,2.547559598190013,0.00141909987376009,11.095805156299642,0.010624651147432844,3.3305552930216513,0.00144166439376584,0.7523318622628005,0.00017667121140832223
503_wind,LR,Sem vazamento,median,0.2,2.541957891891282,0.0011893912299968186,10.994478023662273,0.010285156809221409,3.3152609823256576,0.0012744222682403291,0.754584341473015,0.00018258657387570227
503_wind,LR,Sem vazamento,median,0.3,2.5771865310357276,0.0012318832496067992,11.308787926051215,0.009545322619165627,3.362273401093809,0.0012787632919575747,0.7476062785756988,0.00012461635857585808
503_wind,RF,Com vazamento,KNN,0.05,2.402201784975001,0.00539178462047648,9.967155645695433,0.06214022601081937,3.156456805269182,0.009984407437905702,0.777572299180424,0.0013617286785332914
503_wind,RF,Com vazamento,KNN,0.1,2.416610059106747,0.006591699176329503,10.080859547295931,0.06566868638641173,3.174457283721576,0.01046209566085451,0.7750269500818127,0.0014542699438612145
503_wind,RF,Com vazamento,KNN,0.2,2.441322239785572,0.006571377389476156,10.307353546748502,0.062247835079848116,3.2099498092958343,0.00981839833927818,0.7699855883270219,0.0013344925440215724
503_wind,RF,Com vazamento,KNN,0.3,2.44436936040818,0.0038393079192828557,10.341215239139055,0.047706416462786685,3.215103734541954,0.007545667853712189,0.769224197996662,0.001118808860777171
503_wind,RF,Com vazamento,mean,0.05,2.4094044147835283,0.005222205008571265,10.003838948232005,0.06192714302615178,3.1622933702504397,0.009911364204386344,0.7767455934936204,0.0013479569775588411
503_wind,RF,Com vazamento,mean,0.1,2.431046818803685,0.002470388478714855,10.175421899828184,0.04018123079960812,3.189362543918192,0.0063435980173040234,0.7729083809140608,0.0009257103045159383
503_wind,RF,Com vazamento,mean,0.2,2.4474926369245407,0.006499635414731293,10.339421603514376,0.04940862395318705,3.2149101932875,0.007804034666880525,0.7692682314478034,0.001032524501420366
503_wind,RF,Com vazamento,mean,0.3,2.4519210193119547,0.007855731808756055,10.377078138745743,0.07545427588092603,3.2208429035527875,0.011768674115421833,0.7683783921863648,0.0016999860013958003
503_wind,RF,Com vazamento,median,0.05,2.408312371787639,0.006044652801466842,9.999211067839846,0.05767815688471255,3.1615732299970456,0.009199874072492936,0.7768547045276163,0.00124010579288791
503_wind,RF,Com vazamento,median,0.1,2.431121478703234,0.004775214741172935,10.18050316978774,0.033088299550913955,3.1901167564262374,0.005396504061293045,0.7727917466399413,0.0008060142690947145
503_wind,RF,Com vazamento,median,0.2,2.4462290353556893,0.0073472540869434265,10.326691791456819,0.06432767874805033,3.21293008682115,0.01007220205197083,0.769547784890324,0.001359937575040005
503_wind,RF,Com vazamento,median,0.3,2.452223978321792,0.009319592160378596,10.378390980522797,0.08362454848872268,3.2210073453399026,0.013078051160725778,0.7683553222799775,0.001869746167982912
503_wind,RF,Sem vazamento,KNN,0.05,2.403117576144737,0.004037470739754894,9.977475007430813,0.061779629134430615,3.1580995022109977,0.009797927312487235,0.7773493615009305,0.0013572640584208252
503_wind,RF,Sem vazamento,KNN,0.1,2.4174489203922396,0.007510244693398051,10.084892566037993,0.06504596558382526,3.1750623584707403,0.010391749793630277,0.7749440460380543,0.0014402224389408538
503_wind,RF,Sem vazamento,KNN,0.2,2.4423652898770962,0.004983829655821268,10.300652913047786,0.052436966632678425,3.208888554408419,0.008170859241186195,0.7701388122828975,0.001139445831848664
503_wind,RF,Sem vazamento,KNN,0.3,2.443969975464542,0.0061304766193291905,10.332729579468262,0.07383676151355036,3.2137874282568855,0.011593194217361154,0.7694007828572046,0.0017537303582298503
503_wind,RF,Sem vazamento,mean,0.05,2.409444810781676,0.005488185738412296,10.004377422153945,0.06358773707427816,3.1623834232289227,0.010194004736885053,0.7767330058529299,0.001385651957660901
503_wind,RF,Sem vazamento,mean,0.1,2.431051864640447,0.0015319352553404102,10.178409515894389,0.040202619136518895,3.1898049017401533,0.0063036182339990315,0.7728440733445975,0.0008988300657203776
503_wind,RF,Sem vazamento,mean,0.2,2.4469068709577813,0.006211803840014437,10.335441205937864,0.04756414793018518,3.2143005165357006,0.007525613784372847,0.7693570770952274,0.0009928932742592608
503_wind,RF,Sem vazamento,mean,0.3,2.451799317055837,0.008438932632332315,10.37181256580129,0.08252256769921501,3.220004762663374,0.01289757824823681,0.7684968907859892,0.0018602896097322079
503_wind,RF,Sem vazamento,median,0.05,2.4076866522325857,0.005656706293201452,9.996538250470318,0.06016843037119734,3.1611405750579507,0.009566478457090079,0.7769111640993086,0.0012989741590841725
503_wind,RF,Sem vazamento,median,0.1,2.4300390013354014,0.0037972174403206496,10.17048532315757,0.02788952700567841,3.1885416266407174,0.004531485225677442,0.7730132683241132,0.0006227237778600797
503_wind,RF,Sem vazamento,median,0.2,2.446240725131707,0.006771827107743134,10.32613772264766,0.05914957849992905,3.2128325624040257,0.00923422032284779,0.7695647048907713,0.0012403156133750579
503_wind,RF,Sem vazamento,median,0.3,2.4512378638683456,0.00938018112173733,10.37229975702397,0.0786678096051826,3.220071789148211,0.01231410298383614,0.7684798298487255,0.0017601555766470073
503_wind,SVR,Com vazamento,KNN,0.05,2.5157766593101782,0.0013627679747474429,10.879643133280458,0.008923840579534634,3.2978359132704163,0.0012755042082498859,0.7571811565822525,0.00017413296786078953
503_wind,SVR,Com vazamento,KNN,0.1,2.526513631899723,0.0015312069287565311,10.979290012658787,0.010845796722485871,3.3129419275479868,0.0016081104055863254,0.7549536837644556,0.00020170832785534377
503_wind,SVR,Com vazamento,KNN,0.2,2.537166064826577,0.001830625453185356,11.038023866436061,0.010989278373460885,3.321801312159232,0.0013880173411684518,0.7536255084159791,0.00022262518610998891
503_wind,SVR,Com vazamento,KNN,0.3,2.5476357517136927,0.0017191028443612898,11.185481578524167,0.013285566766649031,3.3438776776083166,0.0019508685565369883,0.7503632571602519,0.000230783665680585
503_wind,SVR,Com vazamento,mean,0.05,2.5280950149457997,0.0019051051056750662,10.979778789267707,0.011432734895230301,3.312985252276187,0.0016119840525095047,0.7549481951882492,0.00015156687386152812
503_wind,SVR,Com vazamento,mean,0.1,2.544513999540072,0.0015784532553037949,11.146781175637878,0.010541510360439434,3.338156382626776,0.0015704101757953715,0.7512019811605679,0.00015964580628893092
503_wind,SVR,Com vazamento,mean,0.2,2.536430019290162,0.0014691342043882084,11.0329908325947,0.010769311075158224,3.3210415887252633,0.0014730879999494398,0.7537325820266986,0.00020958135868704103
503_wind,SVR,Com vazamento,mean,0.3,2.5759273809075847,0.0011624377237686462,11.357323659750122,0.009445317373773465,3.369413831484778,0.0011967248259355868,0.7465373875416791,8.528669146532746e-05
503_wind,SVR,Com vazamento,median,0.05,2.527384746250741,0.0017847501211807255,10.974434485458326,0.009291378184244057,3.3121755615081443,0.0013218277408700535,0.7550673281908845,0.0001263902631860918
503_wind,SVR,Com vazamento,median,0.1,2.5434693362530094,0.0016317647737571863,11.135169864636538,0.01069760636402471,3.3364159620044256,0.0015865124967856757,0.7514635679582108,0.000151307624526325
503_wind,SVR,Com vazamento,median,0.2,2.5372815242934856,0.0014783308372907035,11.036059263616126,0.01055008317722957,3.3214964443778783,0.0014519742973071437,0.753664880810324,0.00020486826951028448
503_wind,SVR,Com vazamento,median,0.3,2.5753389105515283,0.0013049888403552689,11.357187666026634,0.011638474775394338,3.369390793563546,0.0015986093159279203,0.7465400509414771,0.00013940376942697306
503_wind,SVR,Sem vazamento,KNN,0.05,2.516002361054283,0.0012039533883628339,10.880635163265032,0.010096578003396021,3.2979875501560145,0.0013631706216345558,0.7571596261363814,0.00015294530834137954
503_wind,SVR,Sem vazamento,KNN,0.1,2.525997968306611,0.0012165527883242675,10.975102047066194,0.00798441364253803,3.3123170784691927,0.0011141771846524067,0.7550438309159322,0.00012950769674957872
503_wind,SVR,Sem vazamento,KNN,0.2,2.53666891062074,0.0019571110877674466,11.03852864321532,0.014732910136404499,3.321879434862629,0.002092606383396926,0.7536152005077161,0.00035181769227238545
503_wind,SVR,Sem vazamento,KNN,0.3,2.5456950627712973,0.000963986723111415,11.166889228857528,0.007776324620658175,3.341103682052647,0.0011581183238169067,0.7507727561515046,0.00011797441781337048
503_wind,SVR,Sem vazamento,mean,0.05,2.5279782076849884,0.0020702971329739717,10.97969691512433,0.011591678256276562,3.312970173702213,0.0016560000939654102,0.7549507259700445,0.0001701840978137768
503_wind,SVR,Sem vazamento,mean,0.1,2.5444558512207593,0.0016025864645201416,11.147023120218137,0.011707360523006595,3.338196039973617,0.0017521362120273398,0.7511959536489184,0.00017586100621006575
503_wind,SVR,Sem vazamento,mean,0.2,2.536827659240744,0.0015470877621698849,11.035214605459958,0.009795354085155509,3.3213740179901037,0.001289858406190006,0.7536824452914352,0.000193915848543637
503_wind,SVR,Sem vazamento,mean,0.3,2.57606173055135,0.0015655711398864195,11.358048530473718,0.011204389876515586,3.3695246686867084,0.001548038137078708,0.7465197853310453,0.00012406846417014315
503_wind,SVR,Sem vazamento,median,0.05,2.5275868850140637,0.0018597483137713742,10.975104687557424,0.00994293966790387,3.312280085136935,0.0014237937422715934,0.7550516259487972,0.0001337733901539188
503_wind,SVR,Sem vazamento,median,0.1,2.543502164299301,0.0015678049125253503,11.135322627374576,0.01068417979295484,3.336438377561871,0.0015820343402179636,0.7514595412576203,0.00015733904765565467
503_wind,SVR,Sem vazamento,median,0.2,2.537327508299063,0.0013366089315172728,11.036214399283166,0.010079994458687885,3.3215202569857176,0.0013740544158371045,0.7536607731266013,0.0001877649251786182
503_wind,SVR,Sem vazamento,median,0.3,2.575300568600809,0.001313484384173769,11.356260304876393,0.010958070094622907,3.3692551948424487,0.001525867264891032,0.7465603863907914,0.00013890882909414344
505_tecator,DT,Com vazamento,KNN,0.05,1.4037569581634468,0.09202926221724159,4.183860936518133,0.5121783646496503,2.0310298566603735,0.11750392716749315,0.9785775405300856,0.0026242576827351758
505_tecator,DT,Com vazamento,KNN,0.1,1.363798638847139,0.07676121464400823,4.060437541298217,0.4581114608172457,2.0000835772345513,0.11278362160585934,0.9791224405620248,0.002062547109849621
505_tecator,DT,Com vazamento,KNN,0.2,1.3768125221961072,0.06658886143886437,4.094348144777492,0.4089319601525607,2.0063508014924643,0.09946282937336375,0.9790278813140117,0.0022880832456398333
505_tecator,DT,Com vazamento,KNN,0.3,1.4255416753391426,0.11002059752086388,4.4423588239014515,0.6828071847388596,2.088711170898607,0.16852452850314928,0.9769914403139076,0.003668072883215448
505_tecator,DT,Com vazamento,mean,0.05,1.375562520739105,0.0724493440782233,4.1792498665375275,0.465453186263594,2.0329106729234554,0.10989823388739019,0.9785625461726473,0.002036743269936459
505_tecator,DT,Com vazamento,mean,0.1,1.4211528037157324,0.07590185974532321,4.421841380824149,0.5315849534925752,2.0913546622520376,0.12373086586692114,0.9772610466227952,0.002450210036713161
505_tecator,DT,Com vazamento,mean,0.2,1.4253541925715076,0.1227805840749555,4.297261834880543,0.6681594326443566,2.0583952557439504,0.15759793083831597,0.9778848035843893,0.0029831292443175785
505_tecator,DT,Com vazamento,mean,0.3,1.404673615677489,0.07549441925881938,4.261591489067623,0.5205977831924862,2.0511928314151002,0.11846865398923495,0.9783377773085301,0.0025899133866516834
505_tecator,DT,Com vazamento,median,0.05,1.3738264106214046,0.07063085406907178,4.15196513941779,0.4581956643623441,2.0257791603347797,0.10806517441132676,0.9786857797382728,0.0020586549974865942
505_tecator,DT,Com vazamento,median,0.1,1.432680581592851,0.08123005862845434,4.489619156002493,0.5187574584427852,2.1075219453393768,0.12199760334852554,0.9769220611786836,0.0025853900459828862
505_tecator,DT,Com vazamento,median,0.2,1.4264653008017276,0.11783742635628187,4.364872931938204,0.6327406893204337,2.0740121922571455,0.1481575434135671,0.9775433383205144,0.0030463851209344313
505_tecator,DT,Com vazamento,median,0.3,1.4348819453683161,0.09952499804733768,4.44770952586759,0.6591059183465965,2.0959848114708093,0.1543159744767753,0.9773753477827937,0.0030991652117622085
505_tecator,DT,Sem vazamento,KNN,0.05,1.4009791798061795,0.11223043638542417,4.216916524276749,0.6416306033868454,2.0370373252821654,0.1532485217647493,0.9783982203743259,0.0032380773536613188
505_tecator,DT,Sem vazamento,KNN,0.1,1.3762291942205696,0.07735629462090907,4.152972285507944,0.5658886181142398,2.0220369463689836,0.1307930868849199,0.9787099566108587,0.0027122084056321652
505_tecator,DT,Sem vazamento,KNN,0.2,1.3749236361847983,0.10330631263378592,4.1153137758913445,0.6264605149298995,2.013054008559323,0.14931940836358001,0.9789359813443209,0.0030102685985238763
505_tecator,DT,Sem vazamento,KNN,0.3,1.3925902951922682,0.09433081601992548,4.245345004066121,0.5647076513484544,2.044868630500756,0.12767098565264579,0.9781653068333083,0.0031328352235890453
505_tecator,DT,Sem vazamento,mean,0.05,1.375562520739105,0.0724493440782233,4.1792498665375275,0.465453186263594,2.0329106729234554,0.10989823388739019,0.9785625461726473,0.002036743269936459
505_tecator,DT,Sem vazamento,mean,0.1,1.4252500268320245,0.08421695215859566,4.455612234101856,0.5427010656485505,2.099003582148413,0.12825403980248956,0.9771186450932148,0.0027241196669725957
505_tecator,DT,Sem vazamento,mean,0.2,1.42313197048174,0.12109010148036459,4.2928451689556235,0.665260405897614,2.0574073725002777,0.15687048268537926,0.9778991253369683,0.002975320395326911
505_tecator,DT,Sem vazamento,mean,0.3,1.4157152829070885,0.07342445433559305,4.325126211087851,0.5145160079567722,2.0654906990450757,0.11675721214898724,0.9780062237768411,0.0024788430182274275
505_tecator,DT,Sem vazamento,median,0.05,1.3752847508423856,0.07227399124786298,4.159624902992397,0.4602391087289698,2.027371085373898,0.10849346172002713,0.9786612309628057,0.002086580060071259
505_tecator,DT,Sem vazamento,median,0.1,1.4368472483423023,0.07963137079761773,4.488549711528246,0.509203984735378,2.1074500925076474,0.11954160688281429,0.9769598895180627,0.0024852745349085
505_tecator,DT,Sem vazamento,median,0.2,1.4337569730977215,0.11772039081688884,4.453157692251097,0.6846967723516366,2.0924301898888715,0.15676185577862894,0.9771191126270912,0.0030827404087760105
505_tecator,DT,Sem vazamento,median,0.3,1.407451390226682,0.09757313698976129,4.300660917322789,0.6229127287306843,2.0617730133675103,0.14406111522906853,0.9780680641362549,0.0029443593633750533
505_tecator,KNN,Com vazamento,KNN,0.05,4.137716628975339,0.127414647434674,34.17393466689354,3.1234683916658517,5.758308553060838,0.25912551033220066,0.8340463401734232,0.015479093602734266
505_tecator,KNN,Com vazamento,KNN,0.1,4.167494401302602,0.17117331018655021,34.503300064796186,3.3107790946717417,5.777900669667375,0.2954624418711482,0.8329247954018305,0.017764528147175905
505_tecator,KNN,Com vazamento,KNN,0.2,4.152262459463544,0.15994548689557034,34.37772044820958,3.4728003588607166,5.77291108142807,0.29845169795763304,0.8331441269853413,0.017801359491120876
505_tecator,KNN,Com vazamento,KNN,0.3,4.203502737979094,0.07932501088400903,35.69718063732335,3.1947957844851906,5.894582260884486,0.24313990551956882,0.8264925963470912,0.01426800152774551
505_tecator,KNN,Com vazamento,mean,0.05,4.226206918474701,0.12151515499395588,35.39094367003993,3.2263379424599195,5.862769091347167,0.2615820789682059,0.828015034129732,0.016107600146596596
505_tecator,KNN,Com vazamento,mean,0.1,4.084169410235352,0.14857663920442768,32.799229543713444,2.8592148229491636,5.646948476809366,0.2493722655248501,0.8405671325190768,0.014641000994109416
505_tecator,KNN,Com vazamento,mean,0.2,4.114056906170315,0.061867525300439784,33.361600720758396,2.400795041936503,5.700604123956656,0.19213547686126664,0.8381487458688293,0.011515306664294301
505_tecator,KNN,Com vazamento,mean,0.3,4.255774966379007,0.1248381487555735,34.38559493116848,3.535718709386862,5.771346954973975,0.2520519290368671,0.8337295818384153,0.014330886001956226
505_tecator,KNN,Com vazamento,median,0.05,4.240081918984652,0.1645650441409236,35.813554500005466,3.939432955422478,5.89631914974013,0.32302260690959783,0.8259121822897009,0.019618384654121728
505_tecator,KNN,Com vazamento,median,0.1,4.069387467139298,0.13572681224473626,32.434206066366755,2.9056189649849777,5.61375560034008,0.25627792792264453,0.842509464716913,0.014893293690049998
505_tecator,KNN,Com vazamento,median,0.2,4.054529131915834,0.0913480261055204,32.44703788224399,2.406131098339134,5.624020552193456,0.20067166950096574,0.8422509988337211,0.011895144916460109
505_tecator,KNN,Com vazamento,median,0.3,4.211848576350344,0.10083575426384705,33.97619579367315,3.0079340938046193,5.745161364620322,0.22555153253660895,0.8352945670283805,0.012855621061717436
505_tecator,KNN,Sem vazamento,KNN,0.05,4.143230520718627,0.12469778328098301,34.18318240801875,3.186003997074811,5.757612118804424,0.26475454206218213,0.8340905125056478,0.01596588466483436
505_tecator,KNN,Sem vazamento,KNN,0.1,4.177036069764031,0.18342761374304753,34.50454643847821,3.4944985557103005,5.781455436950213,0.3077970706442467,0.8327445896711544,0.018617174996298058
505_tecator,KNN,Sem vazamento,KNN,0.2,4.168456900649601,0.14556401465400987,34.41415879191731,3.2721491452233233,5.776721282403447,0.2826057923046195,0.8330581714051046,0.016923353883900722
505_tecator,KNN,Sem vazamento,KNN,0.3,4.164581908103493,0.10811404547205034,34.82715718710869,3.3831243131170754,5.826820427408635,0.27210284614371644,0.8302419314499919,0.01690837249492502
505_tecator,KNN,Sem vazamento,mean,0.05,4.232248584114843,0.13038732033700096,35.50074507139082,3.3055497323225755,5.872472268462471,0.26636723564695064,0.8274521875890725,0.0164478153414292
505_tecator,KNN,Sem vazamento,mean,0.1,4.082947188814481,0.14869741540045484,32.822081775261545,2.859541935792059,5.649328678825203,0.24916100839391356,0.8403873438239442,0.014664663864876406
505_tecator,KNN,Sem vazamento,mean,0.2,4.085570796231429,0.07570832157013746,32.95119157132304,2.3364680995542972,5.664939613284744,0.19138945996448867,0.8402121658116917,0.01120796973053392
505_tecator,KNN,Sem vazamento,mean,0.3,4.25190969089667,0.11212457068489749,34.458083150908095,3.51376221010139,5.7756498586256475,0.2525178781830627,0.8334690268225023,0.014219145064138563
505_tecator,KNN,Sem vazamento,median,0.05,4.232693030883869,0.14318086264380897,35.7159011848844,3.6432225309693673,5.891346971986068,0.29805054069882186,0.826369522377552,0.01810464586246474
505_tecator,KNN,Sem vazamento,median,0.1,4.084818021919992,0.12643670103954258,32.68358076356205,2.7396033819739936,5.639479422123821,0.23445735253140298,0.8410546799241408,0.013689803839147209
505_tecator,KNN,Sem vazamento,median,0.2,4.059306909756528,0.10690574869399672,32.45585039496058,2.5652825962924335,5.624207064562049,0.21587614785418588,0.8422049614884938,0.013227117086252339
505_tecator,KNN,Sem vazamento,median,0.3,4.199886077046394,0.10148645429548443,33.77808474859857,2.9335398091374665,5.727059140559015,0.2152288474196483,0.8363896990372796,0.012424661542210603
505_tecator,LR,Com vazamento,KNN,0.05,0.9831471124206476,0.054523872871040116,4.1513257252207305,1.216116497352355,1.8139927154288262,0.21255281918535313,0.9797011329891214,0.005456082198265556
505_tecator,LR,Com vazamento,KNN,0.1,0.9053778583696362,0.0770111316981538,2.6929852292769936,0.7577734586658833,1.5302125149659647,0.19822524131867267,0.9866308665424416,0.004125221143664938
505_tecator,LR,Com vazamento,KNN,0.2,0.9160449427952434,0.0660666737143088,2.7169676350531007,0.5470893301713624,1.5519031081018575,0.1527036760394943,0.986550813847804,0.002680129605894287
505_tecator,LR,Com vazamento,KNN,0.3,0.862583981804347,0.05110725971038335,2.6551189401779194,0.8938541469909685,1.4983867165140599,0.20607385373802023,0.9866207998826155,0.004669397993546596
505_tecator,LR,Com vazamento,mean,0.05,0.9742485489899525,0.06508372775237564,3.463136365090385,1.0740083750875338,1.7231731244374757,0.2158165169596658,0.9829931891092004,0.004800851635584783
505_tecator,LR,Com vazamento,mean,0.1,0.9231718963560204,0.0835258243437571,2.7415933038669102,0.89250325416501,1.5490922782715675,0.20781271984592306,0.9865063315070756,0.003649055509290944
505_tecator,LR,Com vazamento,mean,0.2,0.8901680362163558,0.0658510801167303,1.9562148534953911,0.5170523997251849,1.3391107504487774,0.13929362752470875,0.9903657404786621,0.0019811366080711365
505_tecator,LR,Com vazamento,mean,0.3,0.868292334532376,0.08472430137072372,2.414548429311163,0.8465648921187053,1.438356358946649,0.22979728004883757,0.9878271461613415,0.004653485239388838
505_tecator,LR,Com vazamento,median,0.05,0.9807291571416146,0.06504582034343673,3.4651852380295467,0.9592570910593248,1.72842780424724,0.19862975144716352,0.9828373221292038,0.004624905356371045
505_tecator,LR,Com vazamento,median,0.1,0.9311237356700062,0.07726275785357127,2.800803092774227,0.8094120178707573,1.5724866249517484,0.17838219953979928,0.9863057217070219,0.003218158889582269
505_tecator,LR,Com vazamento,median,0.2,0.8983008971454168,0.06134549053890866,2.0354874226455144,0.5114213352326937,1.3627585763060923,0.13286940871769762,0.990052125229218,0.0019754058199811645
505_tecator,LR,Com vazamento,median,0.3,0.8660633253388315,0.09190528637151918,2.274921231784083,0.8225706508906224,1.4126645640846747,0.23702484208019517,0.988565162316914,0.004400786226062158
505_tecator,LR,Sem vazamento,KNN,0.05,0.9811737365147032,0.08185141770082933,3.8877055610287794,1.4144127021937207,1.7905362511331226,0.3035381722278641,0.9811741173907844,0.005730183302087307
505_tecator,LR,Sem vazamento,KNN,0.1,0.9100737161535234,0.057979652608929184,2.864678894556541,0.6301527969736496,1.5673475967626527,0.15403745744115874,0.9856171529278162,0.002889970007827489
505_tecator,LR,Sem vazamento,KNN,0.2,0.942774792540726,0.048643276835699176,3.122572973017352,0.8719020863307609,1.6415328636104212,0.20087015290124344,0.9847185135831863,0.0038532103375437917
505_tecator,LR,Sem vazamento,KNN,0.3,0.9160375672169949,0.05984627691553744,2.8739467862363743,0.39969914361677933,1.5961020946595041,0.12695117877231826,0.9853807220375895,0.00254707401653222
505_tecator,LR,Sem vazamento,mean,0.05,0.9738626010007962,0.061879841975776714,3.4335594650584462,1.0056772301531844,1.719790598273965,0.20658975408672461,0.9831147473214966,0.0046314368873931954
505_tecator,LR,Sem vazamento,mean,0.1,0.9264714469745999,0.08104071741733072,2.7642381267377143,0.8758772032270272,1.556014825425853,0.1998587649736593,0.9864061801236345,0.0035434834188229625
505_tecator,LR,Sem vazamento,mean,0.2,0.8905708094617076,0.06620326408704547,1.965347794128098,0.5187496198410757,1.340555105340971,0.13855126192742545,0.990322013554731,0.001981364622770443
505_tecator,LR,Sem vazamento,mean,0.3,0.8698058948760344,0.08591041066073722,2.405490364908272,0.8578489886148827,1.438393556239408,0.23147937792578813,0.9878686097594599,0.004742608112318183
505_tecator,LR,Sem vazamento,median,0.05,0.981066640611787,0.06339454112106228,3.398920630411679,0.894685611547954,1.7177018354183755,0.19030576817037623,0.9831080847413981,0.004547213192751076
505_tecator,LR,Sem vazamento,median,0.1,0.9363177076172399,0.07850166472924595,2.840563017342255,0.7808945816220192,1.5847551127034076,0.173208847097543,0.9861269048942557,0.0030529572512509925
505_tecator,LR,Sem vazamento,median,0.2,0.9025606649868364,0.061574336327373094,2.07403973406011,0.5290108957167299,1.373585779069187,0.13156639154145475,0.9898728283308292,0.0020316435820941273
505_tecator,LR,Sem vazamento,median,0.3,0.8667947481776817,0.09398033438754917,2.2703831331082935,0.8693868969504939,1.410684739886318,0.24332931928942444,0.988575557701866,0.004673611615570879
505_tecator,RF,Com vazamento,KNN,0.05,1.0674025863607726,0.025877068108566954,2.2470801525057937,0.15482468178014966,1.480502340036356,0.054417192282936795,0.9888357373693918,0.0006898730888556723
505_tecator,RF,Com vazamento,KNN,0.1,1.0673296637146008,0.022217034447410234,2.3126614736417452,0.15593714222574007,1.5026312595290812,0.04952936188557399,0.9884695658948176,0.0005758813518029339
505_tecator,RF,Com vazamento,KNN,0.2,1.0713989691519075,0.020594948028673368,2.3249142560741,0.1505365886884634,1.5068734205484988,0.0487902722788208,0.9884104362854695,0.0005811730933082415
505_tecator,RF,Com vazamento,KNN,0.3,1.076809388495154,0.026481238696995927,2.337128421642612,0.15489619233808086,1.5103972391432021,0.047378818618490734,0.9883191611099457,0.0005304157972503566
505_tecator,RF,Com vazamento,mean,0.05,1.0799257775296767,0.029195299312690815,2.374693049078927,0.19757705844070314,1.5218736606170886,0.06239009766668922,0.9881709605945327,0.0008041693896274444
505_tecator,RF,Com vazamento,mean,0.1,1.081675772541099,0.02380992316060849,2.3687153404152945,0.16016092322827274,1.5213270162107388,0.051112290734922565,0.9881921737579283,0.0006037855823945264
505_tecator,RF,Com vazamento,mean,0.2,1.087783482496937,0.02786960500576091,2.3837170824795124,0.18210110657694595,1.5263095434287155,0.057798876617624416,0.988121822981206,0.0007088954554975941
505_tecator,RF,Com vazamento,mean,0.3,1.1081401442181733,0.02883006407359684,2.450195607726613,0.17088144063052152,1.5474036898974888,0.05098347269824828,0.9877853394514541,0.0006468024072866082
505_tecator,RF,Com vazamento,median,0.05,1.0812543895211484,0.02829395535957898,2.379363386524575,0.1980466725112128,1.522933713603665,0.06250410334977631,0.9881545273770046,0.0008076389553723644
505_tecator,RF,Com vazamento,median,0.1,1.0867227836781077,0.022688108508054156,2.3889147380080424,0.1627207071877787,1.5282335158285438,0.05120026625911237,0.9880870463963944,0.0006016185021874503
505_tecator,RF,Com vazamento,median,0.2,1.0899761229364409,0.024802460841670305,2.3917065131602135,0.17541067091796564,1.5286223463290465,0.05575170037327671,0.9880846522092249,0.0006755351159962118
505_tecator,RF,Com vazamento,median,0.3,1.1131313943978813,0.027808628368937292,2.4693986853368135,0.1604723891891527,1.553210890134894,0.04772734757703178,0.9876858275626831,0.0005888107701538238
505_tecator,RF,Sem vazamento,KNN,0.05,1.070711266324752,0.027297323888192733,2.26774750646931,0.16222282193275794,1.4871219011394994,0.05676014351690349,0.9887239892390868,0.0007262484264771423
505_tecator,RF,Sem vazamento,KNN,0.1,1.067967926166124,0.026478204367605195,2.3153426344214654,0.15819540767762322,1.5037934041544327,0.04992334993213454,0.988455391263515,0.0005756740860203418
505_tecator,RF,Sem vazamento,KNN,0.2,1.07072202569743,0.021699400485238753,2.315136041948103,0.1483053153272305,1.5035453897720945,0.04858747061453256,0.9884552763517584,0.0005649146374110131
505_tecator,RF,Sem vazamento,KNN,0.3,1.0819920282653637,0.027658530874057487,2.3375138551057426,0.17981739090462093,1.5111572176782213,0.054641581754767535,0.9883354502399536,0.0006307549568734804
505_tecator,RF,Sem vazamento,mean,0.05,1.0797191116660834,0.02870440247867067,2.372224871392921,0.19864276703644201,1.5210636862667297,0.06291314005373973,0.9881817855460259,0.0008136141101805647
505_tecator,RF,Sem vazamento,mean,0.1,1.081650496663319,0.024286519366368643,2.3669417374811075,0.16363230597083503,1.520746027435856,0.052188963400404645,0.9882041835243865,0.0006219556853882564
505_tecator,RF,Sem vazamento,mean,0.2,1.0885612603285246,0.0283205477520093,2.385359686932085,0.1838521599111423,1.5268670785497538,0.05826851523561569,0.9881140641506874,0.000715974675435311
505_tecator,RF,Sem vazamento,mean,0.3,1.1091997970541319,0.027017107970072285,2.4527594981175,0.1646573180762957,1.5482068843705046,0.04865693981615915,0.9877676717974846,0.000605215862506575
505_tecator,RF,Sem vazamento,median,0.05,1.0805578609853983,0.030862181520422558,2.3776682103295568,0.20209060886245267,1.5224071943257098,0.06383042548266787,0.988163075885323,0.0008250787839209492
505_tecator,RF,Sem vazamento,median,0.1,1.085801744520664,0.022982361343041217,2.3850318834426694,0.1631393922315385,1.5268893300635018,0.051508977784079986,0.9881118999972704,0.0006113266442583796
505_tecator,RF,Sem vazamento,median,0.2,1.0894770224557981,0.023992764144471036,2.3924943993960635,0.1675716384149461,1.5290339673669127,0.052802466515713124,0.9880855736443271,0.0006375348333382048
505_tecator,RF,Sem vazamento,median,0.3,1.1124931302410033,0.027539699622445363,2.4682249618824224,0.1585293339046274,1.5531140952293854,0.047340817509676045,0.9876898662823358,0.0005891805588093006
505_tecator,SVR,Com vazamento,KNN,0.05,0.8257985432841585,0.029211727379806453,1.2861454844091633,0.08504841522339941,1.1250065902219921,0.03435889818496951,0.9934403979512559,0.0003782102016301041
505_tecator,SVR,Com vazamento,KNN,0.1,0.8675036037609408,0.03681896704060318,1.5502800210363805,0.09400426673598186,1.227949134152634,0.03943333067017936,0.9922587390931347,0.0003362836647912246
505_tecator,SVR,Com vazamento,KNN,0.2,0.8234531680266505,0.017827791543228624,1.2108025874956676,0.08293052398229141,1.090004272421919,0.03393016252349103,0.9938786333423346,0.0003854191782883141
505_tecator,SVR,Com vazamento,KNN,0.3,0.8475982050700906,0.039305412067669306,1.3274273710417206,0.20278736580279394,1.141397951030899,0.08169268790207544,0.993356191483444,0.0008471306723114036
505_tecator,SVR,Com vazamento,mean,0.05,0.8404396110091108,0.03081492361819216,1.2697486075653053,0.15569535107120755,1.1130807496124449,0.06043625426631695,0.9935941209456334,0.0007838012192991977
505_tecator,SVR,Com vazamento,mean,0.1,0.9200184632136752,0.041788330294271765,1.656580090205125,0.10189032479128951,1.2750950976652398,0.038432692981094946,0.991663196408623,0.00040850682432348474
505_tecator,SVR,Com vazamento,mean,0.2,0.9163077616804136,0.04495521181484483,1.3713205488485098,0.17283036994604922,1.1630862093769117,0.07165466747198686,0.9929997421646067,0.000840379108533027
505_tecator,SVR,Com vazamento,mean,0.3,0.9626420695359436,0.046751783362670093,1.7676355215712996,0.2722383403964549,1.3132961375523131,0.09540416917848395,0.9912804620951511,0.0011940934558006394
505_tecator,SVR,Com vazamento,median,0.05,0.8489514921570979,0.025913682326651755,1.296729796865779,0.16851813235206214,1.123230553653602,0.06394712517990608,0.9934306543289763,0.0010091317592671688
505_tecator,SVR,Com vazamento,median,0.1,0.9213461600537375,0.05059711520770737,1.656850139572074,0.12577210035902076,1.2747988385519982,0.048373077991089954,0.9916610465156418,0.000491184915119909
505_tecator,SVR,Com vazamento,median,0.2,0.9064145819532875,0.0415248496182082,1.3467509389304677,0.19204803762192152,1.1518521511044215,0.08047065056867231,0.993110315253908,0.0009537473503625316
505_tecator,SVR,Com vazamento,median,0.3,0.9495541007111424,0.030316107288527672,1.725333530280926,0.19142470138329595,1.3021759194764406,0.06884851638519042,0.9912942039642262,0.0009142395088610098
505_tecator,SVR,Sem vazamento,KNN,0.05,0.8251043195698998,0.02273320153452718,1.258467935365413,0.09041439503038828,1.1125104049765289,0.03353811952263674,0.9935891056190794,0.00042343084989799283
505_tecator,SVR,Sem vazamento,KNN,0.1,0.8853811751566623,0.04172920534519913,1.5978955486318978,0.12577977073253294,1.2499112604390248,0.050268718165845494,0.9919960971827665,0.000492620321855211
505_tecator,SVR,Sem vazamento,KNN,0.2,0.832693898959879,0.01567766242670579,1.240274616578166,0.06640472559992662,1.1068333829242938,0.024810665000449608,0.9936933290243907,0.0004575837736033894
505_tecator,SVR,Sem vazamento,KNN,0.3,0.8750392878959263,0.047025728458380885,1.4794131003836715,0.2543891053093108,1.1992906817761602,0.10319223721982453,0.9926401292441938,0.001215536895652148
505_tecator,SVR,Sem vazamento,mean,0.05,0.8397686620881304,0.03083871311860733,1.2705364075881498,0.15603123139102046,1.1135637024614315,0.06114062476214096,0.9936101516373596,0.000742402796752965
505_tecator,SVR,Sem vazamento,mean,0.1,0.9221142458950146,0.03966486846885926,1.6696852581481816,0.09987279834622188,1.2802288878664727,0.037437064682287156,0.991601093088748,0.0004183981681394334
505_tecator,SVR,Sem vazamento,mean,0.2,0.9163523998332992,0.04294526771019576,1.3658473005225995,0.17318568662621037,1.1609543394688542,0.07226734217132297,0.9930204658459112,0.0008409467173060147
505_tecator,SVR,Sem vazamento,mean,0.3,0.9566111147592274,0.04317869202006809,1.7235563158068636,0.2507111018447271,1.3024915775058616,0.0915732508285307,0.9913091388543499,0.0011828366687745475
505_tecator,SVR,Sem vazamento,median,0.05,0.8503857361537855,0.029502877478959258,1.2981531239298365,0.16587715800944103,1.1234684723702852,0.06262285133920413,0.9934588222689342,0.0008985263512817941
505_tecator,SVR,Sem vazamento,median,0.1,0.9257788159536272,0.04701890084719489,1.670823577310986,0.09667558888338355,1.2800189183557569,0.03923974545154697,0.991574425168324,0.00036377960562594496
505_tecator,SVR,Sem vazamento,median,0.2,0.9081938172384584,0.042433011370562664,1.3536734446824628,0.18186375597133206,1.155243587030614,0.07641538787560834,0.9930836947706977,0.0009084820714504222
505_tecator,SVR,Sem vazamento,median,0.3,0.9783173240941023,0.03964546048041755,1.8517839680960126,0.2978848990972656,1.3471947276436056,0.1035940863804366,0.9905780119052671,0.0015779385816412637
529_pollen,DT,Com vazamento,KNN,0.05,1.6928829013879083,0.023009761611261566,4.650006749850373,0.12068892592962313,2.1560020714055903,0.027915968240141135,0.5284962238738582,0.011917570391333662
529_pollen,DT,Com vazamento,KNN,0.1,1.7290570879272098,0.02051549394895291,4.877934224436463,0.10422771851259666,2.2081417214354517,0.023556290041483706,0.5053196056515469,0.0110174394497455
529_pollen,DT,Com vazamento,KNN,0.2,1.7060526641089695,0.014423063963023027,4.730977618405382,0.09453850143016747,2.1745330826277094,0.02182883893435721,0.5203493860921763,0.009841155580839544
529_pollen,DT,Com vazamento,KNN,0.3,2.15785792352254,0.016660516259432087,8.040552779076377,0.10750189425282546,2.8349261577440044,0.018940160924577308,0.18513493896670644,0.01019083584028897
529_pollen,DT,Com vazamento,mean,0.05,1.6949858811842038,0.03254962531976496,4.663042319703094,0.14207506114118496,2.1588212133042313,0.032682478260877314,0.5271025442084679,0.0140890241687734
529_pollen,DT,Com vazamento,mean,0.1,1.710831488771615,0.010205153569785325,4.747821464299913,0.06076394694478879,2.178435012564451,0.013872810533473643,0.5185318403829923,0.00566804236487459
529_pollen,DT,Com vazamento,mean,0.2,1.6930484065864218,0.02387612775187022,4.643567857394022,0.12102993491544549,2.154189270573142,0.028527471950696832,0.529063104845393,0.012320507392995256
529_pollen,DT,Com vazamento,mean,0.3,2.180979507909207,0.020785789125137365,8.363732474961447,0.1502675055992207,2.891072400321909,0.026860044386554996,0.15197330091164324,0.014434849594164767
529_pollen,DT,Com vazamento,median,0.05,1.698913440477089,0.03658463511396523,4.6749444612315685,0.15303896592644953,2.1615941697248364,0.035245042211350816,0.525920689757617,0.015225044273134826
529_pollen,DT,Com vazamento,median,0.1,1.7058886183014217,0.010877112463788403,4.710580120308572,0.07642409673167803,2.1697595753971726,0.01745687587590532,0.5223091507527685,0.007206108270861812
529_pollen,DT,Com vazamento,median,0.2,1.6927391940347887,0.022031274941787343,4.648087226965161,0.12033584889270225,2.155289572000257,0.028162213266521272,0.5286594203692795,0.012417462638951974
529_pollen,DT,Com vazamento,median,0.3,2.1827574747455065,0.01692852379988981,8.397889914271337,0.07529295636896038,2.896836478847048,0.013553404526654263,0.1483766044507238,0.007398650775511118
529_pollen,DT,Sem vazamento,KNN,0.05,1.6966297910281105,0.014765913723958756,4.669586018540182,0.07450299689619778,2.160625735365996,0.01724291320618112,0.5264580855122029,0.007478874700408163
529_pollen,DT,Sem vazamento,KNN,0.1,1.7243247674387028,0.021913444413207264,4.819592211371474,0.13216427107071518,2.194602270712588,0.030533059990876008,0.5113231915408659,0.013057714118259933
529_pollen,DT,Sem vazamento,KNN,0.2,1.6974334813986323,0.01646045949968239,4.677644172052877,0.06739489543390205,2.16227033554992,0.015714531868612297,0.5256000004355738,0.0066728007758688436
529_pollen,DT,Sem vazamento,KNN,0.3,2.1641079762441313,0.01759955105894861,8.15159305906113,0.1388913629336786,2.85440406656806,0.024330375322166992,0.1740621288565575,0.013917370628381531
529_pollen,DT,Sem vazamento,mean,0.05,1.6941424993901926,0.034178136343441794,4.652855919578936,0.15164089528604796,2.1563990552636185,0.034795540798880024,0.5281136597459233,0.014964969382718725
529_pollen,DT,Sem vazamento,mean,0.1,1.711114913271139,0.008038366391222481,4.7447761245594355,0.0452443562341608,2.177739562961408,0.010320171544282332,0.5187433893774568,0.004174020063386583
529_pollen,DT,Sem vazamento,mean,0.2,1.6904554748954277,0.02425874990774966,4.62857049571961,0.12473008720102287,2.1507347770572918,0.02924930228799606,0.5306266927019078,0.01267866005176978
529_pollen,DT,Sem vazamento,mean,0.3,2.179621126613682,0.023153603603132133,8.350853413796935,0.16685890401485115,2.8888130495726543,0.029917512008519064,0.1533466151132628,0.016055638642551176
529_pollen,DT,Sem vazamento,median,0.05,1.7000798996286335,0.032718034719928055,4.675635223584784,0.14175640913804624,2.1617538789850568,0.03262704842527197,0.5258654908561075,0.014059942362600258
529_pollen,DT,Sem vazamento,median,0.1,1.7123453103072486,0.008833300855566007,4.744395883471391,0.0627178162626186,2.177643124024732,0.014450490839702138,0.5190023806599064,0.006038028065182532
529_pollen,DT,Sem vazamento,median,0.2,1.6923087748908203,0.02410544334719244,4.639304862780856,0.1125654985348353,2.1533156541183787,0.026384734105060575,0.5295117720334247,0.011520829879374013
529_pollen,DT,Sem vazamento,median,0.3,2.188619783964852,0.01826984831635477,8.408679894717112,0.0676175090257525,2.8988193535857594,0.012007239629278884,0.14732256834384921,0.00607732307967907
529_pollen,KNN,Com vazamento,KNN,0.05,1.3688476873503976,0.009153466445081821,3.0997154373214144,0.0423549801730329,1.7601058994330991,0.012144557270716063,0.6860134220627964,0.004769110565445537
529_pollen,KNN,Com vazamento,KNN,0.1,1.3991066216182173,0.0054861064252383195,3.253074306313728,0.029340409180820082,1.8031782816198962,0.00853675741213879,0.6704577798825766,0.003501179634429428
529_pollen,KNN,Com vazamento,KNN,0.2,1.3702470499362407,0.008200481756515355,3.095640436744508,0.04071474727100277,1.7587419790242882,0.011991859576853753,0.6865138415595844,0.004656771220048418
529_pollen,KNN,Com vazamento,KNN,0.3,1.7257705442786342,0.01100348721165098,5.098491455395303,0.05735998375331743,2.256629683556701,0.013833565367069827,0.4839932478409275,0.006960033858946174
529_pollen,KNN,Com vazamento,mean,0.05,1.3716718236266647,0.008541241030656644,3.113168547834323,0.03311724377665224,1.7639463016967607,0.009423523392684518,0.6846229729216372,0.0038310766628288505
529_pollen,KNN,Com vazamento,mean,0.1,1.3970539493482088,0.006423009911321803,3.2193518912381496,0.039647950510364786,1.7937649721297089,0.011043919257249022,0.673906537170962,0.004269372341510786
529_pollen,KNN,Com vazamento,mean,0.2,1.3747926511598718,0.008420501138720548,3.120254554039535,0.03866567330727476,1.7657500913951696,0.01093979806922907,0.6840504558199187,0.004260149549384211
529_pollen,KNN,Com vazamento,mean,0.3,1.703587430665695,0.005917472807585503,5.049487497795357,0.049960416499550034,2.246088138719055,0.010837627115675198,0.4888503175309716,0.005386051495652416
529_pollen,KNN,Com vazamento,median,0.05,1.3697735423151753,0.008240339872514352,3.1041487012444526,0.030456423861011737,1.7614066413241627,0.008643646125098194,0.6855308851126392,0.003528412799760056
529_pollen,KNN,Com vazamento,median,0.1,1.3951081706152966,0.005519892013357977,3.2107131621819307,0.032482197408067875,1.7913837846841663,0.009133649096663483,0.674775055780541,0.003552373864624939
529_pollen,KNN,Com vazamento,median,0.2,1.3750235822880226,0.008774115763703917,3.1217683131835248,0.04258465836701724,1.7661667867678255,0.012058129719410499,0.6839062052218766,0.004673839010816848
529_pollen,KNN,Com vazamento,median,0.3,1.702869856212487,0.0055459214366706915,5.050053563516965,0.04915539866543143,2.246177005898874,0.010806888043109782,0.48881470619346157,0.005338646737787391
529_pollen,KNN,Sem vazamento,KNN,0.05,1.369949352996839,0.01061420733534557,3.104523535898368,0.04740763454863245,1.761515784498189,0.013480682279504292,0.6854787161965211,0.005267622541450759
529_pollen,KNN,Sem vazamento,KNN,0.1,1.394325481667406,0.0067367350418301485,3.2329827177020327,0.027795223982620618,1.7975808603563534,0.007787850082222147,0.6724657849391925,0.0031955251082421807
529_pollen,KNN,Sem vazamento,KNN,0.2,1.3737546739924558,0.0048662702596229445,3.1093987888149233,0.023239716880452562,1.762750739464343,0.00689078913357878,0.6850739722613154,0.0029286608168053872
529_pollen,KNN,Sem vazamento,KNN,0.3,1.7072891952556268,0.013194873095301415,5.026379010907198,0.08044038769260103,2.2405760612977517,0.018429758511594917,0.49129293511444544,0.009055271809854215
529_pollen,KNN,Sem vazamento,mean,0.05,1.3714900165754893,0.008926263820986614,3.11103254644985,0.03233563514124885,1.7633487535331092,0.009202980633243221,0.6848423924368187,0.0037531792393912344
529_pollen,KNN,Sem vazamento,mean,0.1,1.3969695132562574,0.006579647884673862,3.2191852121060163,0.03710088544642208,1.7937280779927578,0.010321658743836748,0.6739222896977961,0.004013339977581089
529_pollen,KNN,Sem vazamento,mean,0.2,1.3752531180173746,0.008400250630177129,3.1220406880000104,0.04045163796430675,1.766274898326044,0.011462902108413598,0.6838673650482683,0.004469490891257291
529_pollen,KNN,Sem vazamento,mean,0.3,1.7043130924739411,0.007070061765631969,5.05183329173506,0.05419861563753782,2.246631818458089,0.01182202912713647,0.4886034949949769,0.00589058756070696
529_pollen,KNN,Sem vazamento,median,0.05,1.3703385942961346,0.008454910845054424,3.1070889390906107,0.03168202482904972,1.762236611567305,0.008977668537103538,0.6852322633267357,0.0036489192957736474
529_pollen,KNN,Sem vazamento,median,0.1,1.396257365069135,0.0055895886594223,3.2149366281909795,0.033538236935032724,1.7925452618397115,0.009385907421796628,0.6743528187289886,0.0036688270937935146
529_pollen,KNN,Sem vazamento,median,0.2,1.3751354872018415,0.008698985594158878,3.1229293997188368,0.042166636988117456,1.7665001499440258,0.011974911001173505,0.6837849501022455,0.0046657204987762225
529_pollen,KNN,Sem vazamento,median,0.3,1.702864366729953,0.005630477991761667,5.048008590161634,0.04990968949179453,2.245769294198536,0.010998093243735005,0.48898970436788275,0.005394027393613923
529_pollen,LR,Com vazamento,KNN,0.05,1.1389850172633034,0.0006291189601424924,2.078257026621442,0.0016207193381609741,1.4413944198283846,0.0005993476295996241,0.78927765265294,0.000342433271544496
529_pollen,LR,Com vazamento,KNN,0.1,1.1605049054748886,0.0006562037060737668,2.1688660902949937,0.0016002938018586453,1.4724578683688623,0.0005788765655381865,0.7801067866523607,0.0002803733290694185
529_pollen,LR,Com vazamento,KNN,0.2,1.1364953393517716,0.0005657068379503547,2.061390647233281,0.0013257395711289812,1.4354957189701019,0.000531677676658713,0.7909923067688808,0.0003907493523774935
529_pollen,LR,Com vazamento,KNN,0.3,1.4471606962315813,0.001080443015494966,3.8090139066293194,0.004150376131872401,1.9503092975588074,0.0017404622668952888,0.6144461828927659,0.0010361674646562403
529_pollen,LR,Com vazamento,mean,0.05,1.1401735432680642,0.0006107907392169067,2.0772019261291317,0.0015116145135309178,1.441030273375617,0.0005546876815796466,0.7893856307993635,0.00034885212803394724
529_pollen,LR,Com vazamento,mean,0.1,1.1583779256870235,0.0005736938029140284,2.1555673726246454,0.0013268259924510608,1.4679433994496753,0.0004700107563657441,0.7814554590785469,0.00030222799238519433
529_pollen,LR,Com vazamento,mean,0.2,1.1369315252084096,0.0005618155307679166,2.0618343475663523,0.0013532116198711355,1.4356498768418182,0.0005255171699035763,0.7909506182640348,0.00037905044773133825
529_pollen,LR,Com vazamento,mean,0.3,1.8927195751482346,0.0016564754224955107,5.827354515679936,0.007162685153598504,2.4129752477871484,0.002027907264077921,0.4101073876658443,0.0017489935801111227
529_pollen,LR,Com vazamento,median,0.05,1.1398279854762567,0.000609681336752261,2.0760179041459748,0.0015109798343532325,1.4406187164948552,0.0005549364537314621,0.7895062118469133,0.00034905654642431214
529_pollen,LR,Com vazamento,median,0.1,1.1583847256062374,0.000582315903114617,2.1557230035632977,0.0013187500786710753,1.467997733874591,0.00046783409960639576,0.7814404943453575,0.00030395236819998273
529_pollen,LR,Com vazamento,median,0.2,1.1369247405732612,0.0005612705872876388,2.061822352427696,0.0013521981230337407,1.4356457406574556,0.0005252322739449139,0.7909518653472635,0.0003795585567166265
529_pollen,LR,Com vazamento,median,0.3,1.8867544369452496,0.001637910548945008,5.798966304338525,0.007159752998457494,2.407092720808867,0.002019713533374672,0.4129747841359466,0.0017290493994632633
529_pollen,LR,Sem vazamento,KNN,0.05,1.1402248615833732,0.000517364043206864,2.0808465245376255,0.0016413877838660617,1.4422866460509438,0.0006062603446447042,0.789006192191366,0.00036778511489345654
529_pollen,LR,Sem vazamento,KNN,0.1,1.1616697823724507,0.0012775011811386886,2.1707655638768015,0.0038044215924468677,1.47310085724253,0.0013828644525780934,0.7799092312907229,0.00045961056144251563
529_pollen,LR,Sem vazamento,KNN,0.2,1.1363517180932976,0.0007116600007618468,2.0615335850493413,0.0020467197553231376,1.435543862839183,0.0007651799170289238,0.7909772699917016,0.00039741518884873426
529_pollen,LR,Sem vazamento,KNN,0.3,1.4521440578662401,0.0037274647632649545,3.8339309697615533,0.021379259651437457,1.956761395114251,0.005732594123469137,0.6119116348133274,0.002403187623387951
529_pollen,LR,Sem vazamento,mean,0.05,1.1401862108899101,0.0006090304265090178,2.077234894798631,0.0015488739010722215,1.4410417002284015,0.0005673226156905538,0.78938263809746,0.0003482368966516453
529_pollen,LR,Sem vazamento,mean,0.1,1.158378936610324,0.0006033676279646595,2.1555924866800615,0.001523275524770587,1.4679526510086236,0.0005336308443987868,0.7814528999263205,0.0002951166219994454
529_pollen,LR,Sem vazamento,mean,0.2,1.1369334830331184,0.0005611947911618891,2.0618304234395852,0.0013605122507438737,1.435648583517905,0.0005264553868607574,0.790950961913925,0.00037840786699998476
529_pollen,LR,Sem vazamento,mean,0.3,1.8927462458664566,0.0016514449466616312,5.827420122301153,0.007756006430674951,2.4129875666015788,0.0021919845219299638,0.4101002080632779,0.0018346696475535437
529_pollen,LR,Sem vazamento,median,0.05,1.1398567618821376,0.000592957391298291,2.0761457239235104,0.0014783162856901325,1.4406630792747332,0.0005449269646704329,0.7894938365841022,0.0003506836416190092
529_pollen,LR,Sem vazamento,median,0.1,1.158390352780457,0.0005945150583117463,2.1557857503121958,0.0014580426417121063,1.468019086780906,0.0005198386304076315,0.7814336535773494,0.0002980592146258176
529_pollen,LR,Sem vazamento,median,0.2,1.1369264560395156,0.000561877128516667,2.06182728779096,0.001347049761012898,1.435647420707946,0.0005231369945969766,0.790951315780049,0.0003794362492554804
529_pollen,LR,Sem vazamento,median,0.3,1.8869466229876675,0.001767953827937795,5.799585762403538,0.008275929014232292,2.407213883842919,0.002236991920466458,0.41290937223906504,0.0018558678024434285
529_pollen,RF,Com vazamento,KNN,0.05,1.2331240623341155,0.0072357415335333715,2.460187500744085,0.028445183697760276,1.5682888267332065,0.00910320034788687,0.7506063938417423,0.0029775255732428065
529_pollen,RF,Com vazamento,KNN,0.1,1.259201455320035,0.006139115702051986,2.5761729081432656,0.028181267187596875,1.6048015409185485,0.00873057317706565,0.7388643387742381,0.0030155961567190754
529_pollen,RF,Com vazamento,KNN,0.2,1.240009957575211,0.008163411220816678,2.4790366991716404,0.0280944232705923,1.5742524229251795,0.008977931343981244,0.748724424714697,0.0029650442452698526
529_pollen,RF,Com vazamento,KNN,0.3,1.568538397458943,0.006604298390333063,4.328679790630807,0.026993580226948206,2.079469009396485,0.005941714497780265,0.5617904356969811,0.0028069594397173293
529_pollen,RF,Com vazamento,mean,0.05,1.236698502840926,0.009151606946366764,2.472183104696468,0.029884427404023913,1.5721049759106915,0.009512546492623737,0.749391048409747,0.0030382244918263153
529_pollen,RF,Com vazamento,mean,0.1,1.257038537741928,0.009037034057759396,2.5645253645564483,0.03732750806208184,1.6011803698358074,0.011601893129852861,0.7400515699259502,0.003924036281241796
529_pollen,RF,Com vazamento,mean,0.2,1.2367756548840612,0.009484566553925738,2.4678364034003573,0.033041649972190876,1.5706574337436974,0.0105506907477946,0.7498519768374079,0.0034660047650668757
529_pollen,RF,Com vazamento,mean,0.3,1.5787985755220613,0.011617169082982085,4.369553661566086,0.057373960514532675,2.0891833745036363,0.013587556650071253,0.5577519784618796,0.006063116884550747
529_pollen,RF,Com vazamento,median,0.05,1.237509252123667,0.008590385485261063,2.4729894971988124,0.02953203288338511,1.5723559116479946,0.009394782197525306,0.7493168115416254,0.00301450024374668
529_pollen,RF,Com vazamento,median,0.1,1.257303317577295,0.008881602905270566,2.5654175942156807,0.03683956262706785,1.6014698170814123,0.011442158101799433,0.7399688336049611,0.003864838065588026
529_pollen,RF,Com vazamento,median,0.2,1.236635915074418,0.009499782833919735,2.4679499558529905,0.032808539123685775,1.5706921383021317,0.010478862468975144,0.7498378372341893,0.003441382759099343
529_pollen,RF,Com vazamento,median,0.3,1.5808793027873913,0.010795225076062539,4.375704091763643,0.05432907090450983,2.090699455855525,0.012984260297462285,0.5571145113650792,0.005864698052960723
529_pollen,RF,Sem vazamento,KNN,0.05,1.2379403327154572,0.007551583302482829,2.4757139324527793,0.026484852735093607,1.573189306587851,0.008421838141797946,0.749027187331316,0.002757711646767938
529_pollen,RF,Sem vazamento,KNN,0.1,1.2590354992815327,0.006874230754815973,2.5784144836416765,0.030172087802908476,1.6055191453634812,0.009362539304323955,0.7386135586264767,0.0030738906853089686
529_pollen,RF,Sem vazamento,KNN,0.2,1.2385162550916782,0.00849772767578274,2.477606424782415,0.030489966337712213,1.573773533260167,0.00972672790505855,0.7488597529444849,0.003204189542790749
529_pollen,RF,Sem vazamento,KNN,0.3,1.5620919895008083,0.010415212134457405,4.286327714877851,0.05411745377590103,2.0692504780525702,0.01294806504646544,0.5660976937629556,0.00563782391544756
529_pollen,RF,Sem vazamento,mean,0.05,1.2366559072256542,0.009284149659795569,2.4715587709866234,0.03086315830075586,1.5718953671429008,0.009826118966519871,0.749460926258997,0.0031360062849432892
529_pollen,RF,Sem vazamento,mean,0.1,1.257237270562139,0.009298920082125213,2.564789328186902,0.039120007349157035,1.6012556274289809,0.012156834861983079,0.7400336622489236,0.004097183767634267
529_pollen,RF,Sem vazamento,mean,0.2,1.2366416564602192,0.009549645651722737,2.4682790468056495,0.033404604916368257,1.570794799142939,0.010677614291662085,0.749805277449035,0.0035067997387810477
529_pollen,RF,Sem vazamento,mean,0.3,1.5790852194002003,0.011485540579166998,4.370614018936514,0.05729856195268818,2.089440612844762,0.013573680640670382,0.557656336806068,0.006017614531205593
529_pollen,RF,Sem vazamento,median,0.05,1.2372750398393537,0.008497499146484249,2.472040174767423,0.029622182900766094,1.5720532405168752,0.00942878275158601,0.749409477434729,0.0030171350909369244
529_pollen,RF,Sem vazamento,median,0.1,1.2574777814650935,0.009008695416884352,2.5649641815119524,0.036430654791064394,1.6013388327738112,0.011315072299618511,0.740011493667402,0.0038377426424818454
529_pollen,RF,Sem vazamento,median,0.2,1.2368831318439886,0.009458551231779903,2.4685650299268826,0.032961470169776706,1.570886790685373,0.010529134137223426,0.7497791439613398,0.0034533222922693264
529_pollen,RF,Sem vazamento,median,0.3,1.5811529493129584,0.011365139208632288,4.378652549256718,0.0529060520787078,2.0913977595245608,0.012667575536694247,0.5568318226783442,0.005697551066720417
529_pollen,SVR,Com vazamento,KNN,0.05,1.13927991332075,0.0010479490501434632,2.080980668458909,0.0023029230292111323,1.442337613809922,0.0008392634863825962,0.7890103660536275,0.0003529768625298656
529_pollen,SVR,Com vazamento,KNN,0.1,1.1606355110532116,0.001384752287731337,2.171531849199277,0.002954675429629153,1.4733621115561053,0.0010125852360463239,0.779843201199972,0.0003636390727108661
529_pollen,SVR,Com vazamento,KNN,0.2,1.136649553405477,0.0007989026121029593,2.063859561750824,0.001251522156293278,1.4363528206902885,0.0005070134779672014,0.7907503875840164,0.00038313305052323796
529_pollen,SVR,Com vazamento,KNN,0.3,1.446636846226653,0.0011695995543087993,3.8149068435737625,0.004334235418766221,1.9517513680019907,0.0018578082472920333,0.6138636445577478,0.0009810470741551233
529_pollen,SVR,Com vazamento,mean,0.05,1.1403713183551107,0.0009535786003690711,2.0797448636873868,0.002400745142684079,1.4419102144745868,0.0008418330119630399,0.7891343829204365,0.0003801188717065116
529_pollen,SVR,Com vazamento,mean,0.1,1.1587830289118022,0.0011535332175616356,2.1585633347507636,0.002429470825077788,1.4689636448239314,0.0008530946514393318,0.7811558885174906,0.000333485342564575
529_pollen,SVR,Com vazamento,mean,0.2,1.1371162401711434,0.0008621328118420457,2.0644088757400687,0.0019453196072808498,1.4365404519795864,0.0007488039099940947,0.7906954619728795,0.00039923432058176295
529_pollen,SVR,Com vazamento,mean,0.3,1.8725816339060113,0.0030350806564217563,6.033717165216506,0.012881109512131015,2.455124753482053,0.0028220442786951088,0.38931483267518324,0.0021206448188580973
529_pollen,SVR,Com vazamento,median,0.05,1.139892291806551,0.0008640561937814886,2.078064497770201,0.0020987976352757898,1.4413255995778378,0.0007510012167305523,0.7893058959703102,0.0003480742568189033
529_pollen,SVR,Com vazamento,median,0.1,1.1585343142195608,0.0010432153239895742,2.1580565869302233,0.0023321036626476107,1.4687920751425914,0.0008339561233337401,0.781210296395205,0.0002862531497611492
529_pollen,SVR,Com vazamento,median,0.2,1.1370994785491735,0.000825412931581352,2.0645698143398867,0.0019212525831011288,1.4365971286710135,0.0007072238204475973,0.7906787269630793,0.0003742255097812941
529_pollen,SVR,Com vazamento,median,0.3,1.8656747059471037,0.003331931465570446,6.0238899510209025,0.016928935604500796,2.45310713914453,0.0038893232990949676,0.3903025282043842,0.0026457333036365147
529_pollen,SVR,Sem vazamento,KNN,0.05,1.1404909873447666,0.00063873918477,2.083843824812086,0.0010271904732685213,1.4433262535232132,0.0003999623288302156,0.7887102062970563,0.0003466309691411973
529_pollen,SVR,Sem vazamento,KNN,0.1,1.161633824955347,0.0017598625306704959,2.1734665435618084,0.004025216747542044,1.4740162612490668,0.001441317948045344,0.7796409950777244,0.0004937952207659023
529_pollen,SVR,Sem vazamento,KNN,0.2,1.1365144898953554,0.0010523366062924714,2.0637623174142026,0.0023878587822860928,1.4363183834079505,0.0008951334627318682,0.7907589548600235,0.00035208865312497605
529_pollen,SVR,Sem vazamento,KNN,0.3,1.4510365090394515,0.003735614386806071,3.840152372170198,0.022844431890725412,1.9583016449023471,0.006127991167523871,0.6112939526108213,0.002551063925619199
529_pollen,SVR,Sem vazamento,mean,0.05,1.14033185259483,0.000974241451918517,2.0796324678022593,0.0021149777312401952,1.4418683380053938,0.0007578029408107516,0.7891469037594684,0.0003644153156016785
529_pollen,SVR,Sem vazamento,mean,0.1,1.1585723223127065,0.0010848383063899007,2.158048474307111,0.0027718952447333117,1.468790244403462,0.0009697950685372181,0.7812100458387036,0.00030935579837770567
529_pollen,SVR,Sem vazamento,mean,0.2,1.1371781206248732,0.0008201997362515649,2.064584699001175,0.0016283382377297359,1.4366029738305883,0.0006447741474020732,0.7906769774308615,0.00038527323345019174
529_pollen,SVR,Sem vazamento,mean,0.3,1.8725778568251448,0.0028519779265888975,6.032772999825515,0.013517146204884556,2.454937169770896,0.0030673024392689307,0.38940822468808606,0.0022284896700301075
529_pollen,SVR,Sem vazamento,median,0.05,1.1399960702562193,0.000829053353769971,2.0783939495180586,0.001920472155929086,1.4414398596042055,0.0006789806058696754,0.78927286717221,0.0003623178743699937
529_pollen,SVR,Sem vazamento,median,0.1,1.1586485314320758,0.0011385214673146102,2.1584109177895594,0.002667226514904047,1.4689119739779901,0.0009535357431587283,0.7811736792297985,0.00031085148053302283
529_pollen,SVR,Sem vazamento,median,0.2,1.1369746739789104,0.0007701517550327407,2.064158767695981,0.0014277658016663107,1.4364542280230463,0.0005664588398522319,0.7907207958347704,0.00035576663193557476
529_pollen,SVR,Sem vazamento,median,0.3,1.86556591313364,0.0029610474336587093,6.022070628157439,0.013872544864764939,2.4527322838768058,0.0033579912901230097,0.3904819269237889,0.0023436398333123486
537_houses,DT,Com vazamento,KNN,0.05,44027.30661337209,487.27823044176546,4819772938.133487,103443358.59122801,69410.51905928913,754.1265242637475,0.6378567836018004,0.007703682589868498
537_houses,DT,Com vazamento,KNN,0.1,43847.29056847546,264.83876434818063,4791626665.315439,70710053.64034341,69210.06439694366,516.3435749205678,0.640019058994514,0.0053091065559497715
537_houses,DT,Com vazamento,KNN,0.2,43927.31744186047,538.8234299460028,4803602033.222642,123005458.06021285,69294.28131189059,883.2474452996117,0.6390818599626762,0.009284626146330063
537_houses,DT,Com vazamento,KNN,0.3,43907.604958010335,478.9998545083739,4790486327.64291,116081794.79342243,69201.16609874078,840.4680090806908,0.6401008123139259,0.008769064831179731
537_houses,DT,Com vazamento,mean,0.05,44126.77433785529,411.5164803631352,4842519775.90709,83057952.40956436,69571.7807030152,604.042178658607,0.6361371350824285,0.006236254459574717
537_houses,DT,Com vazamento,mean,0.1,43940.897803617576,318.08931070883364,4801233412.18414,75191929.99501278,69281.08171087572,541.6645658087443,0.6393197351060692,0.005698682577208864
537_houses,DT,Com vazamento,mean,0.2,43987.554449289404,580.9817736988745,4794599900.127124,147485056.0177276,69226.3711332172,1063.2571881424972,0.639772026332769,0.011143169005878131
537_houses,DT,Com vazamento,mean,0.3,44109.16677164083,448.85232626286825,4821625768.390771,113064812.99822132,69425.19908055935,809.8838413304582,0.6377323874332633,0.008590485529583646
537_houses,DT,Com vazamento,median,0.05,44083.690560400515,408.8081839691891,4839890064.335748,80603074.21795276,69553.87129937285,583.8602987905568,0.6363548457641349,0.00603231593852386
537_houses,DT,Com vazamento,median,0.1,43914.449103682164,288.84178483793244,4812446568.204757,70606048.81929281,69359.36585291964,503.80809184210113,0.6384852710441118,0.005321258499654532
537_houses,DT,Com vazamento,median,0.2,43952.15801033592,571.9068964370769,4778042197.272675,124556148.10284355,69108.91576546496,900.084137907774,0.6410406305011488,0.009413041767631747
537_houses,DT,Com vazamento,median,0.3,44186.063646640825,406.99524032255357,4840463778.300405,102128595.75847755,69557.97404921713,732.0130357992002,0.6363570588022951,0.007739506856639924
537_houses,DT,Sem vazamento,KNN,0.05,44425.281968669246,311.8253983903298,4889605712.993532,71319005.9238654,69910.78368793601,512.070800034146,0.6326562071683943,0.005421581702793954
537_houses,DT,Sem vazamento,KNN,0.1,43841.45983527132,388.6134143290711,4784187025.097594,84286764.52430968,69155.40034346459,612.5796126280908,0.6405972580111318,0.006299183188091062
537_houses,DT,Sem vazamento,KNN,0.2,43991.9764131137,427.7679616674659,4787680123.88775,103664570.7453382,69183.13384054143,739.8485500957827,0.6402896628361454,0.007794747741386521
537_houses,DT,Sem vazamento,KNN,0.3,43984.66301679587,308.72173112332626,4807347964.382009,80322425.06012304,69324.16879456195,574.348722055778,0.6388399966547389,0.006106250104882741
537_houses,DT,Sem vazamento,mean,0.05,44176.081597222226,472.0514514749319,4853520509.729854,96130082.0727818,69647.55248873866,697.0794839172793,0.6353056725367374,0.007230286799575081
537_houses,DT,Sem vazamento,mean,0.1,43956.63985788114,312.55806066142367,4802666304.617894,72673714.27480696,69291.4873188157,523.1410387172443,0.6392107134176873,0.005507202461202681
537_houses,DT,Sem vazamento,mean,0.2,43976.77368378553,566.806754061177,4796228901.474104,138756619.023111,69238.35256788605,997.451692967328,0.6396476823358497,0.010488722667831444
537_houses,DT,Sem vazamento,mean,0.3,44150.36925872093,430.97968832921725,4836513410.20453,114507068.411096,69530.57839155852,819.6435348056524,0.636629401208828,0.008697715637838655
537_houses,DT,Sem vazamento,median,0.05,44055.38158914729,405.7669982777715,4826541221.233495,88218877.76290548,69456.54263039262,640.2534340329119,0.6373827063898273,0.006596320890702684
537_houses,DT,Sem vazamento,median,0.1,43913.88059593023,289.1674012614413,4811892237.500589,71356727.77204855,69355.37366803495,509.2116309707172,0.63852665968468,0.0053781647711166995
537_houses,DT,Sem vazamento,median,0.2,43947.13867086563,627.9367994106615,4775763367.850881,141268077.61553538,69091.04810453644,1020.3987654320258,0.6412058566994506,0.010677769699017325
537_houses,DT,Sem vazamento,median,0.3,44142.87713985788,382.10541811472007,4828067919.74245,96506702.57158831,69471.26670510773,688.6885526513036,0.6372638500879858,0.007312709521210155
537_houses,KNN,Com vazamento,KNN,0.05,43162.04289567183,91.28198842302666,4022096693.980512,17820310.177261453,63413.80553773861,143.00832611451543,0.6978488161167848,0.00134671737187916
537_houses,KNN,Com vazamento,KNN,0.1,42673.989484819125,107.77653159705575,3922980996.6699204,6161772.90686154,62627.36316838136,48.84701784713945,0.7053007837636426,0.0004904278398588429
537_houses,KNN,Com vazamento,KNN,0.2,42620.6379376615,114.2988852895202,3926443399.288765,13396649.13640235,62656.396014974634,105.94978780956517,0.7050293362098169,0.0009815714803772543
537_houses,KNN,Com vazamento,KNN,0.3,42479.224979005165,82.9591563934751,3916019959.969183,10943390.619451294,62572.55547507718,89.9693639481017,0.7058118661881404,0.0008363180638372427
537_houses,KNN,Com vazamento,mean,0.05,43508.93926195091,88.95632956917335,4087945039.4772167,16877108.22800368,63932.16989064985,134.27259957577445,0.6928918648882988,0.0012717913954382557
537_houses,KNN,Com vazamento,mean,0.1,42861.673081395355,106.10863947309345,3955574062.956557,6927990.731982993,62887.27303887436,57.67237406545818,0.7028470527270326,0.0004920272715744724
537_houses,KNN,Com vazamento,mean,0.2,43526.76163921189,87.23568452632503,4051986529.7372746,1985031.309386169,63650.146849907964,17.133760298984363,0.6956095928664365,0.00011045935828356385
537_houses,KNN,Com vazamento,mean,0.3,43477.60622900517,110.78049266191542,4064564725.335565,21393838.300529625,63746.56007058261,164.4042668648928,0.6946628675546062,0.0016124171573317265
537_houses,KNN,Com vazamento,median,0.05,43420.531661821704,106.20684315275459,4084410614.864734,14928293.641454464,63905.115340515826,119.82841003189101,0.6931591348344507,0.0011302409349523508
537_houses,KNN,Com vazamento,median,0.1,42867.40367571059,99.0901411766604,3957529805.488231,8249852.4629853275,62902.937346593644,65.49440716706083,0.7027000732591234,0.0006261456863410509
537_houses,KNN,Com vazamento,median,0.2,43530.72951227391,84.63155981157574,4059304357.689424,6006944.838823407,63708.5130445509,48.05833481907672,0.6950581858804536,0.0004124241793784326
537_houses,KNN,Com vazamento,median,0.3,43151.67226098191,126.32842448982474,4015964457.2625866,17520765.922386933,63365.683165174036,137.21362762785066,0.6983089867137227,0.0013194463030204208
537_houses,KNN,Sem vazamento,KNN,0.05,43163.837256136954,107.01043960493531,4021693025.1103015,15416137.170145912,63411.400510683095,125.1682535514155,0.6978775776431609,0.001174269093693382
537_houses,KNN,Sem vazamento,KNN,0.1,42765.44942667959,78.79255971022307,3943185782.5347614,9349472.57993353,62788.207869525264,71.2822691461568,0.7037832787522035,0.0006877469406144447
537_houses,KNN,Sem vazamento,KNN,0.2,42630.24098029716,146.46393649934618,3929652861.5122643,18589322.71674377,62681.905854917975,147.07293558037026,0.70479110049153,0.0013858126794786113
537_houses,KNN,Sem vazamento,KNN,0.3,42477.76663436692,99.69616515242888,3914772653.288131,10599676.791086024,62562.338940487076,83.84353488796718,0.7059097221671508,0.0007921706817599874
537_houses,KNN,Sem vazamento,mean,0.05,43505.33509528424,89.50738019888081,4087273369.1362667,16505161.60500454,63926.934594354214,131.22393127512225,0.6929422576667449,0.0012461159979628776
537_houses,KNN,Sem vazamento,mean,0.1,42867.24575096899,106.87551767183585,3956848642.5958366,6788637.525101048,62897.36140468361,56.48163292545079,0.7027521974397128,0.00047031950038590737
537_houses,KNN,Sem vazamento,mean,0.2,43520.8691876615,90.01250020340923,4051222415.8276405,3196461.237985558,63644.157715391506,26.06955348918666,0.6956675481256855,0.00018513246800274492
537_houses,KNN,Sem vazamento,mean,0.3,43478.96505652455,114.00242042302813,4064702401.9824066,23109918.698542178,63747.658337304245,177.7164847045121,0.6946523543736779,0.001742244935372583
537_houses,KNN,Sem vazamento,median,0.05,43422.89989179586,102.47682786800617,4085192583.884504,15333177.38412598,63911.20527019474,123.03618250135878,0.6930996484949018,0.001162402913647812
537_houses,KNN,Sem vazamento,median,0.1,42869.02220122739,96.74194932087325,3957682978.631054,8133868.567024601,62904.13985763455,64.66850472496655,0.7026886367139252,0.0006160068965557453
537_houses,KNN,Sem vazamento,median,0.2,43531.178509366924,83.17153753594138,4059442860.7310386,5748772.371643277,63709.63158564176,46.197426502111355,0.6950472131940151,0.00039490902170463964
537_houses,KNN,Sem vazamento,median,0.3,43142.88590277778,129.69459881679853,4014465554.219629,16840611.494140867,63353.76352323665,131.37367190686066,0.6984226007741587,0.0012650369500731694
537_houses,LR,Com vazamento,KNN,0.05,51713.60897554911,14.705100090211085,5002886292.051462,6277314.4814569475,70726.32189877816,43.67213485674185,0.6241695081604685,0.0004362955504801897
537_houses,LR,Com vazamento,KNN,0.1,50876.32163582129,14.41867604631701,4863845147.248118,8037625.953813141,69736.03567758422,56.62776118604076,0.6346318991283181,0.000581745534138711
537_houses,LR,Com vazamento,KNN,0.2,51061.58627075012,14.878851452501642,4873349781.770552,9877482.04654822,69804.56098875128,70.00363283901454,0.6339115264566312,0.0007249943147252098
537_houses,LR,Com vazamento,KNN,0.3,50831.82996314615,16.686139292458062,4853650000.28709,7831217.6778321,69663.25075601153,55.568740797236096,0.6353940609112688,0.0005630581056065216
537_houses,LR,Com vazamento,mean,0.05,52480.200481624655,14.57148919552643,5130296726.514979,6763093.716394111,71622.15918638221,46.690025289297246,0.6145906153115985,0.0004625322396786427
537_houses,LR,Com vazamento,mean,0.1,50956.39540501708,14.196544416127217,4880161975.7935505,7937954.760730064,69852.87660078269,55.58931631845077,0.6334076755243575,0.0005746613312589766
537_houses,LR,Com vazamento,mean,0.2,51110.097926268274,15.08386209194899,4874870596.8167715,9092208.033423042,69815.2683468884,63.97384143785561,0.6337998624425115,0.0006678231156110775
537_houses,LR,Com vazamento,mean,0.3,50846.75417061219,9.719714417713275,4855671067.578738,4762043.1099141585,69677.96519088773,33.68696911873862,0.6352396049971274,0.0003184232826733925
537_houses,LR,Com vazamento,median,0.05,52520.52288768606,14.064991949367686,5137671220.801579,6672700.698830364,71673.57708094611,45.82311908718074,0.614036165996883,0.0004540445885168374
537_houses,LR,Com vazamento,median,0.1,50960.90893300129,14.103358397038054,4881128063.374899,7945830.620534537,69859.790002075,55.63331277677259,0.6333351752562718,0.0005752689839709195
537_houses,LR,Com vazamento,median,0.2,51110.456081064745,15.094274116791365,4874800209.41855,9063913.13957221,69814.77246277522,63.79218496235713,0.6338051774968886,0.0006657149955052716
537_houses,LR,Com vazamento,median,0.3,50849.165205321995,10.08925183621938,4856099491.679149,4900977.3563997345,69681.03319597611,34.71344520596221,0.6352076574593025,0.0003289103026022911
537_houses,LR,Sem vazamento,KNN,0.05,51739.35984932274,17.136915024575448,5004985577.940744,5466238.558710087,70741.09753139057,38.62124973533874,0.6240101682623903,0.00038847167781811955
537_houses,LR,Sem vazamento,KNN,0.1,50879.60997539342,16.601129894571514,4863812857.087024,7699235.023119759,69735.76727716673,54.16500021538523,0.634634105824933,0.0005554833517662415
537_houses,LR,Sem vazamento,KNN,0.2,51063.3371697698,17.29679092847864,4873072688.122986,10412813.04819183,69802.58720580397,73.95155873970482,0.6339320427900824,0.0007683612844833135
537_houses,LR,Sem vazamento,KNN,0.3,50830.699999940174,16.866289396677846,4853436492.302897,7591756.995555885,69661.72874462708,53.807977783609076,0.635410064714735,0.000543398100433941
537_houses,LR,Sem vazamento,mean,0.05,52480.27360538161,14.525969421080667,5130281397.901585,6760237.523009623,71622.05072450638,46.68329825486676,0.6145918013513366,0.000462560225783731
537_houses,LR,Sem vazamento,mean,0.1,50956.37378897456,14.176776002281938,4880161170.149235,7941696.111674521,69852.87111320121,55.610382020540875,0.633407747561457,0.0005748294452044766
537_houses,LR,Sem vazamento,mean,0.2,51110.10731834111,15.064141503209408,4874870092.696614,9092073.970499715,69815.2647834629,63.97307608709811,0.6337998983008749,0.000667820200477581
537_houses,LR,Sem vazamento,mean,0.3,50846.755844637584,9.698460885833562,4855671311.671324,4761819.396193763,69677.96714091809,33.68238371210967,0.6352395852844835,0.0003183784106583213
537_houses,LR,Sem vazamento,median,0.05,52520.41154810011,14.172277594278473,5137667594.227082,6689393.719385991,71673.55288473277,45.95424087892608,0.6140365215670153,0.00045542460624310726
537_houses,LR,Sem vazamento,median,0.1,50960.735401098995,13.788453777094585,4881100353.378746,7881544.032524248,69859.59203789961,55.17171653060095,0.6333372442000671,0.00057041108407559
537_houses,LR,Sem vazamento,median,0.2,51110.460860371495,15.085082792940412,4874800111.6867485,9064393.22516894,69814.7717804549,63.79552354156487,0.6338051837926181,0.0006657529654084465
537_houses,LR,Sem vazamento,median,0.3,50849.19797224761,10.058881825801146,4856104515.647931,4899416.928988546,69681.06950175327,34.701304552251294,0.6352072806411001,0.0003287743926218881
537_houses,RF,Com vazamento,KNN,0.05,32138.31613428617,82.91549289671224,2448198845.8702655,18700227.025942918,49471.859299409574,189.54866595337853,0.8161044374723071,0.001401437736305546
537_houses,RF,Com vazamento,KNN,0.1,31960.096575662144,74.8928269477557,2426457306.3425775,24298340.26330656,49253.08119242361,245.01297574780466,0.8177344249020583,0.0017996424805186947
537_houses,RF,Com vazamento,KNN,0.2,32017.03146140181,95.36822739036175,2429918158.7590895,20178587.448531844,49288.74278958665,204.53877618492717,0.8174726932707176,0.0015000019779141567
537_houses,RF,Com vazamento,KNN,0.3,31937.574859253877,91.69507185389033,2420509124.92102,17876399.553570807,49192.58943168073,180.72317442658795,0.8181823611844554,0.0013213938437446032
537_houses,RF,Com vazamento,mean,0.05,32153.360059512273,124.70604842327727,2447179925.865843,23011295.781151336,49464.400101467145,232.4875556836491,0.8161752592589243,0.0017176619280954058
537_houses,RF,Com vazamento,mean,0.1,31868.069755652454,70.79303346644673,2413478564.8345623,22094393.000162806,49122.03418749195,222.1421856457176,0.8187059260289419,0.0016305583137897254
537_houses,RF,Com vazamento,mean,0.2,32145.456032541988,93.46596790571846,2442560758.647283,19414655.683035355,49416.327977737325,195.8379783989704,0.8165230556716981,0.0014435133109548207
537_houses,RF,Com vazamento,mean,0.3,32089.56800322997,72.73484640759628,2434391536.790402,16510988.858161895,49333.24416592034,165.54613083079684,0.8171391386271813,0.0012140729281107097
537_houses,RF,Com vazamento,median,0.05,32124.33068951873,112.3259473815932,2444967319.850761,21375211.826420628,49442.25676785101,215.64328669446297,0.8163389691331653,0.0015855785562038517
537_houses,RF,Com vazamento,median,0.1,31860.299894056847,82.27537852439615,2413663141.3103027,23258899.273184996,49123.63746513893,233.99496863313962,0.8186934086090124,0.0017218008299759063
537_houses,RF,Com vazamento,median,0.2,32130.105768895355,105.36049769760437,2442760931.2027593,19965765.652350266,49418.57894323863,201.02152151282098,0.8165082274344293,0.0014847283152997922
537_houses,RF,Com vazamento,median,0.3,32066.592935562017,64.32563725751591,2433034448.7099776,15492300.774080373,49320.038822689654,155.0054889110748,0.8172379927643023,0.001135015748385217
537_houses,RF,Sem vazamento,KNN,0.05,32157.385627018735,96.16750916439831,2451890237.8047204,22427933.890762072,49509.608232082355,226.82259506742173,0.8158261474059793,0.0016617691013709759
537_houses,RF,Sem vazamento,KNN,0.1,31959.891546996125,74.45803224988705,2424919404.085792,22685056.887265224,49237.75374434061,228.51588210269114,0.8178494355895786,0.0016804948975010273
537_houses,RF,Sem vazamento,KNN,0.2,32023.804145833332,87.84112303885932,2430020349.6120234,19781830.575078923,49289.84796441762,200.52188034954608,0.817466133853075,0.0014731430948186368
537_houses,RF,Sem vazamento,KNN,0.3,31941.707929667315,86.82735372933752,2422518845.1280293,18470621.659871884,49213.36927895103,186.82978789211526,0.8180290409793107,0.0013618528658120527
537_houses,RF,Sem vazamento,mean,0.05,32147.426735384364,125.45768701673994,2446714000.5349774,22788425.30434754,49459.7108071083,230.2011774139021,0.8162098865048139,0.0016993743897097792
537_houses,RF,Sem vazamento,mean,0.1,31867.921875403747,67.31873442517272,2413312814.63732,21322939.517088838,49120.3866705351,214.3968714094089,0.8187182329982559,0.001572810390409142
537_houses,RF,Sem vazamento,mean,0.2,32136.817200581398,98.16636779103364,2442588486.8812804,20851945.850193363,49416.68849250746,210.48467812130153,0.8165204989002984,0.0015526759222161712
537_houses,RF,Sem vazamento,mean,0.3,32088.81424790052,82.19500387959971,2434007049.6233206,16067037.203763878,49329.39350369419,161.21329262753235,0.8171674177237369,0.0011836207037789557
537_houses,RF,Sem vazamento,median,0.05,32129.00752842378,118.21415813836252,2445010438.665403,22724503.94212388,49442.59355625878,229.4650029913453,0.8163363583382025,0.0016876398445160679
537_houses,RF,Sem vazamento,median,0.1,31860.75690382752,81.87783345258053,2413542044.6522,23349344.429859668,49122.427575048096,234.91682330615023,0.8187024501901815,0.0017287888303524146
537_houses,RF,Sem vazamento,median,0.2,32129.904809350774,107.17704377455435,2442506754.477564,20322262.503778674,49415.867157041816,204.88277497330336,0.8165284638380624,0.0015124270716876597
537_houses,RF,Sem vazamento,median,0.3,32063.614684593023,75.67552698238762,2433121679.2928286,15704802.705144688,49320.87243848443,157.43816405446668,0.8172312187554948,0.0011503659347039184
537_houses,SVR,Com vazamento,KNN,0.05,50468.38554199383,11.129154451670983,5158339125.310601,2909807.8389355275,71816.08614237292,17.958991023088544,0.6125152210252452,0.00016700900890604883
537_houses,SVR,Com vazamento,KNN,0.1,49674.462201016846,13.663345239918415,5008969699.21244,3599635.01688952,70768.26127540626,23.554389181436967,0.6237556748138474,0.0002397318914858812
537_houses,SVR,Com vazamento,KNN,0.2,49896.74935458156,11.638984163248692,5015636090.536791,2930476.1671052193,70815.9548600915,21.514426197887136,0.6232480279819613,0.0001945056295617171
537_houses,SVR,Com vazamento,KNN,0.3,49623.36782689251,9.432620487469894,4997025198.518349,1984643.6411658227,70684.04634268729,15.205488965934633,0.6246499140111733,0.00012334024623700897
537_houses,SVR,Com vazamento,mean,0.05,51153.36785649266,15.02944094350074,5301870722.187075,3087593.807978136,72809.21811740728,19.33586807942309,0.6017225126765466,0.00021265854891296893
537_houses,SVR,Com vazamento,mean,0.1,49745.55153134926,15.29737187817716,5025344512.546861,2756341.604129084,70883.77843408237,18.073846088859934,0.6225264333514974,0.00017478086850001795
537_houses,SVR,Com vazamento,mean,0.2,49943.98178784806,15.427819714983045,5016396000.098249,4749287.82142107,70821.09539708725,32.73569519503094,0.6231950873605077,0.0003400939990526147
537_houses,SVR,Com vazamento,mean,0.3,49640.04753112251,6.627582799228957,5002213490.229838,1463468.4201770872,70720.86234285856,11.427887556965413,0.624256821414037,9.932768827839883e-05
537_houses,SVR,Com vazamento,median,0.05,51152.61840510705,13.771847021909702,5315767525.658641,3708096.785437113,72904.56325001024,22.51660210007224,0.6006771562976517,0.00023279999867135113
537_houses,SVR,Com vazamento,median,0.1,49749.74511734163,11.704593943380786,5026603437.319264,1979842.0643700145,70892.73884662724,12.983683433130015,0.6224317148533814,0.00012180108307872677
537_houses,SVR,Com vazamento,median,0.2,49940.899329571,11.656817267156205,5015212691.464238,2659367.0907617505,70812.7947731656,18.822202540409286,0.6232822327880269,0.0001875077722637983
537_houses,SVR,Com vazamento,median,0.3,49641.2424734103,11.424521085702917,5003371204.101886,1930947.675229882,70729.00251941568,15.547269368205198,0.6241710549999325,0.00010527877604742878
537_houses,SVR,Sem vazamento,KNN,0.05,50487.54338772741,15.239270799559257,5158408350.023834,2052182.5173784757,71816.55798126954,17.260664037032093,0.612507881759376,0.00017585839872594772
537_houses,SVR,Sem vazamento,KNN,0.1,49670.682940404535,13.30336443231373,5008840450.307158,2107689.1124352394,70767.38437867675,12.495300610615262,0.6237654755040482,0.00013211580134939838
537_houses,SVR,Sem vazamento,KNN,0.2,49899.52380202652,11.402368037681603,5013396364.08695,3225487.121559074,70800.16060022784,23.371133979151814,0.6234182121866584,0.0002511525679419485
537_houses,SVR,Sem vazamento,KNN,0.3,49622.77813763346,10.513224690036454,4998417621.752566,2875688.385160183,70693.95607473729,19.12941317060087,0.6245459017744028,0.00019069714156090447
537_houses,SVR,Sem vazamento,mean,0.05,51152.80109474849,13.527847252514754,5302645213.312143,2572419.0881058667,72814.5415426388,15.943071234824906,0.6016654675891714,0.00015040955160163113
537_houses,SVR,Sem vazamento,mean,0.1,49751.24124075173,22.417295972433052,5026459583.21281,3763334.0706225787,70891.47547685813,23.02591785561678,0.6224411323272797,0.0002536954373986612
537_houses,SVR,Sem vazamento,mean,0.2,49944.51747687359,10.980637749174692,5015990705.784987,3422688.5194223835,70818.29403124681,22.606615771959717,0.6232252218886608,0.0002513367063642007
537_houses,SVR,Sem vazamento,mean,0.3,49640.710977857285,7.004121832275262,5002110601.652782,1542874.6296212887,70720.11169886058,11.796482804890335,0.6242656993107953,0.0001009449340463856
537_houses,SVR,Sem vazamento,median,0.05,51155.12772898364,13.356700587743457,5316834087.988654,3452622.5075498293,72911.88566237608,21.658678124239792,0.6005963833791604,0.00020937102289579358
537_houses,SVR,Sem vazamento,median,0.1,49749.47195104813,11.87229275087886,5026699326.233929,2101701.5785690774,70893.41361948418,14.011837457150044,0.6224245553873918,0.0001311711709075405
537_houses,SVR,Sem vazamento,median,0.2,49943.622318791626,11.091672728875487,5016150866.618492,3087152.2856748756,70819.4403639887,22.118870660583354,0.6232132564018503,0.0002215677501646621
537_houses,SVR,Sem vazamento,median,0.3,49639.36845419817,5.277870961893486,5003623165.636735,1997790.7964031273,70730.76794575666,15.032130512410205,0.6241523676580895,9.948538944869572e-05
542_pollution,DT,Com vazamento,KNN,0.05,50.54009806315103,5.511714890062385,3774.2279391900724,734.8294220959085,60.63235529083375,6.105260820050967,-0.1476279152676707,0.22348328786465793
542_pollution,DT,Com vazamento,KNN,0.1,49.07070329454209,4.38278142746728,3531.429137318942,501.23562339769086,58.763024246347534,4.2833272239591444,-0.0826952896906737,0.13548266911106305
542_pollution,DT,Com vazamento,KNN,0.2,52.70122968885634,4.010580868073516,4120.76109391276,682.3291073933838,63.15724000190783,5.0745603496670455,-0.21897597082830247,0.25002016472131705
542_pollution,DT,Com vazamento,KNN,0.3,48.55243123372395,3.906876453699194,3465.6461603272073,487.2297459625976,58.063195035172214,4.405949220776191,-0.07572073003051066,0.12462971441839729
542_pollution,DT,Com vazamento,mean,0.05,49.872709486219605,4.700989889003983,3685.6256445890067,619.9062341043552,59.98836152055025,5.260165580228901,-0.11874680107244173,0.1898095931170074
542_pollution,DT,Com vazamento,mean,0.1,49.256872897677944,4.890900594662965,3574.949161948924,567.8465592958082,59.101450948316675,4.7952797802475216,-0.09361166667442762,0.14843901936074888
542_pollution,DT,Com vazamento,mean,0.2,52.77540978325737,5.360361218991155,4062.759776009836,832.4745880426196,62.70687866130297,6.709636647087763,-0.19331632427801262,0.24743893071889278
542_pollution,DT,Com vazamento,mean,0.3,49.595016649034285,5.125821990909676,3657.843317232622,672.5670859534795,59.63739976948483,5.354470125826659,-0.14122189317721986,0.19941713909541914
542_pollution,DT,Com vazamento,median,0.05,50.55191243489582,3.5297627252233688,3835.646261147429,475.09507455801526,61.33452989944072,3.8575423412937884,-0.2162221182625358,0.26056015529938503
542_pollution,DT,Com vazamento,median,0.1,48.529616800944005,4.424194298730101,3413.5820844388963,540.5615370230759,57.88756595378194,4.605758899788163,-0.04419523773078349,0.13202618552648618
542_pollution,DT,Com vazamento,median,0.2,52.90980072021483,5.324021941553714,4109.664640347007,783.7323731208593,63.23590676574833,6.2608862187117245,-0.216460329911448,0.2623644226131828
542_pollution,DT,Com vazamento,median,0.3,48.52616458468967,6.358215979020373,3453.5893200048235,772.3366287800193,57.84124607885767,6.249454823559446,-0.06583047766773437,0.2290938714342878
542_pollution,DT,Sem vazamento,KNN,0.05,51.06807573106553,4.545012295973593,3868.0631495591965,714.5848494224551,61.39202335478398,5.941453053470303,-0.21332841177619644,0.289234765687983
542_pollution,DT,Sem vazamento,KNN,0.1,48.97886149088541,4.57214033702884,3528.054514483609,507.962107722506,58.72735641148268,4.355933526830179,-0.08152631017979503,0.13817550721448565
542_pollution,DT,Sem vazamento,KNN,0.2,51.374886067708324,5.717854799450563,4189.338969125535,1222.1098807118537,62.99634933890497,8.568744026889558,-0.23844507834431952,0.381566348401897
542_pollution,DT,Sem vazamento,KNN,0.3,48.07558373345268,3.994637041675866,3376.1005973388637,500.01000598615747,57.3351838545781,4.6670328360129165,-0.031123835102829484,0.1492236139786007
542_pollution,DT,Sem vazamento,mean,0.05,50.232942877875416,5.105361428635416,3720.4698600538163,663.9476576101538,60.27966017611245,5.630437784404754,-0.1353763050660073,0.20750240452985247
542_pollution,DT,Sem vazamento,mean,0.1,48.889925638834626,5.154461150822077,3505.740408125094,606.5410249807179,58.55169299890267,5.124629053054936,-0.07055615009474224,0.1561229599692013
542_pollution,DT,Sem vazamento,mean,0.2,53.08249528672959,5.1455288911421935,4132.094024256398,749.3035614116009,63.24227328779596,5.987921887306067,-0.20350592331987627,0.22984087353342106
542_pollution,DT,Sem vazamento,mean,0.3,49.41282755533854,5.313958730209519,3658.192005071809,682.5399923586572,59.62662573144299,5.471355745281433,-0.14116054521445576,0.19586831169241073
542_pollution,DT,Sem vazamento,median,0.05,50.8856233384874,4.200769795333268,3859.9620895947733,656.4016351205562,61.368956761894054,5.465715433512286,-0.22316497203139093,0.30095169676998174
542_pollution,DT,Sem vazamento,median,0.1,49.272284444173174,4.831614772741792,3566.1896748698305,573.2226554088382,58.99843019092623,4.727742892713399,-0.09882285338199824,0.15502036924479168
542_pollution,DT,Sem vazamento,median,0.2,53.31893463134765,5.958701520131011,4139.026575552495,899.7801796166776,63.34336821359765,7.068511734444347,-0.21961554084176152,0.270972233470796
542_pollution,DT,Sem vazamento,median,0.3,46.915022616916225,6.234396879389667,3254.6049643451443,738.7732120074719,56.12403119601985,6.679089768244278,-0.0017278015013948139,0.1960597681058647
542_pollution,KNN,Com vazamento,KNN,0.05,39.83668826633029,2.4643922190502576,2547.370582294648,200.9141834495179,49.66228182584175,2.177365593930892,0.275369869368369,0.08692326860615371
542_pollution,KNN,Com vazamento,KNN,0.1,40.570466105143225,2.466335958997857,2739.525351642294,194.7548825243679,51.45807502773562,2.0822010259409196,0.21355528529506126,0.09564391666644423
542_pollution,KNN,Com vazamento,KNN,0.2,39.58458577473957,2.1666479999881045,2482.9857222742617,166.66739073805232,49.07809763907104,1.8907114323089713,0.2916726700646925,0.07034828033422579
542_pollution,KNN,Com vazamento,KNN,0.3,39.4990246242947,2.472294313878683,2498.9357199791552,235.26825798612555,49.17032325757675,2.4240856118398684,0.28622580927967356,0.10400370624433324
542_pollution,KNN,Com vazamento,mean,0.05,39.571214396158844,2.5807591792174334,2534.2929511166826,231.90622965427218,49.53360445426366,2.4627630441047694,0.27978889020553455,0.09982035412867504
542_pollution,KNN,Com vazamento,mean,0.1,40.78637691921657,2.4820988751376323,2711.626076502835,191.89532142389865,51.25174289485858,2.1248396464157877,0.2238430273304591,0.08266533837338705
542_pollution,KNN,Com vazamento,mean,0.2,39.9371302625868,2.3320322973111107,2492.695004619969,201.66109800785728,49.23115740502001,2.2141430694066937,0.2828102700741229,0.09535409002477642
542_pollution,KNN,Com vazamento,mean,0.3,40.03082811143663,1.8575400388742995,2506.2387130841075,172.72107258983635,49.41954918453518,1.844471353601984,0.2750667812540146,0.07925458741855086
542_pollution,KNN,Com vazamento,median,0.05,39.68323194715711,2.4423965323644015,2530.54354502752,197.61144757413882,49.4913349958066,2.1191799165138128,0.2805391268032043,0.08818172728466826
542_pollution,KNN,Com vazamento,median,0.1,40.65453016493055,2.275443356253496,2711.7011545757464,176.73999424377644,51.19297193879833,1.9523696294248585,0.22708242665279446,0.08054680921762851
542_pollution,KNN,Com vazamento,median,0.2,39.88096822102864,2.4034831021979053,2498.430389109266,202.54337214620858,49.30965233563851,2.1834096844842334,0.2803967951872662,0.09366974793224567
542_pollution,KNN,Com vazamento,median,0.3,40.380816921657974,2.093174357544251,2540.1985266945717,184.13761890811463,49.75081812255468,2.0079804972884854,0.2670270960843715,0.07512391532335438
542_pollution,KNN,Sem vazamento,KNN,0.05,39.80038587782118,2.271739375833073,2542.4135937232422,185.52742342810873,49.59409539811606,1.9919845897981279,0.27784271426972346,0.08377274548592616
542_pollution,KNN,Sem vazamento,KNN,0.1,40.65604532877604,2.390688913490897,2743.901117316242,192.1433910920842,51.45254424552334,2.139910038584432,0.21242989540111287,0.09691633535853587
542_pollution,KNN,Sem vazamento,KNN,0.2,39.69331844753688,1.8855425338540948,2494.761744859566,164.27363148512157,49.22564186037448,1.6929909664905065,0.2830237965025786,0.08337554732430895
542_pollution,KNN,Sem vazamento,KNN,0.3,39.48854370117187,1.5322255598111445,2498.9686923502863,130.4610795235375,49.27528109858569,1.521249868091513,0.28351393498024324,0.0666965047924823
542_pollution,KNN,Sem vazamento,mean,0.05,39.49557715521917,2.5581335028172707,2522.136487530903,218.74062742811648,49.435705165077394,2.3827780641457816,0.28241238041610595,0.0961233355843347
542_pollution,KNN,Sem vazamento,mean,0.1,40.892786933051205,2.3823457670825143,2730.6343813026265,177.3459546488613,51.410282780914685,1.9814527155693955,0.22004473574435726,0.0805807907980419
542_pollution,KNN,Sem vazamento,mean,0.2,39.970765753851985,2.219535674697072,2491.9586576965653,193.18857079683073,49.213290268216106,2.1297407125092382,0.2834131122803972,0.0950022171095386
542_pollution,KNN,Sem vazamento,mean,0.3,40.25425448947482,2.1808906317162524,2513.207484649969,185.75494265598724,49.473704984005245,1.949289120975116,0.2701066958597409,0.08868955836922518
542_pollution,KNN,Sem vazamento,median,0.05,39.73786027696397,2.4400518931299553,2536.451424445957,199.43717724775826,49.55716798272843,2.1350423249539174,0.27913498731062597,0.08975794002539322
542_pollution,KNN,Sem vazamento,median,0.1,40.68158186170789,2.285864604157446,2715.3311364676924,178.5911658445266,51.21689204941534,1.9695567222433172,0.22671943893855784,0.08073903911393313
542_pollution,KNN,Sem vazamento,median,0.2,39.72042870415581,2.2285228428554342,2467.425368918534,181.53442290159052,48.98795853992175,1.9933235351715486,0.28770226264944926,0.10082983966940286
542_pollution,KNN,Sem vazamento,median,0.3,40.54301208496093,1.7686487927499448,2562.2217861993454,128.2436461642644,50.010086893684836,1.3943368134727263,0.2578852701125051,0.07429775281740185
542_pollution,LR,Com vazamento,KNN,0.05,37.57775717278813,3.1602716197344862,2947.47863663041,742.0223632071379,51.944519503337894,4.174491729004543,0.15108874529222624,0.16397487970459895
542_pollution,LR,Com vazamento,KNN,0.1,40.286299642541785,8.720356539575041,5664.9795789650125,7511.322856343456,57.201621187945854,23.177501097027342,-0.525698104154035,2.010508161633466
542_pollution,LR,Com vazamento,KNN,0.2,42.95649173983487,3.1700523823846565,3229.2821617692184,643.4401061256174,55.11799580733671,4.27480890306252,0.057030805075047465,0.16896558908577508
542_pollution,LR,Com vazamento,KNN,0.3,35.17944848041,1.8916483234391441,2143.07969108261,417.62363881840696,44.92111400595001,3.390059597894069,0.37937682941989376,0.12368611532046435
542_pollution,LR,Com vazamento,mean,0.05,37.165557671706345,3.0988882187703943,2821.602604584605,698.6450827732624,50.943645410839046,4.080598105298788,0.18704236187421172,0.15792901418851607
542_pollution,LR,Com vazamento,mean,0.1,39.93551124740879,8.334840877178568,5365.219531622279,6818.274305751593,56.71542730350336,22.120539429906426,-0.446976775910829,1.8220341524610502
542_pollution,LR,Com vazamento,mean,0.2,42.36416605489695,2.622629759324963,3038.541804575454,488.00609287500475,53.84212079543757,3.531668069348145,0.10338908798636752,0.13242824090283617
542_pollution,LR,Com vazamento,mean,0.3,34.81156992559958,1.964373093656142,2007.936614433994,385.25204206483016,43.69227568310373,3.188734070845477,0.41395674042844816,0.11948859057779106
542_pollution,LR,Com vazamento,median,0.05,37.18987567464091,3.0669737165974715,2828.5733796391673,680.0982209337058,51.03861941192084,4.036011051130373,0.18389933135458755,0.15455614427092118
542_pollution,LR,Com vazamento,median,0.1,39.94150565017751,8.300081788149427,5221.3138608214595,6466.788635688678,56.52043974323388,21.53526021174473,-0.40985743311884315,1.7255734243246152
542_pollution,LR,Com vazamento,median,0.2,42.14172182855112,2.552310669457828,3017.9765785846957,474.1177148625608,53.70154841156403,3.4429833663750915,0.10759227801969949,0.13495543815399982
542_pollution,LR,Com vazamento,median,0.3,34.75822632889379,1.9662832329097675,2015.4903051070469,361.4289245880579,43.82611366150565,3.1129114566282743,0.41019587001685737,0.11736502221711846
542_pollution,LR,Sem vazamento,KNN,0.05,37.65187508848321,3.1650076083138075,2977.6947290510966,736.5502887306316,52.19294224119383,4.231966871980382,0.14076152596285765,0.16625549452267002
542_pollution,LR,Sem vazamento,KNN,0.1,39.78700239616242,8.19930087551,5352.608143818593,6815.572603580969,56.47697991525157,22.009172282683537,-0.4413199372959415,1.8225019735422199
542_pollution,LR,Sem vazamento,KNN,0.2,42.70607708150879,3.4325556918707623,3143.0597298605862,673.4442412959968,54.52156833129399,4.646131917461005,0.07453965274057955,0.17224983380364323
542_pollution,LR,Sem vazamento,KNN,0.3,34.95161245225725,2.428674821629131,2133.861777636426,497.449480903559,44.70503399646143,3.8640622964220417,0.385822655755555,0.12712706351842232
542_pollution,LR,Sem vazamento,mean,0.05,37.13484356404793,3.0898697790829344,2819.4175791891907,699.4141444494068,50.92970221626973,4.094359678714431,0.18752576019873154,0.158414149968566
542_pollution,LR,Sem vazamento,mean,0.1,39.94187032765711,8.341917408803841,5375.664593647659,6851.35610696243,56.73800380387525,22.179474367426238,-0.4499247085291446,1.8308253463681745
542_pollution,LR,Sem vazamento,mean,0.2,42.4042247363405,2.6265050922251922,3042.6648530711896,479.6942479437627,53.89264542332497,3.4859757901334554,0.10045915413586282,0.1328609367047881
542_pollution,LR,Sem vazamento,mean,0.3,34.80972352313692,2.19973903859392,2008.872434815644,399.21872053934015,43.7354815115514,3.292179364328463,0.4139707109244403,0.12252827829536041
542_pollution,LR,Sem vazamento,median,0.05,37.19109541502883,3.065735373524383,2830.759898518905,682.1834537715763,51.066052890745915,4.061367488064312,0.18344252235142186,0.15490331250943265
542_pollution,LR,Sem vazamento,median,0.1,39.90106026052359,8.22348940509312,5162.860386126747,6345.054353534608,56.39393190384005,21.29040075006039,-0.3947777401215158,1.692561935827039
542_pollution,LR,Sem vazamento,median,0.2,42.246033348120584,2.4104832336276627,3045.9171046661645,400.6824591594257,53.99622361379907,2.8691819664417277,0.094547645519505,0.12982051421430063
542_pollution,LR,Sem vazamento,median,0.3,34.862197298601934,2.095416467171448,2027.7893436260892,377.61052844575454,43.96008705616182,3.176209079790082,0.40724676111696434,0.11960516556145578
542_pollution,RF,Com vazamento,KNN,0.05,35.07415818277995,1.11596254134075,2002.3416453322413,98.64418872599079,44.04728239888899,1.2634354802558736,0.42894468427024707,0.05437476985613045
542_pollution,RF,Com vazamento,KNN,0.1,34.26745219930012,0.9357957778468533,1957.6391275866636,89.81879266279013,43.46551780135325,1.124056603713659,0.4467193435455336,0.04881999957700125
542_pollution,RF,Com vazamento,KNN,0.2,37.372547283596454,1.4125143433341962,2223.5266765162814,133.04366808667214,46.37726276467472,1.2932588307389727,0.36752012106620935,0.05215242532302004
542_pollution,RF,Com vazamento,KNN,0.3,34.454689136081264,1.7130245428632058,1963.9919061191458,151.77910772513442,43.56128986237565,1.7813264238477993,0.4435846232269683,0.06439528262184825
542_pollution,RF,Com vazamento,mean,0.05,35.14371736145019,1.0003055701153936,2007.4288878486302,87.8307758171913,44.1022231233101,1.0700715650424604,0.42914514710430324,0.04947258957616196
542_pollution,RF,Com vazamento,mean,0.1,34.20841814337836,1.0750335050980944,1953.9339172964912,105.80258941890641,43.43998672037653,1.2692365438961366,0.4473535707709497,0.05171774227320474
542_pollution,RF,Com vazamento,mean,0.2,38.24682506306966,1.7074608159043982,2312.73342282141,180.23672034513066,47.27704527920401,2.0814118774283417,0.34234117479806986,0.06570284712650976
542_pollution,RF,Com vazamento,mean,0.3,34.44478803507487,1.6884602287788544,1956.6781925634684,154.47997004006984,43.44466671225052,1.8926201572740764,0.4470818403208347,0.06471865960576578
542_pollution,RF,Com vazamento,median,0.05,35.209930124918614,1.3189613145770471,2012.647493086775,105.88136760210911,44.164498337112605,1.338138187738517,0.42463567432170385,0.05779117053099565
542_pollution,RF,Com vazamento,median,0.1,34.39698913913302,1.1990562281163242,1966.7501310822372,118.10869847800144,43.59127425908539,1.3888347470970037,0.44231114906743424,0.054774296851906726
542_pollution,RF,Com vazamento,median,0.2,38.427379750569656,1.857416674346149,2320.293877886163,185.6230010787303,47.36939337466692,2.109613976088247,0.33932887319808475,0.0695386723768821
542_pollution,RF,Com vazamento,median,0.3,34.46482815890841,1.6079489606478528,1956.6545523480572,147.14934842656425,43.44032126504174,1.8391618121842124,0.44727332126681746,0.06356662552222202
542_pollution,RF,Sem vazamento,KNN,0.05,35.29941101752386,1.4727887003754705,2014.162875385802,116.21280581594873,44.19593138997297,1.4226820718554678,0.4228446447850907,0.06164835784642629
542_pollution,RF,Sem vazamento,KNN,0.1,34.21997985331217,1.0773332104703086,1953.4524288992936,102.91589777706447,43.41918279519089,1.2623369798104953,0.44783152072623356,0.051754280395175295
542_pollution,RF,Sem vazamento,KNN,0.2,37.96094735039604,1.5727118883131608,2277.9720824967585,155.94729822394197,46.91316207186802,1.598334216546425,0.3492738530250823,0.055257399130457116
542_pollution,RF,Sem vazamento,KNN,0.3,34.22936068216959,1.5920423848012715,1939.4456300332047,140.65394443430026,43.24883208983139,1.6553027586855527,0.4536121134474371,0.059864821790608196
542_pollution,RF,Sem vazamento,mean,0.05,35.12147036573621,1.0937369487863162,2002.9745318366997,96.22200518931801,44.04552607849947,1.1874517057156078,0.4301824120513755,0.05215759735819073
542_pollution,RF,Sem vazamento,mean,0.1,34.25868752712673,1.1391335961320805,1958.7466742725237,112.25445326565111,43.484776562783715,1.3400349571283239,0.44592378537352745,0.05440808707198356
542_pollution,RF,Sem vazamento,mean,0.2,38.24848985799153,1.627365977379985,2310.5450854984297,170.83461541595034,47.257657714320544,1.9917977673020906,0.3423423024144387,0.06492490257554485
542_pollution,RF,Sem vazamento,mean,0.3,34.41458020019531,1.6509608444881247,1953.7344715425154,155.7285193334331,43.41589587707188,1.9181943774203831,0.4475488546340767,0.06562776770237212
542_pollution,RF,Sem vazamento,median,0.05,35.17982929992675,1.3483697361938454,2007.1756898691713,109.5310516856472,44.106503293546105,1.3594422901734258,0.42625167165739625,0.05900086278416778
542_pollution,RF,Sem vazamento,median,0.1,34.416667268541126,1.161129113530077,1971.1986604732476,115.88913202855923,43.634696236287475,1.3576919081261893,0.44094403025220047,0.05505800616865366
542_pollution,RF,Sem vazamento,median,0.2,38.44565348646375,1.7214938236302009,2326.3283596190763,178.8811138427684,47.4207021024352,2.073005166819199,0.33912742638454096,0.06727880626505607
542_pollution,RF,Sem vazamento,median,0.3,34.44152281697591,1.600273369631413,1950.3278760801377,134.85596037762883,43.40891000642005,1.6982199936651348,0.44716633841354764,0.06263674088449729
542_pollution,SVR,Com vazamento,KNN,0.05,34.999538250944475,3.6360760518502793,2257.3592013388447,666.9403398276141,45.779447512406705,4.968583246511025,0.35827239149964335,0.17730247202559926
542_pollution,SVR,Com vazamento,KNN,0.1,36.678375707268266,4.579048083988488,2712.3908272614904,1369.0987873560346,48.70905235428496,9.052617394458132,0.2412128374550193,0.3672808233823765
542_pollution,SVR,Com vazamento,KNN,0.2,37.58898940722559,3.191826444805281,2573.3086613611035,443.8561394780988,49.4701857937989,3.9825099082980926,0.25374726062981134,0.13299005666253225
542_pollution,SVR,Com vazamento,KNN,0.3,36.327297798061096,3.425411517013429,2316.27850156527,619.3601475427834,46.4554656951423,4.567427707167936,0.3485113973190965,0.1586769034351867
542_pollution,SVR,Com vazamento,mean,0.05,34.71252023411238,3.8408873478192973,2219.978770528906,690.9187653354956,45.39249909059859,5.404117157023584,0.37088312589351463,0.18780135306210388
542_pollution,SVR,Com vazamento,mean,0.1,36.0643384754898,4.032124114221581,2470.7505484093213,1082.500613440689,47.392868783878555,7.800409718871811,0.2916216932015255,0.2898163123900358
542_pollution,SVR,Com vazamento,mean,0.2,37.1204974531558,3.2158591060127875,2545.8037160742733,473.55451294441167,49.08570608326888,4.11818443322301,0.268688057312432,0.12265693031921243
542_pollution,SVR,Com vazamento,mean,0.3,35.47678887622027,3.2371545752998627,2119.054319664381,341.8240663795689,45.02999427633165,3.3646873511448367,0.38006997759880723,0.1311161071946224
542_pollution,SVR,Com vazamento,median,0.05,34.75309255049364,3.804687159712078,2228.776311933367,695.6385674545359,45.46020419453814,5.352446211529608,0.3683903535408984,0.1868942947799221
542_pollution,SVR,Com vazamento,median,0.1,36.04063703395405,4.221415524424131,2480.4094858533526,1125.992500914187,47.483374285729326,8.095374894630808,0.2890466558003311,0.2988553898957982
542_pollution,SVR,Com vazamento,median,0.2,37.05615660020486,3.265803169338166,2547.974530626509,488.35797386853443,49.15983459944206,4.261146778210562,0.26423795556031837,0.13519668499034046
542_pollution,SVR,Com vazamento,median,0.3,35.29520391393219,3.3964894322229617,2140.4117847163993,400.6077136441489,45.18899228109223,3.802515173211261,0.37653739708991213,0.1442831037592299
542_pollution,SVR,Sem vazamento,KNN,0.05,34.8032112517088,3.6896055458416326,2251.444380092432,672.1693317619255,45.71888393084899,5.019899584556825,0.35931772062377926,0.17886780437185962
542_pollution,SVR,Sem vazamento,KNN,0.1,36.720448114881876,4.548086245260183,2752.594274185953,1416.518695498842,48.962875469564686,9.162863444571125,0.22974258688752403,0.3794455536600473
542_pollution,SVR,Sem vazamento,KNN,0.2,37.287602687807976,3.4036640937314675,2557.0675061065017,486.97084841564487,49.282752226646146,4.25483797062338,0.25937562396886416,0.14914564689799392
542_pollution,SVR,Sem vazamento,KNN,0.3,36.21629381761135,3.9358213303790563,2367.603054825269,841.033263247317,46.525233768431214,5.833417687397838,0.33812269249569554,0.20639269250969342
542_pollution,SVR,Sem vazamento,mean,0.05,34.75272468652813,3.7932442815727354,2231.185051377767,703.1827358745011,45.463460354235146,5.420106713891428,0.3684429435299325,0.18937155022195756
542_pollution,SVR,Sem vazamento,mean,0.1,36.05044435947488,4.1486375293240245,2480.600641272425,1116.0453196771928,47.41829615499848,7.97457635241178,0.2893900745821139,0.2982023488067865
542_pollution,SVR,Sem vazamento,mean,0.2,37.03977671600654,3.3666889733908967,2533.02348302187,465.09180422485554,49.01484048507433,4.1095803539253515,0.27003524076122226,0.12305217341952278
542_pollution,SVR,Sem vazamento,mean,0.3,35.717512395155204,3.502325123191232,2167.0026049953367,391.75595031204114,45.38895765580176,3.8591773867883776,0.3737954140632113,0.13599407731165933
542_pollution,SVR,Sem vazamento,median,0.05,34.734011202999646,3.693867250794284,2224.2256480519914,679.498434381718,45.432448714523275,5.236461609346983,0.3688967304099431,0.182885397106
542_pollution,SVR,Sem vazamento,median,0.1,36.05649390949272,4.236169133438752,2485.362415407887,1141.958885132394,47.50817878020998,8.166563418058029,0.28739021563955525,0.3027834388418652
542_pollution,SVR,Sem vazamento,median,0.2,37.57094260254927,3.2012561064664045,2584.048955002878,459.31533870856015,49.55008933118655,3.844926902858365,0.24974016099610805,0.1289140970050718
542_pollution,SVR,Sem vazamento,median,0.3,35.17090962163917,3.265142823093742,2110.9427921346046,354.10064574677995,44.95487368357388,3.5402776266576987,0.38260653659228683,0.1382210172606376
560_bodyfat,DT,Com vazamento,KNN,0.05,0.56891537363094,0.0357060540154107,2.8466535283763625,0.23241454236724188,1.561832384907447,0.08384692479600966,0.959091911208263,0.0034746738524504607
560_bodyfat,DT,Com vazamento,KNN,0.1,0.5804233172188992,0.06439323942225446,3.078796372139705,0.5705674838078536,1.5968652883819618,0.1436137132990013,0.9557639799907828,0.009214631111257011
560_bodyfat,DT,Com vazamento,KNN,0.2,0.5392857397359515,0.05676960220341817,2.47354508512281,0.4923483487661262,1.4605504642707388,0.17993902576061666,0.9644041112278446,0.006481535424337231
560_bodyfat,DT,Com vazamento,KNN,0.3,0.5538359973481093,0.05152174187047623,2.649510679675934,0.2728619083483973,1.5008826189930964,0.10228283964372241,0.9615946756096406,0.005715824943749651
560_bodyfat,DT,Com vazamento,mean,0.05,0.5443122041603875,0.05643445458802363,2.654034502741673,0.529411182338013,1.4936001032043562,0.15610112061163395,0.9618244862460901,0.006177002218069432
560_bodyfat,DT,Com vazamento,mean,0.1,0.5621032055329394,0.08292105587260158,2.584530537668192,0.6848782510167327,1.469187283229193,0.23672051195159974,0.9627148788302223,0.010398043001222861
560_bodyfat,DT,Com vazamento,mean,0.2,0.5578703967824815,0.04003610455819225,2.819080795892175,0.5304947172198384,1.5382751118407416,0.14902842879958675,0.9589628573152584,0.00822876483625743
560_bodyfat,DT,Com vazamento,mean,0.3,0.569709040106289,0.07312306530569207,2.945873123567084,1.0494948321168966,1.6022819424285617,0.2950195997723341,0.9570933517507275,0.015213102641926757
560_bodyfat,DT,Com vazamento,median,0.05,0.5439153804034783,0.05656823191337449,2.6537567251783445,0.5294350947419235,1.4934410567153922,0.15606158893843056,0.96182778091906,0.006178168082674729
560_bodyfat,DT,Com vazamento,median,0.1,0.562235482431278,0.0823893915004804,2.5846363590859465,0.6846701833552855,1.4691703303131867,0.2366045062591779,0.9627146147127194,0.010394445751221346
560_bodyfat,DT,Com vazamento,median,0.2,0.5587963191447435,0.033321477645522186,2.8213559293625536,0.4997158704151357,1.5369963548406644,0.12252616045281123,0.9587467332783411,0.0073374001132591295
560_bodyfat,DT,Com vazamento,median,0.3,0.5490079840260839,0.0476724533895369,2.4858004019268165,0.3573693861862038,1.467374984301024,0.14570421441358505,0.9640291305123525,0.0062061192819073815
560_bodyfat,DT,Sem vazamento,KNN,0.05,0.558267227753445,0.03265795466617388,2.7734061742889904,0.3308336629010142,1.5345095894963172,0.09770509332172499,0.9600122020120992,0.003971207248032961
560_bodyfat,DT,Sem vazamento,KNN,0.1,0.5738095621031428,0.07269770554819453,2.9429498320601635,0.7048414051076588,1.5559453711162312,0.17461362253144228,0.9576222749862099,0.010505327759010844
560_bodyfat,DT,Sem vazamento,KNN,0.2,0.5504629865840629,0.05358428252325688,2.7298744335885594,0.5856320391767909,1.5197076094616115,0.1715311019244489,0.9606593500194446,0.007248653077219055
560_bodyfat,DT,Sem vazamento,KNN,0.3,0.5451719849197952,0.05573971803080006,2.703035811140566,0.8386277445099576,1.5157880102518513,0.22520764786035488,0.9610253475301604,0.011673552677831957
560_bodyfat,DT,Sem vazamento,mean,0.05,0.55105823905222,0.053994874700156015,2.7294313331055466,0.6061996013609798,1.5079667852911045,0.15915496160859893,0.9606669011285147,0.007530074319829316
560_bodyfat,DT,Sem vazamento,mean,0.1,0.5625000305513226,0.08300343296128848,2.584676039783876,0.6849396541013467,1.4692126084323747,0.23674690585289232,0.9627131656971347,0.010398492293455762
560_bodyfat,DT,Sem vazamento,mean,0.2,0.5580026717886093,0.040059696814710846,2.8191866159223067,0.5306302648155649,1.5382948887493892,0.1490348010369374,0.9589612347192085,0.008230490177557266
560_bodyfat,DT,Sem vazamento,mean,0.3,0.5693783522756012,0.07300269353117528,2.9455887308721334,1.049602482058874,1.602205390853866,0.29503645740143997,0.9570968864990972,0.015214244437976953
560_bodyfat,DT,Sem vazamento,median,0.05,0.543783105081982,0.056653349961567026,2.6536244497937744,0.5296123342506549,1.493375692585519,0.1561395475834728,0.9618294415126288,0.006179986853693023
560_bodyfat,DT,Sem vazamento,median,0.1,0.5296957997417954,0.05510386403231809,2.315509376766022,0.3987606415254488,1.4083774303322798,0.17493194613352875,0.9666642183362167,0.005844496495074145
560_bodyfat,DT,Sem vazamento,median,0.2,0.5621693432725297,0.038375072157814334,2.8915080482939195,0.5048576046605517,1.548391119915599,0.14758529211670743,0.9576284849440415,0.00797459563902474
560_bodyfat,DT,Sem vazamento,median,0.3,0.5425264946130849,0.045956758462560254,2.515086091292112,0.3878940539453619,1.4558218640637455,0.16509272788332327,0.9637261773779197,0.0067525296067712185
560_bodyfat,KNN,Com vazamento,KNN,0.05,2.7238624024328097,0.12662327381110286,11.840440114825102,0.9156834704920427,3.4219913409511946,0.14292650089987094,0.8266325851625803,0.017245693792923046
560_bodyfat,KNN,Com vazamento,KNN,0.1,2.720833316319203,0.11917197664199514,11.858250472574118,0.8367692598659248,3.423824068517527,0.12911130216466513,0.8267799398638199,0.015166782048118457
560_bodyfat,KNN,Com vazamento,KNN,0.2,2.7632274719221255,0.10555184092047423,12.277955983099728,0.9889285349717499,3.484923473655176,0.14835627457870615,0.8202845373268309,0.0187646854132741
560_bodyfat,KNN,Com vazamento,KNN,0.3,2.789206328010433,0.10415339634718676,12.420208405375668,0.8614819397665148,3.5057355110149975,0.12926571134901596,0.8183898813232027,0.0163572861927264
560_bodyfat,KNN,Com vazamento,mean,0.05,2.739986744396901,0.12455495370119674,12.027169509409331,0.9294952698625427,3.449726257279062,0.14346842076589808,0.8238251367552368,0.017096862522246004
560_bodyfat,KNN,Com vazamento,mean,0.1,2.69033066885812,0.11477524450088432,11.756351520429446,0.9259356709644864,3.4069353971381084,0.1410645031315072,0.8286293321181738,0.016231094474114572
560_bodyfat,KNN,Com vazamento,mean,0.2,2.853386228779952,0.10670703250651287,13.401522053152403,0.8275549814176804,3.641813237406708,0.11707646843451028,0.8041989374131212,0.016360495227339244
560_bodyfat,KNN,Com vazamento,mean,0.3,2.8228968283013693,0.059346459041953833,12.519554208928625,0.5452417325657735,3.5229267800862214,0.0871894942826618,0.816782994854552,0.011123462136425878
560_bodyfat,KNN,Com vazamento,median,0.05,2.716560814856852,0.13931246250387092,11.88431420944278,1.0146508329444017,3.4277709783547308,0.15738962550500174,0.8259314447614136,0.01832378649792371
560_bodyfat,KNN,Com vazamento,median,0.1,2.685992042885887,0.11229500547184482,11.757185921255413,0.9415925928211418,3.407270385100926,0.14349940014016058,0.8285897712185317,0.016465901933517865
560_bodyfat,KNN,Com vazamento,median,0.2,2.8467989277981576,0.11424416619480396,13.252124711736911,0.8275925407185046,3.6198507376193483,0.1196350732046736,0.8064819755951363,0.016814221117005597
560_bodyfat,KNN,Com vazamento,median,0.3,2.823531743379497,0.07143871851411968,12.519423507985357,0.5346791034999662,3.52282807779047,0.08542399581682383,0.8169376709367663,0.010689607277036413
560_bodyfat,KNN,Sem vazamento,KNN,0.05,2.72193118529345,0.12359184570395088,11.850784030361707,0.9046724952562573,3.423880553919277,0.14141552918862807,0.8263299164601591,0.017064150682853947
560_bodyfat,KNN,Sem vazamento,KNN,0.1,2.709074049415412,0.11906672422419677,11.883762910420854,0.9127222999703153,3.427015353883403,0.14099392125128452,0.826367079459431,0.01656786290177165
560_bodyfat,KNN,Sem vazamento,KNN,0.2,2.785978797661565,0.11151435411118037,12.390580839838037,1.0332940535285324,3.49999112195321,0.15645695949573132,0.8189045329446883,0.019415390505203044
560_bodyfat,KNN,Sem vazamento,KNN,0.3,2.764338604837814,0.10907206124895313,12.20187931823913,0.9661882454404273,3.4744938459702035,0.14918461584453732,0.8216351539227307,0.01700702337333839
560_bodyfat,KNN,Sem vazamento,mean,0.05,2.73560843772043,0.12231911837928365,11.996237496863458,0.9096910763313838,3.4453151469655414,0.14067503935833398,0.8242738362519636,0.016812065924746433
560_bodyfat,KNN,Sem vazamento,mean,0.1,2.698743367983551,0.1232876390259345,11.746785911246626,0.9790264108832921,3.4055669385399594,0.14869955132194532,0.8286314823354729,0.017304092050048684
560_bodyfat,KNN,Sem vazamento,mean,0.2,2.8569841134879326,0.10089083091993103,13.428050105011641,0.8023244001941009,3.6456224009900686,0.11326019644711216,0.8039362888907857,0.016013041692522646
560_bodyfat,KNN,Sem vazamento,mean,0.3,2.8297486782073977,0.05794699448500169,12.548308694208544,0.5343421239301118,3.527126229855074,0.08511236469318935,0.8163864803535757,0.01087656806517864
560_bodyfat,KNN,Sem vazamento,median,0.05,2.7155422951020896,0.13642066100288242,11.869801240808988,0.9982574554604627,3.425875321466266,0.1554484662975824,0.8261812754866056,0.018160078726424243
560_bodyfat,KNN,Sem vazamento,median,0.1,2.693756593345965,0.12174546567560487,11.766300459458757,0.9347046444389162,3.4079347407779355,0.14273510094796482,0.828483939518761,0.016684984161118094
560_bodyfat,KNN,Sem vazamento,median,0.2,2.849470885129518,0.11335394080133111,13.263907250286394,0.8351999099839593,3.621370711195746,0.12002838114057991,0.8062098806309644,0.016817473330144193
560_bodyfat,KNN,Sem vazamento,median,0.3,2.831455026527561,0.06655829280445734,12.56057931378026,0.5101372350974558,3.5284575586973035,0.08149022243897767,0.8163607407641881,0.010073341980194295
560_bodyfat,LR,Com vazamento,KNN,0.05,0.5536877940740953,0.0150552398925819,1.9937343037500181,0.025082758688589127,1.2418617498869926,0.05086807824824543,0.9707574600792567,0.0029328785775703044
560_bodyfat,LR,Com vazamento,KNN,0.1,0.5554779184607505,0.015037021440235365,2.007225983210462,0.02076412405777942,1.2486344656945267,0.05423980757258785,0.970547117911909,0.0028624701826167253
560_bodyfat,LR,Com vazamento,KNN,0.2,0.5743417845658015,0.028154185671265406,2.107903000982525,0.0905887650381208,1.2991050904321058,0.06270988166558077,0.9690760029580242,0.003581049966407042
560_bodyfat,LR,Com vazamento,KNN,0.3,0.5624862550943003,0.013827032109223614,2.0117644904272045,0.024167958523724838,1.2508713644745073,0.04543898010089899,0.9704932683148244,0.0029008394158365094
560_bodyfat,LR,Com vazamento,mean,0.05,0.5506971279132616,0.01609556338939103,1.9886381082262032,0.027517867764019818,1.2386938107773147,0.049985824723811106,0.9708324068576114,0.002948280524853725
560_bodyfat,LR,Com vazamento,mean,0.1,0.5563890493627998,0.011751922731741605,2.009498762754339,0.015933247682936576,1.250942050811476,0.05355533775590208,0.9705117103754205,0.0028153011578810937
560_bodyfat,LR,Com vazamento,mean,0.2,0.5772620423837357,0.01601765280852203,2.0718351785470595,0.03493007570413781,1.2880972382474882,0.06332590048397799,0.9695151276179943,0.0027751695145099256
560_bodyfat,LR,Com vazamento,mean,0.3,0.5634620688913589,0.013395791841297583,1.9964298885439102,0.026685295945791613,1.2480087600496637,0.057192686455322723,0.9706857317405645,0.0026989323935417567
560_bodyfat,LR,Com vazamento,median,0.05,0.5504957595785768,0.016000758579355404,1.9880934483281483,0.027354953041627373,1.2384861579288529,0.050069263885713915,0.970842205548081,0.0029473564788684665
560_bodyfat,LR,Com vazamento,median,0.1,0.5562587424365362,0.011818594241288359,2.0089522540161515,0.01621216042940332,1.2506291386742578,0.05352844370233538,0.9705206581985147,0.0028177933541687077
560_bodyfat,LR,Com vazamento,median,0.2,0.5784025844760206,0.015924592572824716,2.0754610326791325,0.034191834087739036,1.290004153063011,0.06268610347462737,0.9694577655367218,0.0027703647626163876
560_bodyfat,LR,Com vazamento,median,0.3,0.5633738087633884,0.013327996923180561,1.9962075198539342,0.026608862616659193,1.247983275049454,0.057063383774745895,0.9706891630102907,0.0026987243970995355
560_bodyfat,LR,Sem vazamento,KNN,0.05,0.553618348864479,0.015270818956320816,1.9932199514651812,0.02566661504845132,1.2416043485369779,0.05116722490946445,0.9707647525315114,0.002932337593287973
560_bodyfat,LR,Sem vazamento,KNN,0.1,0.5568932686473934,0.01455260737993469,2.0086861793503377,0.020030748429169697,1.2497894114716293,0.05417586013332011,0.9705254621378995,0.0028524613429589396
560_bodyfat,LR,Sem vazamento,KNN,0.2,0.5733970185528527,0.02768137640207265,2.1048711085370346,0.0795369452047104,1.29829424046181,0.0653496722537488,0.9691224034290545,0.003380012275943681
560_bodyfat,LR,Sem vazamento,KNN,0.3,0.5642506140420167,0.012443614250491853,2.012492131552403,0.018836981374958452,1.2528986646929339,0.047534493381359476,0.9704924089799537,0.0028918695233120465
560_bodyfat,LR,Sem vazamento,mean,0.05,0.5506823516520437,0.016007029170408495,1.988592040554151,0.02739445268338458,1.2386839713511784,0.05000656927708975,0.9708330451866951,0.002945638937847313
560_bodyfat,LR,Sem vazamento,mean,0.1,0.5565905768098584,0.011619395695254837,2.010189578210199,0.015403819237318993,1.2513943491362725,0.05353174230867151,0.970500599879821,0.0028064846013580833
560_bodyfat,LR,Sem vazamento,mean,0.2,0.5768546271903572,0.01617721952449618,2.0706365474689403,0.03516992253418188,1.2875145452809036,0.06390722938190414,0.9695320865041785,0.0027705419612842437
560_bodyfat,LR,Sem vazamento,mean,0.3,0.5632059968992301,0.013354014843758805,1.99541730467596,0.0261722651509732,1.247598628421728,0.05706557937464939,0.9707024524045584,0.002696829283198138
560_bodyfat,LR,Sem vazamento,median,0.05,0.5505186019087926,0.01603615955955526,1.9881290324665921,0.027372950639526137,1.2385062273831167,0.04997911928456366,0.9708421103002265,0.0029468303087687793
560_bodyfat,LR,Sem vazamento,median,0.1,0.5564340215847031,0.011693916004763256,2.009517723593731,0.015518395122520337,1.2510269632181723,0.0534286441568667,0.9705109199488805,0.0028027460866720372
560_bodyfat,LR,Sem vazamento,median,0.2,0.5782222528138514,0.016123800010594675,2.074595849857127,0.03410812874885527,1.2896017593801772,0.06279959611845658,0.9694708149548726,0.002766978266146308
560_bodyfat,LR,Sem vazamento,median,0.3,0.562954646209546,0.013069166203397344,1.9950573942540568,0.02583564079997161,1.2475897686099722,0.0569847570781652,0.9707052143351603,0.0026914484228271326
560_bodyfat,RF,Com vazamento,KNN,0.05,0.45723146968811895,0.037242657674131534,2.196684738850592,0.25533426343799254,1.3524074313271603,0.11803147527596444,0.9685880011480986,0.003971566161765437
560_bodyfat,RF,Com vazamento,KNN,0.1,0.4561130888172715,0.03565206769912304,2.1935140075146955,0.2457904577723014,1.3496386678142198,0.11430318405102201,0.9686407650837093,0.003916170127325689
560_bodyfat,RF,Com vazamento,KNN,0.2,0.456745352700116,0.03444841878956325,2.186800544513369,0.2443473189820166,1.351034222328133,0.10876721223096449,0.9687118366584854,0.0037075035284385434
560_bodyfat,RF,Com vazamento,KNN,0.3,0.45550263444109557,0.03740895599918191,2.204682801101046,0.2560644678723005,1.3577734400613393,0.11627871263199913,0.9684172698335126,0.004100145649102692
560_bodyfat,RF,Com vazamento,mean,0.05,0.4590442971577719,0.03682334215170631,2.207317451408288,0.2620125980541977,1.357075482729474,0.11824256184145981,0.968437284060654,0.003990279904450885
560_bodyfat,RF,Com vazamento,mean,0.1,0.45851586189061866,0.03613732600792668,2.204180846865319,0.2634948369705552,1.351747251129028,0.11803881215738321,0.9684685647986652,0.00415173954983654
560_bodyfat,RF,Com vazamento,mean,0.2,0.45492459308020955,0.03228971768374354,2.2200103136983684,0.27440852957995204,1.3612474318922405,0.12018186199523721,0.9682034800933114,0.004115226939481201
560_bodyfat,RF,Com vazamento,mean,0.3,0.45756942854711297,0.03626597451124951,2.2129092696739097,0.25290318140653323,1.3586850081015127,0.11195865129418875,0.9683221958113492,0.003980016630962282
560_bodyfat,RF,Com vazamento,median,0.05,0.4590099039259882,0.036862838572754186,2.2071354266112393,0.26192486884499927,1.3569724460382602,0.11829411572336355,0.9684399607046094,0.003991169619807564
560_bodyfat,RF,Com vazamento,median,0.1,0.45674668170117494,0.03610125992395862,2.1936014690330894,0.25961684678567587,1.3478118001480153,0.11757647192375947,0.96861347589698,0.004085749335592847
560_bodyfat,RF,Com vazamento,median,0.2,0.45558993806481035,0.031715658917896565,2.212134442156835,0.2712072053393761,1.3584436695818425,0.11709387812172521,0.9683141415116655,0.004080543004532868
560_bodyfat,RF,Com vazamento,median,0.3,0.455089938192377,0.03566467867115921,2.2158664192966513,0.26474783970932436,1.3593928426802224,0.1143593635808619,0.9682856364996001,0.004106080330660518
560_bodyfat,RF,Sem vazamento,KNN,0.05,0.4572909932165705,0.03723752412506383,2.197115576254095,0.2542760596843452,1.3526460817488335,0.11805242225797055,0.9685778137594773,0.003971331991756913
560_bodyfat,RF,Sem vazamento,KNN,0.1,0.45649734746211407,0.037151251290073815,2.1924265587606455,0.2521383037672686,1.3489120858192063,0.1172410699892387,0.9686479333166629,0.004012541748303621
560_bodyfat,RF,Sem vazamento,KNN,0.2,0.4574014343518427,0.033366464159520645,2.1920004280132246,0.24188714466239739,1.3520598241351953,0.10583859580380689,0.9686368591049385,0.0036830760583136317
560_bodyfat,RF,Sem vazamento,KNN,0.3,0.45479033856440765,0.03802467540045108,2.2052493516335905,0.2634110067947263,1.3571087890028701,0.11729787169592876,0.968412266325839,0.004160573292536658
560_bodyfat,RF,Sem vazamento,mean,0.05,0.45879892458636595,0.036513879605446865,2.2070654693636294,0.2620030978043432,1.3569530590847492,0.1183016683143995,0.9684407149428544,0.003989231014141481
560_bodyfat,RF,Sem vazamento,mean,0.1,0.4575449610879969,0.036248057134494596,2.1995667144664663,0.26206770516313227,1.349504434978036,0.11767945090997967,0.9685334599603124,0.004102531517327579
560_bodyfat,RF,Sem vazamento,mean,0.2,0.4547301483142469,0.03185715453690159,2.219762256315876,0.27375549342690997,1.361197589821116,0.11985321115759001,0.9682072850916073,0.004108216686554642
560_bodyfat,RF,Sem vazamento,mean,0.3,0.4574596419398273,0.036337713704219676,2.2124055698915446,0.25498479846912414,1.3582227715030069,0.11323992635128063,0.9683299132732256,0.004007255900026765
560_bodyfat,RF,Sem vazamento,median,0.05,0.4589106975866371,0.03690857280739075,2.2069778644297546,0.26189109527207965,1.3563847415911499,0.11861756519777848,0.9684416981281938,0.003978487377809753
560_bodyfat,RF,Sem vazamento,median,0.1,0.45649403470691535,0.03809776014120192,2.2010825257285043,0.26949465756664703,1.3509403046394421,0.1216547853638673,0.9685158660849473,0.004171159412911578
560_bodyfat,RF,Sem vazamento,median,0.2,0.4521223421532798,0.0322616777662456,2.2062986511358336,0.277022267195745,1.355235244971509,0.12226250606910896,0.9684136932440848,0.004156315632549266
560_bodyfat,RF,Sem vazamento,median,0.3,0.4551316043052565,0.03593593761458723,2.214077839123855,0.2647831795703226,1.3573714461502864,0.11603775107645976,0.9682990327414694,0.004137221059378692
560_bodyfat,SVR,Com vazamento,KNN,0.05,0.5405417753456186,0.012664826929466076,1.8546158570117575,0.07078475539357927,1.1680772031420206,0.0797472179638199,0.9727617400916321,0.003038720905332037
560_bodyfat,SVR,Com vazamento,KNN,0.1,0.542931404974855,0.019801212658522138,1.8466436407367575,0.06840368189890805,1.1660079433381854,0.08347871292133989,0.9728666023710434,0.0029144391441271304
560_bodyfat,SVR,Com vazamento,KNN,0.2,0.5440285558298481,0.02037580157386122,1.8341603093102454,0.08864789394734385,1.1613677432991347,0.07206233463476656,0.9730664078698656,0.0032688995869832845
560_bodyfat,SVR,Com vazamento,KNN,0.3,0.5549946044067035,0.023331025840905652,1.9063380755953456,0.05974096309301756,1.1917783112096128,0.0813523206038374,0.9719762505916846,0.0030162628555592767
560_bodyfat,SVR,Com vazamento,mean,0.05,0.5422675383531018,0.0200521196786609,1.8784027417729412,0.08638467064662698,1.1768894888939896,0.0773374287611871,0.9724324768630908,0.0031973260737686387
560_bodyfat,SVR,Com vazamento,mean,0.1,0.5414879882036823,0.01862967797050251,1.8599792928538144,0.0675063806968471,1.1714971289657357,0.07916884975424499,0.9726975426096883,0.0030755139448275953
560_bodyfat,SVR,Com vazamento,mean,0.2,0.5400901697972134,0.01266194980498005,1.8519838088788838,0.021707199798478197,1.166508396950153,0.06943787681918369,0.9728513707283538,0.0027141674536654992
560_bodyfat,SVR,Com vazamento,mean,0.3,0.5417601974032559,0.023668076232832052,1.8485569175727974,0.046906281447709024,1.168918633913014,0.07627455442765634,0.9727743364863811,0.003079674435684705
560_bodyfat,SVR,Com vazamento,median,0.05,0.5416136183326072,0.019932748596092547,1.8737145468656724,0.08186098189771739,1.175615772891846,0.07779985219679882,0.9724972599054179,0.0032014174966830964
560_bodyfat,SVR,Com vazamento,median,0.1,0.5421518333751617,0.019456707949688234,1.8612122987608342,0.06716269001779454,1.171956676621018,0.07949593350801236,0.9726774145786022,0.0030253969030405643
560_bodyfat,SVR,Com vazamento,median,0.2,0.5413301174859096,0.014807704303508891,1.8464161862910677,0.025702060102036114,1.166555163649535,0.06997111444319969,0.9729322217447695,0.002637787773984586
560_bodyfat,SVR,Com vazamento,median,0.3,0.5412921818017741,0.02315596595997162,1.84740732310331,0.0479036102745711,1.168816900782667,0.07625476464738504,0.972798840378899,0.003068254148250244
560_bodyfat,SVR,Sem vazamento,KNN,0.05,0.5405043596610851,0.01433848345524226,1.851573155374844,0.06543004855893018,1.1674984758537859,0.07978508802239102,0.972798405254053,0.003046809017487828
560_bodyfat,SVR,Sem vazamento,KNN,0.1,0.5433381303003856,0.020986098895924114,1.846216328573969,0.07334168217265784,1.1668662159478351,0.08300372639764049,0.9728872855823291,0.002959583680810652
560_bodyfat,SVR,Sem vazamento,KNN,0.2,0.5394680670068047,0.026999887891226756,1.83943703719211,0.0663133580307372,1.1656355528559745,0.07211165861775237,0.9729543958835577,0.003305786142140154
560_bodyfat,SVR,Sem vazamento,KNN,0.3,0.5626583133358599,0.023035355842822205,1.9191339021344522,0.0642139710995749,1.197178019777516,0.08147512822356096,0.9717785854362218,0.0031560729810763497
560_bodyfat,SVR,Sem vazamento,mean,0.05,0.5428228672625598,0.018851777178343625,1.8791021081771737,0.08645143329965206,1.1773579342737837,0.07662091851674113,0.9724221332333857,0.003181978949115874
560_bodyfat,SVR,Sem vazamento,mean,0.1,0.5428745638195349,0.02063829103068389,1.8629316989274909,0.06839228390269246,1.173138846469711,0.08060439305136884,0.9726483154238242,0.0030585613988418593
560_bodyfat,SVR,Sem vazamento,mean,0.2,0.5388521154999589,0.011304614249207158,1.8465605785653867,0.02226423860512903,1.164330916187473,0.06875948494753227,0.9729402404568942,0.0027540769049751567
560_bodyfat,SVR,Sem vazamento,mean,0.3,0.5392761464865289,0.022910620430380134,1.845228192482575,0.04552011232592647,1.166265004892714,0.07439898867552783,0.9728400694442989,0.003065065266665324
560_bodyfat,SVR,Sem vazamento,median,0.05,0.5414149830661511,0.01972587015282319,1.874260316109346,0.08267449426068432,1.1757506993743063,0.07757338647222876,0.9724924050471415,0.0031875119616169363
560_bodyfat,SVR,Sem vazamento,median,0.1,0.5435590248471541,0.020668188118464013,1.8631884821550744,0.06428768394819527,1.1740927905615903,0.08103964965624101,0.9726399706354928,0.0029969661922116305
560_bodyfat,SVR,Sem vazamento,median,0.2,0.5408992645944859,0.013911561424155701,1.844282562831309,0.024343598662586344,1.16564146485676,0.07015856976324364,0.9729693004391659,0.002633085470445222
560_bodyfat,SVR,Sem vazamento,median,0.3,0.540295418921116,0.023288213391025693,1.8480631537940828,0.04710996774089821,1.1688628255584013,0.07607177940382599,0.9727909830701291,0.0030618614417248402
564_fried,DT,Com vazamento,KNN,0.05,1.576848506227262,0.005088686494879608,4.068413547086703,0.028417032344831946,2.016878102063087,0.006952809249377863,0.8370464287022924,0.0011178220825393559
564_fried,DT,Com vazamento,KNN,0.1,1.5783299008196536,0.003627553428715819,4.064910331946552,0.020918583466263935,2.016044244882328,0.0050887308491322746,0.8371816021719413,0.0008138049331935203
564_fried,DT,Com vazamento,KNN,0.2,1.5776452638226166,0.0015750874850482617,4.066639091640436,0.016264613163162703,2.0165062298848073,0.00400374091687844,0.8371141428871942,0.0006481417827397749
564_fried,DT,Com vazamento,KNN,0.3,1.5795775248704969,0.005006252464472113,4.075259508433896,0.030633706970233997,2.0185986186454747,0.007498948618458267,0.8367698978791499,0.0012063943088526695
564_fried,DT,Com vazamento,mean,0.05,1.5798282520516267,0.0038708983056158393,4.073286422168352,0.024662511272310762,2.0181088554222484,0.0060527290958590696,0.8368530255388337,0.0009673093435905298
564_fried,DT,Com vazamento,mean,0.1,1.5781839891745744,0.004757436434232367,4.071910456896403,0.03095889999798773,2.0177829981586286,0.007585996519633884,0.8369025947027485,0.001221941156971258
564_fried,DT,Com vazamento,mean,0.2,1.57782934024882,0.002679657078871524,4.0596957448730775,0.01618611764797769,2.014761708779145,0.004004121830650152,0.8373907849518433,0.0006620858026182588
564_fried,DT,Com vazamento,mean,0.3,1.576711113904626,0.005622617244189394,4.061185018811087,0.032482069622417536,2.015104573556074,0.007992788434472224,0.837331022802951,0.0012676768542706845
564_fried,DT,Com vazamento,median,0.05,1.5798619797433242,0.00440602341541627,4.075726743987745,0.020173151654595198,2.0187131942641705,0.00492986938035358,0.8367519299645337,0.0007853037556825719
564_fried,DT,Com vazamento,median,0.1,1.578197251206453,0.005085954513237371,4.067769146810464,0.030674169406503735,2.016740653662749,0.007542365913029096,0.8370744675091162,0.0012052342870993219
564_fried,DT,Com vazamento,median,0.2,1.578058871693706,0.0036733091520929594,4.063456600763254,0.028556531217603844,2.015694819307282,0.007048468095251509,0.8372398096163155,0.0011553077082845043
564_fried,DT,Com vazamento,median,0.3,1.576855340882048,0.006086674021763188,4.067526921360364,0.028344263788909106,2.016690535613097,0.0069622444348347865,0.8370776276766231,0.0011267009596413334
564_fried,DT,Sem vazamento,KNN,0.05,1.578643123753736,0.004853344886396379,4.070139136027486,0.02707051926652623,2.017311500908337,0.006641947700275573,0.8369769096303274,0.0010823034454681517
564_fried,DT,Sem vazamento,KNN,0.1,1.5791884535984033,0.00304094297398746,4.072407079931925,0.021863259571596114,2.0179141732146295,0.00536394750132054,0.8368870761099702,0.0008580224599041305
564_fried,DT,Sem vazamento,KNN,0.2,1.5802647034312143,0.0034341646006028287,4.079510414979804,0.014527743862141843,2.019693540467912,0.003572398886397884,0.8365929028899024,0.0006038647642227039
564_fried,DT,Sem vazamento,KNN,0.3,1.580743766899919,0.005243371998046495,4.0809090704249735,0.024590388685983386,2.0199902682611373,0.006038942289455437,0.8365422467562279,0.0009799582767940054
564_fried,DT,Sem vazamento,mean,0.05,1.5796179443045324,0.0032828853121339777,4.072452531108752,0.022216899475848303,2.0178958204876443,0.005437198560559476,0.8368859462431743,0.0008670943894152392
564_fried,DT,Sem vazamento,mean,0.1,1.5775977124887444,0.004846559678567688,4.071109793251153,0.03298221431803333,2.017571278013967,0.0080675472557257,0.8369366072812415,0.0013053587512146308
564_fried,DT,Sem vazamento,mean,0.2,1.5779537559264085,0.0023925174138308986,4.059706383996144,0.015022173068826748,2.0147650695006534,0.0037057734382366643,0.8373895121494591,0.0006075415956412809
564_fried,DT,Sem vazamento,mean,0.3,1.5764445204733752,0.005437307370049842,4.060048958059908,0.031172574828062613,2.014807025618936,0.007672512918099106,0.8373768407515589,0.0012138549249355866
564_fried,DT,Sem vazamento,median,0.05,1.5797219920370955,0.004309881918067883,4.073030843419344,0.02071729693923561,2.018045568650207,0.005056122562464307,0.8368603315866961,0.0008063673190053378
564_fried,DT,Sem vazamento,median,0.1,1.5782416159964996,0.004167310254778546,4.070375236190432,0.02703850285921522,2.017402693919678,0.006618027593085101,0.8369600294476259,0.0010489728485440178
564_fried,DT,Sem vazamento,median,0.2,1.57795713732012,0.0020027472751887976,4.060564669381924,0.016437231985045014,2.014978722960954,0.004095764202254912,0.8373559220992791,0.0006671687006941602
564_fried,DT,Sem vazamento,median,0.3,1.5762461328212611,0.004274574536029139,4.062482190661849,0.023512484077797394,2.015428485339672,0.005731705937133251,0.8372840088599972,0.0009210296502039224
564_fried,KNN,Com vazamento,KNN,0.05,1.5520312765975541,0.002862443251437215,3.874416301076408,0.013879970252010109,1.968308227785098,0.003522093989560336,0.8448194146090254,0.0005545335713080442
564_fried,KNN,Com vazamento,KNN,0.1,1.5516609985236256,0.0028739409232015657,3.8601608698855863,0.013141368009915323,1.9646981959922538,0.0033499387877107467,0.8453871912826739,0.0005303580932040303
564_fried,KNN,Com vazamento,KNN,0.2,1.548398092281488,0.002076687571786724,3.855456278291354,0.010361636787627674,1.9634824314287778,0.0026370860148796967,0.8455804166229811,0.00042516645899713174
564_fried,KNN,Com vazamento,KNN,0.3,1.549844518761004,0.004700509555930289,3.8559664711647756,0.020146347711862172,1.9636097809546105,0.005134237176790793,0.8455583435316275,0.0007926694382059528
564_fried,KNN,Com vazamento,mean,0.05,1.5544556552504638,0.0025251235909787375,3.8824277608499176,0.01556877560212072,1.970344380219344,0.003948078626303947,0.8444974767659538,0.000626996645783283
564_fried,KNN,Com vazamento,mean,0.1,1.5580607992299338,0.0030371742932361777,3.8893799128595687,0.015801008764838687,1.9721150446305222,0.00401483735018473,0.8442187826918484,0.0006348366840400973
564_fried,KNN,Com vazamento,mean,0.2,1.5567459667392936,0.001879319984508626,3.8979611167270707,0.011140218858541865,1.974284155649608,0.002814389347210281,0.8438732594126656,0.0004559532215775774
564_fried,KNN,Com vazamento,mean,0.3,1.559060387321919,0.0029639000169767006,3.907068445180883,0.013710550904728735,1.9765886396357544,0.003487664116490742,0.8435101045418999,0.0005381590857289918
564_fried,KNN,Com vazamento,median,0.05,1.5545283135712271,0.0024913861956582404,3.8830547843428285,0.015633955209996574,1.970502480969891,0.003964971188325245,0.8444726810461396,0.0006289526123277319
564_fried,KNN,Com vazamento,median,0.1,1.5579478830344913,0.0029250225117495097,3.8891299373065285,0.01578224329349969,1.9720513574448866,0.004011567158688441,0.8442288260971095,0.0006343331927580936
564_fried,KNN,Com vazamento,median,0.2,1.556591566178808,0.0019609312596149788,3.897787763222381,0.009849655181938533,1.9742398830486394,0.002486501112743709,0.8438804773198189,0.0004028714267588653
564_fried,KNN,Com vazamento,median,0.3,1.5589966771498902,0.002811862512624289,3.907098564458584,0.013648020349195197,1.9765965711056321,0.0034673473097075473,0.8435089662651022,0.0005357516175920653
564_fried,KNN,Sem vazamento,KNN,0.05,1.5545376834705469,0.002930433069560844,3.883360477597265,0.013731403319774215,1.9705809390220328,0.0034738155732071956,0.8444602948091826,0.0005488391459018398
564_fried,KNN,Sem vazamento,KNN,0.1,1.555704368052206,0.0030227257472236232,3.8787256045529204,0.012303346389305766,1.9694124512330493,0.003115474276982697,0.8446460589805649,0.0005028684881854522
564_fried,KNN,Sem vazamento,KNN,0.2,1.5560381531791296,0.003749365879072199,3.8885775201794104,0.01356630069983437,1.9719067315771877,0.0034452901876302804,0.8442484481784222,0.0005470282917372276
564_fried,KNN,Sem vazamento,KNN,0.3,1.5590400148891224,0.0031492289178067807,3.9049175646725334,0.011322526800944387,1.9760432161234183,0.0028849496330863706,0.8435961459227306,0.00044000916543593524
564_fried,KNN,Sem vazamento,mean,0.05,1.554461511133508,0.002450107788044624,3.882866933029735,0.015453102375137294,1.9704557242619039,0.003919024882037929,0.8444799362624623,0.0006222224789739416
564_fried,KNN,Sem vazamento,mean,0.1,1.5580894213963399,0.0028973579737901424,3.8893190190868943,0.01563759436616807,1.9720991348975467,0.003973674184615859,0.8442211432253304,0.0006292009348282795
564_fried,KNN,Sem vazamento,mean,0.2,1.5565632580163973,0.0017060710074270175,3.897249062732761,0.009779567156172099,1.9741045072223937,0.0024734615065395,0.8439017918587823,0.00040077203682717594
564_fried,KNN,Sem vazamento,mean,0.3,1.559073149830869,0.0029063179922585607,3.9073846866565085,0.013783260455429786,1.9766686050907987,0.0035044127129401506,0.8434977682332314,0.0005414178274140754
564_fried,KNN,Sem vazamento,median,0.05,1.55444082334653,0.0024917838881236714,3.882949881617241,0.015328577720113505,1.9704763562508312,0.003886637108251094,0.844476783380402,0.0006162148270198285
564_fried,KNN,Sem vazamento,median,0.1,1.5580606643159676,0.0029662213071374242,3.889865245894707,0.015910454423954105,1.9722368663809913,0.0040440778911592125,0.8441993095787338,0.0006392123634890582
564_fried,KNN,Sem vazamento,median,0.2,1.556661465797234,0.0017790681227457434,3.89741552426265,0.00885613351070541,1.974148350481694,0.0022387416521207322,0.8438948868172798,0.0003614067072545675
564_fried,KNN,Sem vazamento,median,0.3,1.558968571721211,0.002877201678883876,3.906979895113603,0.013719751849393684,1.9765656130481644,0.0034851947595541505,0.8435137936225213,0.0005387889880801036
564_fried,LR,Com vazamento,KNN,0.05,2.038661197389868,0.00022110966528567788,6.924401800005756,0.0014753008087670127,2.6313762053831247,0.0002559308047380318,0.7226435730003699,8.575393897126915e-05
564_fried,LR,Com vazamento,KNN,0.1,2.038615891499605,0.00022340575578989853,6.924393500216084,0.001524384759868436,2.6313746528252677,0.0002610483195935044,0.7226439721738581,9.077222688321719e-05
564_fried,LR,Com vazamento,KNN,0.2,2.0386787268663342,0.0002204497251660068,6.924437112532245,0.0014870295338402129,2.6313829132728173,0.0002572776820330822,0.7226422335118182,8.715611933249204e-05
564_fried,LR,Com vazamento,KNN,0.3,2.0386274366944126,0.00021812967072669794,6.9242391188958985,0.0014732314299496746,2.631345181508409,0.00025477101236724687,0.7226500656487569,8.839764253240612e-05
564_fried,LR,Com vazamento,mean,0.05,2.0386504031275186,0.00022153646313357109,6.924360652112021,0.0014884237302065764,2.631368373514559,0.00025802988971209377,0.7226451995476096,8.67151552312583e-05
564_fried,LR,Com vazamento,mean,0.1,2.038609583341182,0.00022746821279541704,6.924369256624832,0.0015363415311517204,2.6313700484265516,0.00026312842182705273,0.7226449450847942,9.149855014302671e-05
564_fried,LR,Com vazamento,mean,0.2,2.0386731816523005,0.00021303089893948753,6.924396706473773,0.0014268684784744803,2.631375322480465,0.0002459198389535394,0.7226437789650353,8.450477046856264e-05
564_fried,LR,Com vazamento,mean,0.3,2.038632744983967,0.00021425001622123893,6.924265193472517,0.0014650136938373385,2.631350140213662,0.0002534969450653596,0.722649012897227,8.741450948270718e-05
564_fried,LR,Com vazamento,median,0.05,2.0386504400846577,0.00022153918914339496,6.924360707614109,0.0014884462944374486,2.631368384044691,0.00025803870321354744,0.7226451973602198,8.671447438785384e-05
564_fried,LR,Com vazamento,median,0.1,2.038610472845851,0.0002275446022849618,6.9243696313087355,0.001537249634719837,2.6313701186216396,0.00026329805696058216,0.7226449285356473,9.153945209096509e-05
564_fried,LR,Com vazamento,median,0.2,2.038673351685183,0.0002130811150753125,6.9243971009798875,0.0014274744423582145,2.631375396784106,0.00024603902392557786,0.7226437632997357,8.452361015266162e-05
564_fried,LR,Com vazamento,median,0.3,2.038632537361828,0.00021431931151121743,6.92426390806029,0.0014657965832659645,2.631349895277243,0.0002536303572490707,0.72264906437532,8.745661797628712e-05
564_fried,LR,Sem vazamento,KNN,0.05,2.038656675711262,0.00022045720387412198,6.924402249624182,0.0014655968051075624,2.6313762982920226,0.00025387283842302446,0.722643544419506,8.553267442211296e-05
564_fried,LR,Sem vazamento,KNN,0.1,2.0386210214931597,0.00022656014624157866,6.924419506888042,0.0015289540795680734,2.631379601430829,0.0002622020433038271,0.7226429328218935,9.042922819291173e-05
564_fried,LR,Sem vazamento,KNN,0.2,2.0386850391464604,0.00022272847381368558,6.9244690385733385,0.0015070335053026548,2.6313889906548007,0.00026097029539845517,0.722640959795203,8.813902246073717e-05
564_fried,LR,Sem vazamento,KNN,0.3,2.0386311152733234,0.00021234950013655093,6.924317445097995,0.001433164355481328,2.6313600676785573,0.0002468280103810146,0.7226469118334694,8.714795481210348e-05
564_fried,LR,Sem vazamento,mean,0.05,2.038650391697906,0.0002215464940861054,6.924360537914651,0.0014883756209757182,2.631368352023923,0.0002580203813226715,0.7226452040548269,8.671656251815441e-05
564_fried,LR,Sem vazamento,mean,0.1,2.0386095771341637,0.00022756619188528594,6.924369768614235,0.0015367535296255887,2.631370146233332,0.0002632081532364736,0.7226449244008618,9.151512854627374e-05
564_fried,LR,Sem vazamento,mean,0.2,2.0386731768832536,0.00021293169369219182,6.924396716396463,0.0014263586866203163,2.6313753241046247,0.0002458256341491316,0.722643778768178,8.44816593358622e-05
564_fried,LR,Sem vazamento,mean,0.3,2.038632831614896,0.00021420697816799237,6.924265533123027,0.001464745179084989,2.6313502051073043,0.0002534624728164883,0.7226489992234878,8.739914781931798e-05
564_fried,LR,Sem vazamento,median,0.05,2.0386504117019304,0.00022155099177638944,6.924360473546739,0.0014883253272167099,2.631368339857188,0.00025801472195312325,0.7226452066183913,8.67165706343049e-05
564_fried,LR,Sem vazamento,median,0.1,2.0386102501110472,0.00022752666660563937,6.924369339611059,0.0015371222746647577,2.631370064170868,0.0002632803612269395,0.722644940040683,9.154190887237635e-05
564_fried,LR,Sem vazamento,median,0.2,2.0386733206543752,0.00021294780749320832,6.924396905243604,0.001426509294719207,2.631375359434346,0.0002458571950794081,0.7226437712826441,8.448212080976796e-05
564_fried,LR,Sem vazamento,median,0.3,2.0386326554065426,0.00021425141006222435,6.924264375942303,0.0014652353222561058,2.6313499843636827,0.00025354717789796444,0.7226490455020165,8.74270187865735e-05
564_fried,RF,Com vazamento,KNN,0.05,1.0209218892897487,0.0017492573681035513,1.6792403205355189,0.0034808115624550776,1.2958045950614838,0.0013499798799694127,0.932738965126717,0.00014998958732719586
564_fried,RF,Com vazamento,KNN,0.1,1.020722991373937,0.0017002145771743387,1.6786170764533803,0.0033093110885937076,1.2955641150067059,0.0012870973427422765,0.9327636053529239,0.0001425391849988226
564_fried,RF,Com vazamento,KNN,0.2,1.0206398243685424,0.0014000355262393921,1.678354763589529,0.0033077383790691833,1.2954581938935712,0.0013009776317875793,0.9327749893661655,0.00014265227364994925
564_fried,RF,Com vazamento,KNN,0.3,1.0214382764231835,0.0014696172964127816,1.6802503726579632,0.0032062425236035652,1.2961938950524794,0.0012581300533406196,0.9326982136820071,0.00014008194287935897
564_fried,RF,Com vazamento,mean,0.05,1.0208255677997184,0.001829841842998817,1.6790775305562737,0.0029865771706775383,1.2957422286160953,0.0011698674071773856,0.9327452825514544,0.00013136011188974144
564_fried,RF,Com vazamento,mean,0.1,1.020118293748535,0.001734900516431804,1.6767060330820682,0.003703158871374797,1.2948260679664096,0.0014443849799383383,0.9328405919738577,0.00015960652614957716
564_fried,RF,Com vazamento,mean,0.2,1.0199356525760968,0.0013804194148030137,1.6763461862065325,0.0028455377860553245,1.2946846075126501,0.0011017736066103736,0.9328549195609512,0.00012270579654530001
564_fried,RF,Com vazamento,mean,0.3,1.02003645206419,0.0015625668810412576,1.6754727359462815,0.0026736078232445287,1.2943467264297872,0.0010451890076471698,0.9328903990460905,0.00011656362954704357
564_fried,RF,Com vazamento,median,0.05,1.020811120385769,0.0018677081301309198,1.6791702995664206,0.0031713455392929453,1.2957777218536468,0.0012450315865552032,0.9327417854200576,0.000138206079603645
564_fried,RF,Com vazamento,median,0.1,1.0200459565945756,0.0017991901499020968,1.6766331950023516,0.003454515992256986,1.2947968843250008,0.0013459507058220463,0.9328436730458897,0.00014972058179543978
564_fried,RF,Com vazamento,median,0.2,1.020119901158716,0.0014863822961448249,1.6763292890329928,0.0031361570995363085,1.2946801959467324,0.0012139503108066418,0.9328553339576291,0.0001325346477474588
564_fried,RF,Com vazamento,median,0.3,1.0202405601948816,0.0016885987284055628,1.676350709554658,0.0034876440740649137,1.2946856961833415,0.001358139456328325,0.9328549102192786,0.00014868946721632802
564_fried,RF,Sem vazamento,KNN,0.05,1.0210636747959985,0.0018393780749118218,1.679402060822196,0.0030430169595765766,1.29586700352131,0.0011932177462886868,0.9327326130658559,0.00013246067768424692
564_fried,RF,Sem vazamento,KNN,0.1,1.0205752212942731,0.0019008747355082922,1.6782771976256878,0.00401675338745455,1.2954325109999518,0.0015640901489462485,0.932777203067669,0.0001727675626668984
564_fried,RF,Sem vazamento,KNN,0.2,1.0207177060821893,0.0015155184755361278,1.678545448754048,0.0033524729404297926,1.2955347388972058,0.0013191254405512684,0.9327669788923026,0.00014541565104154723
564_fried,RF,Sem vazamento,KNN,0.3,1.0213112229503085,0.0015879825937325169,1.6803796303523182,0.003577637998694245,1.2962402021471189,0.0014024870511936726,0.9326935922683895,0.00015602692252616006
564_fried,RF,Sem vazamento,mean,0.05,1.0208247857913684,0.0018019102844347066,1.6791119263468024,0.0028630877368815196,1.2957554464563075,0.001124280821346981,0.932743991480616,0.00012652479097954966
564_fried,RF,Sem vazamento,mean,0.1,1.020063649942131,0.0017377062211769165,1.676584456221056,0.0037507129488949524,1.2947787691369546,0.0014650088120468161,0.9328454968868258,0.00016184398522516534
564_fried,RF,Sem vazamento,mean,0.2,1.0199386278096152,0.001451663846166726,1.6763604433161492,0.0032432194698762567,1.2946904826480035,0.0012584880003855326,0.9328542533989216,0.0001395587264766743
564_fried,RF,Sem vazamento,mean,0.3,1.0199073875136977,0.0016282654990636724,1.6752739553033742,0.003252748143454866,1.2942702558601982,0.0012700845275655595,0.9328983510208357,0.00013905684792376257
564_fried,RF,Sem vazamento,median,0.05,1.0207921916584553,0.00183930415909826,1.6789185413687644,0.003028226512828591,1.2956808585054251,0.001185330558408989,0.9327516623530211,0.00013310057703933828
564_fried,RF,Sem vazamento,median,0.1,1.0200016566879408,0.0017586548538307063,1.676761247602541,0.003571493772657718,1.2948481514597538,0.0013943165994655471,0.9328385341689356,0.00015333237103236274
564_fried,RF,Sem vazamento,median,0.2,1.0198754625088433,0.0012758770606092014,1.6762622650129533,0.0025902212114904616,1.2946540119979864,0.0010174763631688533,0.9328581146917138,0.00011490901810924008
564_fried,RF,Sem vazamento,median,0.3,1.0200100959574896,0.0016185159158944,1.675848500943583,0.002732817523220785,1.2944914315236355,0.0010582611649587606,0.9328750110664482,0.00011920603845313302
564_fried,SVR,Com vazamento,KNN,0.05,2.0185115014004045,0.0001332767565036214,7.0521700912261815,0.0009988608863413166,2.6555363423637623,0.00016691323256215847,0.7175223365472169,7.377958809227076e-05
564_fried,SVR,Com vazamento,KNN,0.1,2.018481367365894,8.257257685423495e-05,7.0532440213616745,0.0020300963834258955,2.6557396426875735,0.0003521265375096732,0.7174784678528101,0.00011120216688825194
564_fried,SVR,Com vazamento,KNN,0.2,2.0185013801972786,0.00022893262605553122,7.053835567653466,0.0020565723581864818,2.6558497804812173,0.00036556741190268125,0.7174553190805537,0.00010342640956698129
564_fried,SVR,Com vazamento,KNN,0.3,2.018479669420342,0.00022242638439084464,7.053738852308654,0.0022135986296214403,2.655832071214414,0.00040120481248012756,0.7174588097713638,0.00011829828551094358
564_fried,SVR,Com vazamento,mean,0.05,2.018435519393864,0.00019390820694826155,7.051288746522569,0.0018072483751048005,2.655371960931835,0.0003031644275243286,0.7175573302875536,0.00010434646441835485
564_fried,SVR,Com vazamento,mean,0.1,2.018480454691652,0.00020481387032790345,7.052067969045677,0.0023305505817529776,2.6555173655384348,0.0004134463531840551,0.7175261577160504,0.00012176818214492443
564_fried,SVR,Com vazamento,mean,0.2,2.018434133787874,0.00012156192131158232,7.052995366243855,0.0023882430730007955,2.655691653567683,0.00041133035738037384,0.7174894675453501,0.00013172342547789522
564_fried,SVR,Com vazamento,mean,0.3,2.0184660509921595,0.00015426132707945441,7.052041210307806,0.0015446665241281912,2.655510673557148,0.00025506801146193714,0.7175276946872157,9.308690298833903e-05
564_fried,SVR,Com vazamento,median,0.05,2.0184872547513337,0.0001559001661273156,7.052816606961076,0.0018614118428567732,2.6556588187891186,0.00033320686483199807,0.7174957656711728,9.994038188730475e-05
564_fried,SVR,Com vazamento,median,0.1,2.018462248569981,0.00019953830743805724,7.0527340270829475,0.0015666560400292894,2.6556426357485448,0.00026265936187912014,0.7174993429748436,9.966806621520363e-05
564_fried,SVR,Com vazamento,median,0.2,2.018447590008224,0.00014308118008912125,7.053322569524621,0.002393665390314475,2.655753340138299,0.00042246271337503013,0.7174758104163291,0.00011923772950093749
564_fried,SVR,Com vazamento,median,0.3,2.0184427518530916,0.00017252767418135008,7.0516571910072665,0.0016716294129556018,2.6554397091808974,0.00030595680864142175,0.7175434472889813,7.12379337536465e-05
564_fried,SVR,Sem vazamento,KNN,0.05,2.0185003798098227,0.00014571663461990556,7.051719436183451,0.0016884986585056494,2.655452628021994,0.00030881349349577806,0.7175402347859193,9.420023420584353e-05
564_fried,SVR,Sem vazamento,KNN,0.1,2.018483588828102,0.00012123853107307304,7.052594297157799,0.0037111376300322835,2.655616489567421,0.0006821949818054786,0.7175046614665619,0.00017171325647469208
564_fried,SVR,Sem vazamento,KNN,0.2,2.0186091199067624,0.00015786536683710803,7.0534499260498045,0.0020419156256040356,2.6557786940411114,0.00037452944750775955,0.7174700698353224,0.00011001683296698704
564_fried,SVR,Sem vazamento,KNN,0.3,2.0184444417800016,0.00013540261366788486,7.051045351561605,0.0010639157864243743,2.655324587144919,0.00017318040532109965,0.7175678434601385,7.693247072243949e-05
564_fried,SVR,Sem vazamento,mean,0.05,2.0184897295631177,0.00010537970983205935,7.052897703443005,0.0027192080255509146,2.6556713050256935,0.00047964060424892567,0.7174929794427177,0.0001399406834656846
564_fried,SVR,Sem vazamento,mean,0.1,2.018457521657673,0.00014874249203502616,7.051995195401762,0.0010176343051110912,2.655503099222232,0.00017821793143261804,0.7175297805719438,6.6410861165975e-05
564_fried,SVR,Sem vazamento,mean,0.2,2.0184881459151356,0.00015023988931131825,7.053114297799098,0.0017458966290240365,2.6557137865443323,0.00030549361966611453,0.7174843888968923,9.140282705057569e-05
564_fried,SVR,Sem vazamento,mean,0.3,2.0185131016534643,0.00013362579336927735,7.052644234175125,0.0012589086418404573,2.6556259954475974,0.00021538319173426842,0.717503612286543,7.654518345311778e-05
564_fried,SVR,Sem vazamento,median,0.05,2.018427795539657,0.0001374463721202626,7.0528382036853,0.0030417202648724555,2.655662428581936,0.0005606984379201924,0.7174955174315921,0.0001407806884762961
564_fried,SVR,Sem vazamento,median,0.1,2.0184772766252372,0.00014783888107712602,7.052549305582776,0.002249349976502192,2.655607598393677,0.0004089423900163945,0.7175066978690808,9.92551309604528e-05
564_fried,SVR,Sem vazamento,median,0.2,2.018519194618998,0.00011974120388295557,7.053361075776922,0.0012571724020828308,2.655760567171364,0.00022886748627895894,0.7174746190575795,7.492011824120213e-05
564_fried,SVR,Sem vazamento,median,0.3,2.018496903467426,0.00015085716643952596,7.052811849580022,0.0012917370540188316,2.6556577669463963,0.00023716273137668574,0.7174967292489947,6.32341297351212e-05
574_house_16H,DT,Com vazamento,KNN,0.05,22546.550444756558,114.88223330242873,2184214864.08149,21145791.129589844,46715.41335971179,230.48012366222554,0.21651630039998018,0.006477488012029096
574_house_16H,DT,Com vazamento,KNN,0.1,22711.182913448036,103.97918524169077,2224939120.7984185,29859184.436570723,47146.87838995343,306.34591746290187,0.20269163383748764,0.010546687961437293
574_house_16H,DT,Com vazamento,KNN,0.2,22463.825096558987,126.74786291188303,2179655006.5171757,51963518.84880094,46668.04180099999,551.834670216652,0.2177126350234658,0.018252228178061266
574_house_16H,DT,Com vazamento,KNN,0.3,22591.77892380618,187.7193933026757,2209576631.5450315,61934410.95796887,46983.80060463477,656.0879486490684,0.20769596393257392,0.021833459060427423
574_house_16H,DT,Com vazamento,mean,0.05,22538.06874707397,176.92286502085676,2183636775.276729,31542844.02195663,46703.552885989695,330.8674154928793,0.21670018437172933,0.011075631932920594
574_house_16H,DT,Com vazamento,mean,0.1,22775.04782595974,224.54124545118134,2229560992.176542,66064770.51435788,47199.30008010826,697.6905494879568,0.20028871350200772,0.023482654775579388
574_house_16H,DT,Com vazamento,mean,0.2,22493.218047752813,161.15627917130368,2201251073.9322476,73191261.98720883,46892.402557883324,753.9907331892734,0.2102585820386349,0.025615299809290698
574_house_16H,DT,Com vazamento,mean,0.3,22490.863829880615,201.88063703000518,2177210873.6389937,41211686.39640231,46632.5388575428,428.3822551743909,0.21945886902007264,0.014359519204931842
574_house_16H,DT,Com vazamento,median,0.05,22582.705604810395,109.86952059870377,2189656007.091709,13244063.359212754,46765.74772832784,137.2289366206547,0.2147718170750501,0.0039615264601608365
574_house_16H,DT,Com vazamento,median,0.1,22790.502340823976,157.43318139304918,2249285590.2995524,55381701.396751456,47404.44105829746,577.8801549112243,0.19340193315978604,0.019161272838765637
574_house_16H,DT,Com vazamento,median,0.2,22445.37079383193,250.99374818908274,2187066901.928364,58619786.563354485,46747.469482850924,626.6526316845072,0.21543583524505586,0.020453203724673897
574_house_16H,DT,Com vazamento,median,0.3,22513.537877457868,213.11143244571588,2165250794.857283,64667031.010580786,46503.19416554185,678.5332320699498,0.22372646370175509,0.02264320090766802
574_house_16H,DT,Sem vazamento,KNN,0.05,22557.793429599722,175.20216723424338,2185649782.663104,79942371.36319543,46722.99298339118,853.7854939759139,0.21616296788211373,0.028247391902512225
574_house_16H,DT,Sem vazamento,KNN,0.1,22787.632666198504,161.74049488319812,2240563284.6268144,48661950.17128886,47310.74382513508,496.2389515305662,0.19717779257357235,0.017071590748354775
574_house_16H,DT,Sem vazamento,KNN,0.2,22478.614224894667,98.67672580286828,2189866013.8220463,31823265.342567388,46778.13929048684,336.8254564747979,0.21430006267164306,0.010369684060081352
574_house_16H,DT,Sem vazamento,KNN,0.3,22609.88186154026,216.55250460913794,2207103863.5528293,58511939.7739857,46958.763556690516,621.9626221517856,0.20860999461713928,0.020771679076879938
574_house_16H,DT,Sem vazamento,mean,0.05,22534.200286750933,104.85321260478595,2188513688.6015477,26195278.137713112,46760.27528413907,276.2553959764256,0.21483072515439527,0.008536055195455998
574_house_16H,DT,Sem vazamento,mean,0.1,22774.813063260768,237.0303114531002,2233474959.233973,64258887.50730464,47240.67627961334,679.2068297175366,0.19899162224233594,0.022833791437358957
574_house_16H,DT,Sem vazamento,mean,0.2,22510.912921348314,172.32212838646697,2205601881.976343,71456761.8108273,46932.02275348656,735.2036016754155,0.20885439065164826,0.025027300195542196
574_house_16H,DT,Sem vazamento,mean,0.3,22502.8224997074,270.642423405833,2177109231.7620916,60521544.01359955,46630.10095964477,638.4700653644389,0.21920546869111768,0.021174163919673573
574_house_16H,DT,Sem vazamento,median,0.05,22577.054087663855,102.4764526983308,2196465289.8714156,20610102.25999301,46844.52717182326,215.16574353743013,0.21238778794682975,0.007000996572933578
574_house_16H,DT,Sem vazamento,median,0.1,22769.335681472377,150.63389343275432,2238718340.1885896,52250291.97748858,47294.12919849401,552.0365966690997,0.19737885129525026,0.018326688742810154
574_house_16H,DT,Sem vazamento,median,0.2,22487.34169446395,192.25248921720058,2203412617.4773307,31865493.514636822,46923.514993873476,339.197676925472,0.20962596459880123,0.01092683334190092
574_house_16H,DT,Sem vazamento,median,0.3,22540.09658824906,189.13287122587977,2182891890.6385913,53923320.632626854,46698.972970997136,565.401290087936,0.21732081148455404,0.018759949553404775
574_house_16H,KNN,Com vazamento,KNN,0.05,18890.114072741108,62.4655486505306,1419206601.993758,11415729.500467012,37660.04815909568,148.97505544995738,0.4915025054556406,0.004008995509845737
574_house_16H,KNN,Com vazamento,KNN,0.1,19097.16012406367,60.502118458846155,1435030153.5856848,10350269.497803649,37872.92754626864,128.5136130503068,0.4857334419156339,0.0034097435074845117
574_house_16H,KNN,Com vazamento,KNN,0.2,18968.939033239698,62.33212860587221,1442102631.7733624,13608440.000454683,37964.35606280491,172.5953727586157,0.48337253053736734,0.004676905364270256
574_house_16H,KNN,Com vazamento,KNN,0.3,19483.83722349017,27.139856768507055,1496684740.4014924,11778876.336521957,38674.59069820487,145.97285790278352,0.4638734030853189,0.004104288258600234
574_house_16H,KNN,Com vazamento,mean,0.05,18925.175156542602,42.262063217815715,1427498643.84462,9773847.131805332,37770.875651424045,122.30086122586617,0.4885149121704582,0.00313660666177017
574_house_16H,KNN,Com vazamento,mean,0.1,19044.25854693352,68.70015636039771,1430240940.71148,18978029.83770354,37809.75380051756,243.13359931903085,0.48749280801997785,0.006496001156436753
574_house_16H,KNN,Com vazamento,mean,0.2,18914.453082572563,53.23065863118511,1424881968.175091,14465640.835318787,37737.13565425175,186.29613668841117,0.4894814824822539,0.004953445949702221
574_house_16H,KNN,Com vazamento,mean,0.3,19406.952852879214,43.22204233424653,1491550060.0767896,10878609.803982887,38608.91463816573,134.77981741629858,0.4656966724747013,0.0037356092712980786
574_house_16H,KNN,Com vazamento,median,0.05,18916.14567971676,48.95806455085555,1428402241.2337463,10908448.563007262,37782.46523253355,137.90777353753114,0.4882048051201166,0.003592385698779503
574_house_16H,KNN,Com vazamento,median,0.1,19043.19763869382,70.5628634852081,1431564577.933582,17625854.225145042,37827.79687460349,225.62639827760944,0.4869822518131834,0.006039146993283376
574_house_16H,KNN,Com vazamento,median,0.2,18895.382222904966,43.563008683491454,1429702198.8778386,14006896.10567256,37799.394313296034,174.73974685393858,0.487784515061698,0.004650870831952625
574_house_16H,KNN,Com vazamento,median,0.3,19359.402604166666,42.253816222101094,1485208264.6519594,8997312.595659183,38525.51168651406,108.17994287146917,0.46796267617022763,0.002960927137248577
574_house_16H,KNN,Sem vazamento,KNN,0.05,18882.665080758426,59.854466240676054,1420352983.5165145,10706446.526538627,37675.096050768894,140.85656477505697,0.4911097635456764,0.0038563826248064577
574_house_16H,KNN,Sem vazamento,KNN,0.1,19090.79197828886,89.93368706544184,1437078737.507622,13057160.598622814,37899.707248431216,164.70203010860385,0.48499111935983397,0.004397140020390201
574_house_16H,KNN,Sem vazamento,KNN,0.2,18971.803872600656,36.713433580604786,1439877050.4270008,12427069.010167178,37933.64013152488,155.4287722527065,0.4842386419660296,0.004225685843870935
574_house_16H,KNN,Sem vazamento,KNN,0.3,19437.217579588018,19.13525403281151,1495828137.806729,15489877.866396246,38663.46428252351,197.61857511873143,0.4642465879080553,0.005646156076911107
574_house_16H,KNN,Sem vazamento,mean,0.05,18924.63034731976,43.34982918677954,1427318510.936049,10066484.315763792,37768.566217554275,125.90502026785364,0.4885792659730525,0.003230178228348953
574_house_16H,KNN,Sem vazamento,mean,0.1,19044.834831460674,67.90574329898273,1430348304.6628659,18651400.461328324,37811.21001703069,239.06512289480074,0.48745421997694605,0.006377866119266283
574_house_16H,KNN,Sem vazamento,mean,0.2,18914.1841701779,52.082074912385025,1424782422.0586922,14396332.998205198,37735.93722892986,185.63326103967475,0.48951568202172274,0.0049433969381409764
574_house_16H,KNN,Sem vazamento,mean,0.3,19406.832533064142,41.50717998813291,1491200570.70885,9826725.766931621,38604.423613495346,121.31749703480797,0.4658207710738465,0.0033735646333008765
574_house_16H,KNN,Sem vazamento,median,0.05,18917.41001872659,50.52369315354763,1428561658.4780676,11184300.662781758,37784.59434330337,141.2971047387015,0.48814553804088084,0.0036846086041960047
574_house_16H,KNN,Sem vazamento,median,0.1,19045.829330524346,68.83827413041098,1431935596.7901573,17445124.07949751,37832.6855877587,223.24266178295755,0.4868512512048579,0.005973480341357019
574_house_16H,KNN,Sem vazamento,median,0.2,18896.714488237358,43.017210814639114,1429783426.3751433,13862998.727367762,37800.47273083361,172.90710620418406,0.48775356722587393,0.004593967167987759
574_house_16H,KNN,Sem vazamento,median,0.3,19363.557524286047,39.61310297104961,1485537846.7788422,9106674.40087233,38529.73321368144,109.42714096972543,0.4678519822946757,0.003012436741275817
574_house_16H,LR,Com vazamento,KNN,0.05,25807.26796760983,21.332080588178652,2115176062.9577568,9834382.62199381,45978.67553107865,109.96850554693862,0.2423656231370356,0.0034169363029077178
574_house_16H,LR,Com vazamento,KNN,0.1,25561.709100201664,25.876178935993813,2088581565.1769607,13608584.622014873,45687.67958036098,150.58662332196212,0.25190264573640814,0.00471364739969035
574_house_16H,LR,Com vazamento,KNN,0.2,25510.220507271184,22.79252078080951,2084125785.7458432,12314367.831120335,45639.09147409141,136.35812617798373,0.2535068526122266,0.004245425505412047
574_house_16H,LR,Com vazamento,KNN,0.3,25833.68306792444,23.94516088223808,2135259531.297328,12609872.025560804,46195.88052224165,138.0397183770195,0.23521710574396015,0.004366324624422472
574_house_16H,LR,Com vazamento,mean,0.05,25794.167691465394,18.612373127149052,2109576190.102403,6877101.457103513,45918.39047754754,78.65566790405708,0.244362620893443,0.0023921744915250125
574_house_16H,LR,Com vazamento,mean,0.1,25552.684215528774,23.24344067006096,2081354768.341613,9799535.990376566,45609.45994326493,109.9689901044402,0.25447640735916754,0.003372915817527278
574_house_16H,LR,Com vazamento,mean,0.2,25502.26237196891,21.425647540918707,2086081204.0741453,12424415.71507681,45660.49937434824,137.50999150395742,0.25280412879925174,0.00428879261521194
574_house_16H,LR,Com vazamento,mean,0.3,25835.03832162077,25.93991387757416,2133484809.752868,13351627.871798547,46176.456482787005,145.7895143743343,0.23585932587888883,0.004615693210272434
574_house_16H,LR,Com vazamento,median,0.05,25796.308372291332,18.546291251240287,2109602727.0988424,6949783.675402246,45918.652600643545,79.43020824664482,0.24435399789282183,0.002417462694554614
574_house_16H,LR,Com vazamento,median,0.1,25553.254387587716,23.110276918413106,2081257001.9813344,9709293.934007643,45608.41241826266,109.003138180079,0.254511067160326,0.003341685259422831
574_house_16H,LR,Com vazamento,median,0.2,25502.414481320244,21.81716565001621,2086230897.1211634,12572124.196043044,45662.135510559376,139.11179115937674,0.25275021484226845,0.004341809942826371
574_house_16H,LR,Com vazamento,median,0.3,25839.026905224673,25.761730139001667,2132947272.2159684,13220077.634666579,46170.64339245912,144.40263117398365,0.23605201097669595,0.004568320390987734
574_house_16H,LR,Sem vazamento,KNN,0.05,25800.61214895933,24.459150073844967,2116087982.5024872,11080849.358815128,45988.27367334662,123.24661748717988,0.24204891285365968,0.0038641716918275913
574_house_16H,LR,Sem vazamento,KNN,0.1,25559.96847456615,24.872627233337894,2088165999.1021616,12172375.35037856,45683.3848946938,135.1071927800586,0.2520466016544946,0.004202778601468056
574_house_16H,LR,Sem vazamento,KNN,0.2,25507.272814503875,23.206466293124144,2084450552.6685905,12305114.858187018,45642.61412928967,136.27297094864298,0.25339112998982377,0.004245110503033154
574_house_16H,LR,Sem vazamento,KNN,0.3,25837.52853637504,23.292033880569427,2135840241.8475144,12491661.306311024,46202.13166139956,136.66508766042514,0.23501037195324104,0.004322278078940931
574_house_16H,LR,Sem vazamento,mean,0.05,25794.15257665869,18.605833002811995,2109560349.8495505,6870273.296076033,45918.22239616604,78.59272750460666,0.24436814474197585,0.0023904666200258947
574_house_16H,LR,Sem vazamento,mean,0.1,25552.68039080455,23.209059117255265,2081340587.933039,9778395.449283741,45609.308024641396,109.74920268742231,0.25448141768165233,0.0033659399550267865
574_house_16H,LR,Sem vazamento,mean,0.2,25502.280080918175,21.399182668764176,2086082756.493501,12423780.785341589,45660.51745330869,137.50437873832752,0.25280349597587987,0.004288653259206219
574_house_16H,LR,Sem vazamento,mean,0.3,25835.0524003508,25.91909017157617,2133486008.9442976,13352889.989090549,46176.47180138749,145.80147482867017,0.23585872336158653,0.004616099477433098
574_house_16H,LR,Sem vazamento,median,0.05,25796.32445978581,18.515863237353024,2109589868.0729325,6940531.624398358,45918.517143739045,79.34441107479114,0.24435841164238425,0.002414765377706253
574_house_16H,LR,Sem vazamento,median,0.1,25553.308186036473,23.0873606752588,2081243007.022462,9686277.110328529,45608.26487013228,108.77246545162468,0.25451588547283377,0.0033343456598822455
574_house_16H,LR,Sem vazamento,median,0.2,25502.407599788814,21.822410554268053,2086233985.6709836,12572159.128022779,45662.16972847061,139.11644278878126,0.25274908118514133,0.004342019281221291
574_house_16H,LR,Sem vazamento,median,0.3,25839.02860079869,25.674758501960586,2132949384.4829938,13219147.412172794,46170.666647908045,144.3922023161906,0.23605115000013277,0.004568013848973204
574_house_16H,RF,Com vazamento,KNN,0.05,16112.311160244031,44.49132244012567,1035701208.5424014,9247015.490405424,32170.865402586805,145.8595970143341,0.6289029560915073,0.003204255661427308
574_house_16H,RF,Com vazamento,KNN,0.1,16288.517934003394,43.714335008317576,1053280868.1371813,5323573.275550871,32441.252939862683,86.96915189649044,0.6225926903711864,0.0019711178646705492
574_house_16H,RF,Com vazamento,KNN,0.2,16123.69303992568,45.03656802395091,1041209404.61772,10227883.170320643,32255.820709402426,155.31874272930395,0.6269453019819675,0.0033927046065430773
574_house_16H,RF,Com vazamento,KNN,0.3,16215.997859462781,39.11087346408667,1052045770.457759,6896590.150149973,32422.779537021182,110.14220213635447,0.6231011352634731,0.0025300628785912133
574_house_16H,RF,Com vazamento,mean,0.05,16120.290568308168,38.2326608532837,1038670213.9237771,9630817.928470546,32215.773172761274,151.50239330610597,0.6278829672279775,0.0033529163977072504
574_house_16H,RF,Com vazamento,mean,0.1,16290.85739129799,37.87041793939124,1053807420.160889,4028416.459864738,32449.18325896077,62.43212419354168,0.6224139098569896,0.001328072170824607
574_house_16H,RF,Com vazamento,mean,0.2,16119.47581643551,48.122936507209175,1038831846.2507077,11509520.336464059,32218.912220434937,176.2286998324274,0.627801294984586,0.003879826361529778
574_house_16H,RF,Com vazamento,mean,0.3,16194.57793283298,38.09396880741992,1052491808.6690868,6414384.066951683,32429.184848544322,101.02102243070595,0.6229449721867152,0.0022712144253491046
574_house_16H,RF,Com vazamento,median,0.05,16123.865960396184,45.682986684059,1038338889.1977485,10528803.542607062,32210.836360649602,164.69134438759866,0.627986382303237,0.003643551066432447
574_house_16H,RF,Com vazamento,median,0.1,16301.91796194698,47.108600311770275,1055092290.5896724,5118370.348819858,32469.163237895173,83.25278749092026,0.6219394812210279,0.0019180364277313583
574_house_16H,RF,Com vazamento,median,0.2,16098.714368635885,51.401326081479716,1037479521.8787133,10464534.854476068,32198.225512642588,162.04507792152643,0.6282625951080146,0.003547013423651426
574_house_16H,RF,Com vazamento,median,0.3,16193.91087985721,37.54266155999055,1051700386.4174639,6711257.107006482,32417.077068386152,105.5550807315325,0.6232221608822615,0.0023828609769226987
574_house_16H,RF,Sem vazamento,KNN,0.05,16125.207723329237,47.31522401468521,1037292344.3655814,8891265.45723694,32195.373591434927,139.23683319059643,0.6283406717584716,0.0030607371326131796
574_house_16H,RF,Sem vazamento,KNN,0.1,16292.500466336025,34.09059764373183,1053423114.5090466,4587638.052026387,32444.22933712119,70.89227398316628,0.6225315955655513,0.001488393093572098
574_house_16H,RF,Sem vazamento,KNN,0.2,16121.41781162219,54.92959068829708,1041121613.44479,11841490.993093882,32254.41568210593,180.57857439484098,0.62699120479632,0.003979288167050627
574_house_16H,RF,Sem vazamento,KNN,0.3,16220.3546433901,40.13390767313348,1052156416.7198815,8085094.084844725,32424.04549809521,126.0233335113441,0.6230728386229123,0.002824983738756588
574_house_16H,RF,Sem vazamento,mean,0.05,16119.364492919007,40.358791029009524,1038479848.630074,10521497.812976472,32212.74042990002,164.5094220704328,0.6279422569095139,0.003639707597589671
574_house_16H,RF,Sem vazamento,mean,0.1,16295.035856668423,37.64339518976569,1053906534.6644193,3966079.324789684,32450.487759945903,61.02368869142442,0.622382638449447,0.0012958578534835747
574_house_16H,RF,Sem vazamento,mean,0.2,16119.415868884598,48.45669776155505,1039004802.8639684,11023075.863104975,32221.97002205551,168.65149036756554,0.6277326514844962,0.003713966936478379
574_house_16H,RF,Sem vazamento,mean,0.3,16195.982961946982,38.46950949064611,1052138900.1466336,6233582.104610599,32424.226785229635,97.38244122846777,0.6230596483324581,0.0021783125431502903
574_house_16H,RF,Sem vazamento,median,0.05,16123.39120706051,42.97428002506403,1037959528.4910984,10314472.679224402,32204.98053982291,160.8118008758772,0.6281259968409317,0.0035567759956751893
574_house_16H,RF,Sem vazamento,median,0.1,16294.674187807233,56.16304968030752,1054508275.552422,5706156.232064926,32460.234171633067,90.5955967787768,0.6221445816198935,0.0020895148020258574
574_house_16H,RF,Sem vazamento,median,0.2,16096.487742714184,41.905426283056435,1036891448.3283173,9785495.799630174,32189.28290184953,151.44873008864195,0.6284777563875599,0.003305793751363097
574_house_16H,RF,Sem vazamento,median,0.3,16187.85665715707,38.84428564136366,1051276724.093285,6892079.303383447,32410.506231597796,107.54768705073559,0.6233671313659501,0.0024167298822804642
574_house_16H,SVR,Com vazamento,KNN,0.05,23007.879912665143,26.610753506835753,2316475399.533072,19603662.364145026,48111.96416239718,199.81010820976374,0.17056291458148423,0.006728096175213058
574_house_16H,SVR,Com vazamento,KNN,0.1,22780.569974330192,24.415320747111373,2281152782.700065,18392802.38782624,47744.39566217925,189.78822032875308,0.1831916079235386,0.0063365465042916685
574_house_16H,SVR,Com vazamento,KNN,0.2,22764.398650593892,26.144944598952144,2278514981.555266,20528044.706279073,47716.04342537431,211.58082421705572,0.18415028532012834,0.007085221934441495
574_house_16H,SVR,Com vazamento,KNN,0.3,23019.63901870855,26.008050550559496,2331181492.7919135,19207263.830610245,48264.158064205054,194.56421031330808,0.16533256509110877,0.006571269430501623
574_house_16H,SVR,Com vazamento,mean,0.05,23004.416926294423,25.82674844363439,2312581109.202676,18339014.244022015,48072.27169441697,187.62991401387401,0.17194443966722114,0.006289444053786513
574_house_16H,SVR,Com vazamento,mean,0.1,22771.580949870568,22.76525532453528,2276319516.4012656,16317111.7466885,47694.34354803493,169.21764135879926,0.18491419364959558,0.0056100690000202656
574_house_16H,SVR,Com vazamento,mean,0.2,22777.15487411553,26.88097501383068,2280100633.700232,20509081.16527069,47732.39673651229,211.03105465253424,0.18358638116680212,0.0070698993349170595
574_house_16H,SVR,Com vazamento,mean,0.3,23029.10014618255,27.996648301531536,2329862327.9852023,20979621.73343253,48249.96540715012,213.45342965225382,0.16580717621829275,0.007230413165451468
574_house_16H,SVR,Com vazamento,median,0.05,23005.06526510046,25.961979907583054,2312282126.4482923,18427760.134922054,48069.23946594546,188.95630147069443,0.1720462745549475,0.006334849336854492
574_house_16H,SVR,Com vazamento,median,0.1,22770.532013990698,22.204332680960615,2276206296.3674564,16164830.987441706,47693.12387157999,167.27187020775352,0.18495705545842092,0.00554273701391967
574_house_16H,SVR,Com vazamento,median,0.2,22777.31592477023,25.425748601735556,2280175023.2439857,20286337.117414296,47733.011201524554,208.515002700472,0.18357199748955255,0.006985955317392234
574_house_16H,SVR,Com vazamento,median,0.3,23026.95890982191,26.456708090549558,2328629213.4842615,20277874.944588106,48237.5775265527,206.46368865856599,0.16624106539204728,0.006985090045074554
574_house_16H,SVR,Sem vazamento,KNN,0.05,23008.761125492136,29.33435297733213,2316685147.9807005,20015168.770683672,48114.257355737645,204.93746377066006,0.17048433170520969,0.006910328816773001
574_house_16H,SVR,Sem vazamento,KNN,0.1,22782.124518561923,22.25491229699559,2282143419.228647,19514376.42135732,47754.344116119006,200.42453466714414,0.18284688602821011,0.0067017152697282315
574_house_16H,SVR,Sem vazamento,KNN,0.2,22765.63000053765,26.10035613235741,2278631682.68353,20151024.887231257,47717.20895359934,207.69676092250552,0.18411247927134744,0.006954786029635187
574_house_16H,SVR,Sem vazamento,KNN,0.3,23024.74856006196,25.66567615637254,2331462932.782084,20041826.35368644,48266.95645805752,203.45441839881522,0.16523077147635062,0.006886340394001949
574_house_16H,SVR,Sem vazamento,mean,0.05,23004.308762457567,26.779089415304497,2312502914.570025,18491856.705032557,48071.48745631542,189.26442861936968,0.17197351099161653,0.00634691455456099
574_house_16H,SVR,Sem vazamento,mean,0.1,22772.10018019765,22.107376420849363,2276145029.737658,15773977.27239422,47692.690586959994,163.56156107768547,0.18496915976123018,0.005413074384563507
574_house_16H,SVR,Sem vazamento,mean,0.2,22777.00382224774,25.019939269123988,2279480069.817904,21116717.17815987,47725.85572488495,217.36770444721463,0.18381262005962185,0.007287054545706199
574_house_16H,SVR,Sem vazamento,mean,0.3,23029.86499332202,28.213546807149545,2329501135.516147,20805896.124249294,48246.310841810606,211.44379647048285,0.1659357680837222,0.007157201735083449
574_house_16H,SVR,Sem vazamento,median,0.05,23005.474502980705,26.34314557946623,2312354661.2426267,18369683.237258315,48070.06230705872,188.15522941727266,0.17201992478479777,0.006309873492108454
574_house_16H,SVR,Sem vazamento,median,0.1,22771.991380633524,21.829571004411495,2275744896.635615,16085874.841809653,47688.392550644414,166.40561178768033,0.1851183187013824,0.00550983628306965
574_house_16H,SVR,Sem vazamento,median,0.2,22777.76701012252,26.321240538258927,2280530950.573242,19688827.728915714,47736.72238030284,201.96474645967172,0.18344293596830527,0.0067578261524336315
574_house_16H,SVR,Sem vazamento,median,0.3,23028.027468042394,26.99272428778621,2329508666.431339,20678479.29903306,48246.49368105695,210.3501875424299,0.16592721607357155,0.007125434827721167
