ds,alg,iteration,test_r2_noleak,test_r2_leak,test_rmse_noleak,test_rmse_leak,delta_r2,tie_r2,delta_rmse,tie_rmse,n_instances,n_features,ratio_feat_inst
1027_ESL,DT,0,0.7449263634071327,0.7444105698558368,0.6929336081758672,0.694164159400929,-0.00051579355129594,False,-0.17758573267952332,False,488,4,0.00819672131147541
1027_ESL,DT,1,0.8086232421934367,0.8065704760068706,0.6174884548970837,0.6205873006142569,-0.002052766186566135,False,-0.5018467458941736,False,488,4,0.00819672131147541
1027_ESL,DT,2,0.7724640032286644,0.7847937666754962,0.667020965378058,0.6477959576625527,0.012329763446831787,False,2.882219407392813,False,488,4,0.00819672131147541
1027_ESL,DT,3,0.7709525948861847,0.7645736709805167,0.6761229768728121,0.683841512040658,-0.006378923905668077,False,-1.1415874673488418,False,488,4,0.00819672131147541
1027_ESL,DT,4,0.7818649589200539,0.791713515839506,0.6570598604008259,0.6430591402380712,0.009848556919452078,False,2.130813493037577,False,488,4,0.00819672131147541
1027_ESL,DT,5,0.7761672438532352,0.7761672438532352,0.6656197377438233,0.6656197377438233,0.0,True,0.0,True,488,4,0.00819672131147541
1027_ESL,KNN,0,0.8455778212757088,0.8443516694627985,0.5488576978947238,0.5493551348086221,-0.0012261518129103033,False,-0.0906313085898753,False,488,4,0.00819672131147541
1027_ESL,KNN,1,0.8451462585493832,0.8462606339278866,0.5560440311333741,0.5540567088807645,0.0011143753785034516,False,0.35740375605846114,False,488,4,0.00819672131147541
1027_ESL,KNN,2,0.841931044709748,0.8402931140186184,0.5583397784049151,0.5612627144652791,-0.0016379306911296077,False,-0.5235048931520383,False,488,4,0.00819672131147541
1027_ESL,KNN,3,0.8480158827722113,0.8449751450298512,0.5521046956205238,0.5576169344414557,-0.0030407377423601334,False,-0.9984046259082333,False,488,4,0.00819672131147541
1027_ESL,KNN,4,0.8530255812057568,0.8523525649492671,0.5383231206167339,0.5400536734051253,-0.0006730162564896336,False,-0.3214710128758325,False,488,4,0.00819672131147541
1027_ESL,KNN,5,0.8463383979066705,0.844350982651395,0.5548714780299706,0.5584576944245006,-0.001987415255275571,False,-0.6463147839680877,False,488,4,0.00819672131147541
1027_ESL,LR,0,0.8537022319120883,0.8537022319120883,0.5331596706374973,0.5331596706374971,0.0,True,0.0,True,488,4,0.00819672131147541
1027_ESL,LR,1,0.8588245891228318,0.8588245891228318,0.5313951439470121,0.5313951439470123,0.0,True,0.0,True,488,4,0.00819672131147541
1027_ESL,LR,2,0.8568287859289742,0.8568287859289743,0.5306033557895812,0.5306033557895812,0.0,True,0.0,True,488,4,0.00819672131147541
1027_ESL,LR,3,0.8563175028290594,0.8563175028290593,0.5351508264237395,0.5351508264237396,0.0,True,0.0,True,488,4,0.00819672131147541
1027_ESL,LR,4,0.8577985074115885,0.8577985074115885,0.5281416205846277,0.5281416205846277,0.0,True,0.0,True,488,4,0.00819672131147541
1027_ESL,LR,5,0.8565112924635399,0.8565112924635399,0.5351678527352405,0.5351678527352405,0.0,True,0.0,True,488,4,0.00819672131147541
1027_ESL,RF,0,0.8234095236799144,0.8235189440631867,0.5828030419995833,0.5828429271777266,0.0001094203832723295,False,-0.006843680500773395,False,488,4,0.00819672131147541
1027_ESL,RF,1,0.8404816616491849,0.8396334593907628,0.5640935326199397,0.5656254345072104,-0.0008482022584220816,False,-0.2715687733833369,False,488,4,0.00819672131147541
1027_ESL,RF,2,0.8313119539105642,0.8317594518010146,0.5767560346559325,0.576000317830568,0.000447497890450399,False,0.1310288544818241,False,488,4,0.00819672131147541
1027_ESL,RF,3,0.8323083799771175,0.830491811623033,0.5792741059320654,0.5820700431178341,-0.0018165683540845023,False,-0.48266220725850006,False,488,4,0.00819672131147541
1027_ESL,RF,4,0.8321456108200297,0.8340066398091135,0.5744997988772186,0.57172049878224,0.0018610289890838017,False,0.4837773834578155,False,488,4,0.00819672131147541
1027_ESL,RF,5,0.8281176488870864,0.8279296075754692,0.5849371407137617,0.5854297227458751,-0.00018804131161720417,False,-0.08421110540397138,False,488,4,0.00819672131147541
1027_ESL,SVR,0,0.8552200714334721,0.8551888530285354,0.5306689706787007,0.5307380664094458,-3.121840493669481e-05,False,-0.013020495744592785,False,488,4,0.00819672131147541
1027_ESL,SVR,1,0.8588582462009257,0.8589220831438914,0.5313031099271437,0.5311810917958123,6.383694296574483e-05,False,0.022965822908155718,False,488,4,0.00819672131147541
1027_ESL,SVR,2,0.8562601613196443,0.8561833675779966,0.5316522856005786,0.531798789705573,-7.679374164770714e-05,False,-0.02755637640660119,False,488,4,0.00819672131147541
1027_ESL,SVR,3,0.857615671110142,0.857588597400522,0.5332830546190797,0.5333385703672381,-2.7073709620073494e-05,False,-0.010410184174722106,False,488,4,0.00819672131147541
1027_ESL,SVR,4,0.8580068496762028,0.857979297593661,0.5282650040681848,0.5283267917662589,-2.7552082541792977e-05,False,-0.01169634512948036,False,488,4,0.00819672131147541
1027_ESL,SVR,5,0.8575809919223472,0.8576207189337929,0.5334812669736463,0.5334017909436808,3.972701144572266e-05,False,0.014897623381670378,False,488,4,0.00819672131147541
1028_SWD,DT,0,0.3535424347570139,0.3535424347570139,0.6499994740984796,0.6499994740984796,0.0,True,0.0,True,1000,10,0.01
1028_SWD,DT,1,0.3504492515414388,0.3504492515414388,0.6504512710868604,0.6504512710868604,0.0,True,0.0,True,1000,10,0.01
1028_SWD,DT,2,0.3529674724814802,0.3529674724814802,0.6493327117399466,0.6493327117399466,0.0,True,0.0,True,1000,10,0.01
1028_SWD,DT,3,0.3734001063426342,0.3734001063426342,0.6402009369055384,0.6402009369055384,0.0,True,0.0,True,1000,10,0.01
1028_SWD,DT,4,0.3419044518174994,0.3419044518174994,0.6525124695725157,0.6525124695725157,0.0,True,0.0,True,1000,10,0.01
1028_SWD,DT,5,0.3559246503870918,0.3559246503870918,0.6494498886782778,0.6494498886782778,0.0,True,0.0,True,1000,10,0.01
1028_SWD,KNN,0,0.3655991238419152,0.3470251515325401,0.6442525306692245,0.6533121548655202,-0.018573972309375075,False,-1.406222523780373,False,1000,10,0.01
1028_SWD,KNN,1,0.320417271537497,0.3277458226269877,0.6656276410832409,0.6618296344737302,0.007328551089490709,False,0.5705902782717703,False,1000,10,0.01
1028_SWD,KNN,2,0.3382972150572052,0.3331435189464209,0.6562254304177966,0.6589278724860451,-0.0051536961107843116,False,-0.4118161142472018,False,1000,10,0.01
1028_SWD,KNN,3,0.3534862876927093,0.3588206681845932,0.6492573305274428,0.6468456130265348,0.005334380491883894,False,0.37145787771835315,False,1000,10,0.01
1028_SWD,KNN,4,0.3199284192896618,0.3234777309100821,0.6630612743026776,0.6618373272319397,0.00354931162042027,False,0.18459034152237414,False,1000,10,0.01
1028_SWD,KNN,5,0.3280688740757741,0.3251167814944278,0.6631981547197744,0.664885777470376,-0.0029520925813463217,False,-0.2544673471407228,False,1000,10,0.01
1028_SWD,LR,0,0.3910988265203976,0.3910988265203978,0.6315995685902711,0.6315995685902711,0.0,True,0.0,True,1000,10,0.01
1028_SWD,LR,1,0.3906329896938051,0.3906329896938051,0.6310090765255505,0.6310090765255505,0.0,True,0.0,True,1000,10,0.01
1028_SWD,LR,2,0.3815052124537521,0.3815052124537521,0.6342379287664364,0.6342379287664364,0.0,True,0.0,True,1000,10,0.01
1028_SWD,LR,3,0.3833316022142332,0.3833316022142333,0.6351084415630107,0.6351084415630106,0.0,True,0.0,True,1000,10,0.01
1028_SWD,LR,4,0.3857803206185438,0.3857803206185436,0.6318920691323634,0.6318920691323633,0.0,True,0.0,True,1000,10,0.01
1028_SWD,LR,5,0.391801332817354,0.3918013328173539,0.6312249580356791,0.6312249580356791,0.0,True,0.0,True,1000,10,0.01
1028_SWD,RF,0,0.3582461911956222,0.3581848124399276,0.6475808561184339,0.6476104806409883,-6.13787556945633e-05,False,-0.004574644582911603,False,1000,10,0.01
1028_SWD,RF,1,0.3538617958128949,0.3538772648950142,0.6487821204006985,0.6487726644469859,1.5469082119301536e-05,False,0.0014574929572288902,False,1000,10,0.01
1028_SWD,RF,2,0.3549483613822843,0.3548024819599634,0.6480638581298314,0.6481366488319511,-0.00014587942232091589,False,-0.011232026166340815,False,1000,10,0.01
1028_SWD,RF,3,0.3749702022053239,0.3749608669969436,0.6394184977983983,0.6394231278823432,-9.33520838031221e-06,False,-0.0007241085393766414,False,1000,10,0.01
1028_SWD,RF,4,0.3477029555321242,0.3477022439965876,0.6492373665685041,0.6492363960898082,-7.115355366016374e-07,False,0.00014947979673122586,False,1000,10,0.01
1028_SWD,RF,5,0.355644710350489,0.3556389037909317,0.6495287317862388,0.64953129808205,-5.806559557286484e-06,False,-0.0003951011996240796,False,1000,10,0.01
1028_SWD,SVR,0,0.3818917474155286,0.3819909016478164,0.6362299784893286,0.6361808139638772,9.91542322877903e-05,False,0.007727477030898063,False,1000,10,0.01
1028_SWD,SVR,1,0.3785701731763666,0.3786205659161608,0.6369580065665442,0.6369356421597904,5.0392739794180574e-05,False,0.00351112734643258,False,1000,10,0.01
1028_SWD,SVR,2,0.3751901379074899,0.3752911003321542,0.6371899090578217,0.6371380942947001,0.00010096242466428595,False,0.008131761408174999,False,1000,10,0.01
1028_SWD,SVR,3,0.3789776423065869,0.3785228147517692,0.6367240099168743,0.6369378096115624,-0.0004548275548177383,False,-0.03357807956952446,False,1000,10,0.01
1028_SWD,SVR,4,0.3692428633585847,0.3690593389619356,0.6396682349771288,0.6397572855012809,-0.00018352439664909292,False,-0.013921360993527216,False,1000,10,0.01
1028_SWD,SVR,5,0.3782751013469614,0.3783655591608789,0.6379157753779771,0.6378690069657075,9.04578139174772e-05,False,0.007331439991724771,False,1000,10,0.01
1029_LEV,DT,0,0.5113149789766398,0.5113149789766398,0.6633824602514355,0.6633824602514355,0.0,True,0.0,True,1000,4,0.004
1029_LEV,DT,1,0.5083783976057608,0.5083783976057608,0.6683607146214752,0.6683607146214752,0.0,True,0.0,True,1000,4,0.004
1029_LEV,DT,2,0.4980077648462566,0.4980077648462566,0.6738271176256746,0.6738271176256746,0.0,True,0.0,True,1000,4,0.004
1029_LEV,DT,3,0.52150580436693,0.52150580436693,0.6585233744297921,0.6585233744297921,0.0,True,0.0,True,1000,4,0.004
1029_LEV,DT,4,0.5229336108232361,0.5229336108232361,0.657897306880878,0.657897306880878,0.0,True,0.0,True,1000,4,0.004
1029_LEV,DT,5,0.5109836119700385,0.5109836119700385,0.6651252020746301,0.6651252020746301,0.0,True,0.0,True,1000,4,0.004
1029_LEV,KNN,0,0.4815728165192783,0.4864825995359105,0.6838898208498659,0.6802995034387339,0.0049097830166321965,False,0.5249847711829312,False,1000,4,0.004
1029_LEV,KNN,1,0.4933468329407995,0.4874123905235267,0.6786676611428577,0.6826674197009616,-0.005934442417272812,False,-0.5893545231503114,False,1000,4,0.004
1029_LEV,KNN,2,0.4715105765994827,0.4743583948889922,0.6912959599591896,0.6895327365274754,0.002847818289509474,False,0.2550605722935646,False,1000,4,0.004
1029_LEV,KNN,3,0.5002907598465401,0.4958934745217641,0.6733589676544934,0.6763648704994752,-0.004397285324776068,False,-0.44640421964710025,False,1000,4,0.004
1029_LEV,KNN,4,0.5030642156725591,0.504479634961423,0.6713676946773544,0.6703769956674333,0.0014154192888639061,False,0.14756429565727214,False,1000,4,0.004
1029_LEV,KNN,5,0.4680679560076214,0.4674696182511343,0.693271173852053,0.6936919332427401,-0.0005983377564870995,False,-0.0606918917960073,False,1000,4,0.004
1029_LEV,LR,0,0.558690983161567,0.558690983161567,0.631077957012868,0.631077957012868,0.0,True,0.0,True,1000,4,0.004
1029_LEV,LR,1,0.5595653625759951,0.559565362575995,0.6325261461598067,0.6325261461598067,0.0,True,0.0,True,1000,4,0.004
1029_LEV,LR,2,0.5569630240403483,0.556963024040348,0.6332016330185182,0.6332016330185183,0.0,True,0.0,True,1000,4,0.004
1029_LEV,LR,3,0.5631614405027561,0.5631614405027561,0.629904771255068,0.629904771255068,0.0,True,0.0,True,1000,4,0.004
1029_LEV,LR,4,0.5654804513464823,0.5654804513464823,0.628163893210113,0.6281638932101131,0.0,True,0.0,True,1000,4,0.004
1029_LEV,LR,5,0.5589654626951455,0.5589654626951455,0.6303483827538117,0.6303483827538117,0.0,True,0.0,True,1000,4,0.004
1029_LEV,RF,0,0.5128573967261136,0.512779954164872,0.6623626958456923,0.6624162031953451,-7.744256124164739e-05,False,-0.00807825531063426,False,1000,4,0.004
1029_LEV,RF,1,0.5072744534344527,0.507282719886615,0.6692226648511377,0.6692170562792747,8.26645216234212e-06,False,0.0008380726113309011,False,1000,4,0.004
1029_LEV,RF,2,0.4988423430948854,0.4989162892771686,0.6733960565910926,0.6733497078162793,7.394618228317995e-05,False,0.006882840248259338,False,1000,4,0.004
1029_LEV,RF,3,0.5224158738677601,0.5223792020996326,0.6579546919451454,0.6579816634511566,-3.6671768127494175e-05,False,-0.004099295337711918,False,1000,4,0.004
1029_LEV,RF,4,0.52217463918172,0.5221721898523259,0.6583977134527582,0.6583988756528014,-2.449329394083044e-06,False,-0.00017651945312939057,False,1000,4,0.004
1029_LEV,RF,5,0.5090500136359493,0.5089656267502127,0.6664876842896077,0.6665414844363688,-8.438688573653153e-05,False,-0.00807218918358495,False,1000,4,0.004
1029_LEV,SVR,0,0.5534465602346939,0.5536650953364584,0.6347357654948064,0.6345961004585152,0.0002185351017645054,False,0.02200365000423008,False,1000,4,0.004
1029_LEV,SVR,1,0.557634687063941,0.5576729255834333,0.6337614489302178,0.6337376860944665,3.8238519492250767e-05,False,0.0037494921458935612,False,1000,4,0.004
1029_LEV,SVR,2,0.5544859565333453,0.554375807197582,0.6347883039228712,0.6348716847797032,-0.00011014933576336539,False,-0.013135222611497115,False,1000,4,0.004
1029_LEV,SVR,3,0.5545396576882278,0.554620163672253,0.6360835282640522,0.6360278574220268,8.050598402520315e-05,False,0.008752127598294185,False,1000,4,0.004
1029_LEV,SVR,4,0.5591927351338295,0.559125605616231,0.6326475873392107,0.6326978168513833,-6.71295175984632e-05,False,-0.007939572232283403,False,1000,4,0.004
1029_LEV,SVR,5,0.5544377262532496,0.5544190863629859,0.6332128779814856,0.6332222103554727,-1.863989026373858e-05,False,-0.0014738130432194773,False,1000,4,0.004
1030_ERA,DT,0,0.3559079741233115,0.3559079741233115,1.5836911995434362,1.5836911995434362,0.0,True,0.0,True,1000,4,0.004
1030_ERA,DT,1,0.3430047453970818,0.3430047453970818,1.604617103405697,1.604617103405697,0.0,True,0.0,True,1000,4,0.004
1030_ERA,DT,2,0.3550702384490714,0.3550702384490714,1.5902214746625982,1.5902214746625982,0.0,True,0.0,True,1000,4,0.004
1030_ERA,DT,3,0.3441746029294816,0.3441746029294816,1.5991754271543148,1.5991754271543148,0.0,True,0.0,True,1000,4,0.004
1030_ERA,DT,4,0.3630667087661623,0.3630667087661623,1.5796497777093803,1.5796497777093803,0.0,True,0.0,True,1000,4,0.004
1030_ERA,DT,5,0.3510179576315935,0.3510179576315935,1.5903611783193443,1.5903611783193443,0.0,True,0.0,True,1000,4,0.004
1030_ERA,KNN,0,0.2907791413268777,0.2864682072102995,1.6624992643911605,1.6670972955885182,-0.0043109341165782356,False,-0.2765734274800763,False,1000,4,0.004
1030_ERA,KNN,1,0.2613162915368379,0.2720560221513487,1.700911915864528,1.6890092594557489,0.010739730614510834,False,0.6997808821116634,False,1000,4,0.004
1030_ERA,KNN,2,0.2706011752723531,0.2571992228105535,1.691315196114382,1.7062147215125942,-0.013401952461799593,False,-0.8809431519590407,False,1000,4,0.004
1030_ERA,KNN,3,0.2872649815484854,0.2647691889662423,1.6669207647200182,1.6937537712151505,-0.0224957925822431,False,-1.609734971394353,False,1000,4,0.004
1030_ERA,KNN,4,0.2685608115783511,0.2693900303073582,1.6922374403545029,1.6912444787960583,0.0008292187290070974,False,0.05867743702896173,False,1000,4,0.004
1030_ERA,KNN,5,0.2934813516183707,0.2836609529359492,1.6608043690056242,1.672185625810631,-0.009820398682421516,False,-0.6852858179690962,False,1000,4,0.004
1030_ERA,LR,0,0.368322521654862,0.3683225216548619,1.5689550744632987,1.568955074463299,0.0,True,0.0,True,1000,4,0.004
1030_ERA,LR,1,0.3696135138912492,0.3696135138912492,1.571886106920488,1.571886106920488,0.0,True,0.0,True,1000,4,0.004
1030_ERA,LR,2,0.3668121124117506,0.3668121124117506,1.5754044648112522,1.5754044648112524,0.0,True,0.0,True,1000,4,0.004
1030_ERA,LR,3,0.3641208091114173,0.3641208091114174,1.5752966316746466,1.5752966316746466,0.0,True,0.0,True,1000,4,0.004
1030_ERA,LR,4,0.3743566789416697,0.3743566789416697,1.5656659290110029,1.5656659290110029,0.0,True,0.0,True,1000,4,0.004
1030_ERA,LR,5,0.3695689785780625,0.3695689785780626,1.5692921040701897,1.5692921040701897,0.0,True,0.0,True,1000,4,0.004
1030_ERA,RF,0,0.3573056629049589,0.3573056629049589,1.5820220111644907,1.5820220111644907,0.0,True,0.0,True,1000,4,0.004
1030_ERA,RF,1,0.3421272916200756,0.3421272916200756,1.6056161638597126,1.6056161638597126,0.0,True,0.0,True,1000,4,0.004
1030_ERA,RF,2,0.3541798249288224,0.3541798249288224,1.591292187556846,1.591292187556846,0.0,True,0.0,True,1000,4,0.004
1030_ERA,RF,3,0.3442790187131525,0.3442790187131525,1.5991628799694315,1.5991628799694315,0.0,True,0.0,True,1000,4,0.004
1030_ERA,RF,4,0.3608386330954464,0.3608386330954464,1.5823850684250365,1.5823850684250365,0.0,True,0.0,True,1000,4,0.004
1030_ERA,RF,5,0.349391127461362,0.349391127461362,1.592334790718542,1.592334790718542,0.0,True,0.0,True,1000,4,0.004
1030_ERA,SVR,0,0.3513588376150794,0.3515223758852679,1.5891765572971983,1.5889611936299115,0.0001635382701885013,False,0.013551903109688856,False,1000,4,0.004
1030_ERA,SVR,1,0.3541026595297112,0.3544505743079789,1.5912167619757696,1.590793504438918,0.00034791477826767725,False,0.026599615273403435,False,1000,4,0.004
1030_ERA,SVR,2,0.3498169409544175,0.3495820171769234,1.5961023759383104,1.5963729657009815,-0.00023492377749412263,False,-0.016953158315553725,False,1000,4,0.004
1030_ERA,SVR,3,0.350867971380015,0.3510513955508154,1.5904685832203862,1.5902451984731056,0.00018342417080036144,False,0.014045215959453515,False,1000,4,0.004
1030_ERA,SVR,4,0.3622769659799421,0.362242276020615,1.5806705212103926,1.5807134493836497,-3.46899593270944e-05,False,-0.0027158204496750774,False,1000,4,0.004
1030_ERA,SVR,5,0.3490610940063607,0.3493877874390394,1.593174882936589,1.5927672470946348,0.0003266934326787152,False,0.025586383913037775,False,1000,4,0.004
1089_USCrime,DT,0,0.5137289446345435,0.5163441062347465,23.67496488715093,23.631467235452902,0.00261516160020292,False,0.18372847396127126,False,47,13,0.2765957446808511
1089_USCrime,DT,1,0.6251224140290816,0.6142637890677933,22.30668332641669,22.774593441383395,-0.01085862496128831,False,-2.0976229774714366,False,47,13,0.2765957446808511
1089_USCrime,DT,2,0.6935054207160715,0.6887306237680035,20.719267619900176,20.857533644580183,-0.0047747969480679275,False,-0.6673306567419747,False,47,13,0.2765957446808511
1089_USCrime,DT,3,0.402190090384284,0.4057249125014298,26.780006731727426,26.59277199331703,0.003534822117145786,False,0.6991586682036603,False,47,13,0.2765957446808511
1089_USCrime,DT,4,0.5383837418978189,0.5387763782756583,22.604563223727453,22.598368905515454,0.00039263637783937266,False,0.02740295466314363,False,47,13,0.2765957446808511
1089_USCrime,DT,5,0.5350581898120494,0.5350581898120494,23.70118393893403,23.70118393893403,0.0,True,0.0,True,47,13,0.2765957446808511
1089_USCrime,KNN,0,0.6357916540762213,0.6582448682762885,22.514250874299663,21.68862464715132,0.022453214200067184,False,3.6671272420207632,False,47,13,0.2765957446808511
1089_USCrime,KNN,1,0.7448560445221568,0.7305983286185556,19.629047213130196,20.1578964554501,-0.014257715903601254,False,-2.694217587729616,False,47,13,0.2765957446808511
1089_USCrime,KNN,2,0.7104007487139308,0.7032901938646139,20.7012918045198,20.938431440147003,-0.007110554849316886,False,-1.145530616477885,False,47,13,0.2765957446808511
1089_USCrime,KNN,3,0.6452284596989792,0.6561594493998186,21.11921905979313,20.63736639640811,0.010930989700839389,False,2.2815837177539064,False,47,13,0.2765957446808511
1089_USCrime,KNN,4,0.6697483171365991,0.670623746664526,21.16474800747668,21.27620580383109,0.000875429527926852,False,-0.5266200018778289,False,47,13,0.2765957446808511
1089_USCrime,KNN,5,0.721796543227306,0.7074839995427094,19.627307722238207,20.065813102628564,-0.014312543684596668,False,-2.234159603527893,False,47,13,0.2765957446808511
1089_USCrime,LR,0,0.6671735501516087,0.6671735501516084,21.542590291928864,21.542590291928875,0.0,True,0.0,True,47,13,0.2765957446808511
1089_USCrime,LR,1,0.7264798482810055,0.7264798482810058,19.204183265784003,19.20418326578399,0.0,True,0.0,True,47,13,0.2765957446808511
1089_USCrime,LR,2,0.7209604331504436,0.7209604331504433,20.339801573544467,20.339801573544477,0.0,True,0.0,True,47,13,0.2765957446808511
1089_USCrime,LR,3,0.7717146278977931,0.7717146278977932,17.015370634108077,17.015370634108073,0.0,True,0.0,True,47,13,0.2765957446808511
1089_USCrime,LR,4,0.7298120849674514,0.7298120849674508,18.787873686294223,18.78787368629424,0.0,True,0.0,True,47,13,0.2765957446808511
1089_USCrime,LR,5,0.6866808932645025,0.6866808932645025,20.007730667295863,20.007730667295867,0.0,True,0.0,True,47,13,0.2765957446808511
1089_USCrime,RF,0,0.6713612371683078,0.6759166612030318,20.890997674555944,20.8136134938645,0.004555424034724087,False,0.3704187894563416,False,47,13,0.2765957446808511
1089_USCrime,RF,1,0.7929968631017917,0.7858527842614748,17.50493951975943,17.787536753434328,-0.007144078840316981,False,-1.6143856615780112,False,47,13,0.2765957446808511
1089_USCrime,RF,2,0.7522183458950193,0.7525442683280638,19.11204758182157,19.10129407751926,0.00032592243304441215,False,0.05626557937486225,False,47,13,0.2765957446808511
1089_USCrime,RF,3,0.6925144125148668,0.6898711390118764,20.10584336866051,20.16419653909724,-0.0026432735029904286,False,-0.2902299066334531,False,47,13,0.2765957446808511
1089_USCrime,RF,4,0.7200963520826742,0.719495100830548,19.069973629511765,19.08935627919321,-0.0006012512521261781,False,-0.10163962498328265,False,47,13,0.2765957446808511
1089_USCrime,RF,5,0.6528126308747002,0.6528162538306534,20.86587465199105,20.901153322183667,3.622955953241913e-06,False,-0.16907352689982458,False,47,13,0.2765957446808511
1089_USCrime,SVR,0,0.6747076748044352,0.6829341337816374,20.652494560564783,20.44186160589499,0.0082264589772022,False,1.0198911034795308,False,47,13,0.2765957446808511
1089_USCrime,SVR,1,0.7460446334938937,0.7468813054199972,18.82135331642815,18.78406024339709,0.0008366719261034827,False,0.1981423567374987,False,47,13,0.2765957446808511
1089_USCrime,SVR,2,0.7013336464173577,0.6989209049202515,20.97454433044223,21.040870852925828,-0.002412741497106241,False,-0.3162239018815319,False,47,13,0.2765957446808511
1089_USCrime,SVR,3,0.8055452911703311,0.8044113409090188,15.7951114608005,15.846573384680685,-0.0011339502613123553,False,-0.32580918474618004,False,47,13,0.2765957446808511
1089_USCrime,SVR,4,0.775822077730194,0.7792855962528398,16.918311653616314,16.814347512490333,0.0034635185226458143,False,0.6145065964886575,False,47,13,0.2765957446808511
1089_USCrime,SVR,5,0.6706503478968371,0.6806223400673581,20.286392316599198,20.132559574156183,0.009971992170521027,False,0.7583050748611545,False,47,13,0.2765957446808511
1096_FacultySalaries,DT,0,0.7303509091037738,0.7292191822983242,2.0985650897380084,2.1096907516452155,-0.0011317268054495955,False,-0.530155674542173,False,50,4,0.08
1096_FacultySalaries,DT,1,0.6668908713189525,0.6668908713189525,2.289838479211137,2.289838479211137,0.0,True,0.0,True,50,4,0.08
1096_FacultySalaries,DT,2,0.6172758620768782,0.6172758620768782,2.4617610691723546,2.4617610691723546,0.0,True,0.0,True,50,4,0.08
1096_FacultySalaries,DT,3,0.647580342212833,0.647580342212833,2.5771095728120823,2.5771095728120823,0.0,True,0.0,True,50,4,0.08
1096_FacultySalaries,DT,4,0.6210325378885895,0.6136632904237431,2.3716322698941648,2.4116184193346206,-0.007369247464846351,False,-1.6860181044104392,False,50,4,0.08
1096_FacultySalaries,DT,5,0.5653002100320945,0.5653002100320945,2.83037362187045,2.83037362187045,0.0,True,0.0,True,50,4,0.08
1096_FacultySalaries,KNN,0,0.6833219589185613,0.6865596289922622,2.441754929502583,2.426185893087194,0.0032376700737009045,False,0.6376166677202412,False,50,4,0.08
1096_FacultySalaries,KNN,1,0.7295200905651178,0.7179372623470881,2.3129207610945186,2.3531917819117485,-0.011582828218029695,False,-1.741132748454939,False,50,4,0.08
1096_FacultySalaries,KNN,2,0.7297395853275892,0.7539015217425188,2.2532945241630373,2.146515874249314,0.024161936414929586,False,4.738779097392311,False,50,4,0.08
1096_FacultySalaries,KNN,3,0.7334583215145563,0.7361694975601729,2.246264190185165,2.2332563538952144,0.002711176045616659,False,0.5790875510898096,False,50,4,0.08
1096_FacultySalaries,KNN,4,0.6989833160532183,0.7003891627396529,2.356188105834707,2.349779103734796,0.0014058466864346197,False,0.2720072342288884,False,50,4,0.08
1096_FacultySalaries,KNN,5,0.6456115844014672,0.6532656995262476,2.5072850023263284,2.4654614021464845,0.007654115124780425,False,1.6680832111642234,False,50,4,0.08
1096_FacultySalaries,LR,0,0.5056513941218556,0.5056513941218543,2.5468213935100064,2.546821393510009,0.0,True,0.0,True,50,4,0.08
1096_FacultySalaries,LR,1,0.5421220092766009,0.5421220092766016,2.663440764429866,2.6634407644298643,0.0,True,0.0,True,50,4,0.08
1096_FacultySalaries,LR,2,0.5930582819292437,0.5930582819292436,2.273910750666821,2.273910750666821,0.0,True,0.0,True,50,4,0.08
1096_FacultySalaries,LR,3,0.3964340994948132,0.396434099494814,2.5570009736331443,2.5570009736331434,0.0,True,0.0,True,50,4,0.08
1096_FacultySalaries,LR,4,0.3740198390642903,0.3740198390642898,2.2518313821882847,2.251831382188286,0.0,True,0.0,True,50,4,0.08
1096_FacultySalaries,LR,5,0.6780597532106831,0.6780597532106832,2.2799484584907392,2.2799484584907383,0.0,True,0.0,True,50,4,0.08
1096_FacultySalaries,RF,0,0.7638929877328945,0.7638772006138319,1.9574236112861123,1.9576243107269853,-1.5787119062582455e-05,False,-0.010253245118521248,False,50,4,0.08
1096_FacultySalaries,RF,1,0.7652945690803132,0.764521845304454,1.947655479393798,1.949513125090038,-0.0007727237758592409,False,-0.09537855723940539,False,50,4,0.08
1096_FacultySalaries,RF,2,0.7847203991364371,0.7847203991364371,1.873862430279429,1.873862430279429,0.0,True,0.0,True,50,4,0.08
1096_FacultySalaries,RF,3,0.7247542243681437,0.7248094343912898,2.2853981400269285,2.2848589628205875,5.5210023146012865e-05,False,0.02359226591191015,False,50,4,0.08
1096_FacultySalaries,RF,4,0.7145339845672747,0.7157892494021747,2.167625268961108,2.159761954503908,0.0012552648349000162,False,0.362761708391088,False,50,4,0.08
1096_FacultySalaries,RF,5,0.7140782960518408,0.7141077719027996,2.23857574185794,2.2384342937035653,2.947585095880445e-05,False,0.006318667344142269,False,50,4,0.08
1096_FacultySalaries,SVR,0,0.8091846418546527,0.8098959749006049,1.832715630928951,1.833469319921912,0.0007113330459522782,False,-0.04112416461353085,False,50,4,0.08
1096_FacultySalaries,SVR,1,0.8277916409613815,0.8297024861677157,1.805756438673023,1.7951967323968274,0.0019108452063342218,False,0.58478020900512,False,50,4,0.08
1096_FacultySalaries,SVR,2,0.8504908812731887,0.8516778587039903,1.646256641568608,1.6416267767292332,0.001186977430801539,False,0.28123590954587047,False,50,4,0.08
1096_FacultySalaries,SVR,3,0.8390004495186292,0.8360796541210943,1.7334762057942794,1.7486321462002978,-0.00292079539753487,False,-0.8743091111004874,False,50,4,0.08
1096_FacultySalaries,SVR,4,0.8187181472842056,0.8146233916225809,1.65594959149416,1.6720518998811562,-0.0040947556616246494,False,-0.9723912170821059,False,50,4,0.08
1096_FacultySalaries,SVR,5,0.8209966750918913,0.8218475723943741,1.7267779966004375,1.7338832933287485,0.0008508973024827782,False,-0.4114771407962907,False,50,4,0.08
1199_BNG_echoMonths,DT,0,-0.0387253038547001,-0.0387253038547001,16.092427844289958,16.092427844289958,0.0,True,0.0,True,17496,9,0.00051440329218107
1199_BNG_echoMonths,DT,1,-0.0598017608585795,-0.0598017608585795,16.255145342860043,16.255145342860043,0.0,True,0.0,True,17496,9,0.00051440329218107
1199_BNG_echoMonths,DT,2,-0.049859040860643,-0.049859040860643,16.179985927417746,16.179985927417746,0.0,True,0.0,True,17496,9,0.00051440329218107
1199_BNG_echoMonths,DT,3,-0.0480477656620971,-0.0480477656620971,16.167617831591766,16.167617831591766,0.0,True,0.0,True,17496,9,0.00051440329218107
1199_BNG_echoMonths,DT,4,-0.0440779748100503,-0.0440779748100503,16.13758238517667,16.13758238517667,0.0,True,0.0,True,17496,9,0.00051440329218107
1199_BNG_echoMonths,DT,5,-0.0460068999028329,-0.0460068999028329,16.152422532469814,16.152422532469814,0.0,True,0.0,True,17496,9,0.00051440329218107
1199_BNG_echoMonths,KNN,0,0.3823007485519574,0.3823662625621489,12.4103445258431,12.409582784013953,6.551401019150305e-05,False,0.006137958761433919,False,17496,9,0.00051440329218107
1199_BNG_echoMonths,KNN,1,0.3789858230838041,0.3787783616034462,12.441617863384977,12.443766821556084,-0.00020746148035788448,False,-0.01727233704413323,False,17496,9,0.00051440329218107
1199_BNG_echoMonths,KNN,2,0.3787952263063661,0.3781929785515722,12.446062882070324,12.452123465235562,-0.0006022477547938943,False,-0.04869478181706212,False,17496,9,0.00051440329218107
1199_BNG_echoMonths,KNN,3,0.3822996573257362,0.3820764871440123,12.411943828849177,12.414160511720752,-0.00022317018172385295,False,-0.017859272505107594,False,17496,9,0.00051440329218107
1199_BNG_echoMonths,KNN,4,0.3821993970896715,0.3819824055909303,12.413739167676251,12.415917165099527,-0.0002169914987412147,False,-0.017545055473271804,False,17496,9,0.00051440329218107
1199_BNG_echoMonths,KNN,5,0.3776068629727506,0.377865315623654,12.45921774970618,12.456627774257464,0.00025845265090340686,False,0.020787624879395446,False,17496,9,0.00051440329218107
1199_BNG_echoMonths,LR,0,0.4420840012515269,0.4420840012515269,11.794650035005796,11.794650035005796,0.0,True,0.0,True,17496,9,0.00051440329218107
1199_BNG_echoMonths,LR,1,0.4416493238155854,0.4416493238155854,11.798727860463089,11.798727860463089,0.0,True,0.0,True,17496,9,0.00051440329218107
1199_BNG_echoMonths,LR,2,0.441975308000799,0.441975308000799,11.797080196217792,11.797080196217792,0.0,True,0.0,True,17496,9,0.00051440329218107
1199_BNG_echoMonths,LR,3,0.4417209791457024,0.4417209791457024,11.800352481360516,11.800352481360516,0.0,True,0.0,True,17496,9,0.00051440329218107
1199_BNG_echoMonths,LR,4,0.4421127570646568,0.4421127570646567,11.796481131929347,11.79648113192935,0.0,True,0.0,True,17496,9,0.00051440329218107
1199_BNG_echoMonths,LR,5,0.4423178067870177,0.4423178067870176,11.79420743392236,11.79420743392236,0.0,True,0.0,True,17496,9,0.00051440329218107
1199_BNG_echoMonths,RF,0,0.4670382494387227,0.4670399914660078,11.528511371692744,11.528491871581547,1.7420272850898755e-06,False,0.00016914682709834924,False,17496,9,0.00051440329218107
1199_BNG_echoMonths,RF,1,0.4642718306061297,0.4642718306061297,11.556971964752176,11.556971964752176,0.0,True,0.0,True,17496,9,0.00051440329218107
1199_BNG_echoMonths,RF,2,0.4636513797669659,0.4636520044782894,11.565413793580662,11.565407154467314,6.24711323504723e-07,False,5.7404892435907815e-05,False,17496,9,0.00051440329218107
1199_BNG_echoMonths,RF,3,0.4621021487756445,0.4621019940156171,11.582915104711264,11.58291672987344,-1.547600274043326e-07,False,-1.4030683662834446e-05,False,17496,9,0.00051440329218107
1199_BNG_echoMonths,RF,4,0.4641293851710314,0.4641306448917277,11.561190352837803,11.561176742621608,1.259720696256128e-06,False,0.0001177233120429274,False,17496,9,0.00051440329218107
1199_BNG_echoMonths,RF,5,0.4626572819917045,0.4626569950003498,11.576757613550512,11.576760690659146,-2.8699135473653214e-07,False,-2.6580055801409137e-05,False,17496,9,0.00051440329218107
1199_BNG_echoMonths,SVR,0,0.4152095577008776,0.4148224211529838,12.075357467725905,12.079352186319207,-0.00038713654789379603,False,-0.033081576292705805,False,17496,9,0.00051440329218107
1199_BNG_echoMonths,SVR,1,0.4153249096714121,0.4149161732749631,12.0737753454972,12.077942723870976,-0.0004087363964490054,False,-0.03451595093103882,False,17496,9,0.00051440329218107
1199_BNG_echoMonths,SVR,2,0.4149967692327217,0.4153384611293511,12.07895422176104,12.075434738575526,0.00034169189662935917,False,0.02913731703008748,False,17496,9,0.00051440329218107
1199_BNG_echoMonths,SVR,3,0.4152835658250969,0.4150253116078901,12.076644658502008,12.079309170654174,-0.0002582542172068214,False,-0.022063348119541762,False,17496,9,0.00051440329218107
1199_BNG_echoMonths,SVR,4,0.4152193077085747,0.4156643527980755,12.077362024165293,12.072756862802327,0.00044504508950082844,False,0.03813052348477301,False,17496,9,0.00051440329218107
1199_BNG_echoMonths,SVR,5,0.4150117427806838,0.4153232704308971,12.079362777343896,12.076141453110653,0.00031152765021330575,False,0.026667998077553965,False,17496,9,0.00051440329218107
197_cpu_act,DT,0,0.9627736261293168,0.9628127053601594,3.543462420868863,3.5415206844708096,3.9079230842564705e-05,False,0.05479771385800389,False,8192,21,0.0025634765625
197_cpu_act,DT,1,0.9619449815580956,0.9619648495107498,3.5489174412043423,3.547830244544067,1.9867952654184506e-05,False,0.030634599938912366,False,8192,21,0.0025634765625
197_cpu_act,DT,2,0.964225139680941,0.964090553825154,3.47796355310137,3.4845657983867184,-0.00013458585578707272,False,-0.18983077840080065,False,8192,21,0.0025634765625
197_cpu_act,DT,3,0.9636806573947336,0.9637609985573148,3.501693870000266,3.4977253452558625,8.034116258115453e-05,False,0.11333157299678956,False,8192,21,0.0025634765625
197_cpu_act,DT,4,0.9641590354854676,0.9641826363649508,3.4817413868127582,3.4806157410512384,2.3600879483276493e-05,False,0.03232996470626125,False,8192,21,0.0025634765625
197_cpu_act,DT,5,0.9618268428349956,0.9616089769380411,3.590191957303692,3.6003134908034164,-0.00021786589695449443,False,-0.2819217919290908,False,8192,21,0.0025634765625
197_cpu_act,KNN,0,0.926831717570182,0.925232465136158,4.933036742988747,4.985802254548005,-0.0015992524340240344,False,-1.0696354863817477,False,8192,21,0.0025634765625
197_cpu_act,KNN,1,0.92570401997157,0.9285127623012016,4.964065207795843,4.8859669382255415,0.002808742329631575,False,1.5732724350125782,False,8192,21,0.0025634765625
197_cpu_act,KNN,2,0.9320948548805932,0.9306521585312496,4.785141703955939,4.8342049100336295,-0.0014426963493435752,False,-1.02532399483863,False,8192,21,0.0025634765625
197_cpu_act,KNN,3,0.9297500774917014,0.9262822273493272,4.859989010150068,4.987441946679001,-0.0034678501423741626,False,-2.6224943361548445,False,8192,21,0.0025634765625
197_cpu_act,KNN,4,0.9326720675084572,0.9318994947983786,4.7483086366188845,4.777713708441148,-0.0007725727100785784,False,-0.6192746527782946,False,8192,21,0.0025634765625
197_cpu_act,KNN,5,0.9304150019338192,0.9291156673002022,4.7870761107477975,4.833588841672701,-0.0012993346336169775,False,-0.9716313225201211,False,8192,21,0.0025634765625
197_cpu_act,LR,0,0.7212831317244074,0.7212831317244073,9.71222929540621,9.71222929540621,0.0,True,0.0,True,8192,21,0.0025634765625
197_cpu_act,LR,1,0.7221318916445401,0.7221318916445403,9.67050182194346,9.67050182194346,0.0,True,0.0,True,8192,21,0.0025634765625
197_cpu_act,LR,2,0.7201611636787283,0.7201611636787283,9.72208316448555,9.722083164485548,0.0,True,0.0,True,8192,21,0.0025634765625
197_cpu_act,LR,3,0.7178258715883842,0.7178258715883843,9.760850044529182,9.760850044529178,0.0,True,0.0,True,8192,21,0.0025634765625
197_cpu_act,LR,4,0.7225133091641323,0.722513309164132,9.687643569596606,9.687643569596608,0.0,True,0.0,True,8192,21,0.0025634765625
197_cpu_act,LR,5,0.7228738252511924,0.7228738252511924,9.678365022023645,9.678365022023648,0.0,True,0.0,True,8192,21,0.0025634765625
197_cpu_act,RF,0,0.9814535244662896,0.981449455680109,2.502892191915796,2.503190700147805,-4.068786180644324e-06,False,-0.011926531752883364,False,8192,21,0.0025634765625
197_cpu_act,RF,1,0.9820685774653396,0.9820749035428232,2.4472652602923,2.446754977415276,6.326077483631565e-06,False,0.020851147004917137,False,8192,21,0.0025634765625
197_cpu_act,RF,2,0.9820816094336324,0.9820835523454764,2.4595111723475727,2.459398500412833,1.942911843966222e-06,False,0.004581070255191103,False,8192,21,0.0025634765625
197_cpu_act,RF,3,0.9820639017334254,0.9820817857159474,2.4580220869663165,2.456617730861971,1.7883982522004516e-05,False,0.057133583615547566,False,8192,21,0.0025634765625
197_cpu_act,RF,4,0.982122210628572,0.9821443475254784,2.457941674558444,2.456526203622776,2.2136896906443937e-05,False,0.057587653536255834,False,8192,21,0.0025634765625
197_cpu_act,RF,5,0.9815165475379548,0.9815248233077823,2.4926868116218888,2.4922703120810183,8.275769827537083e-06,False,0.016708859650098582,False,8192,21,0.0025634765625
197_cpu_act,SVR,0,0.484125502405049,0.484095783498132,13.060936204003468,13.061391325324378,-2.9718906916997856e-05,False,-0.003484599524878684,False,8192,21,0.0025634765625
197_cpu_act,SVR,1,0.4896480972462146,0.489543676419872,13.038258950244709,13.039554955706544,-0.00010442082634259942,False,-0.009940019344462155,False,8192,21,0.0025634765625
197_cpu_act,SVR,2,0.4916363847428812,0.4916362655124672,12.969381705712582,12.969381405816904,-1.192304139863154e-07,False,2.312335968464535e-06,False,8192,21,0.0025634765625
197_cpu_act,SVR,3,0.4709573320518327,0.4710031904713322,13.12631385667058,13.125405053033305,4.5858419499500425e-05,False,0.006923525120595973,False,8192,21,0.0025634765625
197_cpu_act,SVR,4,0.4859207472091279,0.485943413476576,13.093081534217704,13.092549828864133,2.266626744806821e-05,False,0.0040609641983977655,False,8192,21,0.0025634765625
197_cpu_act,SVR,5,0.4925484609135894,0.4926674237940185,13.023851124980595,13.022467958820489,0.00011896288042911873,False,0.010620254691438341,False,8192,21,0.0025634765625
201_pol,DT,0,0.9717114190794652,0.9715951429395576,7.000235081090112,7.015524421484375,-0.00011627613990761176,False,-0.21841181356271372,False,15000,48,0.0032
201_pol,DT,1,0.972204174678608,0.9723311733071288,6.939279543717924,6.92199422776884,0.00012699862852083577,False,0.24909381211962073,False,15000,48,0.0032
201_pol,DT,2,0.9722988189409584,0.9720573479757644,6.924675476898691,6.954107579933927,-0.00024147096519400169,False,-0.4250322362892565,False,15000,48,0.0032
201_pol,DT,3,0.9720071817323342,0.9719507061080956,6.974858282229823,6.982195616323749,-5.6475624238605526e-05,False,-0.10519689142100744,False,15000,48,0.0032
201_pol,DT,4,0.9704301910531636,0.9708058634022388,7.172433092671911,7.127198353545421,0.00037567234907520675,False,0.6306749542593292,False,15000,48,0.0032
201_pol,DT,5,0.9702374430867132,0.9701920143789606,7.193694699400053,7.199803034401361,-4.542870775259278e-05,False,-0.0849123469448493,False,15000,48,0.0032
201_pol,KNN,0,0.9497412982078977,0.9499512483762846,9.350799387068182,9.331138453052866,0.00020995016838698533,False,0.2102593928226823,False,15000,48,0.0032
201_pol,KNN,1,0.95071254717326,0.9507388958015108,9.259843631681232,9.25697404449228,2.6348628250794093e-05,False,0.030989585819076425,False,15000,48,0.0032
201_pol,KNN,2,0.9502170819875034,0.9502657310904928,9.288572395059802,9.284672588217544,4.86491029894065e-05,False,0.04198499700913877,False,15000,48,0.0032
201_pol,KNN,3,0.9509970078217288,0.9506851060804442,9.228638995382209,9.259122709246382,-0.0003119017412845926,False,-0.3303164624754169,False,15000,48,0.0032
201_pol,KNN,4,0.9506434460740982,0.9509121074172606,9.248083974337206,9.22447906666433,0.00026866134316239076,False,0.25524106115794515,False,15000,48,0.0032
201_pol,KNN,5,0.9497579781585748,0.9498674582337616,9.329667131327415,9.320806690210308,0.00010948007518685188,False,0.09497060283486174,False,15000,48,0.0032
201_pol,LR,0,0.4653157942153031,0.4653157942153032,30.50403185807387,30.504031858073866,0.0,True,0.0,True,15000,48,0.0032
201_pol,LR,1,0.4651324025928977,0.4651324025928976,30.513981735659748,30.513981735659748,0.0,True,0.0,True,15000,48,0.0032
201_pol,LR,2,0.4647080240705349,0.4647080240705349,30.501564893788107,30.501564893788107,0.0,True,0.0,True,15000,48,0.0032
201_pol,LR,3,0.4656141010866862,0.4656141010866862,30.50004185014017,30.50004185014017,0.0,True,0.0,True,15000,48,0.0032
201_pol,LR,4,0.4645170453822683,0.4645170453822683,30.52623366448255,30.52623366448255,0.0,True,0.0,True,15000,48,0.0032
201_pol,LR,5,0.4653398533274974,0.4653398533274973,30.506806828609875,30.506806828609875,0.0,True,0.0,True,15000,48,0.0032
201_pol,RF,0,0.987083024550679,0.9870743687898932,4.73135886023082,4.733259316193931,-8.655760785791777e-06,False,-0.040167233542249686,False,15000,48,0.0032
201_pol,RF,1,0.9875195370604672,0.9875188344152884,4.6588366593969095,4.6590140314701,-7.026451788183508e-07,False,-0.0038072181138403913,False,15000,48,0.0032
201_pol,RF,2,0.986768756846082,0.9867470834150578,4.79395138676423,4.797745861158337,-2.167343102421615e-05,False,-0.0791512906155573,False,15000,48,0.0032
201_pol,RF,3,0.987214949957,0.9871750291429898,4.714379395627768,4.722057119820439,-3.9920814010163674e-05,False,-0.16285757993495031,False,15000,48,0.0032
201_pol,RF,4,0.9873599554873832,0.9874403108995276,4.681224822764078,4.668202999689444,8.03554121443506e-05,False,0.27817128139862846,False,15000,48,0.0032
201_pol,RF,5,0.9870802767594772,0.987077019128926,4.741012692688787,4.741321309119995,-3.257630551201096e-06,False,-0.0065095044289536445,False,15000,48,0.0032
201_pol,SVR,0,0.4526500966743893,0.4527770557954266,30.86389392156997,30.860322598489724,0.00012695912103727336,False,0.01157120060522232,False,15000,48,0.0032
201_pol,SVR,1,0.4531903581222084,0.4531250363253349,30.852949725412863,30.85477896771249,-6.532179687351869e-05,False,-0.0059289057153634655,False,15000,48,0.0032
201_pol,SVR,2,0.4493523351506261,0.449291781961031,30.94188174796628,30.94356338524049,-6.0553189595136114e-05,False,-0.005434825483167066,False,15000,48,0.0032
201_pol,SVR,3,0.4533170656775129,0.4534211298120942,30.84938031477314,30.8464097826224,0.00010406413458130537,False,0.009629146908076452,False,15000,48,0.0032
201_pol,SVR,4,0.4512301228486187,0.4512700172774492,30.903552280604444,30.902484210810925,3.989442883051142e-05,False,0.003456139228980891,False,15000,48,0.0032
201_pol,SVR,5,0.4520295245565908,0.4523140039941292,30.88476601850596,30.87672430094223,0.00028447943753839855,False,0.026037812813323447,False,15000,48,0.0032
218_house_8L,DT,0,0.3629218807072666,0.3617840172874736,42140.425599646245,42177.04652335069,-0.0011378634197929949,False,-0.08690212114220627,False,22784,8,0.00035112359550561797
218_house_8L,DT,1,0.3499598030337512,0.3510703849132635,42508.54074274695,42473.68036621829,0.0011105818795122957,False,0.08200793515738078,False,22784,8,0.00035112359550561797
218_house_8L,DT,2,0.382545353317138,0.3826482638072682,41501.23838502111,41497.78118837835,0.00010291049013017028,False,0.008330345737366988,False,22784,8,0.00035112359550561797
218_house_8L,DT,3,0.3698329787093937,0.3692900255274915,41920.25134193557,41938.85003749654,-0.0005429531819021727,False,-0.04436685126065586,False,22784,8,0.00035112359550561797
218_house_8L,DT,4,0.3576448341342205,0.3576287012042863,42294.36781102867,42294.91318126604,-1.6132929934187246e-05,False,-0.001289463031596494,False,22784,8,0.00035112359550561797
218_house_8L,DT,5,0.3697701509870783,0.3697635528734471,41937.360099965386,41937.61605054271,-6.598113631239855e-06,False,-0.0006103163783179274,False,22784,8,0.00035112359550561797
218_house_8L,KNN,0,0.6068963058802244,0.6059292704563827,33119.847538123315,33158.82829368534,-0.000967035423841689,False,-0.11769605979362847,False,22784,8,0.00035112359550561797
218_house_8L,KNN,1,0.6039963099675395,0.6023417712698571,33208.847894751765,33276.60144611039,-0.001654538697682395,False,-0.2040225893212449,False,22784,8,0.00035112359550561797
218_house_8L,KNN,2,0.598780551124603,0.5962673532759852,33461.58741018255,33566.72942241074,-0.0025131978486178097,False,-0.314217048161311,False,22784,8,0.00035112359550561797
218_house_8L,KNN,3,0.6023404853684116,0.6006254526717929,33299.68416299079,33373.35747382642,-0.0017150326966186569,False,-0.2212432720833886,False,22784,8,0.00035112359550561797
218_house_8L,KNN,4,0.5975128586438019,0.5984001107601997,33498.655260312975,33463.20244178236,0.0008872521163978409,False,0.10583355736256637,False,22784,8,0.00035112359550561797
218_house_8L,KNN,5,0.6019962688357892,0.6015895175426089,33302.37419469586,33322.15937043049,-0.00040675129318024084,False,-0.059410706332703726,False,22784,8,0.00035112359550561797
218_house_8L,LR,0,0.3800122536900664,0.3800122536900664,41599.719552486655,41599.719552486655,0.0,True,0.0,True,22784,8,0.00035112359550561797
218_house_8L,LR,1,0.3800784563747149,0.3800784563747149,41586.82375732111,41586.82375732111,0.0,True,0.0,True,22784,8,0.00035112359550561797
218_house_8L,LR,2,0.3759762381070031,0.3759762381070031,41737.09434257846,41737.09434257846,0.0,True,0.0,True,22784,8,0.00035112359550561797
218_house_8L,LR,3,0.376176594300987,0.3761765943009869,41723.73418719458,41723.73418719458,0.0,True,0.0,True,22784,8,0.00035112359550561797
218_house_8L,LR,4,0.3798014065970683,0.3798014065970684,41598.07736592043,41598.07736592043,0.0,True,0.0,True,22784,8,0.00035112359550561797
218_house_8L,LR,5,0.3808138528262904,0.3808138528262903,41571.011142182026,41571.01114218203,0.0,True,0.0,True,22784,8,0.00035112359550561797
218_house_8L,RF,0,0.6842861823017383,0.6842195006030529,29677.33959915456,29680.522195509653,-6.668169868540019e-05,False,-0.010723994798998895,False,22784,8,0.00035112359550561797
218_house_8L,RF,1,0.6715046139764324,0.6713990990714,30270.211238533426,30275.37941493983,-0.0001055149050323001,False,-0.017073473209946136,False,22784,8,0.00035112359550561797
218_house_8L,RF,2,0.6787056670034962,0.6786864558671502,29949.38870949817,29950.27675660904,-1.9211136346064528e-05,False,-0.0029651593876765035,False,22784,8,0.00035112359550561797
218_house_8L,RF,3,0.6775253841053215,0.6774925262933744,29982.88670742663,29984.393121443405,-3.285781194706239e-05,False,-0.005024246102364397,False,22784,8,0.00035112359550561797
218_house_8L,RF,4,0.6802547882308168,0.6802675777134166,29854.132372735272,29853.53273868371,1.2789482599862012e-05,False,0.0020085462343252293,False,22784,8,0.00035112359550561797
218_house_8L,RF,5,0.6836942073357479,0.6837119071789156,29690.65172811362,29689.85712215185,1.769984316768447e-05,False,0.002676283326632256,False,22784,8,0.00035112359550561797
218_house_8L,SVR,0,0.2563366668783261,0.2566877446494123,45557.13505411305,45545.83389891671,0.00035107777108617233,False,0.02480655375479417,False,22784,8,0.00035112359550561797
218_house_8L,SVR,1,0.2558490990482156,0.2566924891399473,45564.5572751877,45538.83680137068,0.0008433900917316772,False,0.056448422535259994,False,22784,8,0.00035112359550561797
218_house_8L,SVR,2,0.2492407887001316,0.248379505055057,45768.34761258962,45794.10726194744,-0.0008612836450746231,False,-0.056282672854761684,False,22784,8,0.00035112359550561797
218_house_8L,SVR,3,0.2464881054573232,0.2465245375297257,45794.6769065736,45793.49589552887,3.643207240250357e-05,False,0.0025789264703025773,False,22784,8,0.00035112359550561797
218_house_8L,SVR,4,0.251292502620515,0.2517492612076621,45684.24903606431,45670.74037507103,0.00045675858714711026,False,0.029569624713804653,False,22784,8,0.00035112359550561797
218_house_8L,SVR,5,0.2517084905926406,0.2517692136567546,45705.53846914822,45703.88171040114,6.0723064113976655e-05,False,0.0036248533603787663,False,22784,8,0.00035112359550561797
225_puma8NH,DT,0,0.3402409334236269,0.3402409334236269,4.565428796069964,4.565428796069964,0.0,True,0.0,True,8192,8,0.0009765625
225_puma8NH,DT,1,0.3521820089019689,0.3521820089019689,4.52338556079792,4.52338556079792,0.0,True,0.0,True,8192,8,0.0009765625
225_puma8NH,DT,2,0.3559579995103412,0.3559579995103412,4.510252821374467,4.510252821374467,0.0,True,0.0,True,8192,8,0.0009765625
225_puma8NH,DT,3,0.3453196631739734,0.3453196631739734,4.547307357492088,4.547307357492088,0.0,True,0.0,True,8192,8,0.0009765625
225_puma8NH,DT,4,0.3507723467691416,0.3507723467691416,4.528441342380964,4.528441342380964,0.0,True,0.0,True,8192,8,0.0009765625
225_puma8NH,DT,5,0.3645731000329541,0.3645731000329541,4.478804316568778,4.478804316568778,0.0,True,0.0,True,8192,8,0.0009765625
225_puma8NH,KNN,0,0.5261796013292723,0.527155302773308,3.868958885404253,3.865034677220495,0.0009757014440356926,False,0.10142801461557131,False,8192,8,0.0009765625
225_puma8NH,KNN,1,0.5280371556322571,0.5283370222073084,3.861730870098281,3.860509534492024,0.00029986657505132186,False,0.0316266370531943,False,8192,8,0.0009765625
225_puma8NH,KNN,2,0.527340292037169,0.5274626008284917,3.864430925024213,3.863949695746191,0.00012230879132268946,False,0.012452785089401435,False,8192,8,0.0009765625
225_puma8NH,KNN,3,0.5304515475438514,0.5310279718340257,3.852266543351977,3.8498984856744007,0.0005764242901743488,False,0.06147180240325935,False,8192,8,0.0009765625
225_puma8NH,KNN,4,0.5237174875183079,0.5241073931633119,3.8792548718638553,3.87768217006766,0.00038990564500396285,False,0.04054133714188401,False,8192,8,0.0009765625
225_puma8NH,KNN,5,0.5237878853232243,0.5245908142294531,3.8776096293788,3.874355612935513,0.0008029289062287948,False,0.08391810301461733,False,8192,8,0.0009765625
225_puma8NH,LR,0,0.370525745502705,0.3705257455027052,4.4603862029582215,4.4603862029582215,0.0,True,0.0,True,8192,8,0.0009765625
225_puma8NH,LR,1,0.3695482992810193,0.3695482992810192,4.463417283023452,4.463417283023452,0.0,True,0.0,True,8192,8,0.0009765625
225_puma8NH,LR,2,0.3700606006852612,0.3700606006852612,4.461407859216295,4.461407859216295,0.0,True,0.0,True,8192,8,0.0009765625
225_puma8NH,LR,3,0.3689732356490147,0.3689732356490146,4.465792237900499,4.465792237900499,0.0,True,0.0,True,8192,8,0.0009765625
225_puma8NH,LR,4,0.3694916725070622,0.3694916725070622,4.462953269524052,4.462953269524051,0.0,True,0.0,True,8192,8,0.0009765625
225_puma8NH,LR,5,0.3690482360629877,0.3690482360629876,4.463871366883803,4.463871366883804,0.0,True,0.0,True,8192,8,0.0009765625
225_puma8NH,RF,0,0.6628116041263048,0.6628123595625284,3.263594546061646,3.2635909240521643,7.554362235762113e-07,False,0.00011098221395317011,False,8192,8,0.0009765625
225_puma8NH,RF,1,0.6628493212437725,0.6628497642436244,3.2638345201173924,3.263832395947056,4.4299985191287305e-07,False,6.50820476167556e-05,False,8192,8,0.0009765625
225_puma8NH,RF,2,0.6628069555815059,0.6628069639333942,3.263844729624068,3.26384427578038,8.351888292068566e-09,False,1.3905186231591017e-05,False,8192,8,0.0009765625
225_puma8NH,RF,3,0.6611317483366664,0.6611312249722983,3.272554010616787,3.2725565246737003,-5.23364368176793e-07,False,-7.682247275859561e-05,False,8192,8,0.0009765625
225_puma8NH,RF,4,0.6635166828406787,0.6635206551257387,3.260304509646474,3.260285066159021,3.972285059994363e-06,False,0.0005963702898132995,False,8192,8,0.0009765625
225_puma8NH,RF,5,0.6648270206664441,0.6648271012247432,3.254049049398957,3.2540486550217294,8.055829914255241e-08,False,1.2119584609105447e-05,False,8192,8,0.0009765625
225_puma8NH,SVR,0,0.3454870503121794,0.3459102590913659,4.548257046396362,4.546787474953156,0.00042320877918650135,False,0.03231065061219808,False,8192,8,0.0009765625
225_puma8NH,SVR,1,0.3448524086829626,0.3440445425524062,4.549743315070756,4.552530559485879,-0.0008078661305563895,False,-0.06126157504074492,False,8192,8,0.0009765625
225_puma8NH,SVR,2,0.3451294856361474,0.3450053763349858,4.5485764501119785,4.548981561375543,-0.00012410930116163454,False,-0.008906330761009357,False,8192,8,0.0009765625
225_puma8NH,SVR,3,0.3439020449187686,0.3437924280760296,4.553347380625389,4.5537244825679135,-0.00010961684273896877,False,-0.008281861913929878,False,8192,8,0.0009765625
225_puma8NH,SVR,4,0.3454801220227604,0.3446008927151386,4.54667368875662,4.549672180625691,-0.0008792293076217983,False,-0.0659491328019768,False,8192,8,0.0009765625
225_puma8NH,SVR,5,0.3434707808612152,0.3432157873709156,4.553194478802681,4.554130572093804,-0.00025499349029955987,False,-0.02055904476475818,False,8192,8,0.0009765625
227_cpu_small,DT,0,0.952226855054918,0.9521369310067246,4.019882662421505,4.023524621310052,-8.992404819341271e-05,False,-0.09059863668640979,False,8192,12,0.00146484375
227_cpu_small,DT,1,0.9492214663735256,0.949072104311812,4.111493006947795,4.118111969386641,-0.00014936206171356492,False,-0.1609868344093344,False,8192,12,0.00146484375
227_cpu_small,DT,2,0.9519147605468,0.9518814512568924,4.033989867390022,4.035386507506584,-3.330928990763482e-05,False,-0.03462180527155798,False,8192,12,0.00146484375
227_cpu_small,DT,3,0.9496718372441144,0.9497584148392334,4.124079615460106,4.120441658637184,8.657759511898622e-05,False,0.08821257497755172,False,8192,12,0.00146484375
227_cpu_small,DT,4,0.9503631192905624,0.9501567435801522,4.095721545095011,4.104416466920543,-0.000206375710410156,False,-0.2122927970028774,False,8192,12,0.00146484375
227_cpu_small,DT,5,0.9500463925231704,0.9500856129171444,4.106829285324391,4.104806391909334,3.922039397408206e-05,False,0.04925681771788105,False,8192,12,0.00146484375
227_cpu_small,KNN,0,0.9577284395475032,0.9573354244180238,3.776728220438558,3.788899526724213,-0.00039301512947942374,False,-0.3222711716397122,False,8192,12,0.00146484375
227_cpu_small,KNN,1,0.9571071539549812,0.9566947591808204,3.756557186371065,3.778542406045661,-0.00041239477416088466,False,-0.5852491678912541,False,8192,12,0.00146484375
227_cpu_small,KNN,2,0.9613843555954628,0.9609929130004844,3.597769340009114,3.613823147500234,-0.000391442594978364,False,-0.446215584545477,False,8192,12,0.00146484375
227_cpu_small,KNN,3,0.958877667343889,0.9592349328067488,3.729754283086404,3.713776858799132,0.00035726546285974603,False,0.42837739632677446,False,8192,12,0.00146484375
227_cpu_small,KNN,4,0.9599547740908632,0.9597716170004468,3.679193442210447,3.6878648021002327,-0.00018315709041638595,False,-0.23568643579055465,False,8192,12,0.00146484375
227_cpu_small,KNN,5,0.958791922973266,0.9587382107258392,3.712064368031273,3.714335279170919,-5.371224742678482e-05,False,-0.06117650219655454,False,8192,12,0.00146484375
227_cpu_small,LR,0,0.7084122003379262,0.7084122003379262,9.932361723350695,9.932361723350695,0.0,True,0.0,True,8192,12,0.00146484375
227_cpu_small,LR,1,0.7115862093242393,0.7115862093242393,9.857273402577574,9.857273402577572,0.0,True,0.0,True,8192,12,0.00146484375
227_cpu_small,LR,2,0.709723564801545,0.7097235648015447,9.906853447608126,9.906853447608126,0.0,True,0.0,True,8192,12,0.00146484375
227_cpu_small,LR,3,0.7069603850013004,0.7069603850013004,9.945425790918192,9.945425790918192,0.0,True,0.0,True,8192,12,0.00146484375
227_cpu_small,LR,4,0.7121286878771815,0.7121286878771815,9.867109394259028,9.867109394259028,0.0,True,0.0,True,8192,12,0.00146484375
227_cpu_small,LR,5,0.7124209038590537,0.7124209038590539,9.859384662066212,9.85938466206621,0.0,True,0.0,True,8192,12,0.00146484375
227_cpu_small,RF,0,0.9750486811835192,0.9750430702527116,2.9036274039942493,2.903958270335771,-5.610930807531389e-06,False,-0.011394931080566054,False,8192,12,0.00146484375
227_cpu_small,RF,1,0.9753322713909276,0.9753320575415522,2.870675292546755,2.870654253250601,-2.138493754300086e-07,False,0.0007329040734346501,False,8192,12,0.00146484375
227_cpu_small,RF,2,0.9760791671798266,0.9760699491247272,2.841588543340815,2.8421512907122644,-9.218055099347033e-06,False,-0.019803971013620216,False,8192,12,0.00146484375
227_cpu_small,RF,3,0.975680220958823,0.9757139043089232,2.858550981784626,2.8564405521223684,3.3683350100233156e-05,False,0.07382865219847376,False,8192,12,0.00146484375
227_cpu_small,RF,4,0.9759718675627876,0.9759896865762598,2.850312053481548,2.8493168231487425,1.781901347219783e-05,False,0.03491653945713475,False,8192,12,0.00146484375
227_cpu_small,RF,5,0.9750560429482568,0.9750992789023862,2.8946940792474947,2.892333735240416,4.3235954129472454e-05,False,0.0815403611732379,False,8192,12,0.00146484375
227_cpu_small,SVR,0,0.4961269439127535,0.4958184189158335,12.931980159227171,12.935759301923207,-0.0003085249969200232,False,-0.029223233020038288,False,8192,12,0.00146484375
227_cpu_small,SVR,1,0.5004851437980539,0.5004849232740459,12.90377297312642,12.903888176805747,-2.205240079433679e-07,False,-0.0008927906556225841,False,8192,12,0.00146484375
227_cpu_small,SVR,2,0.4975252253697861,0.4972487621096101,12.89851753337409,12.90165281570692,-0.00027646326017599643,False,-0.02430730760118056,False,8192,12,0.00146484375
227_cpu_small,SVR,3,0.4787936195683174,0.4788458132675018,13.044511490823536,13.043741908019433,5.219369918441075e-05,False,0.005899667493451512,False,8192,12,0.00146484375
227_cpu_small,SVR,4,0.495782369387133,0.4958293877249924,12.97948623034438,12.9789008407135,4.701833785941689e-05,False,0.004510114040654798,False,8192,12,0.00146484375
227_cpu_small,SVR,5,0.5018446831771582,0.5018641749383468,12.90895254646201,12.908655074375227,1.9491761188539236e-05,False,0.002304385934576925,False,8192,12,0.00146484375
294_satellite_image,DT,0,0.7920713921844753,0.7911017564564361,1.0089125206421747,1.0113589140955237,-0.0009696357280392087,False,-0.24247825290064062,False,6435,36,0.005594405594405594
294_satellite_image,DT,1,0.7778474447160111,0.7797074277457152,1.0427262225920837,1.038414955924022,0.0018599830297041375,False,0.4134610384444279,False,6435,36,0.005594405594405594
294_satellite_image,DT,2,0.7637477944227355,0.7632619569071408,1.074598769429382,1.075733567760802,-0.00048583751559472255,False,-0.10560205015148444,False,6435,36,0.005594405594405594
294_satellite_image,DT,3,0.779535999184594,0.7798793550379219,1.038032447937342,1.0373749332176403,0.000343355853327898,False,0.06334240524062562,False,6435,36,0.005594405594405594
294_satellite_image,DT,4,0.7597211815316477,0.7595992314861754,1.0843326625321956,1.0845340440820073,-0.0001219500454723299,False,-0.018571934312239885,False,6435,36,0.005594405594405594
294_satellite_image,DT,5,0.7786756125979546,0.7796464740752951,1.0408619103119623,1.0386374942339067,0.00097086147734049,False,0.21370904785908412,False,6435,36,0.005594405594405594
294_satellite_image,KNN,0,0.9049096012246832,0.9048576896841424,0.6826005739777963,0.6827844205378233,-5.19115405408499e-05,False,-0.026933255997085122,False,6435,36,0.005594405594405594
294_satellite_image,KNN,1,0.9045639549586164,0.9043287364238642,0.6828308774348905,0.6836807149164748,-0.00023521853475216847,False,-0.12445797483218331,False,6435,36,0.005594405594405594
294_satellite_image,KNN,2,0.9044527210897666,0.904528959691119,0.6836769719537021,0.6833798077483588,7.623860135241856e-05,False,0.0434655864587813,False,6435,36,0.005594405594405594
294_satellite_image,KNN,3,0.9049624626531436,0.9050401130194335,0.6816510895948273,0.6813952820855521,7.76503662899275e-05,False,0.03752763153760696,False,6435,36,0.005594405594405594
294_satellite_image,KNN,4,0.9052471318929822,0.9050078791842524,0.6813139162540318,0.6821521220011124,-0.00023925270872982018,False,-0.12302783299792024,False,6435,36,0.005594405594405594
294_satellite_image,KNN,5,0.9039172825114764,0.9042803181056654,0.6859315514006746,0.6846362222326373,0.00036303559418904285,False,0.18884233643900056,False,6435,36,0.005594405594405594
294_satellite_image,LR,0,0.6995074864564771,0.6995074864564771,1.213488742938944,1.213488742938944,0.0,True,0.0,True,6435,36,0.005594405594405594
294_satellite_image,LR,1,0.6998288442561519,0.6998288442561519,1.2122217111006652,1.2122217111006652,0.0,True,0.0,True,6435,36,0.005594405594405594
294_satellite_image,LR,2,0.698969207732662,0.698969207732662,1.2135972325034206,1.2135972325034206,0.0,True,0.0,True,6435,36,0.005594405594405594
294_satellite_image,LR,3,0.7002471869045059,0.7002471869045059,1.2117118250844618,1.2117118250844618,0.0,True,0.0,True,6435,36,0.005594405594405594
294_satellite_image,LR,4,0.6989357826033952,0.6989357826033952,1.2145528001838144,1.2145528001838144,0.0,True,0.0,True,6435,36,0.005594405594405594
294_satellite_image,LR,5,0.6989885095991,0.6989885095991,1.214206864865825,1.214206864865825,0.0,True,0.0,True,6435,36,0.005594405594405594
294_satellite_image,RF,0,0.9007739696417308,0.9009212739139608,0.6972570348947261,0.6967392685210785,0.00014730427222997555,False,0.07425760483374934,False,6435,36,0.005594405594405594
294_satellite_image,RF,1,0.9000069460791764,0.8999640360965636,0.6988470895549292,0.6990168055262953,-4.290998261280432e-05,False,-0.024285136749176976,False,6435,36,0.005594405594405594
294_satellite_image,RF,2,0.8981715706917102,0.8982792052990943,0.7059601076330295,0.7055855198819252,0.00010763460738416608,False,0.053060753299539756,False,6435,36,0.005594405594405594
294_satellite_image,RF,3,0.8995732570558661,0.8995034979323412,0.7006269259013034,0.7008555460054722,-6.975912352491509e-05,False,-0.03263079047021994,False,6435,36,0.005594405594405594
294_satellite_image,RF,4,0.8985802684580193,0.898515810869295,0.7048875470657928,0.7051030491930999,-6.445758872430929e-05,False,-0.030572554190252673,False,6435,36,0.005594405594405594
294_satellite_image,RF,5,0.9010282602333088,0.901095238581354,0.6956769674868182,0.6954599313792368,6.697834804514358e-05,False,0.03119782855043343,False,6435,36,0.005594405594405594
294_satellite_image,SVR,0,0.6876567365742174,0.6875723271597027,1.2371676239222966,1.2373352887564666,-8.440941451470785e-05,False,-0.013552313439823554,False,6435,36,0.005594405594405594
294_satellite_image,SVR,1,0.6884700701053263,0.6883923131640161,1.234993681241388,1.2351372433550774,-7.775694131029187e-05,False,-0.011624522122661534,False,6435,36,0.005594405594405594
294_satellite_image,SVR,2,0.6861885328208136,0.6860731465756945,1.2390743297816191,1.2393156357978228,-0.0001153862451190868,False,-0.01947470062156604,False,6435,36,0.005594405594405594
294_satellite_image,SVR,3,0.6885916347045966,0.6885904158754412,1.2350338301364026,1.2350349418597406,-1.2188291553805186e-06,False,-9.001561827107369e-05,False,6435,36,0.005594405594405594
294_satellite_image,SVR,4,0.6877915238097474,0.6878186658365282,1.2367828456612808,1.2367304124210408,2.7142026780779815e-05,False,0.004239486375802176,False,6435,36,0.005594405594405594
294_satellite_image,SVR,5,0.6862384161247576,0.6863169221572025,1.2396431691811096,1.2394868930860186,7.850603244496934e-05,False,0.012606538637589607,False,6435,36,0.005594405594405594
503_wind,DT,0,0.5293470672078264,0.5317895529836436,4.591886195769347,4.580032880595542,0.0024424857758171825,False,0.2581360832662962,False,6574,14,0.0021296014602981443
503_wind,DT,1,0.53747000822379,0.5363280789832683,4.551240740445602,4.55686027822539,-0.0011419292405216996,False,-0.12347265504654185,False,6574,14,0.0021296014602981443
503_wind,DT,2,0.532495046541116,0.5305110733147662,4.57540728510238,4.585093692053669,-0.0019839732263498,False,-0.21170589518507157,False,6574,14,0.0021296014602981443
503_wind,DT,3,0.5488293069061914,0.5480274802259772,4.496143750414167,4.500048222267292,-0.0008018266802141127,False,-0.08684045862112971,False,6574,14,0.0021296014602981443
503_wind,DT,4,0.535383871828415,0.5359086212298845,4.564055635689773,4.561452284605792,0.0005247494014695153,False,0.05704030125361947,False,6574,14,0.0021296014602981443
503_wind,DT,5,0.5360345730493326,0.5363758195762234,4.554173062292899,4.552500400602399,0.000341246526890826,False,0.03672810996907073,False,6574,14,0.0021296014602981443
503_wind,KNN,0,0.733795778932224,0.7339408870437206,3.4532488670090182,3.4522197493290694,0.00014510811149659464,False,0.029801433941834567,False,6574,14,0.0021296014602981443
503_wind,KNN,1,0.7317363914793871,0.7327803207069932,3.465333447438044,3.4584433087735698,0.0010439292276060996,False,0.19883046664869608,False,6574,14,0.0021296014602981443
503_wind,KNN,2,0.7315724543585017,0.7321080419580785,3.465181644850168,3.4618617123568143,0.0005355875995768367,False,0.09580832503507879,False,6574,14,0.0021296014602981443
503_wind,KNN,3,0.7323963547283078,0.7323378042075235,3.463072614571437,3.463377237483929,-5.8550520784295124e-05,False,-0.008796318945504174,False,6574,14,0.0021296014602981443
503_wind,KNN,4,0.7315453591369665,0.7318778240349859,3.4688835343005526,3.466680439826076,0.00033246489801941337,False,0.06351018858638734,False,6574,14,0.0021296014602981443
503_wind,KNN,5,0.7299979539124457,0.7300467711890586,3.477309797860925,3.477111153472356,4.881727661287805e-05,False,0.005712588182136257,False,6574,14,0.0021296014602981443
503_wind,LR,0,0.7581288868147336,0.7581288868147333,3.291233037600977,3.291233037600978,0.0,True,0.0,True,6574,14,0.0021296014602981443
503_wind,LR,1,0.7586018519349857,0.7586018519349857,3.287862119338852,3.287862119338852,0.0,True,0.0,True,6574,14,0.0021296014602981443
503_wind,LR,2,0.758169057841562,0.7581690578415619,3.2900736756933395,3.2900736756933395,0.0,True,0.0,True,6574,14,0.0021296014602981443
503_wind,LR,3,0.7585362614495275,0.7585362614495272,3.288468074632981,3.288468074632981,0.0,True,0.0,True,6574,14,0.0021296014602981443
503_wind,LR,4,0.7584134955817742,0.7584134955817742,3.2909470262111498,3.2909470262111498,0.0,True,0.0,True,6574,14,0.0021296014602981443
503_wind,LR,5,0.7583114645237108,0.7583114645237108,3.2901362261427947,3.2901362261427947,0.0,True,0.0,True,6574,14,0.0021296014602981443
503_wind,RF,0,0.7770569833374675,0.7770429956756475,3.1601600403499046,3.160249631310693,-1.3987661820036301e-05,False,-0.002835013405789116,False,6574,14,0.0021296014602981443
503_wind,RF,1,0.7797753886905215,0.779811960211214,3.140460261769881,3.140214078148793,3.657152069247438e-05,False,0.007839093654033888,False,6574,14,0.0021296014602981443
503_wind,RF,2,0.7786220898910187,0.7786598923476904,3.147795470134266,3.147519404224296,3.7802456671731655e-05,False,0.008770134927416169,False,6574,14,0.0021296014602981443
503_wind,RF,3,0.775336708559738,0.7753116044179098,3.172685278228564,3.172859467221718,-2.5104141828213855e-05,False,-0.005490270161658412,False,6574,14,0.0021296014602981443
503_wind,RF,4,0.7780919050433439,0.778165175786095,3.153943984714318,3.1534088720364983,7.327074275109702e-05,False,0.016966461053624694,False,6574,14,0.0021296014602981443
503_wind,RF,5,0.7777525440177147,0.7777971049639958,3.1549599235587547,3.154634680016428,4.456094628113583e-05,False,0.010308959549621348,False,6574,14,0.0021296014602981443
503_wind,SVR,0,0.7572394933342179,0.7572321466117377,3.29732712834772,3.297392604835088,-7.3467224802614695e-06,False,-0.0019857443565448754,False,6574,14,0.0021296014602981443
503_wind,SVR,1,0.7576395197368122,0.7576424800543016,3.2944598623313848,3.294436412538981,2.960317489364428e-06,False,0.0007117947519105236,False,6574,14,0.0021296014602981443
503_wind,SVR,2,0.7572054713731498,0.7573279840534721,3.296749082183643,3.295905295540723,0.00012251268032237306,False,0.025594506038700185,False,6574,14,0.0021296014602981443
503_wind,SVR,3,0.7574951267045832,0.757479494349499,3.295479259431436,3.295569790096615,-1.5632355084171934e-05,False,-0.002747116824357595,False,6574,14,0.0021296014602981443
503_wind,SVR,4,0.7573417999481827,0.7573010544186052,3.298282048779245,3.298557173978556,-4.074552957755717e-05,False,-0.008341469748258636,False,6574,14,0.0021296014602981443
503_wind,SVR,5,0.7575027648285027,0.7574839179896644,3.29572032917518,3.295852176306412,-1.88468388382379e-05,False,-0.0040005558136946,False,6574,14,0.0021296014602981443
505_tecator,DT,0,0.979175690316228,0.9790472709422608,2.0520599238840145,2.059069120033988,-0.00012841937396712577,False,-0.3415687850239314,False,240,124,0.5166666666666667
505_tecator,DT,1,0.9789121101929782,0.978912110455968,2.0399854537046727,2.039985441942822,0.0,True,5.765654153673462e-07,False,240,124,0.5166666666666667
505_tecator,DT,2,0.978290583214669,0.9782921912299262,1.949988568511546,1.949893035289875,1.6080152571706918e-06,False,0.004899168293274547,False,240,124,0.5166666666666667
505_tecator,DT,3,0.980346754818804,0.9783392393093148,1.933769353276879,2.02138692439018,-0.0020075155094891883,False,-4.530921485792932,False,240,124,0.5166666666666667
505_tecator,DT,4,0.9796636242107692,0.9799570755527124,1.9988074532290527,1.9848227706657684,0.0002934513419431406,False,0.6996513116204477,False,240,124,0.5166666666666667
505_tecator,DT,5,0.9756316190277065,0.9756316190277065,2.1896775269912685,2.1896775269912685,0.0,True,0.0,True,240,124,0.5166666666666667
505_tecator,KNN,0,0.8382284247756546,0.8302987755489667,5.736067914821281,5.872240088074342,-0.00792964922668793,False,-2.3739637548783046,False,240,124,0.5166666666666667
505_tecator,KNN,1,0.8565710425085914,0.8551172312069623,5.379955932213246,5.402246673295511,-0.0014538113016291376,False,-0.41432943620961366,False,240,124,0.5166666666666667
505_tecator,KNN,2,0.8198837156594696,0.8208906587177753,5.916774544762763,5.894308739695655,0.0010069430583057315,False,0.37969682463216575,False,240,124,0.5166666666666667
505_tecator,KNN,3,0.8366898336231104,0.8290426730333291,5.738289498363164,5.875837249001522,-0.007647160589781321,False,-2.3970165792017544,False,240,124,0.5166666666666667
505_tecator,KNN,4,0.8121622516827725,0.8105608883714877,6.159194812538747,6.190707478537931,-0.001601363311284798,False,-0.5116361303433893,False,240,124,0.5166666666666667
505_tecator,KNN,5,0.8185219655976681,0.813536185334512,5.9965877781271,6.090761038727091,-0.004985780263156103,False,-1.570447462530164,False,240,124,0.5166666666666667
505_tecator,LR,0,0.9754375829092424,0.975437584281835,1.956888755887256,1.9568887061545528,1.3725925951391105e-09,False,2.5414169885373604e-06,False,240,124,0.5166666666666667
505_tecator,LR,1,0.9868078769279718,0.9868078761902468,1.530222035745888,1.5302220709566576,0.0,True,-2.3010235646061787e-06,False,240,124,0.5166666666666667
505_tecator,LR,2,0.9830489353826058,0.9830489350034348,1.642071833109878,1.6420718459743453,0.0,True,-7.834290199632099e-07,False,240,124,0.5166666666666667
505_tecator,LR,3,0.9896422439452172,0.989642244063095,1.3711192556498897,1.3711192476539449,0.0,True,5.831691708960394e-07,False,240,124,0.5166666666666667
505_tecator,LR,4,0.9863451611355736,0.986345161417025,1.5548985387058385,1.5548985230110872,0.0,True,1.0093746238547447e-06,False,240,124,0.5166666666666667
505_tecator,LR,5,0.9900221796157838,0.9900221794285028,1.407163535479957,1.407163549478763,0.0,True,-9.948243939910479e-07,False,240,124,0.5166666666666667
505_tecator,RF,0,0.9886324585409084,0.9886073101324911,1.4984406111890314,1.4990274568031468,-2.5148408417274837e-05,False,-0.03916375528888681,False,240,124,0.5166666666666667
505_tecator,RF,1,0.9889155159015453,0.9888915224200082,1.4660597706436218,1.4668064690281402,-2.3993481537032402e-05,False,-0.05093232891797721,False,240,124,0.5166666666666667
505_tecator,RF,2,0.9890325048452884,0.989030052498085,1.4542976187793974,1.4546045246119694,-2.452347203418803e-06,False,-0.021103371731404474,False,240,124,0.5166666666666667
505_tecator,RF,3,0.9887959805183272,0.9887911534549498,1.4751464306248872,1.476529799412433,-4.827063377343954e-06,False,-0.09377840455877574,False,240,124,0.5166666666666667
505_tecator,RF,4,0.9874012434439172,0.987331851272632,1.593708480523628,1.5982994789616378,-6.939217128520969e-05,False,-0.28807015173198447,False,240,124,0.5166666666666667
505_tecator,RF,5,0.9884203062691904,0.9883963788727718,1.5047440604135351,1.506305892273926,-2.3927396418654823e-05,False,-0.10379385448191865,False,240,124,0.5166666666666667
505_tecator,SVR,0,0.990251276763715,0.9903216600694944,1.32784386639896,1.3163621593062227,7.038330577935348e-05,False,0.8646880392553297,False,240,124,0.5166666666666667
505_tecator,SVR,1,0.9913934484352253,0.991450743037528,1.312339461072786,1.308026599227956,5.729460230274874e-05,False,0.32863919532713315,False,240,124,0.5166666666666667
505_tecator,SVR,2,0.9935220964712635,0.9931584368118216,1.11908374821003,1.1484434980563147,-0.00036365965944196166,False,-2.623552517248647,False,240,124,0.5166666666666667
505_tecator,SVR,3,0.9919418183206514,0.9919347226776148,1.2517388069112472,1.2509705092312604,-7.095643036580945e-06,False,0.061378434202466775,False,240,124,0.5166666666666667
505_tecator,SVR,4,0.9923832133219692,0.9923328297334766,1.202118534752027,1.205200311758188,-5.038358849263069e-05,False,-0.25636215706438537,False,240,124,0.5166666666666667
505_tecator,SVR,5,0.9930127234388098,0.99290453125378,1.1872334761713468,1.1968406024112277,-0.00010819218502977623,False,-0.8092027754189077,False,240,124,0.5166666666666667
529_pollen,DT,0,0.5112232674952022,0.5112328643640591,2.1967215625506884,2.196700219144176,9.596868856931451e-06,False,0.0009716027227230269,False,3848,4,0.0010395010395010396
529_pollen,DT,1,0.5291630141947399,0.5291629773831134,2.1560715886547226,2.1560716703615403,-3.6811626524801966e-08,False,-3.7896152514620637e-06,False,3848,4,0.0010395010395010396
529_pollen,DT,2,0.5338018591611187,0.5338018591650227,2.1427150343263754,2.142715034311673,0.0,True,0.0,True,3848,4,0.0010395010395010396
529_pollen,DT,3,0.5239756726861791,0.5239756720210091,2.163715148432348,2.163715149932511,-6.651699191451144e-10,False,0.0,True,3848,4,0.0010395010395010396
529_pollen,DT,4,0.5367166162040611,0.5367166168956435,2.135553097774869,2.1355530962581186,6.915824579678542e-10,False,0.0,True,3848,4,0.0010395010395010396
529_pollen,DT,5,0.537127325545398,0.5371273259201842,2.136173622715556,2.136173621859406,0.0,True,0.0,True,3848,4,0.0010395010395010396
529_pollen,KNN,0,0.6940894899038241,0.6935502655052725,1.73833346203589,1.7398777414694897,-0.0005392243985515854,False,-0.08883677771416684,False,3848,4,0.0010395010395010396
529_pollen,KNN,1,0.6949843399846035,0.6947346205594356,1.7361699216080324,1.736846654533723,-0.000249719425167938,False,-0.038978496129209235,False,3848,4,0.0010395010395010396
529_pollen,KNN,2,0.6857874962692772,0.6865112501892048,1.7599088991462613,1.7580085720727836,0.0007237539199276277,False,0.1079787183529502,False,3848,4,0.0010395010395010396
529_pollen,KNN,3,0.683014237665468,0.6832050639399994,1.76649381505074,1.7659789911675126,0.0001908262745313749,False,0.029143825969906195,False,3848,4,0.0010395010395010396
529_pollen,KNN,4,0.6922428583382644,0.6920680564772081,1.743864348759374,1.7443540598518967,-0.00017480186105622852,False,-0.02808194874052093,False,3848,4,0.0010395010395010396
529_pollen,KNN,5,0.6876151090242857,0.6876383812880014,1.754633360231875,1.7546476309964172,2.327226371567903e-05,False,-0.0008133188884652987,False,3848,4,0.0010395010395010396
529_pollen,LR,0,0.793049516373188,0.793049516373188,1.429821609767782,1.429821609767782,0.0,True,0.0,True,3848,4,0.0010395010395010396
529_pollen,LR,1,0.7935460917846238,0.7935460917846238,1.4280359744502538,1.4280359744502538,0.0,True,0.0,True,3848,4,0.0010395010395010396
529_pollen,LR,2,0.7927878744704762,0.7927878744704762,1.4279668651818225,1.4279668651818225,0.0,True,0.0,True,3848,4,0.0010395010395010396
529_pollen,LR,3,0.792426150442849,0.792426150442849,1.4291276246364313,1.4291276246364313,0.0,True,0.0,True,3848,4,0.0010395010395010396
529_pollen,LR,4,0.7931652943649445,0.7931652943649445,1.428427980808467,1.428427980808467,0.0,True,0.0,True,3848,4,0.0010395010395010396
529_pollen,LR,5,0.7930185829695613,0.7930185829695612,1.4282465331464391,1.4282465331464391,0.0,True,0.0,True,3848,4,0.0010395010395010396
529_pollen,RF,0,0.7515302049737219,0.7515360784494005,1.566619304158432,1.5666007780698687,5.873475678597195e-06,False,0.001182552041459938,False,3848,4,0.0010395010395010396
529_pollen,RF,1,0.7579693524776525,0.7579604916532053,1.5460172325867758,1.5460453891687798,-8.860824447176618e-06,False,-0.0018212333866961636,False,3848,4,0.0010395010395010396
529_pollen,RF,2,0.7540505571214128,0.754049493931872,1.5563725352333122,1.5563759866247924,-1.0631895407398062e-06,False,-0.00022175869864292315,False,3848,4,0.0010395010395010396
529_pollen,RF,3,0.7492683138471343,0.7492807353721416,1.5706560932264817,1.5706180238939766,1.2421525007244583e-05,False,0.0024237853639143855,False,3848,4,0.0010395010395010396
529_pollen,RF,4,0.7528632961010491,0.7528646691115992,1.562132560265427,1.5621273389585082,1.37301055014305e-06,False,0.0003342422436887314,False,3848,4,0.0010395010395010396
529_pollen,RF,5,0.7563552023020539,0.7563545928945682,1.5500086079176636,1.550009659289381,-6.094074856966003e-07,False,-6.783005669089333e-05,False,3848,4,0.0010395010395010396
529_pollen,SVR,0,0.7926936082720287,0.7928448827304481,1.4310961913936877,1.4305609354166946,0.00015127445841933707,False,0.03740181688778343,False,3848,4,0.0010395010395010396
529_pollen,SVR,1,0.7933261229806742,0.7932874214698156,1.428825885604731,1.4289632562592356,-3.870151085860751e-05,False,-0.009614233328825644,False,3848,4,0.0010395010395010396
529_pollen,SVR,2,0.7926273163513223,0.7926430028507088,1.428550199461539,1.4284974554496164,1.5686499386435848e-05,False,0.0036921357011156647,False,3848,4,0.0010395010395010396
529_pollen,SVR,3,0.7921581480265658,0.7921403930165984,1.430039659823143,1.4300982237560085,-1.775500996736845e-05,False,-0.004095266341959374,False,3848,4,0.0010395010395010396
529_pollen,SVR,4,0.7929823632706118,0.7929498379944876,1.429171797205106,1.4292829053084404,-3.2525276124184543e-05,False,-0.007774300021296387,False,3848,4,0.0010395010395010396
529_pollen,SVR,5,0.792757707856696,0.7927919307758977,1.4291302938023078,1.4290098684007488,3.422291920174292e-05,False,0.008426481621811198,False,3848,4,0.0010395010395010396
537_houses,DT,0,0.6401252320585917,0.6403021865524569,69205.36542821617,69187.8798910172,0.0001769544938651224,False,0.02526615832569489,False,20640,8,0.0003875968992248062
537_houses,DT,1,0.635067440762233,0.6353674406155243,69691.47588606525,69662.52428303586,0.00029999985329132173,False,0.04154253107900931,False,20640,8,0.0003875968992248062
537_houses,DT,2,0.6503158941582249,0.6502631505632501,68216.78273149289,68221.91516983771,-5.274359497475789e-05,False,-0.0075237179757134676,False,20640,8,0.0003875968992248062
537_houses,DT,3,0.6403564340748225,0.6397002343992355,69197.42153860399,69260.8560499469,-0.0006561996755869437,False,-0.09167178477528443,False,20640,8,0.0003875968992248062
537_houses,DT,4,0.6351943717396111,0.6353771716127009,69665.0994258638,69646.99780618378,0.0001827998730897784,False,0.025983770681735113,False,20640,8,0.0003875968992248062
537_houses,DT,5,0.6426054473079037,0.6425346956909603,68978.94436999474,68985.77799202337,-7.075161694336529e-05,False,-0.00990682314877777,False,20640,8,0.0003875968992248062
537_houses,KNN,0,0.7074487956649276,0.707419436009409,62405.46820271593,62408.89625324868,-2.9359655518534922e-05,False,-0.005493189349388911,False,20640,8,0.0003875968992248062
537_houses,KNN,1,0.7073341533430173,0.7073098191786951,62403.90815406232,62406.07975053186,-2.433416432223723e-05,False,-0.0034799045985682286,False,20640,8,0.0003875968992248062
537_houses,KNN,2,0.7075736548237983,0.7075752117452478,62375.26319669488,62375.51611772369,1.5569214495414485e-06,False,-0.00040548290434829073,False,20640,8,0.0003875968992248062
537_houses,KNN,3,0.7084399227981608,0.7085218102619364,62303.25004095309,62294.598856802775,8.188746377557621e-05,False,0.013885606520734516,False,20640,8,0.0003875968992248062
537_houses,KNN,4,0.7099658211520938,0.709800205954145,62122.2523913633,62140.4347527576,-0.00016561519794888735,False,-0.029268676994772067,False,20640,8,0.0003875968992248062
537_houses,KNN,5,0.7068644004774008,0.707363895638697,62465.50913108807,62412.37835547581,0.000499495161296104,False,0.08505617956424015,False,20640,8,0.0003875968992248062
537_houses,LR,0,0.6357031903861189,0.6357031903861189,69636.41545660244,69636.41545660244,0.0,True,0.0,True,20640,8,0.0003875968992248062
537_houses,LR,1,0.6358537903516482,0.6358537903516482,69617.29935334,69617.29935334,0.0,True,0.0,True,20640,8,0.0003875968992248062
537_houses,LR,2,0.6361451328337291,0.6361451328337291,69584.85794023916,69584.85794023916,0.0,True,0.0,True,20640,8,0.0003875968992248062
537_houses,LR,3,0.6346032631360365,0.6346032631360365,69740.80106707301,69740.80106707301,0.0,True,0.0,True,20640,8,0.0003875968992248062
537_houses,LR,4,0.6357041647669041,0.6357041647669041,69632.38331187966,69632.38331187965,0.0,True,0.0,True,20640,8,0.0003875968992248062
537_houses,LR,5,0.6360654965658046,0.6360654965658046,69603.92287591146,69603.92287591146,0.0,True,0.0,True,20640,8,0.0003875968992248062
537_houses,RF,0,0.8164007579753343,0.8163448736817724,49439.66377551801,49447.21443655802,-5.588429356184754e-05,False,-0.015272476516604768,False,20640,8,0.0003875968992248062
537_houses,RF,1,0.8169965745340173,0.8168960760864077,49356.62841724356,49370.15419432976,-0.00010049844760962046,False,-0.027404175528074316,False,20640,8,0.0003875968992248062
537_houses,RF,2,0.8183612889409131,0.8183457444926399,49160.39030109333,49162.61034756851,-1.5544448273230316e-05,False,-0.004515925243032602,False,20640,8,0.0003875968992248062
537_houses,RF,3,0.8185802628726733,0.8186598250462892,49140.44756576652,49129.82288612134,7.956217361593243e-05,False,0.02162104777526654,False,20640,8,0.0003875968992248062
537_houses,RF,4,0.820420971950159,0.8204224075871867,48889.89492582881,48889.50949070195,1.435637027702441e-06,False,0.0007883738090352789,False,20640,8,0.0003875968992248062
537_houses,RF,5,0.8169537145142862,0.8170611657721973,49358.18862216403,49343.51150317063,0.00010745125791111754,False,0.02973593521786975,False,20640,8,0.0003875968992248062
537_houses,SVR,0,0.6250877150945862,0.6252259071026601,70646.26258685437,70633.22889063394,0.00013819200807396737,False,0.018449236722759457,False,20640,8,0.0003875968992248062
537_houses,SVR,1,0.6250385586721169,0.6250280010408661,70644.13983383805,70645.11301812873,-1.0557631250796007e-05,False,-0.0013775867226435935,False,20640,8,0.0003875968992248062
537_houses,SVR,2,0.625133203901191,0.6250320023614973,70630.32679973444,70639.92266799808,-0.00010120153969372936,False,-0.013586045397820674,False,20640,8,0.0003875968992248062
537_houses,SVR,3,0.6246822697445897,0.6247437895046092,70685.76490189279,70680.26455669112,6.151976001944615e-05,False,0.007781404373712607,False,20640,8,0.0003875968992248062
537_houses,SVR,4,0.6246647575175637,0.6247578499891717,70679.75502894765,70670.8020224888,9.309247160804723e-05,False,0.012667002673085506,False,20640,8,0.0003875968992248062
537_houses,SVR,5,0.6250214548532529,0.6251599423383696,70654.56500322184,70641.40549384618,0.0001384874851166895,False,0.018625136783535837,False,20640,8,0.0003875968992248062
542_pollution,DT,0,-0.0841601049051813,-0.0978780390813177,62.276195418417984,62.61690537160749,-0.013717934176136398,False,-0.5470950029948987,False,60,15,0.25
542_pollution,DT,1,-0.1022462022899487,-0.1228519948594102,56.69821556221356,57.12117321288919,-0.020605792569461504,False,-0.7459805330408086,False,60,15,0.25
542_pollution,DT,2,-0.0333874194643897,-0.0333874194643897,55.04736992605334,55.04736992605334,0.0,True,0.0,True,60,15,0.25
542_pollution,DT,3,-0.2432409873739077,-0.2410198816112886,61.621467185126,61.58702773169127,0.0022211057626191077,False,0.05588872678293134,False,60,15,0.25
542_pollution,DT,4,0.4251811203249831,0.3768852523334374,44.06739293266421,45.79915968525546,-0.04829586799154573,False,-3.929814398681174,False,60,15,0.25
542_pollution,DT,5,-0.0696711276208983,-0.0696711276208983,58.22417506904941,58.22417506904941,0.0,True,0.0,True,60,15,0.25
542_pollution,KNN,0,0.2557468399397861,0.2580414870508655,52.3158527876994,52.25139150037087,0.0022946471110794064,False,0.12321559124748342,False,60,15,0.25
542_pollution,KNN,1,0.2953819901062854,0.2941368393597321,47.61939451055919,47.62562381109102,-0.0012451507465532918,False,-0.01308143582221911,False,60,15,0.25
542_pollution,KNN,2,0.1899368025002961,0.2361584385152417,50.06934714646981,48.63083351099464,0.04622163601494561,False,2.8730425249345237,False,60,15,0.25
542_pollution,KNN,3,0.3700583401587336,0.3751944968058606,47.92646447878138,47.7485095541556,0.005136156647126966,False,0.37130826686487484,False,60,15,0.25
542_pollution,KNN,4,0.2828644173080092,0.2625145833028595,49.84072869576717,50.49263937886436,-0.020349834005149725,False,-1.3079878648575156,False,60,15,0.25
542_pollution,KNN,5,0.3789413745263933,0.38889562272453,46.829968069768825,46.48592273194279,0.009954248198136673,False,0.7346691702062693,False,60,15,0.25
542_pollution,LR,0,0.3654525435021799,0.3654525435021791,47.56598378490983,47.56598378490984,0.0,True,0.0,True,60,15,0.25
542_pollution,LR,1,0.3442578460510408,0.3442578460510413,45.27244332697977,45.27244332697977,0.0,True,0.0,True,60,15,0.25
542_pollution,LR,2,0.1853289014552311,0.1853289014552374,49.98580034649207,49.98580034649187,0.0,True,0.0,True,60,15,0.25
542_pollution,LR,3,0.4195350193798973,0.4195350193798961,45.15679988313842,45.15679988313845,0.0,True,0.0,True,60,15,0.25
542_pollution,LR,4,0.2763050597101738,0.2763050597101722,48.94474615139167,48.944746151391726,0.0,True,0.0,True,60,15,0.25
542_pollution,LR,5,0.4089665335463286,0.4089665335463271,42.49703020091378,42.49703020091381,0.0,True,0.0,True,60,15,0.25
542_pollution,RF,0,0.4651742706728888,0.4699730014907368,44.08345030060016,43.87426134404357,0.004798730817847985,False,0.4745294552267544,False,60,15,0.25
542_pollution,RF,1,0.3974468697888829,0.3979369207312508,44.03799138973695,44.02682354542105,0.0004900509423679256,False,0.02535956787189438,False,60,15,0.25
542_pollution,RF,2,0.392698759331251,0.3943134757609308,44.43163569481587,44.42034556799729,0.0016147164296798078,False,0.025410108455441654,False,60,15,0.25
542_pollution,RF,3,0.4851082489197962,0.4892111977428032,42.730932874937366,42.55837129594013,0.004102948823006991,False,0.4038329317599584,False,60,15,0.25
542_pollution,RF,4,0.436426788232803,0.4358881748600753,43.85489736099012,43.850781338129,-0.0005386133727277032,False,0.009385548955315303,False,60,15,0.25
542_pollution,RF,5,0.5238341938861047,0.5285890335910038,40.87665941575936,40.66270605815558,0.004754839704899094,False,0.5234120416437417,False,60,15,0.25
542_pollution,SVR,0,0.4609184490643748,0.459706498545851,44.01071537304285,44.05908682835632,-0.0012119505185237966,False,-0.10990835959712648,False,60,15,0.25
542_pollution,SVR,1,0.4142367986080767,0.4167287807676739,43.56149595480689,43.47690337688356,0.0024919821595971725,False,0.1941911682993741,False,60,15,0.25
542_pollution,SVR,2,0.0494285077632687,0.2232992954956548,54.69916550637704,48.89513096235579,0.1738707877323861,False,10.610828319391073,False,60,15,0.25
542_pollution,SVR,3,0.4285879218490153,0.429372623190123,44.91832394186569,44.9261506876343,0.0007847013411076964,False,-0.017424394059628156,False,60,15,0.25
542_pollution,SVR,4,0.5170825444044649,0.5314806513741784,40.70394696489007,40.177963882823136,0.014398106969713553,False,1.292216409677992,False,60,15,0.25
542_pollution,SVR,5,0.5356786798576257,0.5434510269707605,39.51923816794988,39.24568125459552,0.007772347113134792,False,0.6922120112533364,False,60,15,0.25
560_bodyfat,DT,0,0.9644888701969097,0.964481563618903,1.5020733394497754,1.502192817666112,-7.306578006627262e-06,False,-0.00795421989050658,False,252,14,0.05555555555555555
560_bodyfat,DT,1,0.9575302989520696,0.9575336334085736,1.7026687020875173,1.702600745291015,3.3344565039117313e-06,False,0.003991193143972861,False,252,14,0.05555555555555555
560_bodyfat,DT,2,0.9559680872941244,0.9559680872941244,1.5146084418985015,1.5146084418985015,0.0,True,0.0,True,252,14,0.05555555555555555
560_bodyfat,DT,3,0.9677386938877826,0.9677386938877826,1.31932191579617,1.31932191579617,0.0,True,0.0,True,252,14,0.05555555555555555
560_bodyfat,DT,4,0.9559736997514215,0.9559757977891126,1.5882120922220433,1.5881621046266703,2.0980376910229026e-06,False,0.003147413095379809,False,252,14,0.05555555555555555
560_bodyfat,DT,5,0.9714065554332988,0.9714085582826322,1.2871247402578814,1.2870939258149168,2.0028493333823505e-06,False,0.0023940525732125814,False,252,14,0.05555555555555555
560_bodyfat,KNN,0,0.8278010654777254,0.8325570788972836,3.4225229190120285,3.3824393784812115,0.004756013419558225,False,1.1711693823335418,False,252,14,0.05555555555555555
560_bodyfat,KNN,1,0.8020292948105483,0.8125265743832399,3.590668970127985,3.5364115591578766,0.010497279572691642,False,1.511066918769024,False,252,14,0.05555555555555555
560_bodyfat,KNN,2,0.8419648702348224,0.8412537445769739,3.2625977186462363,3.2673077821463377,-0.000711125657848477,False,-0.14436543841070784,False,252,14,0.05555555555555555
560_bodyfat,KNN,3,0.8080403919428154,0.8184701156306554,3.6140074527261663,3.518453080000062,0.010429723687840009,False,2.6440004337573866,False,252,14,0.05555555555555555
560_bodyfat,KNN,4,0.8335970789464031,0.8402919820847958,3.3994721340731657,3.3335941118702843,0.006694903138392716,False,1.9378897547822505,False,252,14,0.05555555555555555
560_bodyfat,KNN,5,0.8417663396308865,0.8472678032894607,3.305466432209278,3.24585603849192,0.005501463658574179,False,1.8033882642552241,False,252,14,0.05555555555555555
560_bodyfat,LR,0,0.9735069220806316,0.9735069220806318,1.2866079982524183,1.2866079982524128,0.0,True,0.0,True,252,14,0.05555555555555555
560_bodyfat,LR,1,0.9728857140990476,0.9728857140990476,1.2634980594742595,1.2634980594742555,0.0,True,0.0,True,252,14,0.05555555555555555
560_bodyfat,LR,2,0.973599431752474,0.9735994317524737,1.1608554969131957,1.160855496913201,0.0,True,0.0,True,252,14,0.05555555555555555
560_bodyfat,LR,3,0.9672917825282518,0.967291782528252,1.2028490848645508,1.2028490848645432,0.0,True,0.0,True,252,14,0.05555555555555555
560_bodyfat,LR,4,0.9690016227860244,0.9690016227860244,1.2743075619871609,1.2743075619871571,0.0,True,0.0,True,252,14,0.05555555555555555
560_bodyfat,LR,5,0.9680958072016554,0.9680958072016552,1.2671328900901513,1.2671328900901588,0.0,True,0.0,True,252,14,0.05555555555555555
560_bodyfat,RF,0,0.9652780720774548,0.9652481089687152,1.4665665649879362,1.4670078274934806,-2.9963108739594624e-05,False,-0.03008813347302488,False,252,14,0.05555555555555555
560_bodyfat,RF,1,0.9698512474896112,0.9699132891842206,1.4303672750220855,1.4285421885950362,6.20416946094382e-05,False,0.12759565035637999,False,252,14,0.05555555555555555
560_bodyfat,RF,2,0.9747631486435177,0.9748441577566316,1.1675237977478257,1.1638637529853282,8.100911311392789e-05,False,0.3134878080907451,False,252,14,0.05555555555555555
560_bodyfat,RF,3,0.9671241177735826,0.9671236986632712,1.305003135900253,1.3050314869606692,-4.1911031145591693e-07,False,-0.0021724898305820316,False,252,14,0.05555555555555555
560_bodyfat,RF,4,0.970597297318668,0.9705641601475038,1.2932130267715576,1.2942036702290352,-3.313717116415482e-05,False,-0.0766032692966805,False,252,14,0.05555555555555555
560_bodyfat,RF,5,0.9640437117495252,0.9639431993084668,1.4487199632209102,1.455080959919669,-0.00010051244105835355,False,-0.4390770376779031,False,252,14,0.05555555555555555
560_bodyfat,SVR,0,0.9756249457040828,0.9756789970732712,1.233868976355518,1.2321350514514653,5.405136918845699e-05,False,0.14052747392791756,False,252,14,0.05555555555555555
560_bodyfat,SVR,1,0.9740274922270484,0.9740456762950914,1.2121151694314194,1.2117251129836866,1.818406804299233e-05,False,0.03217981736139735,False,252,14,0.05555555555555555
560_bodyfat,SVR,2,0.9766632928643332,0.9766735043614292,1.0306737881528187,1.0305485661425828,1.0211497096013211e-05,False,0.012149528946528022,False,252,14,0.05555555555555555
560_bodyfat,SVR,3,0.9701138920336588,0.9701166342739164,1.109091008038651,1.1101763524232873,2.7422402575361104e-06,False,-0.09785891119572968,False,252,14,0.05555555555555555
560_bodyfat,SVR,4,0.970806763002958,0.9708164225107684,1.205272112435947,1.204486209342745,9.659507810400036e-06,False,0.06520544905112272,False,252,14,0.05555555555555555
560_bodyfat,SVR,5,0.9695882844500406,0.969575256040482,1.209290332685844,1.2096982932333562,-1.3028409558635268e-05,False,-0.03373553368330986,False,252,14,0.05555555555555555
564_fried,DT,0,0.8357151585538047,0.8355765312238838,2.025307024605941,2.026160715833728,-0.0001386273299209817,False,-0.042151200653287604,False,40768,10,0.0002452904238618524
564_fried,DT,1,0.8352899461901675,0.8353472441345393,2.027727366546116,2.027368666030013,5.729794437181468e-05,False,0.01768978029399434,False,40768,10,0.0002452904238618524
564_fried,DT,2,0.8372696814217764,0.8373407849192949,2.0155183451778016,2.015070396274684,7.110349751848766e-05,False,0.022224997563999184,False,40768,10,0.0002452904238618524
564_fried,DT,3,0.8381485211647435,0.8381560965375299,2.0101936876774973,2.010145687003818,7.575372786394752e-06,False,0.002387863118545593,False,40768,10,0.0002452904238618524
564_fried,DT,4,0.8371201562310364,0.8370969435992137,2.016183239819102,2.0163189006968576,-2.3212631822699947e-05,False,-0.006728598625171474,False,40768,10,0.0002452904238618524
564_fried,DT,5,0.8371430009362485,0.8372653154345323,2.0164874184853203,2.01572291186943,0.00012231449828381535,False,0.03791278878717697,False,40768,10,0.0002452904238618524
564_fried,KNN,0,0.8442246817833716,0.8442337051757178,1.9721284999190576,1.9720575683781647,9.02339234620797e-06,False,0.003596699753377815,False,40768,10,0.0002452904238618524
564_fried,KNN,1,0.8447179615880229,0.8447930502911323,1.968910914155771,1.9684377955841583,7.508870310934945e-05,False,0.024029455482781955,False,40768,10,0.0002452904238618524
564_fried,KNN,2,0.8445049340227349,0.8444480214872636,1.970344431562416,1.970701289366673,-5.6912535471242975e-05,False,-0.018111442778267376,False,40768,10,0.0002452904238618524
564_fried,KNN,3,0.8460509488053848,0.8460444807643454,1.960557375251299,1.960605742759807,-6.468041039431327e-06,False,-0.0024670284643772003,False,40768,10,0.0002452904238618524
564_fried,KNN,4,0.8450732628673874,0.8451118384897351,1.966453452643042,1.966210951189208,3.857562234776957e-05,False,0.01233191934993059,False,40768,10,0.0002452904238618524
564_fried,KNN,5,0.8448593346149806,0.844755206482195,1.9682178232536032,1.968877338288204,-0.00010412813278559696,False,-0.03350823403838035,False,40768,10,0.0002452904238618524
564_fried,LR,0,0.7226574022252482,0.7226574022252482,2.631210896882441,2.631210896882441,0.0,True,0.0,True,40768,10,0.0002452904238618524
564_fried,LR,1,0.722631926807876,0.722631926807876,2.6312996408883023,2.6312996408883023,0.0,True,0.0,True,40768,10,0.0002452904238618524
564_fried,LR,2,0.7227259333894066,0.7227259333894066,2.6311238230026666,2.631123823002667,0.0,True,0.0,True,40768,10,0.0002452904238618524
564_fried,LR,3,0.7226840881219865,0.7226840881219865,2.631358945142546,2.631358945142546,0.0,True,0.0,True,40768,10,0.0002452904238618524
564_fried,LR,4,0.7224778046587349,0.7224778046587349,2.6318513423058056,2.6318513423058056,0.0,True,0.0,True,40768,10,0.0002452904238618524
564_fried,LR,5,0.7226864473329031,0.7226864473329031,2.6314018043228105,2.6314018043228105,0.0,True,0.0,True,40768,10,0.0002452904238618524
564_fried,RF,0,0.932693841108735,0.9326848648348848,1.2961571792234776,1.2962481762502376,-8.976273850214156e-06,False,-0.00702052407058229,False,40768,10,0.0002452904238618524
564_fried,RF,1,0.9327457996734296,0.9327534779593004,1.2957671621436329,1.2956946821637063,7.678285870782453e-06,False,0.0055935959826792355,False,40768,10,0.0002452904238618524
564_fried,RF,2,0.9326133505941768,0.9326007905494532,1.297071231077914,1.2971924817514973,-1.2560044723608499e-05,False,-0.009348035071481629,False,40768,10,0.0002452904238618524
564_fried,RF,3,0.932913158424492,0.9329125317471308,1.294179680921167,1.2941869170333815,-6.266773611152132e-07,False,-0.000559127323756661,False,40768,10,0.0002452904238618524
564_fried,RF,4,0.9326211825323484,0.9326092855532314,1.2967352381688428,1.2968526398139724,-1.1896979116965412e-05,False,-0.009053632667167168,False,40768,10,0.0002452904238618524
564_fried,RF,5,0.9327243830599836,0.932711843957442,1.2960718433512228,1.2961921457425027,-1.253910254161994e-05,False,-0.0092820773707151,False,40768,10,0.0002452904238618524
564_fried,SVR,0,0.7176137235052136,0.7174056964863853,2.654982002125883,2.655960443014274,-0.0002080270188282718,False,-0.03685301397928876,False,40768,10,0.0002452904238618524
564_fried,SVR,1,0.717502205009575,0.717587799448798,2.6555395378965443,2.655148196634898,8.559443922306897e-05,False,0.014736789118043598,False,40768,10,0.0002452904238618524
564_fried,SVR,2,0.7176639027665491,0.717484658631631,2.655050026117595,2.6558992706890128,-0.00017924413491809954,False,-0.03198601017170703,False,40768,10,0.0002452904238618524
564_fried,SVR,3,0.7175935005125105,0.7175465837712751,2.6553504500230427,2.6555785958827007,-4.691674123535883e-05,False,-0.008591930291387509,False,40768,10,0.0002452904238618524
564_fried,SVR,4,0.7173212141750926,0.7172687976596183,2.6561055042446013,2.656354876597746,-5.241651547438497e-05,False,-0.009388646375152378,False,40768,10,0.0002452904238618524
564_fried,SVR,5,0.7174277361251007,0.7176301479500264,2.6562217569385385,2.6552701000717875,0.00020241182492575227,False,0.03582746298440685,False,40768,10,0.0002452904238618524
574_house_16H,DT,0,0.2107916204928079,0.2108221252537529,46912.657456149216,46911.79421223612,3.0504760945015974e-05,False,0.0018401087465637325,False,22784,16,0.0007022471910112359
574_house_16H,DT,1,0.2001517703801652,0.1993029934187574,47190.76084724879,47213.94803269426,-0.00084877696140781,False,-0.04913501081391768,False,22784,16,0.0007022471910112359
574_house_16H,DT,2,0.2107905138311644,0.2108522824327895,46915.90921832927,46914.13774192476,6.176860162510067e-05,False,0.003775854361608512,False,22784,16,0.0007022471910112359
574_house_16H,DT,3,0.2136978567857262,0.2136434332809548,46836.08948854123,46837.760774596856,-5.442350477138924e-05,False,-0.003568372325443431,False,22784,16,0.0007022471910112359
574_house_16H,DT,4,0.2477319853553035,0.247866645866704,45761.40450008424,45757.60059637608,0.00013466051140051394,False,0.008312471502371374,False,22784,16,0.0007022471910112359
574_house_16H,DT,5,0.2179484630758066,0.2167907570810358,46685.75700760923,46719.60060956322,-0.0011577059947708024,False,-0.07249234910868332,False,22784,16,0.0007022471910112359
574_house_16H,KNN,0,0.493440254383635,0.4950205895118533,37605.87521349202,37546.439714151486,0.0015803351282183131,False,0.15804844057774242,False,22784,16,0.0007022471910112359
574_house_16H,KNN,1,0.5025535001016648,0.5026672664161058,37239.45134540042,37235.366461651625,0.0001137663144410439,False,0.010969237196611756,False,22784,16,0.0007022471910112359
574_house_16H,KNN,2,0.4998368461241018,0.5025923900929227,37363.34387753984,37258.62524991548,0.002755543968820884,False,0.2802710270461326,False,22784,16,0.0007022471910112359
574_house_16H,KNN,3,0.4953735890290326,0.498499715935328,37512.24076726212,37390.47154748721,0.003126126906295379,False,0.3246119594145493,False,22784,16,0.0007022471910112359
574_house_16H,KNN,4,0.494957344796588,0.4942501730677912,37532.6975475986,37562.47512955168,-0.0007071717287968071,False,-0.07933770791540744,False,22784,16,0.0007022471910112359
574_house_16H,KNN,5,0.4968550771108668,0.496187980091229,37454.57261023584,37478.443353807845,-0.0006670970196377968,False,-0.06373252158131053,False,22784,16,0.0007022471910112359
574_house_16H,LR,0,0.2564576930840914,0.2564576930840915,45550.52612214224,45550.52612214224,0.0,True,0.0,True,22784,16,0.0007022471910112359
574_house_16H,LR,1,0.2585055903750747,0.2585055903750747,45486.19526555861,45486.19526555861,0.0,True,0.0,True,22784,16,0.0007022471910112359
574_house_16H,LR,2,0.2474080898816496,0.2474080898816495,45837.970224328994,45837.970224328994,0.0,True,0.0,True,22784,16,0.0007022471910112359
574_house_16H,LR,3,0.2516439484531375,0.2516439484531376,45701.49162553753,45701.49162553753,0.0,True,0.0,True,22784,16,0.0007022471910112359
574_house_16H,LR,4,0.2558646428255368,0.2558646428255368,45554.7473794498,45554.7473794498,0.0,True,0.0,True,22784,16,0.0007022471910112359
574_house_16H,LR,5,0.2567228474279567,0.2567228474279567,45533.01835292376,45533.01835292377,0.0,True,0.0,True,22784,16,0.0007022471910112359
574_house_16H,RF,0,0.6292464392304504,0.6292616906217414,32167.053366830223,32166.464079465448,1.525139129099351e-05,False,0.0018319594215086856,False,22784,16,0.0007022471910112359
574_house_16H,RF,1,0.6336642401300643,0.6336906025243425,31952.40010378442,31951.201298090844,2.6362394278223178e-05,False,0.0037518486551344505,False,22784,16,0.0007022471910112359
574_house_16H,RF,2,0.6274843004191559,0.6274676601692869,32238.722406441804,32239.455032252823,-1.664024986902657e-05,False,-0.002272502619000858,False,22784,16,0.0007022471910112359
574_house_16H,RF,3,0.6307768790986005,0.6307669988212269,32086.097154875388,32086.60449083965,-9.88027737358621e-06,False,-0.0015811706915118055,False,22784,16,0.0007022471910112359
574_house_16H,RF,4,0.6371944724912995,0.6371878704776455,31804.13405466439,31804.387392243385,-6.602013653989047e-06,False,-0.0007965554998544883,False,22784,16,0.0007022471910112359
574_house_16H,RF,5,0.6283383695807636,0.6282941671862257,32200.58092846288,32202.468682530583,-4.420239453795105e-05,False,-0.0058624845057797005,False,22784,16,0.0007022471910112359
574_house_16H,SVR,0,0.1849714624439072,0.1853005183603765,47696.19810455282,47686.38446535534,0.00032905591646931187,False,0.02057530702126812,False,22784,16,0.0007022471910112359
574_house_16H,SVR,1,0.1919104326678237,0.1915916724065839,47487.34489044907,47496.54443895351,-0.00031876026123980883,False,-0.019372631857312524,False,22784,16,0.0007022471910112359
574_house_16H,SVR,2,0.1775187514372244,0.1771649451853252,47916.30644885371,47926.48401375992,-0.000353806251899208,False,-0.021240295132237273,False,22784,16,0.0007022471910112359
574_house_16H,SVR,3,0.1792107168672225,0.179027399903245,47864.10558590265,47869.53548513053,-0.00018331696397749786,False,-0.01134440759189169,False,22784,16,0.0007022471910112359
574_house_16H,SVR,4,0.1906200146950694,0.1906444168896637,47519.9250718425,47519.32642094354,2.4402194594291826e-05,False,0.001259789231698564,False,22784,16,0.0007022471910112359
574_house_16H,SVR,5,0.1911031203874034,0.1911910864186519,47508.94820357866,47506.10854136101,8.796603124849867e-05,False,0.0059771102603157975,False,22784,16,0.0007022471910112359
